# https://github.com/mikedh/trimesh
v 20.67712975 49.16938019 12.98234749
v 20.34951591 49.16938019 12.22810459
v 19.87066460 50.16408539 12.47622490
v 19.48164558 50.16408539 11.83650875
v 19.00914192 50.16408539 11.25572205
v 18.53147888 51.17998123 11.70182800
v 17.23072052 54.00000000 16.12481689
v 17.21971321 54.00000000 16.15016174
v 17.77339745 53.32526779 16.43705750
v 14.37060928 54.00000000 17.41666603
v 14.32550812 54.00000000 17.40729332
v 14.15726280 53.32526779 18.00776672
v 12.50582790 54.00000000 14.89389706
v 12.50582790 54.00000000 14.82939339
v 11.88368225 53.32526779 14.78683758
v 13.12638283 54.00000000 13.35080528
v 13.17290974 54.00000000 13.29361629
v 12.71716118 53.32526779 12.86797810
v 17.06540108 50.75810623 10.31941223
v 17.03621864 50.76454926 10.31296921
v 16.92511749 51.17998123 10.56793308
v 14.42478561 50.99965286 10.07786560
v 14.32463360 50.99016953 10.08734798
v 14.34202766 51.17998123 10.21289635
v 10.42368984 49.62511826 11.45239925
v 10.20287895 49.45989227 11.61762333
v 10.51835346 50.16408539 11.83650875
v 8.14955521 46.85544205 14.22207355
v 8.05313396 46.55125427 14.52626514
v 8.21753407 47.20103836 14.53606606
v 7.89896393 45.88237762 15.19514084
v 7.87419844 45.58932495 15.48819256
v 7.97126245 46.20052719 15.48077774
v 7.82506895 44.18177032 16.11387253
v 7.82018518 44.14276886 16.08507347
v 7.89036989 44.14278030 16.47739792
v 7.75547743 43.84382248 15.50536346
v 7.75486422 43.84461212 15.49558067
v 7.78813982 43.05786133 15.49330425
v 7.99049616 45.50996017 13.54346275
v 7.95138359 45.18673706 13.53528118
v 7.89630032 45.18648148 13.86694241
v 8.34902668 46.30897141 12.74444962
v 8.40401649 46.39665604 12.65676689
v 8.36161900 46.20052719 12.64071846
v 9.32222843 47.57487869 11.47854710
v 9.62256050 47.84746552 11.20595837
v 9.44598198 47.20103836 11.07954597
v 10.84152603 48.70759964 10.34582233
v 11.10254478 48.84128571 10.21213627
v 10.92305756 48.18507004 9.98876572
v 15.74715614 49.73508072 9.31834316
v 15.78041553 49.73113251 9.32229137
v 15.82040405 49.16938019 9.03110886
v 18.16713715 49.16968155 9.88374138
v 18.13049889 49.16938019 9.85211468
v 18.12338638 49.18687820 9.86654663
v 20.36603355 47.86364746 11.18977737
v 20.37978935 47.85062027 11.20280361
v 20.55401802 47.20103836 11.07954597
v 21.45739937 46.62755585 12.42586803
v 21.59663963 46.39714432 12.65627670
v 21.63838005 46.20052719 12.64071846
v 22.18730354 44.84136581 14.21205997
v 22.22524834 44.54760361 14.50582123
v 22.24458313 44.14278030 14.50445652
v 22.26041412 43.92156982 15.18162346
v 22.21185875 43.05786133 14.50669479
v 22.26218414 43.97734070 15.09037590
v 22.26226234 43.97982407 15.08631420
v 22.26013184 43.91656494 15.19173622
v 22.26003647 43.91487503 15.19514751
v 22.25616455 43.87383270 15.30096245
v 22.25611877 43.87364197 15.30184364
v 22.25059509 43.85025787 15.41026115
v 22.21185875 43.05786133 15.49330425
v 22.25016785 43.84935760 15.41751099
v 22.24973679 43.84843826 15.42485046
v 22.24500847 43.84603500 15.49557209
v 22.25036049 44.35318375 14.70024014
v 22.25887489 44.14265060 14.91077137
v 22.26247978 44.05342484 15.00000000
v 22.10962868 44.14278030 13.52260208
v 22.10348701 45.18650055 13.86692142
v 22.04861450 45.18673706 13.53528118
v 22.06801796 45.33255005 13.72087097
v 22.00443077 45.50823593 13.54518700
v 21.89351463 45.81469345 13.23872948
v 21.78351974 45.18673706 12.58913612
v 21.70541573 46.20045471 12.85296822
v 21.66326332 46.28689957 12.76652241
v 21.25529480 46.20052719 11.75876713
v 21.14171600 47.06113815 11.99228668
v 21.03701591 47.17981720 11.87360573
v 20.77783966 47.47360229 11.57981968
v 21.01825142 47.20108795 11.85233498
v 20.75568390 46.20052719 10.93719387
v 19.65644646 48.40139771 10.65202713
v 19.69353485 48.37843323 10.67499065
v 19.72133064 48.18507004 10.59058380
v 19.95631409 48.18534470 10.86807919
v 19.96845245 47.20103836 10.35978889
v 20.15593910 48.03866196 11.01476097
v 18.66470146 48.96131516 10.09210682
v 18.89731216 48.84098053 10.21244335
v 19.07694244 48.18507004 9.98876572
v 19.19615173 48.68638229 10.36704350
v 18.35660362 48.18507004 9.48029709
v 18.44988441 49.05854797 9.99487400
v 17.32737541 49.45413589 9.59928608
v 17.34374809 49.44901276 9.60441303
v 17.40036964 49.16938019 9.47379398
v 17.89826202 49.27536011 9.77806282
v 16.62552643 49.16938019 9.19841480
v 16.73765564 49.59424591 9.45917892
v 16.33807755 49.66493607 9.38848782
v 16.56156540 49.62539673 9.42802620
v 15.15082550 49.76534271 9.28808212
v 15.00000000 49.16938019 8.97499180
v 15.00010014 49.76279068 9.29063606
v 13.83300495 49.68941498 9.36400890
v 14.21981907 49.72768402 9.32573891
v 14.17959499 49.16938019 9.03110886
v 14.42428303 49.74791336 9.30551052
v 14.54891682 49.75514603 9.29827976
v 13.37447166 49.16938019 9.19841480
v 13.43861294 49.62339783 9.43002892
v 12.59963036 49.16938019 9.47379398
v 12.68172169 49.45663452 9.59678936
v 13.25191212 49.59214020 9.46128178
v 11.86950207 49.16938019 9.85211468
v 11.87547112 49.19115448 9.86226940
v 11.89477253 49.19933701 9.85408688
v 12.12336731 49.28294754 9.77047253
v 12.65631485 49.44873047 9.60469246
v 11.64339352 48.18507004 9.48029709
v 11.35423756 48.97019577 10.08322811
v 11.82448196 49.16954041 9.88388443
v 10.04190540 48.18528748 10.86813545
v 10.34321117 48.40229034 10.65113354
v 10.27866840 48.18507004 10.59058380
v 10.35726833 48.41241074 10.64100933
v 9.90264606 48.08499146 10.96843147
v 10.03154755 47.20103836 10.35978889
v 9.73615932 47.95056915 11.10285378
v 8.62773991 46.75338364 12.30003834
v 8.95256138 47.17552567 11.87789536
v 8.74470520 46.20052719 11.75876713
v 8.95960522 47.18313599 11.87028599
v 8.97618389 47.20104599 11.85237694
v 7.99621820 45.52960587 13.52381516
v 8.21648026 45.18673706 12.58913612
v 8.19059181 46.00218964 13.05123425
v 8.29299355 46.20047379 12.85294914
v 7.85562658 45.04680252 14.00662231
v 7.89036989 44.14278030 13.52260208
v 7.76908112 44.55451965 14.49890232
v 7.74997425 43.85088348 15.41763210
v 7.74837923 43.85292816 15.39220715
v 7.74399567 43.87477493 15.30212116
v 7.74309397 43.87927246 15.28358841
v 7.78813982 43.05786133 14.50669479
v 7.74245691 43.88462067 15.26784420
v 7.74004126 43.91816711 15.19244862
v 7.73913765 43.93071365 15.16424084
v 7.73792267 43.97828674 15.09100151
v 7.73758364 43.99156189 15.07056046
v 7.73749638 44.00123215 15.05823326
v 7.73751831 44.05342484 15.00000000
v 7.75541639 44.14278030 14.50445652
v 7.74313021 44.14251709 14.91090393
v 7.76867533 44.54808044 14.50534534
v 7.92248344 43.05786133 16.47072411
v 7.81449842 44.09735489 16.05154228
v 7.81353951 44.08969879 16.04588699
v 7.80216837 44.01358795 15.96831131
v 7.80173779 44.01070404 15.96537018
v 7.80028772 44.00195312 15.95470715
v 7.78984070 43.94550323 15.87178326
v 7.78837490 43.93758392 15.86014557
v 7.77801371 43.89334106 15.76589394
v 7.77716589 43.88972092 15.75818634
v 7.77570009 43.88445663 15.74373817
v 7.76721382 43.86030579 15.65254879
v 7.76544952 43.85528183 15.63358498
v 7.75771952 43.84536743 15.53550148
v 7.75665569 43.84399796 15.52200127
v 7.86001968 45.06547165 16.01204681
v 7.86289597 44.97922516 16.08559608
v 7.95138359 45.18673706 16.46471977
v 7.86294413 44.97509003 16.08812523
v 7.86399841 44.88401413 16.14381218
v 7.86400414 44.87373352 16.14891052
v 7.86400604 44.87058640 16.15047073
v 7.86293936 44.76503372 16.19148254
v 7.86290026 44.76361847 16.19178772
v 7.85990429 44.65602875 16.21510124
v 7.85960245 44.64795685 16.21611214
v 7.85933971 44.64097595 16.21698952
v 7.85408640 44.52986526 16.22085381
v 7.85397530 44.52753067 16.22093582
v 7.84683228 44.41648483 16.20722389
v 7.84654379 44.41259384 16.20639038
v 7.84582090 44.40282440 16.20429802
v 7.83714294 44.29944229 16.17227173
v 7.83667517 44.29387665 16.17054558
v 7.82635736 44.19313431 16.12077713
v 7.82634878 44.19305038 16.12073708
v 8.10219479 46.20052719 16.43338013
v 7.85705614 45.38647079 15.69104576
v 7.85890150 45.18661118 15.89090347
v 8.21753407 47.20103836 15.46393299
v 7.99747372 46.37565613 14.70186329
v 7.96246624 46.20035553 14.87716007
v 8.55488014 48.18507004 14.55914116
v 8.35706139 47.32891464 13.74860191
v 8.30100822 47.20101929 13.87649918
v 9.10101032 49.16938019 13.77417564
v 8.89669323 48.18516159 12.89235401
v 8.67494106 48.18507004 13.68563747
v 8.61820030 47.78984070 13.28767490
v 8.42154598 47.44273376 13.63478279
v 9.52359867 48.89226151 12.18525314
v 9.13790989 48.48590469 12.59161186
v 9.32287025 49.16938019 12.98234749
v 8.93315220 48.23691559 12.84060287
v 8.93129349 48.23427582 12.84324074
v 10.12933445 50.16408539 12.47622490
v 9.95253849 49.27257538 11.80494118
v 9.65048409 49.16938019 12.22810459
v 9.83659267 49.16977692 11.90774250
v 9.53951454 48.90637589 12.17114162
v 10.55466747 49.71304321 11.36447525
v 10.88850594 49.91406631 11.16345215
v 10.99085808 50.16408539 11.25572205
v 11.05518341 50.01443100 11.06308556
v 11.35373592 50.16465378 10.91286373
v 11.46852016 51.17998123 11.70182800
v 11.95051289 51.17998123 11.25167656
v 11.58157539 50.27929306 10.79822350
v 11.58275223 50.27988434 10.79763126
v 13.07488155 51.17998123 10.56793308
v 12.96399117 50.76244736 10.31507015
v 12.86074924 50.73871231 10.33880520
v 12.48931313 51.17998123 10.87135124
v 12.30320644 50.56809235 10.50942612
v 12.27519894 50.55807495 10.51944351
v 12.13632774 50.50840378 10.56911469
v 13.69631195 51.17998123 10.34707737
v 14.01266289 50.96063232 10.11688328
v 13.64680290 50.90348434 10.17403221
v 13.43050385 50.86969757 10.20782089
v 14.99954128 51.01962280 10.05789185
v 15.00000000 51.17998123 10.16788960
v 15.57544136 50.99963379 10.07788086
v 15.65797234 51.17998123 10.21289635
v 15.67525387 50.98917389 10.08834457
v 16.15237808 50.93915558 10.13836288
v 16.30368805 51.17998123 10.34707737
v 16.35339546 50.90650558 10.17101097
v 16.50452042 50.88196182 10.19555473
v 17.61192703 50.59688950 10.48062897
v 17.51068687 51.17998123 10.87135124
v 17.72419930 50.55507660 10.52244186
v 18.14346695 50.39892960 10.67858791
v 18.04948616 51.17998123 11.25167656
v 18.41840363 50.27917480 10.79834461
v 18.42664909 50.27557755 10.80193615
v 18.64684296 50.16462708 10.91288757
v 18.94359779 50.01510239 11.06241417
v 19.88788605 49.39879227 11.67872429
v 19.79831505 49.46223831 11.61527824
v 19.43086815 49.72250748 11.35501099
v 19.11156082 49.91424561 11.16327286
v 20.41796875 48.94800949 12.12950706
v 20.31343460 49.04444885 12.03306675
v 20.16292953 49.16977310 11.90774441
v 21.10276031 48.18515778 12.89235973
v 21.06552124 48.23093033 12.84658718
v 20.80869484 48.54661560 12.53090000
v 20.45957184 48.90527344 12.17224598
v 21.32505989 48.18507004 13.68563747
v 21.57694435 47.44199753 13.63552189
v 21.44955826 47.68010330 13.39741325
v 21.69756508 47.21653366 13.86098385
v 21.44511795 48.18507004 14.55914116
v 21.70448303 47.20103455 13.87648201
v 21.78246498 47.20103836 14.53606606
v 21.78015518 47.03149414 14.04602242
v 21.95276070 46.55306244 14.52445126
v 21.95355606 46.55085373 14.52666092
v 21.78246498 47.20103836 15.46393299
v 22.03835869 46.20035172 14.87716579
v 22.02873611 46.20052719 15.48077774
v 22.07171822 46.06246948 15.01504707
v 22.13140297 45.58953094 15.48798466
v 22.17369080 44.19375229 16.11986351
v 22.17208862 44.20715714 16.12892723
v 22.10962868 44.14278030 16.47739792
v 22.16287041 44.29962540 16.17202187
v 22.16193390 44.30901718 16.17639923
v 22.16057587 44.32424164 16.18189240
v 22.15357590 44.41294479 16.20505524
v 22.15190315 44.43416977 16.21059608
v 22.14599991 44.52997589 16.21999359
v 22.14504814 44.54544449 16.22151184
v 22.14416504 44.56245422 16.22164154
v 22.04861450 45.18673706 16.46471977
v 22.14057732 44.64782715 16.21450424
v 22.13942337 44.67530441 16.21220779
v 22.13723564 44.76332855 16.19061089
v 22.13673210 44.78360367 16.18563652
v 22.13650513 44.79910278 16.18032455
v 22.13619232 44.87300110 16.14726067
v 22.13607025 44.90251160 16.13405800
v 22.13717651 44.97443390 16.08713722
v 22.13750839 44.99601746 16.07305717
v 22.13783455 45.00781631 16.06377029
v 22.13423347 45.56711197 15.51040745
v 21.89780426 46.20052719 16.43338013
v 22.13859367 45.18648529 15.89103031
v 22.13998032 45.06547165 16.01204681
v 22.22198296 43.89326859 15.76600552
v 22.22134781 43.89530563 15.77254009
v 22.07751656 43.05786133 16.47072411
v 22.24233437 43.84466934 15.53560448
v 22.24213219 43.84456635 15.53863621
v 22.23312378 43.85845566 15.65000439
v 22.23286819 43.85907745 15.65287590
v 22.23193359 43.86133957 15.66339302
v 22.21017265 43.94477844 15.87229443
v 22.21003914 43.94537354 15.87349033
v 22.20864677 43.95241165 15.88501072
v 22.19782066 44.01401138 15.96805286
v 22.19665718 44.02061844 15.97696209
v 22.18548203 44.09723663 16.05180168
v 22.18489075 44.10129547 16.05576515
v 22.18339920 44.11257553 16.06497192
v 22.17978859 44.14276886 16.08539009
v 14.16910076 54.00000000 12.64829350
v 14.15726280 53.32526779 11.99223232
v 13.75555420 53.32526779 12.13499928
v 13.37702751 53.32526779 12.33113575
v 13.78287792 54.00000000 12.82154560
v 14.00399685 54.00000000 12.70697212
v 13.02873421 53.32526779 12.57698917
v 13.42227936 54.00000000 13.06072140
v 13.70104027 54.00000000 12.86395073
v 12.87612343 54.00000000 13.69223976
v 12.95757484 54.00000000 13.55829811
v 12.44811344 53.32526779 13.19868088
v 12.68474388 54.00000000 14.06979847
v 12.78028679 54.00000000 13.84983635
v 12.22660160 53.32526779 13.56294060
v 12.55725861 54.00000000 14.47362232
v 12.64434719 54.00000000 14.16279984
v 12.05675507 53.32526779 13.95396996
v 11.94173336 53.32526779 14.36448479
v 12.55228901 54.00000000 14.49135971
v 12.52591705 54.00000000 15.31676483
v 12.50582790 54.00000000 15.17060566
v 11.88368225 53.32526779 15.21316147
v 12.61450195 54.00000000 15.73067856
v 12.55228901 54.00000000 15.50863934
v 11.94173336 53.32526779 15.63551426
v 12.05675507 53.32526779 16.04602814
v 12.64434719 54.00000000 15.83719826
v 12.22660160 53.32526779 16.43705750
v 12.78028679 54.00000000 16.15016174
v 12.76927853 54.00000000 16.12481689
v 12.95757484 54.00000000 16.44170189
v 13.27398777 54.00000000 16.80078316
v 13.17290974 54.00000000 16.70638275
v 12.71716118 53.32526779 17.13202095
v 12.99246311 54.00000000 16.48458481
v 13.02873421 53.32526779 17.42301178
v 13.42227936 54.00000000 16.93927956
v 13.97128010 54.00000000 17.27607536
v 13.70104027 54.00000000 17.13604927
v 13.37702751 53.32526779 17.66886330
v 13.60312653 54.00000000 17.06693268
v 13.75555420 53.32526779 17.86499977
v 14.00399685 54.00000000 17.29302788
v 14.57466888 53.32526779 18.09450531
v 14.65958309 54.00000000 17.47671509
v 15.21164036 54.00000000 17.48552322
v 15.00000000 54.00000000 17.50000000
v 15.00000000 53.32526779 18.12359810
v 14.78835964 54.00000000 17.48552322
v 15.42533016 53.32526779 18.09450531
v 15.34041691 54.00000000 17.47671509
v 15.84273529 53.32526779 18.00776672
v 15.67449188 54.00000000 17.40729332
v 15.62939072 54.00000000 17.41666603
v 15.99600124 54.00000000 17.29302788
v 16.39687347 54.00000000 17.06693268
v 16.29895973 54.00000000 17.13604927
v 16.62297249 53.32526779 17.66886330
v 16.02871895 54.00000000 17.27607536
v 16.97126579 53.32526779 17.42301178
v 16.57771873 54.00000000 16.93927956
v 17.00753593 54.00000000 16.48458481
v 16.82708931 54.00000000 16.70638275
v 17.28283882 53.32526779 17.13202095
v 16.72601128 54.00000000 16.80078316
v 17.55188560 53.32526779 16.80131721
v 17.04242516 54.00000000 16.44170189
v 17.94324493 53.32526779 16.04602814
v 17.35565186 54.00000000 15.83719826
v 17.47408295 54.00000000 15.31676483
v 17.44771004 54.00000000 15.50863934
v 18.05826569 53.32526779 15.63551426
v 17.38549805 54.00000000 15.73067856
v 17.49417114 54.00000000 14.89389706
v 17.49417114 54.00000000 15.17060566
v 18.11631775 53.32526779 15.21316147
v 18.11631775 53.32526779 14.78683758
v 17.49417114 54.00000000 14.82939339
v 17.44771004 54.00000000 14.49135971
v 17.94324493 53.32526779 13.95396996
v 17.35565186 54.00000000 14.16279984
v 17.44274139 54.00000000 14.47362232
v 17.77339745 53.32526779 13.56294060
v 17.21971321 54.00000000 13.84983635
v 17.31525612 54.00000000 14.06979847
v 17.55188560 53.32526779 13.19868088
v 17.04242516 54.00000000 13.55829811
v 17.12387657 54.00000000 13.69223976
v 17.28283882 53.32526779 12.86797810
v 16.82708931 54.00000000 13.29361629
v 16.87361717 54.00000000 13.35080528
v 16.57771873 54.00000000 13.06072140
v 16.21712112 54.00000000 12.82154560
v 16.62297249 53.32526779 12.33113575
v 16.24444580 53.32526779 12.13499928
v 15.84273529 53.32526779 11.99223232
v 15.83089828 54.00000000 12.64829350
v 15.99600124 54.00000000 12.70697212
v 15.42533016 53.32526779 11.90549374
v 15.42162895 54.00000000 12.54016113
v 15.67449188 54.00000000 12.59270668
v 14.32550812 54.00000000 12.59270668
v 14.57837009 54.00000000 12.54016113
v 14.57466888 53.32526779 11.90549374
v 14.65958309 54.00000000 12.52328491
v 15.00000000 53.32526779 11.87640095
v 15.00000000 54.00000000 12.49999905
v 15.34041691 54.00000000 12.52328491
v 18.30928993 52.22904968 12.66404819
v 12.03961182 52.22904968 12.23519039
v 12.44365978 52.22904968 11.85783577
v 12.89532757 52.22904968 11.53901386
v 13.38620090 52.22904968 11.28466415
v 13.90713692 52.22904968 11.09952259
v 14.44843102 52.22904968 10.98704147
v 15.00000000 52.22904968 10.94931316
v 15.55156803 52.22904968 10.98704147
v 16.09286118 52.22904968 11.09952259
v 16.61379814 52.22904968 11.28466415
v 17.10467148 52.22904968 11.53901386
v 17.55633926 52.22904968 11.85783577
v 19.29035759 51.17998123 12.77691460
v 18.59654427 52.22904968 13.13642025
v 11.69071007 52.22904968 12.66404819
v 11.05231094 51.17998123 12.21341610
v 11.40345478 52.22904968 13.13642025
v 10.70964050 51.17998123 12.77691460
v 20.16895294 50.16408539 13.16295242
v 19.55310822 51.17998123 13.38182449
v 18.81680489 52.22904968 13.64350700
v 18.94768715 51.17998123 12.21341610
v 17.96038818 52.22904968 12.23519039
v 16.97126579 53.32526779 12.57698917
v 16.29895973 54.00000000 12.86395073
v 11.18319607 52.22904968 13.64350700
v 10.44689083 51.17998123 13.38182449
v 9.83104610 50.16408539 13.16295242
v 11.03403568 52.22904968 14.17586327
v 10.26895809 51.17998123 14.01687813
v 9.62904453 50.16408539 13.88390255
v 20.89899063 49.16938019 13.77417564
v 20.37095451 50.16408539 13.88390255
v 19.73104095 51.17998123 14.01687813
v 18.96596336 52.22904968 14.17586327
v 18.05826569 53.32526779 14.36448479
v 21.15278244 48.12366867 12.95384884
v 10.95875549 52.22904968 14.72357082
v 10.17915440 51.17998123 14.67024422
v 9.52709579 50.16408539 14.62564278
v 8.98903656 49.16938019 14.58883858
v 19.04124451 52.22904968 14.72357082
v 19.82084465 51.17998123 14.67024422
v 20.47290230 50.16408539 14.62564278
v 21.01096153 49.16938019 14.58883858
v 10.95875549 52.22904968 15.27642822
v 10.17915440 51.17998123 15.32975483
v 9.52709579 50.16408539 15.37435722
v 8.98903656 49.16938019 15.41116047
v 8.55488014 48.18507004 15.44085789
v 19.04124451 52.22904968 15.27642822
v 19.82084465 51.17998123 15.32975483
v 20.47290230 50.16408539 15.37435722
v 21.01096153 49.16938019 15.41116047
v 21.44511795 48.18507004 15.44085789
v 11.03403568 52.22904968 15.82413578
v 10.26895809 51.17998123 15.98312187
v 9.62904453 50.16408539 16.11609840
v 9.10101032 49.16938019 16.22582436
v 8.67494106 48.18507004 16.31436157
v 8.34387875 47.20103836 16.38315773
v 18.96596336 52.22904968 15.82413578
v 19.73104095 51.17998123 15.98312187
v 20.37095451 50.16408539 16.11609840
v 20.89899063 49.16938019 16.22582436
v 21.32505989 48.18507004 16.31436157
v 21.65612030 47.20103836 16.38315773
v 14.12033844 48.18507004 8.59999084
v 13.25706387 48.18507004 8.77938175
v 14.07429600 47.20103836 8.26500511
v 13.16583633 47.20103836 8.45378685
v 14.04068375 46.20052719 8.02045727
v 13.09923840 46.20052719 8.21609211
v 14.01970863 45.18673706 7.86785984
v 13.05768108 45.18673706 8.06777191
v 14.01122379 44.14278030 7.80612230
v 13.04086781 44.14278030 8.00776482
v 14.01569080 43.05786133 7.83861637
v 13.04971600 43.05786133 8.03934765
v 14.03392506 41.92053604 7.97128296
v 13.08584595 41.92053604 8.16829491
v 14.06710625 40.71844864 8.21269512
v 13.15159035 40.71844864 8.40294075
v 14.11677265 39.43852615 8.57404232
v 13.24999714 39.43852615 8.75415993
v 12.42625713 48.18507004 9.07465076
v 12.29154396 47.20103836 8.76450920
v 11.46770477 47.20103836 9.19138813
v 12.19319916 46.20052719 8.53809834
v 11.33944607 46.20052719 8.98047733
v 12.13183212 45.18673706 8.39681721
v 11.25941467 45.18673706 8.84886837
v 12.10700512 44.14278030 8.33965969
v 11.22703457 44.14278030 8.79562283
v 12.12007236 43.05786133 8.36974335
v 11.24407768 43.05786133 8.82364845
v 12.17342472 41.92053604 8.49256992
v 11.31365681 41.92053604 8.93806648
v 12.27050781 40.71844864 8.71607780
v 11.44026947 40.71844864 9.14627266
v 12.41582203 39.43852615 9.05062675
v 11.62978458 39.43852615 9.45791817
v 10.70966530 47.20103836 9.72646999
v 10.55388355 46.20052719 9.53498840
v 9.85114288 46.20052719 10.19130230
v 10.45667553 45.18673706 9.41550350
v 9.73857021 45.18673706 10.08616734
v 10.41734791 44.14278030 9.36716366
v 9.69302654 44.14278030 10.04363251
v 10.43804741 43.05786133 9.39260578
v 9.71699715 43.05786133 10.06601906
v 10.52255726 41.92053604 9.49648380
v 9.81486607 41.92053604 10.15742302
v 10.67634201 40.71844864 9.68551064
v 9.99295712 40.71844864 10.32374763
v 10.90652847 39.43852615 9.96844769
v 10.25952625 39.43852615 10.57270527
v 9.24431515 46.20052719 10.93719387
v 9.11847496 45.18673706 10.84836578
v 8.60794163 45.18673706 11.68790245
v 9.06756306 44.14278030 10.81242847
v 8.55261040 44.14278030 11.65923214
v 9.09435940 43.05786133 10.83134365
v 8.58173370 43.05786133 11.67432213
v 9.20376301 41.92053604 10.90856838
v 8.70063305 41.92053604 11.73593140
v 9.40284348 40.71844864 11.04909515
v 8.91699409 40.71844864 11.84803963
v 9.70082951 39.43852615 11.25943661
v 9.24084568 39.43852615 12.01584625
v 8.15776157 44.14278030 12.56826687
v 8.18866634 43.05786133 12.57925129
v 7.92248344 43.05786133 13.52927494
v 8.31484795 41.92053604 12.62409592
v 8.05359554 41.92053604 13.55652046
v 8.54446030 40.71844864 12.70570087
v 8.29217911 40.71844864 13.60609818
v 8.88814449 39.43852615 12.82784557
v 8.64929485 39.43852615 13.68030834
v 7.92174053 41.92053604 14.51583385
v 7.92174053 41.92053604 15.48416519
v 8.16485500 40.71844864 14.53246307
v 8.16485500 40.71844864 15.46753693
v 8.52874851 39.43852615 14.55735397
v 8.52874851 39.43852615 15.44264507
v 11.18319607 52.22904968 16.35649300
v 10.44689083 51.17998123 16.61817551
v 9.83104610 50.16408539 16.83704567
v 9.32287025 49.16938019 17.01765060
v 8.91282463 48.18507004 17.16338158
v 8.59421444 47.20103836 17.27661705
v 8.36161900 46.20052719 17.35928154
v 8.21648026 45.18673706 17.41086388
v 8.15776157 44.14278030 17.43173218
v 8.18866634 43.05786133 17.42074776
v 8.05359554 41.92053604 16.44347954
v 8.31484795 41.92053604 17.37590408
v 8.29217911 40.71844864 16.39389992
v 8.54446030 40.71844864 17.29429817
v 8.64929485 39.43852615 16.31969070
v 8.88814449 39.43852615 17.17215347
v 12.44811344 53.32526779 16.80131721
v 11.40345478 52.22904968 16.86357880
v 11.69071007 52.22904968 17.33595085
v 10.70964050 51.17998123 17.22308350
v 11.05231094 51.17998123 17.78658295
v 10.12933445 50.16408539 17.52377510
v 10.51835346 50.16408539 18.16349030
v 9.65048409 49.16938019 17.77189636
v 10.07774925 49.16938019 18.47450447
v 9.26410198 48.18507004 17.97210312
v 9.72222710 48.18507004 18.72545815
v 8.96387768 47.20103836 18.12766647
v 9.44598198 47.20103836 18.92045403
v 8.74470520 46.20052719 18.24123192
v 9.24431515 46.20052719 19.06280518
v 8.60794163 45.18673706 18.31209564
v 9.11847496 45.18673706 19.15163422
v 8.55261040 44.14278030 18.34076691
v 9.06756306 44.14278030 19.18756866
v 8.58173370 43.05786133 18.32567787
v 9.09435940 43.05786133 19.16865540
v 8.70063305 41.92053604 18.26406860
v 9.20376301 41.92053604 19.09143066
v 8.91699409 40.71844864 18.15195847
v 9.40284348 40.71844864 18.95090294
v 9.24084568 39.43852615 17.98415184
v 9.70082951 39.43852615 18.74056244
v 12.03961182 52.22904968 17.76480865
v 12.44365978 52.22904968 18.14216423
v 11.46852016 51.17998123 18.29817200
v 11.95051289 51.17998123 18.74832344
v 10.99085808 50.16408539 18.74427605
v 11.53804588 50.16408539 19.25531387
v 10.59670734 49.16938019 19.11238861
v 11.19769001 49.16938019 19.67366600
v 10.27866840 48.18507004 19.40941429
v 10.92305756 48.18507004 20.01123238
v 10.03154755 47.20103836 19.64021111
v 10.70966530 47.20103836 20.27352905
v 9.85114288 46.20052719 19.80869675
v 10.55388355 46.20052719 20.46501160
v 9.73857021 45.18673706 19.91383171
v 10.45667553 45.18673706 20.58449554
v 9.69302654 44.14278030 19.95636749
v 10.41734791 44.14278030 20.63283730
v 9.71699715 43.05786133 19.93397903
v 10.43804741 43.05786133 20.60739326
v 9.81486607 41.92053604 19.84257698
v 10.52255726 41.92053604 20.50351524
v 9.99295712 40.71844864 19.67625046
v 10.67634201 40.71844864 20.31448936
v 10.25952625 39.43852615 19.42729378
v 10.90652847 39.43852615 20.03155327
v 12.89532757 52.22904968 18.46098518
v 13.38620090 52.22904968 18.71533585
v 12.48931313 51.17998123 19.12864876
v 13.07488155 51.17998123 19.43206596
v 12.14972115 50.16408539 19.68708229
v 12.81449413 50.16408539 20.03153801
v 11.86950207 49.16938019 20.14788437
v 12.59963036 49.16938019 20.52620506
v 11.64339352 48.18507004 20.51970100
v 12.42625713 48.18507004 20.92534828
v 11.46770477 47.20103836 20.80861092
v 12.29154396 47.20103836 21.23549080
v 11.33944607 46.20052719 21.01952171
v 12.19319916 46.20052719 21.46190071
v 11.25941467 45.18673706 21.15113068
v 12.13183212 45.18673706 21.60318184
v 11.22703457 44.14278030 21.20437622
v 12.10700512 44.14278030 21.66033936
v 11.24407768 43.05786133 21.17635155
v 12.12007236 43.05786133 21.63025475
v 11.31365681 41.92053604 21.06193352
v 12.17342472 41.92053604 21.50742912
v 11.44026947 40.71844864 20.85372734
v 12.27050781 40.71844864 21.28392029
v 11.62978458 39.43852615 20.54208183
v 12.41582203 39.43852615 20.94937325
v 13.90713692 52.22904968 18.90047646
v 14.44843102 52.22904968 19.01295853
v 13.69631195 51.17998123 19.65292168
v 14.34202766 51.17998123 19.78710365
v 13.51997757 50.16408539 20.28226852
v 14.25303173 50.16408539 20.43459892
v 13.37447166 49.16938019 20.80158424
v 14.17959499 49.16938019 20.96889114
v 13.25706387 48.18507004 21.22061729
v 14.12033844 48.18507004 21.40000916
v 13.16583633 47.20103836 21.54621315
v 14.07429600 47.20103836 21.73499298
v 13.09923840 46.20052719 21.78390694
v 14.04068375 46.20052719 21.97954178
v 13.05768108 45.18673706 21.93222809
v 14.01970863 45.18673706 22.13213921
v 13.04086781 44.14278030 21.99223518
v 14.01122379 44.14278030 22.19387627
v 13.04971600 43.05786133 21.96065140
v 14.01569080 43.05786133 22.16138268
v 13.08584595 41.92053604 21.83170509
v 14.03392506 41.92053604 22.02871704
v 13.15159035 40.71844864 21.59705734
v 14.06710625 40.71844864 21.78730392
v 13.24999714 39.43852615 21.24583817
v 14.11677265 39.43852615 21.42595673
v 15.00000000 52.22904968 19.05068779
v 15.55156803 52.22904968 19.01295853
v 15.00000000 51.17998123 19.83210945
v 15.65797234 51.17998123 19.78710365
v 15.00000000 50.16408539 20.48569107
v 15.74696827 50.16408539 20.43459892
v 15.00000000 49.16938019 21.02500725
v 15.82040405 49.16938019 20.96889114
v 15.00000000 48.18507004 21.46017838
v 15.87966061 48.18507004 21.40000916
v 15.00000000 47.20103836 21.79831314
v 15.92570400 47.20103836 21.73499298
v 15.00000000 46.20052719 22.04516220
v 15.95931530 46.20052719 21.97954178
v 15.00000000 45.18673706 22.19919395
v 15.98029041 45.18673706 22.13213921
v 15.00000000 44.14278030 22.26151085
v 15.98877430 44.14278030 22.19387627
v 15.00000000 43.05786133 22.22871017
v 15.98431015 43.05786133 22.16138268
v 15.00000000 41.92053604 22.09479713
v 15.96607494 41.92053604 22.02871704
v 15.00000000 40.71844864 21.85111618
v 15.93289375 40.71844864 21.78730392
v 15.00000000 39.43852615 21.48637199
v 15.88322735 39.43852615 21.42595673
v 16.24444580 53.32526779 17.86499977
v 16.09286118 52.22904968 18.90047646
v 16.61379814 52.22904968 18.71533585
v 16.30368805 51.17998123 19.65292168
v 16.92511749 51.17998123 19.43206596
v 16.48002052 50.16408539 20.28226852
v 17.18550491 50.16408539 20.03153801
v 16.62552643 49.16938019 20.80158424
v 17.40036964 49.16938019 20.52620506
v 16.74293518 48.18507004 21.22061729
v 17.57374191 48.18507004 20.92534828
v 16.83416176 47.20103836 21.54621315
v 17.70845413 47.20103836 21.23549080
v 16.90076065 46.20052719 21.78390694
v 17.80680084 46.20052719 21.46190071
v 16.94231796 45.18673706 21.93222809
v 17.86816597 45.18673706 21.60318184
v 16.95913315 44.14278030 21.99223518
v 17.89299393 44.14278030 21.66033936
v 16.95028305 43.05786133 21.96065140
v 17.87992477 43.05786133 21.63025475
v 16.91415405 41.92053604 21.83170509
v 17.82657623 41.92053604 21.50742912
v 16.84840965 40.71844864 21.59705734
v 17.72949219 40.71844864 21.28392029
v 16.75000191 39.43852615 21.24583817
v 17.58417702 39.43852615 20.94937325
v 17.10467148 52.22904968 18.46098518
v 17.55633926 52.22904968 18.14216423
v 17.51068687 51.17998123 19.12864876
v 18.04948616 51.17998123 18.74832344
v 17.85027885 50.16408539 19.68708229
v 18.46195412 50.16408539 19.25531387
v 18.13049889 49.16938019 20.14788437
v 18.80230904 49.16938019 19.67366600
v 18.35660362 48.18507004 20.51970100
v 19.07694244 48.18507004 20.01123238
v 18.53229523 47.20103836 20.80861092
v 19.29033279 47.20103836 20.27352905
v 18.66055298 46.20052719 21.01952171
v 19.44611549 46.20052719 20.46501160
v 18.74058533 45.18673706 21.15113068
v 19.54332352 45.18673706 20.58449554
v 18.77296448 44.14278030 21.20437622
v 19.58265114 44.14278030 20.63283730
v 18.75592232 43.05786133 21.17635155
v 19.56195259 43.05786133 20.60739326
v 18.68634224 41.92053604 21.06193352
v 19.47744179 41.92053604 20.50351524
v 18.55973053 40.71844864 20.85372734
v 19.32365799 40.71844864 20.31448936
v 18.37021446 39.43852615 20.54208183
v 19.09347153 39.43852615 20.03155327
v 17.96038818 52.22904968 17.76480865
v 18.30928993 52.22904968 17.33595085
v 18.53147888 51.17998123 18.29817200
v 18.94768715 51.17998123 17.78658295
v 19.00914192 50.16408539 18.74427605
v 19.48164558 50.16408539 18.16349030
v 19.40329170 49.16938019 19.11238861
v 19.92224884 49.16938019 18.47450447
v 19.72133064 48.18507004 19.40941429
v 20.27777290 48.18507004 18.72545815
v 19.96845245 47.20103836 19.64021111
v 20.55401802 47.20103836 18.92045403
v 20.14885712 46.20052719 19.80869675
v 20.75568390 46.20052719 19.06280518
v 20.26142883 45.18673706 19.91383171
v 20.88152504 45.18673706 19.15163422
v 20.30697250 44.14278030 19.95636749
v 20.93243599 44.14278030 19.18756866
v 20.28300285 43.05786133 19.93397903
v 20.90563965 43.05786133 19.16865540
v 20.18513298 41.92053604 19.84257698
v 20.79623604 41.92053604 19.09143066
v 20.00704193 40.71844864 19.67625046
v 20.59715652 40.71844864 18.95090294
v 19.74047279 39.43852615 19.42729378
v 20.29916954 39.43852615 18.74056244
v 18.59654427 52.22904968 16.86357880
v 18.81680489 52.22904968 16.35649300
v 19.29035759 51.17998123 17.22308350
v 19.55310822 51.17998123 16.61817551
v 19.87066460 50.16408539 17.52377510
v 20.16895294 50.16408539 16.83704567
v 20.34951591 49.16938019 17.77189636
v 20.67712975 49.16938019 17.01765060
v 20.73589706 48.18507004 17.97210312
v 21.08717346 48.18507004 17.16338158
v 21.03612137 47.20103836 18.12766647
v 21.40578651 47.20103836 17.27661705
v 21.25529480 46.20052719 18.24123192
v 21.63838005 46.20052719 17.35928154
v 21.39205933 45.18673706 18.31209564
v 21.78351974 45.18673706 17.41086388
v 21.44738770 44.14278030 18.34076691
v 21.84223747 44.14278030 17.43173218
v 21.41826630 43.05786133 18.32567787
v 21.81133270 43.05786133 17.42074776
v 21.29936600 41.92053604 18.26406860
v 21.68515205 41.92053604 17.37590408
v 21.08300400 40.71844864 18.15195847
v 21.45553970 40.71844864 17.29429817
v 20.75915337 39.43852615 17.98415184
v 21.11185455 39.43852615 17.17215347
v 21.94640350 41.92053604 16.44347954
v 22.07825851 41.92053604 15.48416519
v 21.70781898 40.71844864 16.39389992
v 21.83514404 40.71844864 15.46753693
v 21.35070419 39.43852615 16.31969070
v 21.47125053 39.43852615 15.44264507
v 22.07751656 43.05786133 13.52927494
v 22.07825851 41.92053604 14.51583385
v 21.94640350 41.92053604 13.55652046
v 21.83514404 40.71844864 14.53246307
v 21.70781898 40.71844864 13.60609818
v 21.47125053 39.43852615 14.55735397
v 21.35070419 39.43852615 13.68030834
v 21.39205933 45.18673706 11.68790245
v 21.84223747 44.14278030 12.56826687
v 21.44738770 44.14278030 11.65923214
v 21.81133270 43.05786133 12.57925129
v 21.41826630 43.05786133 11.67432213
v 21.68515205 41.92053604 12.62409592
v 21.29936600 41.92053604 11.73593140
v 21.45553970 40.71844864 12.70570087
v 21.08300400 40.71844864 11.84803963
v 21.11185455 39.43852615 12.82784557
v 20.75915337 39.43852615 12.01584625
v 20.14885712 46.20052719 10.19130230
v 20.88152504 45.18673706 10.84836578
v 20.26142883 45.18673706 10.08616734
v 20.93243599 44.14278030 10.81242847
v 20.30697250 44.14278030 10.04363251
v 20.90563965 43.05786133 10.83134365
v 20.28300285 43.05786133 10.06601906
v 20.79623604 41.92053604 10.90856838
v 20.18513298 41.92053604 10.15742302
v 20.59715652 40.71844864 11.04909515
v 20.00704193 40.71844864 10.32374763
v 20.29916954 39.43852615 11.25943661
v 19.74047279 39.43852615 10.57270527
v 19.29033279 47.20103836 9.72646999
v 18.53229523 47.20103836 9.19138813
v 19.44611549 46.20052719 9.53498840
v 18.66055298 46.20052719 8.98047733
v 19.54332352 45.18673706 9.41550350
v 18.74058533 45.18673706 8.84886837
v 19.58265114 44.14278030 9.36716366
v 18.77296448 44.14278030 8.79562283
v 19.56195259 43.05786133 9.39260578
v 18.75592232 43.05786133 8.82364845
v 19.47744179 41.92053604 9.49648380
v 18.68634224 41.92053604 8.93806648
v 19.32365799 40.71844864 9.68551064
v 18.55973053 40.71844864 9.14627266
v 19.09347153 39.43852615 9.96844769
v 18.37021446 39.43852615 9.45791817
v 17.57374191 48.18507004 9.07465076
v 16.74293518 48.18507004 8.77938175
v 17.70845413 47.20103836 8.76450920
v 16.83416176 47.20103836 8.45378685
v 17.80680084 46.20052719 8.53809834
v 16.90076065 46.20052719 8.21609211
v 17.86816597 45.18673706 8.39681721
v 16.94231796 45.18673706 8.06777191
v 17.89299393 44.14278030 8.33965969
v 16.95913315 44.14278030 8.00776482
v 17.87992477 43.05786133 8.36974335
v 16.95028305 43.05786133 8.03934765
v 17.82657623 41.92053604 8.49256992
v 16.91415405 41.92053604 8.16829491
v 17.72949219 40.71844864 8.71607780
v 16.84840965 40.71844864 8.40294075
v 17.58417702 39.43852615 9.05062675
v 16.75000191 39.43852615 8.75415993
v 15.00000000 38.10000229 9.00000000
v 15.00000000 39.43852615 8.51362801
v 15.00000000 40.71844864 8.14888287
v 15.00000000 41.92053604 7.90520096
v 15.00000000 43.05786133 7.77128792
v 15.00000000 44.14278030 7.73848820
v 15.00000000 45.18673706 7.80080557
v 15.00000000 46.20052719 7.95483875
v 15.00000000 47.20103836 8.20168591
v 15.00000000 48.18507004 8.53981972
v 14.18299961 38.10000229 9.05588436
v 14.16520882 38.10000229 9.05958080
v 13.38121891 38.10000229 9.22249603
v 13.34697056 38.10000229 9.23466778
v 12.60959339 38.10000229 9.49673176
v 12.56118107 38.10000229 9.52181721
v 11.88249588 38.10000229 9.87348366
v 11.82309628 38.10000229 9.91541100
v 11.21347237 38.10000229 10.34573174
v 11.14704418 38.10000229 10.40777016
v 10.61498356 38.10000229 10.90468121
v 10.54614544 38.10000229 10.98929501
v 10.09817982 38.10000229 11.53991699
v 10.03205204 38.10000229 11.64866066
v 9.67268848 38.10000229 12.23960876
v 9.61473560 38.10000229 12.37302971
v 9.34643364 38.10000229 12.99072266
v 9.30227852 38.10000229 13.14831257
v 9.12549496 38.10000229 13.77926350
v 9.10073280 38.10000229 13.95942783
v 9.01398754 38.10000229 14.59054565
v 9.01398754 38.10000229 14.79060268
v 9.01398754 38.10000229 15.40945339
v 9.04370689 38.10000229 15.62567997
v 9.12549496 38.10000229 16.22073555
v 9.18929291 38.10000229 16.44843102
v 9.34643364 38.10000229 17.00927734
v 9.44789505 38.10000229 17.24286270
v 9.67268848 38.10000229 17.76039124
v 9.81447029 38.10000229 17.99353981
v 10.09817982 38.10000229 18.46008110
v 10.28187943 38.10000229 18.68587685
v 10.61498356 38.10000229 19.09531784
v 10.84102631 38.10000229 19.30642700
v 11.21347237 38.10000229 19.65426636
v 11.48103142 38.10000229 19.84313202
v 11.88249588 38.10000229 20.12651634
v 12.18944931 38.10000229 20.28556633
v 12.60959339 38.10000229 20.50326729
v 12.95250511 38.10000229 20.62513924
v 13.38121891 38.10000229 20.77750397
v 13.75536251 38.10000229 20.85525131
v 14.18299961 38.10000229 20.94411469
v 14.58241558 38.10000229 20.97143555
v 15.00000000 38.10000229 21.00000000
v 15.41758442 38.10000229 20.97143555
v 15.81699944 38.10000229 20.94411469
v 16.24463654 38.10000229 20.85525131
v 16.61878014 38.10000229 20.77750397
v 17.04749489 38.10000229 20.62513924
v 17.39040565 38.10000229 20.50326729
v 17.81054878 38.10000229 20.28556633
v 18.11750221 38.10000229 20.12651634
v 18.51896667 38.10000229 19.84313202
v 18.78652763 38.10000229 19.65426636
v 19.15897369 38.10000229 19.30642700
v 19.38501549 38.10000229 19.09531784
v 19.71812057 38.10000229 18.68587685
v 19.90181923 38.10000229 18.46008110
v 20.18552971 38.10000229 17.99353981
v 20.32731056 38.10000229 17.76039124
v 20.55210495 38.10000229 17.24286270
v 20.65356445 38.10000229 17.00927734
v 20.81070709 38.10000229 16.44843102
v 20.87450409 38.10000229 16.22073555
v 20.95629311 38.10000229 15.62567997
v 20.98601341 38.10000229 15.40945339
v 20.98601341 38.10000229 14.79060268
v 20.98601341 38.10000229 14.59054565
v 20.89926529 38.10000229 13.95942783
v 20.87450409 38.10000229 13.77926350
v 20.69771957 38.10000229 13.14831257
v 20.65356445 38.10000229 12.99072266
v 20.38526344 38.10000229 12.37302971
v 20.32731056 38.10000229 12.23960876
v 19.96794701 38.10000229 11.64866066
v 19.90181923 38.10000229 11.53991699
v 19.45385361 38.10000229 10.98929501
v 19.38501549 38.10000229 10.90468121
v 18.85295486 38.10000229 10.40777016
v 18.78652763 38.10000229 10.34573174
v 18.17690277 38.10000229 9.91541100
v 18.11750221 38.10000229 9.87348366
v 17.43881798 38.10000229 9.52181721
v 17.39040565 38.10000229 9.49673176
v 16.65302658 38.10000229 9.23466778
v 16.61878014 38.10000229 9.22249603
v 15.83479118 38.10000229 9.05958080
v 15.87966061 48.18507004 8.59999084
v 15.92570400 47.20103836 8.26500511
v 15.95931530 46.20052719 8.02045727
v 15.98029041 45.18673706 7.86785984
v 15.98877430 44.14278030 7.80612230
v 15.98431015 43.05786133 7.83861637
v 15.96607494 41.92053604 7.97128296
v 15.93289375 40.71844864 8.21269512
v 15.88322735 39.43852615 8.57404232
v 15.81699944 38.10000229 9.05588436
v 0.40861964 0.00000000 11.52269745
v 1.00229025 0.00000000 9.60888386
v 29.32653618 0.00000000 19.44413376
v 1.84575093 0.00000000 7.79127312
v 2.92394876 0.00000000 6.10230303
v 4.21764421 0.00000000 4.57211304
v 5.70375109 0.00000000 3.22800875
v 13.99810982 0.00000000 29.96650314
v 12.01220989 0.00000000 29.69942665
v 27.64338303 0.00000000 23.07123566
v 0.67346263 0.00000000 19.44413376
v 0.20894594 0.00000000 17.49493980
v 7.35575008 0.00000000 2.09397626
v 9.14416122 0.00000000 1.19025171
v 11.03706837 0.00000000 0.53296238
v 16.00189018 0.00000000 29.96650314
v 0.00837632 0.00000000 15.50122452
v 0.07533282 0.00000000 13.49856472
v 24.29624748 0.00000000 3.22800875
v 28.99770737 0.00000000 9.60888386
v 22.64424896 0.00000000 2.09397626
v 20.85583878 0.00000000 1.19025171
v 29.59137917 0.00000000 11.52269745
v 29.92466736 0.00000000 13.49856472
v 29.99162292 0.00000000 15.50122452
v 21.76515198 0.00000000 28.38778114
v 19.92037201 0.00000000 29.17003632
v 23.48920631 0.00000000 27.36662292
v 17.98778915 0.00000000 29.69942665
v 25.06177139 0.00000000 26.12478065
v 10.07962704 0.00000000 29.17003632
v 8.23484707 0.00000000 28.38778114
v 6.51079321 0.00000000 27.36662292
v 28.60636330 0.00000000 21.31402206
v 1.39363575 0.00000000 21.31402206
v 2.35661578 0.00000000 23.07123566
v 13.00069523 0.00000000 0.13383758
v 15.00000000 0.00000000 0.00000000
v 16.99930382 0.00000000 0.13383758
v 25.78235435 0.00000000 4.57211304
v 27.07604980 0.00000000 6.10230303
v 28.15424919 0.00000000 7.79127312
v 18.96293068 0.00000000 0.53296238
v 29.79105377 0.00000000 17.49493980
v 26.45478439 0.00000000 24.68441772
v 4.93822908 0.00000000 26.12478065
v 3.54521632 0.00000000 24.68441772
v 16.99930382 3.00000000 0.13383758
v 15.00000000 3.00000000 0.00000000
v 13.00069523 3.00000000 0.13383758
v 11.03706837 3.00000000 0.53296238
v 9.14416122 3.00000000 1.19025171
v 7.35575008 3.00000000 2.09397626
v 5.70375109 3.00000000 3.22800875
v 4.21764421 3.00000000 4.57211304
v 2.92394876 3.00000000 6.10230303
v 1.84575093 3.00000000 7.79127312
v 1.00229025 3.00000000 9.60888386
v 0.40861964 3.00000000 11.52269745
v 0.07533282 3.00000000 13.49856472
v 0.00837632 3.00000000 15.50122452
v 0.20894594 3.00000000 17.49493980
v 0.67346263 3.00000000 19.44413376
v 1.39363575 3.00000000 21.31402206
v 2.35661578 3.00000000 23.07123566
v 3.54521632 3.00000000 24.68441772
v 4.93822908 3.00000000 26.12478065
v 6.51079321 3.00000000 27.36662292
v 8.23484707 3.00000000 28.38778114
v 10.07962704 3.00000000 29.17003632
v 12.01220989 3.00000000 29.69942665
v 13.99810982 3.00000000 29.96650314
v 16.00189018 3.00000000 29.96650314
v 17.98778915 3.00000000 29.69942665
v 19.92037201 3.00000000 29.17003632
v 21.76515198 3.00000000 28.38778114
v 23.48920631 3.00000000 27.36662292
v 25.06177139 3.00000000 26.12478065
v 26.45478439 3.00000000 24.68441772
v 27.64338303 3.00000000 23.07123566
v 28.60636330 3.00000000 21.31402206
v 29.32653618 3.00000000 19.44413376
v 29.79105377 3.00000000 17.49493980
v 29.99162292 3.00000000 15.50122452
v 29.92466736 3.00000000 13.49856472
v 29.59137917 3.00000000 11.52269745
v 28.99770737 3.00000000 9.60888386
v 28.15424919 3.00000000 7.79127312
v 27.07604980 3.00000000 6.10230303
v 25.78235435 3.00000000 4.57211304
v 24.29624748 3.00000000 3.22800875
v 22.64424896 3.00000000 2.09397626
v 20.85583878 3.00000000 1.19025171
v 18.96293068 3.00000000 0.53296238
v 23.65422630 4.00000000 3.99525642
v 23.67563438 4.00000000 4.01380634
v 28.60536003 4.00000000 11.69937515
v 28.61608315 4.00000000 11.75500679
v 27.73484802 4.00000000 20.81580925
v 27.69590569 4.00000000 20.89134979
v 21.41517067 4.00000000 27.44369507
v 21.31208992 4.00000000 27.49077225
v 12.35048199 4.00000000 28.74700165
v 12.21281719 4.00000000 28.71360397
v 4.41950560 4.00000000 24.16805077
v 4.31442070 4.00000000 24.03442383
v 1.01585686 4.00000000 15.66614628
v 1.01585686 4.00000000 15.46780968
v 3.59593606 4.00000000 6.87920284
v 3.73606014 4.00000000 6.70102072
v 12.35048199 4.00000000 1.25299764
v 11.30357933 4.00000000 1.50697398
v 11.05574322 4.00000000 1.56709826
v 9.79672527 4.00000000 2.00284839
v 9.53896332 4.00000000 2.12056470
v 8.58482933 4.00000000 2.55630350
v 7.87286091 4.00000000 2.96735764
v 6.32436562 4.00000000 4.01380634
v 6.34577417 4.00000000 3.99525642
v 7.43102837 4.00000000 3.22245073
v 5.33889341 4.00000000 4.86772299
v 4.94769049 4.00000000 5.27800512
v 4.41950560 4.00000000 5.83194923
v 2.87564373 4.00000000 7.99999952
v 2.73280692 4.00000000 8.27706528
v 2.26515150 4.00000000 9.18418884
v 1.94906628 4.00000000 9.97373295
v 1.38391554 4.00000000 11.75500679
v 1.39463782 4.00000000 11.69937515
v 1.76998782 4.00000000 10.42104912
v 1.14249909 4.00000000 13.00759220
v 1.08591747 4.00000000 13.60015011
v 1.01585686 4.00000000 14.33385277
v 1.14249909 4.00000000 16.99240685
v 1.20685720 4.00000000 17.32632828
v 1.39463782 4.00000000 18.30062485
v 1.64222991 4.00000000 19.14384651
v 2.30409479 4.00000000 20.89134979
v 2.26515150 4.00000000 20.81580925
v 1.76998782 4.00000000 19.57895088
v 2.87564373 4.00000000 22.00000000
v 3.21279383 4.00000000 22.52461433
v 3.59593606 4.00000000 23.12079620
v 5.33889341 4.00000000 25.13227654
v 5.61732435 4.00000000 25.37353706
v 6.34577417 4.00000000 26.00474358
v 7.08473492 4.00000000 26.53095436
v 8.68791008 4.00000000 27.49077225
v 8.58482933 4.00000000 27.44369507
v 7.43102837 4.00000000 26.77754784
v 9.79672527 4.00000000 27.99715042
v 10.41283512 4.00000000 28.21038818
v 11.05574322 4.00000000 28.43290138
v 13.66921520 4.00000000 28.93660545
v 14.06553364 4.00000000 28.95548630
v 17.78718185 4.00000000 28.71360397
v 17.64951706 4.00000000 28.74700165
v 16.33078384 4.00000000 28.93660545
v 15.93446541 4.00000000 28.95548630
v 15.00000000 4.00000000 29.00000000
v 18.94425583 4.00000000 28.43290138
v 19.58716202 4.00000000 28.21038818
v 20.20327377 4.00000000 27.99715042
v 22.56897163 4.00000000 26.77754784
v 22.91526413 4.00000000 26.53095436
v 25.68557930 4.00000000 24.03442383
v 25.58049393 4.00000000 24.16805077
v 24.66110420 4.00000000 25.13227654
v 24.38267517 4.00000000 25.37353706
v 23.65422630 4.00000000 26.00474358
v 26.40406418 4.00000000 23.12079620
v 26.78720665 4.00000000 22.52461433
v 27.12435722 4.00000000 22.00000000
v 28.23001099 4.00000000 19.57895088
v 28.35777092 4.00000000 19.14384651
v 28.98414230 4.00000000 15.46780968
v 28.98414230 4.00000000 15.66614628
v 28.85750008 4.00000000 16.99240685
v 28.79314041 4.00000000 17.32632828
v 28.60536003 4.00000000 18.30062485
v 28.98414230 4.00000000 14.33385277
v 28.91408348 4.00000000 13.60015011
v 28.85750008 4.00000000 13.00759220
v 28.23001099 4.00000000 10.42104912
v 28.05093384 4.00000000 9.97373295
v 26.26393890 4.00000000 6.70102072
v 26.40406418 4.00000000 6.87920284
v 27.12435722 4.00000000 7.99999952
v 27.26719093 4.00000000 8.27706528
v 27.73484802 4.00000000 9.18418884
v 25.58049393 4.00000000 5.83194923
v 25.05230904 4.00000000 5.27800512
v 24.66110420 4.00000000 4.86772299
v 22.56897163 4.00000000 3.22245073
v 22.12713814 4.00000000 2.96735764
v 18.69642067 4.00000000 1.50697398
v 18.94425583 4.00000000 1.56709826
v 20.20327377 4.00000000 2.00284839
v 20.46103668 4.00000000 2.12056470
v 21.41517067 4.00000000 2.55630350
v 17.64951706 4.00000000 1.25299764
v 16.86384392 4.00000000 1.14003479
v 13.13615608 4.00000000 1.14003479
v 13.66921520 4.00000000 1.06339252
v 15.00000000 4.00000000 0.99999923
v 16.33078384 4.00000000 1.06339252
v 21.18899727 9.88058281 4.49672079
v 21.58215714 9.88058281 4.75753307
v 21.89091301 9.72025681 4.27752924
v 22.27036476 9.88058281 5.21407366
v 22.52759361 9.88058281 5.42733335
v 22.87894630 9.72025681 4.98110437
v 23.26935768 9.88058281 6.04230547
v 23.40644646 9.88058281 6.18309450
v 23.79562759 9.72025681 5.77541161
v 24.17465210 9.88058281 6.97203064
v 24.21104813 9.88058281 7.01838827
v 24.63265228 9.72025681 6.65325880
v 26.97998619 9.88058281 12.74112892
v 27.05043983 9.88058281 13.26724529
v 27.61609077 9.72025681 13.18607903
v 27.15221977 9.88058281 14.02732086
v 27.16268539 9.88058281 14.42031288
v 27.73138809 9.72025681 14.39352894
v 27.18676376 9.88058281 15.32453346
v 27.16638184 9.88058281 15.57920361
v 27.73138809 9.72025681 15.60647011
v 27.08322906 9.88058281 16.61806679
v 27.06138420 9.88058281 16.73391533
v 27.61609077 9.72025681 16.81391907
v 23.73438454 9.88058281 23.50488472
v 23.40217018 9.88058281 23.81157303
v 23.79562759 9.72025681 24.22458649
v 22.78088951 9.88058281 24.38511086
v 22.52845764 9.88058281 24.57265091
v 22.87894630 9.72025681 25.01889420
v 21.73923302 9.88058281 25.15900040
v 21.58686638 9.88058281 25.24878120
v 21.89091301 9.72025681 25.72246933
v 20.62121773 9.88058281 25.81778526
v 20.58543968 9.88058281 25.83402061
v 20.84047508 9.72025681 26.32893944
v 14.35116386 9.88058281 27.17380524
v 13.84291744 9.88058281 27.11947632
v 13.78843212 9.72025681 27.68811226
v 13.06084251 9.88058281 27.03587341
v 12.69581604 9.88058281 26.95692635
v 12.58783627 9.72025681 27.51549149
v 11.79249382 9.88058281 26.76156807
v 11.56860352 9.88058281 26.68750000
v 11.40908527 9.72025681 27.22952843
v 10.56048679 9.88058281 26.35399818
v 10.47103024 9.88058281 26.31340599
v 10.26285458 9.72025681 26.83281517
v 5.41108274 9.88058281 22.52829361
v 5.08336639 9.88058281 22.06173706
v 4.61755705 9.72025681 22.39330482
v 4.66519690 9.88058281 21.46640587
v 4.45564461 9.88058281 21.08810043
v 3.96179128 9.72025681 21.37291336
v 4.03640890 9.88058281 20.33125114
v 3.92177987 9.88058281 20.05964088
v 3.40598917 9.72025681 20.29480743
v 3.53184247 9.88058281 19.13568878
v 3.48646188 9.88058281 18.98518753
v 2.95518422 9.72025681 19.16875076
v 3.15721512 9.88058281 17.89327049
v 3.15357471 9.88058281 17.87396431
v 2.61345887 9.72025681 18.00494194
v 3.32798624 9.88058281 11.48053169
v 3.49471259 9.88058281 11.01820374
v 2.95518422 9.72025681 10.83124828
v 3.76820660 9.88058281 10.25981045
v 3.92292619 9.88058281 9.94163418
v 3.40598917 9.72025681 9.70519257
v 4.33568859 9.88058281 9.09279823
v 4.45034647 9.88058281 8.90954781
v 3.96179128 9.72025681 8.62708664
v 5.02400112 9.88058281 7.99271727
v 5.07252932 9.88058281 7.93090534
v 4.61755705 9.72025681 7.60669518
v 9.96249485 9.88058281 3.89837384
v 10.47517872 9.88058281 3.69790936
v 10.26285458 9.72025681 3.16718411
v 11.17106342 9.88058281 3.42581224
v 11.56931973 9.88058281 3.31720424
v 11.40908527 9.72025681 2.77046943
v 12.42301655 9.88058281 3.08439136
v 12.69465828 9.88058281 3.04062581
v 12.58783627 9.72025681 2.48450780
v 13.70416641 9.88058281 2.87797952
v 13.84151173 9.88058281 2.87065935
v 13.78843212 9.72025681 2.31188822
v 15.00000000 4.44439077 0.63127559
v 16.36583328 4.44439077 0.69633776
v 17.71929932 4.44439077 0.89093673
v 20.34031677 4.44439077 1.66053700
v 23.88215446 4.44439077 3.70541954
v 25.85915756 4.44439077 5.59048653
v 27.44368172 4.44439077 7.81563759
v 28.96369171 4.44439077 11.61244392
v 29.35244942 4.44439077 14.31630802
v 29.22246933 4.44439077 17.04488373
v 28.96369171 4.44439077 18.38755417
v 28.07025146 4.44439077 20.96898270
v 26.70441628 4.44439077 23.33467865
v 24.91555405 4.44439077 25.39913368
v 23.88215446 4.44439077 26.29458046
v 21.58413124 4.44439077 27.77143288
v 19.04813766 4.44439077 28.78668976
v 16.36583328 4.44439077 29.30366325
v 15.00000000 4.44439077 29.36872482
v 12.28070068 4.44439077 29.10906219
v 7.23168087 4.44439077 27.08773994
v 6.11784410 4.44439077 26.29458046
v 4.14084291 4.44439077 24.40951347
v 1.42154372 4.44439077 19.69954872
v 1.03630686 4.44439077 18.38755417
v 0.64755046 4.44439077 15.68369198
v 1.42154372 4.44439077 10.30045033
v 1.92974782 4.44439077 9.03101635
v 3.29558277 4.44439077 6.66532183
v 7.23168087 4.44439077 2.91225958
v 8.41586876 4.44439077 2.22856832
v 10.95186138 4.44439077 1.21330941
v 13.63416576 4.44439077 0.69633776
v 12.28070068 4.44439077 0.89093673
v 9.65968418 4.44439077 1.66053700
v 6.11784410 4.44439077 3.70541954
v 5.08444500 4.44439077 4.60086489
v 4.14084291 4.44439077 5.59048653
v 2.55631924 4.44439077 7.81563759
v 1.03630686 4.44439077 11.61244392
v 0.77752864 4.44439077 12.95511723
v 0.64755046 4.44439077 14.31630802
v 0.77752864 4.44439077 17.04488373
v 1.92974782 4.44439077 20.96898270
v 2.55631924 4.44439077 22.18436050
v 3.29558277 4.44439077 23.33467865
v 5.08444500 4.44439077 25.39913368
v 8.41586876 4.44439077 27.77143288
v 9.65968418 4.44439077 28.33946228
v 10.95186138 4.44439077 28.78668976
v 13.63416576 4.44439077 29.30366325
v 17.71929932 4.44439077 29.10906219
v 20.34031677 4.44439077 28.33946228
v 22.76831818 4.44439077 27.08773994
v 25.85915756 4.44439077 24.40951347
v 27.44368172 4.44439077 22.18436050
v 28.57845688 4.44439077 19.69954872
v 29.35244942 4.44439077 15.68369198
v 29.22246933 4.44439077 12.95511723
v 28.57845688 4.44439077 10.30045033
v 28.07025146 4.44439077 9.03101635
v 26.70441628 4.44439077 6.66532183
v 24.91555405 4.44439077 4.60086489
v 22.76831818 4.44439077 2.91225958
v 21.58413124 4.44439077 2.22856832
v 19.04813766 4.44439077 1.21330941
v 13.60653877 4.94336081 0.40701497
v 15.00000000 4.94336081 0.34063682
v 13.58708668 5.48332596 0.20330027
v 15.00000000 5.48332596 0.13599452
v 13.57633781 6.04959011 0.09073783
v 15.00000000 6.04959011 0.02292078
v 13.57458591 6.62673950 0.07239170
v 15.00000000 6.62673950 0.00449084
v 13.58187866 7.19906473 0.14876109
v 15.00000000 7.19906473 0.08120760
v 13.59801674 7.75098610 0.31776819
v 15.00000000 7.75098610 0.25098306
v 13.62256145 8.26748180 0.57481134
v 15.00000000 8.26748180 0.50919598
v 13.65484428 8.73449135 0.91289544
v 15.00000000 8.73449135 0.84881765
v 13.69398785 9.13930511 1.32281613
v 15.00000000 9.13930511 1.26060283
v 13.73892403 9.47090149 1.79341710
v 15.00000000 9.47090149 1.73334503
v 15.00000000 9.72025681 2.25417399
v 15.00000000 9.88058281 2.80891442
v 12.22569656 4.94336081 0.60555059
v 12.18696880 5.48332596 0.40460658
v 12.16556835 6.04959011 0.29357523
v 12.16208076 6.62673950 0.27547869
v 12.17659950 7.19906473 0.35080966
v 12.20872974 7.75098610 0.51751733
v 12.25759602 8.26748180 0.77106339
v 12.32187080 8.73449135 1.10454762
v 12.39980221 9.13930511 1.50889254
v 12.48926830 9.47090149 1.97309065
v 10.86997986 4.94336081 0.93444341
v 10.81232548 5.48332596 0.73809177
v 10.78046894 6.04959011 0.62959737
v 10.77527618 6.62673950 0.61191434
v 10.79688931 7.19906473 0.68552423
v 10.84472179 7.75098610 0.84842181
v 10.91746807 8.26748180 1.09617507
v 11.01315117 8.73449135 1.42204022
v 11.12916374 9.13930511 1.81714535
v 11.26235104 9.47090149 2.27073765
v 9.55166435 4.94336081 1.39071703
v 9.47560787 5.48332596 1.20073462
v 9.43358135 6.04959011 1.09575963
v 9.42673206 6.62673950 1.07865036
v 9.45524502 7.19906473 1.14987135
v 9.51834393 7.75098610 1.30748558
v 9.61431217 8.26748180 1.54720247
v 9.74053669 8.73449135 1.86249614
v 9.89358139 9.13930511 2.24478459
v 10.06928253 9.47090149 2.68366289
v 8.28269100 4.94336081 1.97023809
v 8.18891811 5.48332596 1.78834522
v 8.13710499 6.04959011 1.68784058
v 8.12866020 6.62673950 1.67145956
v 8.16381359 7.19906473 1.73964906
v 8.24160862 7.75098610 1.89055133
v 8.35992908 8.26748180 2.12005997
v 8.51555252 8.73449135 2.42192769
v 8.70424366 9.13930511 2.78793740
v 8.92086697 9.47090149 3.20812678
v 9.15952396 9.72025681 3.67105842
v 9.42165852 9.88058281 4.17940712
v 8.10908604 9.72025681 4.27752924
v 8.41784191 9.88058281 4.75753307
v 8.81100273 9.88058281 4.49672079
v 7.07454967 4.94336081 2.66775870
v 6.96391249 5.48332596 2.49560356
v 6.90277958 6.04959011 2.40047836
v 6.89281511 6.62673950 2.38497472
v 6.93429184 7.19906473 2.44951344
v 7.02607918 7.75098610 2.59233737
v 7.16567993 8.26748180 2.80955982
v 7.34929276 8.73449135 3.09526730
v 7.57192135 9.13930511 3.44168401
v 7.82750463 9.47090149 3.83937907
v 7.12105274 9.72025681 4.98110437
v 7.47240591 9.88058281 5.42733335
v 7.72963428 9.88058281 5.21407366
v 5.93818235 4.94336081 3.47696257
v 5.81168175 5.48332596 3.31610250
v 5.74178362 6.04959011 3.22721982
v 5.73039150 6.62673950 3.21273327
v 5.77781439 7.19906473 3.27303720
v 5.88276243 7.75098610 3.40649009
v 6.04237890 8.26748180 3.60945892
v 6.25231934 8.73449135 3.87641883
v 6.50686884 9.13930511 4.20010471
v 6.79909801 9.47090149 4.57170439
v 6.20437336 9.72025681 5.77541161
v 6.59355259 9.88058281 6.18309450
v 6.73064232 9.88058281 6.04230547
v 4.88388062 4.94336081 4.39052010
v 4.74266243 5.48332596 4.24241352
v 4.66463137 6.04959011 4.16057730
v 4.65191364 6.62673950 4.14723921
v 4.70485449 7.19906473 4.20276260
v 4.82201290 7.75098610 4.32563496
v 5.00020027 8.26748180 4.51251221
v 5.23456573 8.73449135 4.75830793
v 5.51873064 9.13930511 5.05633116
v 5.84496021 9.47090149 5.39846992
v 5.36734724 9.72025681 6.65325880
v 5.78895044 9.88058281 7.01838827
v 5.82534552 9.88058281 6.97203064
v 3.92119217 4.94336081 5.40015841
v 3.76653481 5.48332596 5.26614666
v 3.68107843 6.04959011 5.19209814
v 3.66715074 6.62673950 5.18003035
v 3.72512913 7.19906473 5.23026848
v 3.85343647 7.75098610 5.34144783
v 4.04858112 8.26748180 5.51054144
v 4.30525017 8.73449135 5.73294592
v 4.61645699 9.13930511 6.00260878
v 4.97373104 9.47090149 6.31218863
v 3.05883503 4.94336081 6.49673510
v 2.89213848 5.48332596 6.37803125
v 2.80003071 6.04959011 6.31244087
v 2.78501868 6.62673950 6.30175114
v 2.84751034 7.19906473 6.34625196
v 2.98580527 7.75098610 6.44473076
v 3.19613981 8.26748180 6.59450912
v 3.47278738 8.73449135 6.79150867
v 3.80821800 9.13930511 7.03036785
v 4.19330120 9.47090149 7.30458450
v 2.30461907 4.94336081 7.67031813
v 2.12739420 5.48332596 7.56799698
v 2.02946830 6.04959011 7.51146030
v 2.01350832 6.62673950 7.50224543
v 2.07994699 7.19906473 7.54060364
v 2.22697663 7.75098610 7.62549114
v 2.45059562 8.26748180 7.75459766
v 2.74471664 8.73449135 7.92440844
v 3.10133314 9.13930511 8.13030052
v 3.51073956 9.47090149 8.36667252
v 1.66537428 4.94336081 8.91027927
v 1.47922528 5.48332596 8.82526875
v 1.37636900 6.04959011 8.77829647
v 1.35960519 6.62673950 8.77064037
v 1.42938924 7.19906473 8.80250931
v 1.58382201 7.75098610 8.87303734
v 1.81870067 8.26748180 8.98030186
v 2.12763166 8.73449135 9.12138653
v 2.50220490 9.13930511 9.29244804
v 2.93222618 9.47090149 9.48883247
v 1.14688933 4.94336081 10.20539188
v 0.95350295 5.48332596 10.13845921
v 0.84664768 6.04959011 10.10147667
v 0.82923192 6.62673950 10.09544945
v 0.90172887 7.19906473 10.12054062
v 1.06216693 7.75098610 10.17606926
v 1.30617809 8.26748180 10.26052284
v 1.62712109 8.73449135 10.37160110
v 2.01625848 9.13930511 10.50628376
v 2.46299982 9.47090149 10.66090202
v 0.75386095 4.94336081 11.54392433
v 0.55498815 5.48332596 11.49567795
v 0.44510049 6.04959011 11.46901989
v 0.42719021 6.62673950 11.46467400
v 0.50174540 7.19906473 11.48276138
v 0.66673476 7.75098610 11.52278805
v 0.91766942 8.26748180 11.58366394
v 1.24771702 8.73449135 11.66373253
v 1.64789522 9.13930511 11.76081371
v 2.10731101 9.47090149 11.87226772
v 2.61345887 9.72025681 11.99505711
v 3.16933084 9.88058281 12.12993908
v 2.38390827 9.72025681 13.18607903
v 2.94956088 9.88058281 13.26724529
v 3.02001357 9.88058281 12.74112892
v 0.48984772 4.94336081 12.91375542
v 0.28728878 5.48332596 12.88463211
v 0.17536524 6.04959011 12.86853886
v 0.15712343 6.62673950 12.86591625
v 0.23305975 7.19906473 12.87683487
v 0.40110666 7.75098610 12.90099621
v 0.65669137 8.26748180 12.93774319
v 0.99285597 8.73449135 12.98607731
v 1.40045023 9.13930511 13.04467964
v 1.86838019 9.47090149 13.11195850
v 2.26861048 9.72025681 14.39352894
v 2.83731437 9.88058281 14.42031288
v 2.84777951 9.88058281 14.02732086
v 0.35724044 4.94336081 14.30247879
v 0.15283096 5.48332596 14.29274178
v 0.03988389 6.04959011 14.28736210
v 0.02147537 6.62673950 14.28648472
v 0.09810552 7.19906473 14.29013538
v 0.26768911 7.75098610 14.29821396
v 0.52560961 8.26748180 14.31049919
v 0.86484569 8.73449135 14.32665920
v 1.27616525 9.13930511 14.34625340
v 1.74837089 9.47090149 14.36874676
v 2.26861048 9.72025681 15.60647011
v 2.83361888 9.88058281 15.57920361
v 2.81323481 9.88058281 15.32453346
v 0.35724044 4.94336081 15.69752026
v 0.15283096 5.48332596 15.70725822
v 0.03988389 6.04959011 15.71263790
v 0.02147537 6.62673950 15.71351433
v 0.09810552 7.19906473 15.70986366
v 0.26768911 7.75098610 15.70178604
v 0.52560961 8.26748180 15.68949986
v 0.86484569 8.73449135 15.67333984
v 1.27616525 9.13930511 15.65374660
v 1.74837089 9.47090149 15.63125324
v 2.38390827 9.72025681 16.81391907
v 2.93861413 9.88058281 16.73391533
v 2.91677094 9.88058281 16.61806679
v 0.48984772 4.94336081 17.08624458
v 0.28728878 5.48332596 17.11536789
v 0.17536524 6.04959011 17.13146019
v 0.15712343 6.62673950 17.13408279
v 0.23305975 7.19906473 17.12316513
v 0.40110666 7.75098610 17.09900475
v 0.65669137 8.26748180 17.06225586
v 0.99285597 8.73449135 17.01392174
v 1.40045023 9.13930511 16.95532036
v 1.86838019 9.47090149 16.88804054
v 0.75386095 4.94336081 18.45607567
v 0.55498815 5.48332596 18.50432205
v 0.44510049 6.04959011 18.53097916
v 0.42719021 6.62673950 18.53532600
v 0.50174540 7.19906473 18.51723671
v 0.66673476 7.75098610 18.47721291
v 0.91766942 8.26748180 18.41633606
v 1.24771702 8.73449135 18.33626556
v 1.64789522 9.13930511 18.23918533
v 2.10731101 9.47090149 18.12773132
v 1.14688933 4.94336081 19.79460716
v 0.95350295 5.48332596 19.86153984
v 0.84664768 6.04959011 19.89852333
v 0.82923192 6.62673950 19.90455055
v 0.90172887 7.19906473 19.87945938
v 1.06216693 7.75098610 19.82393074
v 1.30617809 8.26748180 19.73947716
v 1.62712109 8.73449135 19.62839890
v 2.01625848 9.13930511 19.49371529
v 2.46299982 9.47090149 19.33909798
v 1.66537428 4.94336081 21.08971977
v 1.47922528 5.48332596 21.17473030
v 1.37636900 6.04959011 21.22170258
v 1.35960519 6.62673950 21.22936058
v 1.42938924 7.19906473 21.19749069
v 1.58382201 7.75098610 21.12696266
v 1.81870067 8.26748180 21.01969719
v 2.12763166 8.73449135 20.87861252
v 2.50220490 9.13930511 20.70755196
v 2.93222618 9.47090149 20.51116753
v 2.30461907 4.94336081 22.32968140
v 2.12739420 5.48332596 22.43200302
v 2.02946830 6.04959011 22.48853874
v 2.01350832 6.62673950 22.49775505
v 2.07994699 7.19906473 22.45939445
v 2.22697663 7.75098610 22.37450790
v 2.45059562 8.26748180 22.24540138
v 2.74471664 8.73449135 22.07559013
v 3.10133314 9.13930511 21.86969948
v 3.51073956 9.47090149 21.63332748
v 3.05883503 4.94336081 23.50326347
v 2.89213848 5.48332596 23.62196922
v 2.80003071 6.04959011 23.68755913
v 2.78501868 6.62673950 23.69824791
v 2.84751034 7.19906473 23.65374756
v 2.98580527 7.75098610 23.55526733
v 3.19613981 8.26748180 23.40549088
v 3.47278738 8.73449135 23.20849228
v 3.80821800 9.13930511 22.96963120
v 4.19330120 9.47090149 22.69541550
v 3.92119217 4.94336081 24.59984016
v 3.76653481 5.48332596 24.73385239
v 3.68107843 6.04959011 24.80789948
v 3.66715074 6.62673950 24.81996918
v 3.72512913 7.19906473 24.76973152
v 3.85343647 7.75098610 24.65855217
v 4.04858112 8.26748180 24.48945808
v 4.30525017 8.73449135 24.26705360
v 4.61645699 9.13930511 23.99739075
v 4.97373104 9.47090149 23.68780899
v 5.36734724 9.72025681 23.34674072
v 5.79948807 9.88058281 22.97217751
v 6.20437336 9.72025681 24.22458649
v 6.59783077 9.88058281 23.81157303
v 6.26561403 9.88058281 23.50488472
v 4.88388062 4.94336081 25.60947800
v 4.74266243 5.48332596 25.75758553
v 4.66463137 6.04959011 25.83942223
v 4.65191364 6.62673950 25.85276031
v 4.70485449 7.19906473 25.79723740
v 4.82201290 7.75098610 25.67436600
v 5.00020027 8.26748180 25.48748589
v 5.23456573 8.73449135 25.24169159
v 5.51873064 9.13930511 24.94366837
v 5.84496021 9.47090149 24.60153008
v 7.12105274 9.72025681 25.01889420
v 7.47153997 9.88058281 24.57265091
v 7.21911001 9.88058281 24.38511086
v 5.93818235 4.94336081 26.52303696
v 5.81168175 5.48332596 26.68389702
v 5.74178362 6.04959011 26.77277756
v 5.73039150 6.62673950 26.78726578
v 5.77781439 7.19906473 26.72696114
v 5.88276243 7.75098610 26.59350967
v 6.04237890 8.26748180 26.39054108
v 6.25231934 8.73449135 26.12357903
v 6.50686884 9.13930511 25.79989433
v 6.79909801 9.47090149 25.42829514
v 8.10908604 9.72025681 25.72246933
v 8.41313267 9.88058281 25.24878120
v 8.26076698 9.88058281 25.15900040
v 7.07454967 4.94336081 27.33224106
v 6.96391249 5.48332596 27.50439644
v 6.90277958 6.04959011 27.59952164
v 6.89281511 6.62673950 27.61502647
v 6.93429184 7.19906473 27.55048561
v 7.02607918 7.75098610 27.40766144
v 7.16567993 8.26748180 27.19043922
v 7.34929276 8.73449135 26.90473175
v 7.57192135 9.13930511 26.55831528
v 7.82750463 9.47090149 26.16061974
v 9.15952396 9.72025681 26.32893944
v 9.41456032 9.88058281 25.83402061
v 9.37878132 9.88058281 25.81778526
v 8.28269100 4.94336081 28.02976227
v 8.18891811 5.48332596 28.21165276
v 8.13710499 6.04959011 28.31215858
v 8.12866020 6.62673950 28.32853889
v 8.16381359 7.19906473 28.26034927
v 8.24160862 7.75098610 28.10944748
v 8.35992908 8.26748180 27.87993813
v 8.51555252 8.73449135 27.57807159
v 8.70424366 9.13930511 27.21206093
v 8.92086697 9.47090149 26.79187202
v 9.55166435 4.94336081 28.60928345
v 9.47560787 5.48332596 28.79926491
v 9.43358135 6.04959011 28.90423965
v 9.42673206 6.62673950 28.92134857
v 9.45524502 7.19906473 28.85012627
v 9.51834393 7.75098610 28.69251442
v 9.61431217 8.26748180 28.45279694
v 9.74053669 8.73449135 28.13750267
v 9.89358139 9.13930511 27.75521660
v 10.06928253 9.47090149 27.31633568
v 10.86997986 4.94336081 29.06555748
v 10.81232548 5.48332596 29.26190758
v 10.78046894 6.04959011 29.37040138
v 10.77527618 6.62673950 29.38808441
v 10.79688931 7.19906473 29.31447601
v 10.84472179 7.75098610 29.15157700
v 10.91746807 8.26748180 28.90382385
v 11.01315117 8.73449135 28.57795906
v 11.12916374 9.13930511 28.18285370
v 11.26235104 9.47090149 27.72926140
v 12.22569656 4.94336081 29.39444733
v 12.18696880 5.48332596 29.59539413
v 12.16556835 6.04959011 29.70642471
v 12.16208076 6.62673950 29.72451973
v 12.17659950 7.19906473 29.64919090
v 12.20872974 7.75098610 29.48248291
v 12.25759602 8.26748180 29.22893715
v 12.32187080 8.73449135 28.89545250
v 12.39980221 9.13930511 28.49110603
v 12.48926830 9.47090149 28.02690887
v 13.60653877 4.94336081 29.59298325
v 13.58708668 5.48332596 29.79669952
v 13.57633781 6.04959011 29.90925980
v 13.57458591 6.62673950 29.92760849
v 13.58187866 7.19906473 29.85123825
v 13.59801674 7.75098610 29.68223000
v 13.62256145 8.26748180 29.42518806
v 13.65484428 8.73449135 29.08710480
v 13.69398785 9.13930511 28.67718506
v 13.73892403 9.47090149 28.20658302
v 15.00000000 4.94336081 29.65936279
v 15.00000000 5.48332596 29.86400604
v 15.00000000 6.04959011 29.97707939
v 15.00000000 6.62673950 29.99550819
v 15.00000000 7.19906473 29.91879082
v 15.00000000 7.75098610 29.74901772
v 15.00000000 8.26748180 29.49080276
v 15.00000000 8.73449135 29.15118217
v 15.00000000 9.13930511 28.73939705
v 15.00000000 9.47090149 28.26665306
v 15.00000000 9.72025681 27.74582481
v 15.00000000 9.88058281 27.17380524
v 16.21156693 9.72025681 27.68811226
v 16.15708160 9.88058281 27.11947632
v 15.64883614 9.88058281 27.17380524
v 16.39346123 4.94336081 29.59298325
v 16.41291428 5.48332596 29.79669952
v 16.42366219 6.04959011 29.90925980
v 16.42541313 6.62673950 29.92760849
v 16.41812134 7.19906473 29.85123825
v 16.40198135 7.75098610 29.68223000
v 16.37743759 8.26748180 29.42518806
v 16.34515381 8.73449135 29.08710480
v 16.30601311 9.13930511 28.67718506
v 16.26107407 9.47090149 28.20658302
v 17.41216278 9.72025681 27.51549149
v 17.30418205 9.88058281 26.95692635
v 16.93915558 9.88058281 27.03587341
v 17.77430344 4.94336081 29.39444733
v 17.81303024 5.48332596 29.59539413
v 17.83443069 6.04959011 29.70642471
v 17.83791924 6.62673950 29.72451973
v 17.82340050 7.19906473 29.64919090
v 17.79126930 7.75098610 29.48248291
v 17.74240303 8.26748180 29.22893715
v 17.67812920 8.73449135 28.89545250
v 17.60019684 9.13930511 28.49110603
v 17.51073074 9.47090149 28.02690887
v 18.59091377 9.72025681 27.22952843
v 18.43139648 9.88058281 26.68750000
v 18.20750618 9.88058281 26.76156807
v 19.13002014 4.94336081 29.06555748
v 19.18767357 5.48332596 29.26190758
v 19.21953011 6.04959011 29.37040138
v 19.22472191 6.62673950 29.38808441
v 19.20310974 7.19906473 29.31447601
v 19.15527916 7.75098610 29.15157700
v 19.08253098 8.26748180 28.90382385
v 18.98684692 8.73449135 28.57795906
v 18.87083435 9.13930511 28.18285370
v 18.73764801 9.47090149 27.72926140
v 19.73714447 9.72025681 26.83281517
v 19.52897072 9.88058281 26.31340599
v 19.43951225 9.88058281 26.35399818
v 20.44833374 4.94336081 28.60928345
v 20.52439117 5.48332596 28.79926491
v 20.56641960 6.04959011 28.90423965
v 20.57326698 6.62673950 28.92134857
v 20.54475403 7.19906473 28.85012627
v 20.48165512 7.75098610 28.69251442
v 20.38568687 8.26748180 28.45279694
v 20.25946236 8.73449135 28.13750267
v 20.10641861 9.13930511 27.75521660
v 19.93071747 9.47090149 27.31633568
v 21.71730804 4.94336081 28.02976227
v 21.81108093 5.48332596 28.21165276
v 21.86289406 6.04959011 28.31215858
v 21.87133980 6.62673950 28.32853889
v 21.83618546 7.19906473 28.26034927
v 21.75839043 7.75098610 28.10944748
v 21.64006996 8.26748180 27.87993813
v 21.48444557 8.73449135 27.57807159
v 21.29575539 9.13930511 27.21206093
v 21.07913208 9.47090149 26.79187202
v 22.92544937 4.94336081 27.33224106
v 23.03608704 5.48332596 27.50439644
v 23.09722137 6.04959011 27.59952164
v 23.10718346 6.62673950 27.61502647
v 23.06570816 7.19906473 27.55048561
v 22.97392082 7.75098610 27.40766144
v 22.83432007 8.26748180 27.19043922
v 22.65070724 8.73449135 26.90473175
v 22.42807770 9.13930511 26.55831528
v 22.17249489 9.47090149 26.16061974
v 24.06181717 4.94336081 26.52303696
v 24.18831825 5.48332596 26.68389702
v 24.25821495 6.04959011 26.77277756
v 24.26960754 6.62673950 26.78726578
v 24.22218323 7.19906473 26.72696114
v 24.11723709 7.75098610 26.59350967
v 23.95762062 8.26748180 26.39054108
v 23.74767876 8.73449135 26.12357903
v 23.49312973 9.13930511 25.79989433
v 23.20090103 9.47090149 25.42829514
v 25.11611938 4.94336081 25.60947800
v 25.25733757 5.48332596 25.75758553
v 25.33536720 6.04959011 25.83942223
v 25.34808540 6.62673950 25.85276031
v 25.29514503 7.19906473 25.79723740
v 25.17798615 7.75098610 25.67436600
v 24.99979973 8.26748180 25.48748589
v 24.76543427 8.73449135 25.24169159
v 24.48126793 9.13930511 24.94366837
v 24.15503883 9.47090149 24.60153008
v 26.07880783 4.94336081 24.59984016
v 26.23346519 5.48332596 24.73385239
v 26.31892014 6.04959011 24.80789948
v 26.33284760 6.62673950 24.81996918
v 26.27487183 7.19906473 24.76973152
v 26.14656258 7.75098610 24.65855217
v 25.95141983 8.26748180 24.48945808
v 25.69474983 8.73449135 24.26705360
v 25.38354301 9.13930511 23.99739075
v 25.02626991 9.47090149 23.68780899
v 24.63265228 9.72025681 23.34674072
v 24.20051003 9.88058281 22.97217751
v 25.38244247 9.72025681 22.39330482
v 24.91663361 9.88058281 22.06173706
v 24.58891678 9.88058281 22.52829361
v 26.94116592 4.94336081 23.50326347
v 27.10786057 5.48332596 23.62196922
v 27.19996834 6.04959011 23.68755913
v 27.21498108 6.62673950 23.69824791
v 27.15249062 7.19906473 23.65374756
v 27.01419449 7.75098610 23.55526733
v 26.80385780 8.26748180 23.40549088
v 26.52721024 8.73449135 23.20849228
v 26.19178200 9.13930511 22.96963120
v 25.80669975 9.47090149 22.69541550
v 26.03820801 9.72025681 21.37291336
v 25.54435539 9.88058281 21.08810043
v 25.33480072 9.88058281 21.46640587
v 27.69537926 4.94336081 22.32968140
v 27.87260437 5.48332596 22.43200302
v 27.97052956 6.04959011 22.48853874
v 27.98649025 6.62673950 22.49775505
v 27.92005157 7.19906473 22.45939445
v 27.77302170 7.75098610 22.37450790
v 27.54940414 8.26748180 22.24540138
v 27.25528145 8.73449135 22.07559013
v 26.89866638 9.13930511 21.86969948
v 26.48925972 9.47090149 21.63332748
v 26.59400940 9.72025681 20.29480743
v 26.07822037 9.88058281 20.05964088
v 25.96358871 9.88058281 20.33125114
v 28.33462524 4.94336081 21.08971977
v 28.52077484 5.48332596 21.17473030
v 28.62362862 6.04959011 21.22170258
v 28.64039230 6.62673950 21.22936058
v 28.57061195 7.19906473 21.19749069
v 28.41617775 7.75098610 21.12696266
v 28.18129921 8.26748180 21.01969719
v 27.87236786 8.73449135 20.87861252
v 27.49779510 9.13930511 20.70755196
v 27.06777382 9.47090149 20.51116753
v 27.04481316 9.72025681 19.16875076
v 26.51353645 9.88058281 18.98518753
v 26.46815872 9.88058281 19.13568878
v 28.85311127 4.94336081 19.79460716
v 29.04649544 5.48332596 19.86153984
v 29.15335083 6.04959011 19.89852333
v 29.17076683 6.62673950 19.90455055
v 29.09827042 7.19906473 19.87945938
v 28.93783188 7.75098610 19.82393074
v 28.69382095 8.26748180 19.73947716
v 28.37287903 8.73449135 19.62839890
v 27.98373985 9.13930511 19.49371529
v 27.53699875 9.47090149 19.33909798
v 27.38654137 9.72025681 18.00494194
v 26.84642410 9.88058281 17.87396431
v 26.84278488 9.88058281 17.89327049
v 29.24613762 4.94336081 18.45607567
v 29.44501114 5.48332596 18.50432205
v 29.55489922 6.04959011 18.53097916
v 29.57280922 6.62673950 18.53532600
v 29.49825287 7.19906473 18.51723671
v 29.33326340 7.75098610 18.47721291
v 29.08233070 8.26748180 18.41633606
v 28.75228310 8.73449135 18.33626556
v 28.35210419 9.13930511 18.23918533
v 27.89268875 9.47090149 18.12773132
v 29.51015091 4.94336081 17.08624458
v 29.71271133 5.48332596 17.11536789
v 29.82463264 6.04959011 17.13146019
v 29.84287643 6.62673950 17.13408279
v 29.76693916 7.19906473 17.12316513
v 29.59889221 7.75098610 17.09900475
v 29.34330750 8.26748180 17.06225586
v 29.00714493 8.73449135 17.01392174
v 28.59954834 9.13930511 16.95532036
v 28.13161850 9.47090149 16.88804054
v 29.64275932 4.94336081 15.69752026
v 29.84716797 5.48332596 15.70725822
v 29.96011543 6.04959011 15.71263790
v 29.97852516 6.62673950 15.71351433
v 29.90189362 7.19906473 15.70986366
v 29.73230934 7.75098610 15.70178604
v 29.47438812 8.26748180 15.68949986
v 29.13515282 8.73449135 15.67333984
v 28.72383499 9.13930511 15.65374660
v 28.25162888 9.47090149 15.63125324
v 29.64275932 4.94336081 14.30247879
v 29.84716797 5.48332596 14.29274178
v 29.96011543 6.04959011 14.28736210
v 29.97852516 6.62673950 14.28648472
v 29.90189362 7.19906473 14.29013538
v 29.73230934 7.75098610 14.29821396
v 29.47438812 8.26748180 14.31049919
v 29.13515282 8.73449135 14.32665920
v 28.72383499 9.13930511 14.34625340
v 28.25162888 9.47090149 14.36874676
v 29.51015091 4.94336081 12.91375542
v 29.71271133 5.48332596 12.88463211
v 29.82463264 6.04959011 12.86853886
v 29.84287643 6.62673950 12.86591625
v 29.76693916 7.19906473 12.87683487
v 29.59889221 7.75098610 12.90099621
v 29.34330750 8.26748180 12.93774319
v 29.00714493 8.73449135 12.98607731
v 28.59954834 9.13930511 13.04467964
v 28.13161850 9.47090149 13.11195850
v 29.24613762 4.94336081 11.54392433
v 29.44501114 5.48332596 11.49567795
v 29.55489922 6.04959011 11.46901989
v 29.57280922 6.62673950 11.46467400
v 29.49825287 7.19906473 11.48276138
v 29.33326340 7.75098610 11.52278805
v 29.08233070 8.26748180 11.58366394
v 28.75228310 8.73449135 11.66373253
v 28.35210419 9.13930511 11.76081371
v 27.89268875 9.47090149 11.87226772
v 27.38654137 9.72025681 11.99505711
v 26.83066940 9.88058281 12.12993908
v 27.04481316 9.72025681 10.83124828
v 26.50528717 9.88058281 11.01820374
v 26.67201233 9.88058281 11.48053169
v 28.85311127 4.94336081 10.20539188
v 29.04649544 5.48332596 10.13845921
v 29.15335083 6.04959011 10.10147667
v 29.17076683 6.62673950 10.09544945
v 29.09827042 7.19906473 10.12054062
v 28.93783188 7.75098610 10.17606926
v 28.69382095 8.26748180 10.26052284
v 28.37287903 8.73449135 10.37160110
v 27.98373985 9.13930511 10.50628376
v 27.53699875 9.47090149 10.66090202
v 26.59400940 9.72025681 9.70519257
v 26.07707214 9.88058281 9.94163418
v 26.23179245 9.88058281 10.25981045
v 28.33462524 4.94336081 8.91027927
v 28.52077484 5.48332596 8.82526875
v 28.62362862 6.04959011 8.77829647
v 28.64039230 6.62673950 8.77064037
v 28.57061195 7.19906473 8.80250931
v 28.41617775 7.75098610 8.87303734
v 28.18129921 8.26748180 8.98030186
v 27.87236786 8.73449135 9.12138653
v 27.49779510 9.13930511 9.29244804
v 27.06777382 9.47090149 9.48883247
v 26.03820801 9.72025681 8.62708664
v 25.54965401 9.88058281 8.90954781
v 25.66431046 9.88058281 9.09279823
v 27.69537926 4.94336081 7.67031813
v 27.87260437 5.48332596 7.56799698
v 27.97052956 6.04959011 7.51146030
v 27.98649025 6.62673950 7.50224543
v 27.92005157 7.19906473 7.54060364
v 27.77302170 7.75098610 7.62549114
v 27.54940414 8.26748180 7.75459766
v 27.25528145 8.73449135 7.92440844
v 26.89866638 9.13930511 8.13030052
v 26.48925972 9.47090149 8.36667252
v 25.38244247 9.72025681 7.60669518
v 24.92747116 9.88058281 7.93090534
v 24.97599792 9.88058281 7.99271727
v 26.94116592 4.94336081 6.49673510
v 27.10786057 5.48332596 6.37803125
v 27.19996834 6.04959011 6.31244087
v 27.21498108 6.62673950 6.30175114
v 27.15249062 7.19906473 6.34625196
v 27.01419449 7.75098610 6.44473076
v 26.80385780 8.26748180 6.59450912
v 26.52721024 8.73449135 6.79150867
v 26.19178200 9.13930511 7.03036785
v 25.80669975 9.47090149 7.30458450
v 26.07880783 4.94336081 5.40015841
v 26.23346519 5.48332596 5.26614666
v 26.31892014 6.04959011 5.19209814
v 26.33284760 6.62673950 5.18003035
v 26.27487183 7.19906473 5.23026848
v 26.14656258 7.75098610 5.34144783
v 25.95141983 8.26748180 5.51054144
v 25.69474983 8.73449135 5.73294592
v 25.38354301 9.13930511 6.00260878
v 25.02626991 9.47090149 6.31218863
v 25.11611938 4.94336081 4.39052010
v 25.25733757 5.48332596 4.24241352
v 25.33536720 6.04959011 4.16057730
v 25.34808540 6.62673950 4.14723921
v 25.29514503 7.19906473 4.20276260
v 25.17798615 7.75098610 4.32563496
v 24.99979973 8.26748180 4.51251221
v 24.76543427 8.73449135 4.75830793
v 24.48126793 9.13930511 5.05633116
v 24.15503883 9.47090149 5.39846992
v 24.06181717 4.94336081 3.47696257
v 24.18831825 5.48332596 3.31610250
v 24.25821495 6.04959011 3.22721982
v 24.26960754 6.62673950 3.21273327
v 24.22218323 7.19906473 3.27303720
v 24.11723709 7.75098610 3.40649009
v 23.95762062 8.26748180 3.60945892
v 23.74767876 8.73449135 3.87641883
v 23.49312973 9.13930511 4.20010471
v 23.20090103 9.47090149 4.57170439
v 22.92544937 4.94336081 2.66775870
v 23.03608704 5.48332596 2.49560356
v 23.09722137 6.04959011 2.40047836
v 23.10718346 6.62673950 2.38497472
v 23.06570816 7.19906473 2.44951344
v 22.97392082 7.75098610 2.59233737
v 22.83432007 8.26748180 2.80955982
v 22.65070724 8.73449135 3.09526730
v 22.42807770 9.13930511 3.44168401
v 22.17249489 9.47090149 3.83937907
v 21.71730804 4.94336081 1.97023809
v 21.81108093 5.48332596 1.78834522
v 21.86289406 6.04959011 1.68784058
v 21.87133980 6.62673950 1.67145956
v 21.83618546 7.19906473 1.73964906
v 21.75839043 7.75098610 1.89055133
v 21.64006996 8.26748180 2.12005997
v 21.48444557 8.73449135 2.42192769
v 21.29575539 9.13930511 2.78793740
v 21.07913208 9.47090149 3.20812678
v 20.84047508 9.72025681 3.67105842
v 20.57834053 9.88058281 4.17940712
v 19.73714447 9.72025681 3.16718411
v 19.52482033 9.88058281 3.69790936
v 20.03750610 9.88058281 3.89837384
v 20.44833374 4.94336081 1.39071703
v 20.52439117 5.48332596 1.20073462
v 20.56641960 6.04959011 1.09575963
v 20.57326698 6.62673950 1.07865036
v 20.54475403 7.19906473 1.14987135
v 20.48165512 7.75098610 1.30748558
v 20.38568687 8.26748180 1.54720247
v 20.25946236 8.73449135 1.86249614
v 20.10641861 9.13930511 2.24478459
v 19.93071747 9.47090149 2.68366289
v 18.59091377 9.72025681 2.77046943
v 18.43067932 9.88058281 3.31720424
v 18.82893562 9.88058281 3.42581224
v 19.13002014 4.94336081 0.93444341
v 19.18767357 5.48332596 0.73809177
v 19.21953011 6.04959011 0.62959737
v 19.22472191 6.62673950 0.61191434
v 19.20310974 7.19906473 0.68552423
v 19.15527916 7.75098610 0.84842181
v 19.08253098 8.26748180 1.09617507
v 18.98684692 8.73449135 1.42204022
v 18.87083435 9.13930511 1.81714535
v 18.73764801 9.47090149 2.27073765
v 17.41216278 9.72025681 2.48450780
v 17.30533981 9.88058281 3.04062581
v 17.57698250 9.88058281 3.08439136
v 17.77430344 4.94336081 0.60555059
v 17.81303024 5.48332596 0.40460658
v 17.83443069 6.04959011 0.29357523
v 17.83791924 6.62673950 0.27547869
v 17.82340050 7.19906473 0.35080966
v 17.79126930 7.75098610 0.51751733
v 17.74240303 8.26748180 0.77106339
v 17.67812920 8.73449135 1.10454762
v 17.60019684 9.13930511 1.50889254
v 17.51073074 9.47090149 1.97309065
v 16.21156693 9.72025681 2.31188822
v 16.15848732 9.88058281 2.87065935
v 16.29583168 9.88058281 2.87797952
v 16.39346123 4.94336081 0.40701497
v 16.41291428 5.48332596 0.20330027
v 16.42366219 6.04959011 0.09073783
v 16.42541313 6.62673950 0.07239170
v 16.41812134 7.19906473 0.14876109
v 16.40198135 7.75098610 0.31776819
v 16.37743759 8.26748180 0.57481134
v 16.34515381 8.73449135 0.91289544
v 16.30601311 9.13930511 1.32281613
v 16.26107407 9.47090149 1.79341710
v 13.78553104 10.09654522 3.63911223
v 15.00000000 10.09654522 3.57438350
v 12.58482361 10.09654522 3.83256388
v 11.41147995 10.09654522 4.15254641
v 10.27879620 10.09654522 4.59543610
v 9.19960499 10.09654522 5.15621328
v 8.18613529 10.09654522 5.82852507
v 7.24986887 10.09654522 6.60475254
v 6.40141487 10.09654522 7.47610140
v 5.65038633 10.09654522 8.43269920
v 5.00529242 10.09654522 9.46370697
v 4.47344303 10.09654522 10.55744362
v 4.06086254 10.09654522 11.70151711
v 3.77222800 10.09654522 12.88296223
v 3.61080837 10.09654522 14.08839417
v 3.57843280 10.09654522 15.30415535
v 3.67546821 10.09654522 16.51647186
v 3.90081477 10.09654522 17.71160316
v 4.25191975 10.09654522 18.87601280
v 4.72480440 10.09654522 19.99650574
v 5.31411171 10.09654522 21.06038475
v 6.01316357 10.09654522 22.05559921
v 6.81404018 10.09654522 22.97087097
v 7.70766640 10.09654522 23.79582787
v 8.68391800 10.09654522 24.52112389
v 9.73173428 10.09654522 25.13854408
v 10.83924103 10.09654522 25.64108849
v 11.99389076 10.09654522 26.02306747
v 13.18260098 10.09654522 26.28014946
v 14.39190388 10.09654522 26.40942192
v 15.60809517 10.09654522 26.40942192
v 16.81739807 10.09654522 26.28014946
v 18.00610924 10.09654522 26.02306747
v 19.16075897 10.09654522 25.64108849
v 20.26826477 10.09654522 25.13854408
v 21.31608200 10.09654522 24.52112389
v 22.29233360 10.09654522 23.79582787
v 23.18595886 10.09654522 22.97087097
v 23.98683548 10.09654522 22.05559921
v 24.68588829 10.09654522 21.06038475
v 25.27519417 10.09654522 19.99650574
v 25.74807930 10.09654522 18.87601280
v 26.09918404 10.09654522 17.71160316
v 26.32453156 10.09654522 16.51647186
v 26.42156601 10.09654522 15.30415535
v 26.38919067 10.09654522 14.08839417
v 26.22777176 10.09654522 12.88296223
v 25.93913651 10.09654522 11.70151711
v 25.52655792 10.09654522 10.55744362
v 24.99470711 10.09654522 9.46370697
v 24.34961319 10.09654522 8.43269920
v 23.59858513 10.09654522 7.47610140
v 22.75012970 10.09654522 6.60475254
v 21.81386375 10.09654522 5.82852507
v 20.80039215 10.09654522 5.15621328
v 19.72120285 10.09654522 4.59543610
v 18.58852005 10.09654522 4.15254641
v 17.41517639 10.09654522 3.83256388
v 16.21446800 10.09654522 3.63911223
v 16.13753319 10.42624664 4.35880756
v 17.26218033 10.42624664 4.54000378
v 18.36119270 10.42624664 4.83971739
v 19.42212105 10.42624664 5.25454998
v 20.43294716 10.42624664 5.77980280
v 21.38221550 10.42624664 6.40952396
v 22.25917244 10.42624664 7.13657856
v 23.05387688 10.42624664 7.95272923
v 23.75732994 10.42624664 8.84872818
v 24.36155891 10.42624664 9.81442356
v 24.85971451 10.42624664 10.83887386
v 25.24615860 10.42624664 11.91047001
v 25.51650810 10.42624664 13.01707363
v 25.66770363 10.42624664 14.14614391
v 25.69802856 10.42624664 15.28488731
v 25.60713959 10.42624664 16.42040443
v 25.39606857 10.42624664 17.53982735
v 25.06720543 10.42624664 18.63047218
v 24.62427711 10.42624664 19.67998314
v 24.07229996 10.42624664 20.67646980
v 23.41753197 10.42624664 21.60863686
v 22.66739082 10.42624664 22.46592522
v 21.83037376 10.42624664 23.23862457
v 20.91596603 10.42624664 23.91797638
v 19.93452835 10.42624664 24.49628258
v 18.89718056 10.42624664 24.96699333
v 17.81567574 10.42624664 25.32477379
v 16.70226860 10.42624664 25.56556892
v 15.56957436 10.42624664 25.68665123
v 14.43042469 10.42624664 25.68665123
v 13.29773140 10.42624664 25.56556892
v 12.18432331 10.42624664 25.32477379
v 11.10281849 10.42624664 24.96699333
v 10.06547070 10.42624664 24.49628258
v 9.08403301 10.42624664 23.91797638
v 8.16962528 10.42624664 23.23862457
v 7.33260870 10.42624664 22.46592522
v 6.58246613 10.42624664 21.60863686
v 5.92769766 10.42624664 20.67646980
v 5.37572336 10.42624664 19.67998314
v 4.93279457 10.42624664 18.63047218
v 4.60393190 10.42624664 17.53982735
v 4.39286041 10.42624664 16.42040443
v 4.30197191 10.42624664 15.28488731
v 4.33229637 10.42624664 14.14614391
v 4.48349094 10.42624664 13.01707363
v 4.75384092 10.42624664 11.91047001
v 5.14028406 10.42624664 10.83887386
v 5.63844204 10.42624664 9.81442356
v 6.24267006 10.42624664 8.84872818
v 6.94612217 10.42624664 7.95272923
v 7.74082804 10.42624664 7.13657856
v 8.61778259 10.42624664 6.40952396
v 9.56705189 10.42624664 5.77980280
v 10.57787704 10.42624664 5.25454998
v 11.63880730 10.42624664 4.83971739
v 12.73782063 10.42624664 4.54000378
v 13.86246586 10.42624664 4.35880756
v 15.00000000 10.42624664 4.29817963
v 16.06681252 10.86203861 5.02037144
v 17.12153816 10.86203861 5.19030333
v 18.15222549 10.86203861 5.47138309
v 19.14719772 10.86203861 5.86042547
v 20.09518051 10.86203861 6.35302353
v 20.98543167 10.86203861 6.94359446
v 21.80786896 10.86203861 7.62544870
v 22.55316544 10.86203861 8.39085865
v 23.21288300 10.86203861 9.23115349
v 23.77954865 10.86203861 10.13681126
v 24.24673462 10.86203861 11.09757042
v 24.60915184 10.86203861 12.10254574
v 24.86269569 10.86203861 13.14035130
v 25.00449181 10.86203861 14.19922733
v 25.03293037 10.86203861 15.26717663
v 24.94769096 10.86203861 16.33209801
v 24.74974251 10.86203861 17.38192558
v 24.44132423 10.86203861 18.40476608
v 24.02593422 10.86203861 19.38903046
v 23.50827408 10.86203861 20.32356071
v 22.89421463 10.86203861 21.19777679
v 22.19070816 10.86203861 22.00177002
v 21.40572929 10.86203861 22.72642708
v 20.54817009 10.86203861 23.36354446
v 19.62774849 10.86203861 23.90589714
v 18.65489197 10.86203861 24.34734344
v 17.64062500 10.86203861 24.68288040
v 16.59643745 10.86203861 24.90870667
v 15.53416348 10.86203861 25.02226067
v 14.46583557 10.86203861 25.02226067
v 13.40356064 10.86203861 24.90870667
v 12.35937405 10.86203861 24.68288040
v 11.34510708 10.86203861 24.34734344
v 10.37225151 10.86203861 23.90589714
v 9.45182896 10.86203861 23.36354446
v 8.59427071 10.86203861 22.72642708
v 7.80929136 10.86203861 22.00177002
v 7.10578537 10.86203861 21.19777679
v 6.49172449 10.86203861 20.32356071
v 5.97406530 10.86203861 19.38903046
v 5.55867434 10.86203861 18.40476608
v 5.25025654 10.86203861 17.38192558
v 5.05230761 10.86203861 16.33209801
v 4.96706915 10.86203861 15.26717663
v 4.99550915 10.86203861 14.19922733
v 5.13730383 10.86203861 13.14035130
v 5.39084625 10.86203861 12.10254574
v 5.75326395 10.86203861 11.09757042
v 6.22045135 10.86203861 10.13681126
v 6.78711462 10.86203861 9.23115349
v 7.44683313 10.86203861 8.39085865
v 8.19213104 10.86203861 7.62544870
v 9.01456642 10.86203861 6.94359446
v 9.90481853 10.86203861 6.35302353
v 10.85280037 10.86203861 5.86042547
v 11.84777260 10.86203861 5.47138309
v 12.87846088 10.86203861 5.19030333
v 13.93318653 10.86203861 5.02037144
v 15.00000000 10.86203861 4.96351242
v 16.00394821 11.39381218 5.60845900
v 16.99651909 11.39381218 5.76837730
v 17.96646881 11.39381218 6.03289366
v 18.90280914 11.39381218 6.39901018
v 19.79492760 11.39381218 6.86257982
v 20.63271713 11.39381218 7.41834927
v 21.40668869 11.39381218 8.06002235
v 22.10806656 11.39381218 8.78032780
v 22.72890854 11.39381218 9.57110500
v 23.26218033 11.39381218 10.42339325
v 23.70183563 11.39381218 11.32753658
v 24.04289627 11.39381218 12.27329063
v 24.28149796 11.39381218 13.24993801
v 24.41493797 11.39381218 14.24641609
v 24.44169998 11.39381218 15.25143147
v 24.36148834 11.39381218 16.25359726
v 24.17520332 11.39381218 17.24156189
v 23.88496017 11.39381218 18.20412636
v 23.49404526 11.39381218 19.13038826
v 23.00689316 11.39381218 20.00985146
v 22.42901802 11.39381218 20.83255005
v 21.76696777 11.39381218 21.58916283
v 21.02824593 11.39381218 22.27111816
v 20.22122192 11.39381218 22.87068939
v 19.35503960 11.39381218 23.38108444
v 18.43951416 11.39381218 23.79651642
v 17.48501778 11.39381218 24.11227989
v 16.50236130 11.39381218 24.32479668
v 15.50268555 11.39381218 24.43166161
v 14.49731350 11.39381218 24.43166161
v 13.49763775 11.39381218 24.32479668
v 12.51498318 11.39381218 24.11227989
v 11.56048489 11.39381218 23.79651642
v 10.64495850 11.39381218 23.38108444
v 9.77877617 11.39381218 22.87068939
v 8.97175217 11.39381218 22.27111816
v 8.23303127 11.39381218 21.58916283
v 7.57098198 11.39381218 20.83255005
v 6.99310637 11.39381218 20.00985146
v 6.50595331 11.39381218 19.13038826
v 6.11503983 11.39381218 18.20412636
v 5.82479668 11.39381218 17.24156189
v 5.63851261 11.39381218 16.25359726
v 5.55829811 11.39381218 15.25143147
v 5.58506155 11.39381218 14.24641609
v 5.71850014 11.39381218 13.24993801
v 5.95710230 11.39381218 12.27329063
v 6.29816294 11.39381218 11.32753658
v 6.73781967 11.39381218 10.42339325
v 7.27109003 11.39381218 9.57110500
v 7.89193249 11.39381218 8.78032780
v 8.59331131 11.39381218 8.06002235
v 9.36728191 11.39381218 7.41834927
v 10.20507145 11.39381218 6.86257982
v 11.09719086 11.39381218 6.39901018
v 12.03352928 11.39381218 6.03289366
v 13.00348091 11.39381218 5.76837730
v 13.99605274 11.39381218 5.60845900
v 15.00000000 11.39381218 5.55495071
v 15.95039272 12.00923443 6.10942936
v 16.89001846 12.00923443 6.26081705
v 17.80823135 12.00923443 6.51122236
v 18.69462204 12.00923443 6.85780954
v 19.53915405 12.00923443 7.29665136
v 20.33225441 12.00923443 7.82277441
v 21.06493759 12.00923443 8.43021965
v 21.72890282 12.00923443 9.11210060
v 22.31662941 12.00923443 9.86069584
v 22.82145309 12.00923443 10.66752148
v 23.23765755 12.00923443 11.52343464
v 23.56052399 12.00923443 12.41874027
v 23.78639984 12.00923443 13.34329128
v 23.91271973 12.00923443 14.28661442
v 23.93805695 12.00923443 15.23801994
v 23.86211967 12.00923443 16.18672943
v 23.68577194 12.00923443 17.12199020
v 23.41101265 12.00923443 18.03321075
v 23.04095078 12.00923443 18.91006088
v 22.57978439 12.00923443 19.74261093
v 22.03273392 12.00923443 20.52142525
v 21.40600014 12.00923443 21.23767853
v 20.70668411 12.00923443 21.88325882
v 19.94270897 12.00923443 22.45084572
v 19.12273026 12.00923443 22.93401337
v 18.25604057 12.00923443 23.32728577
v 17.35245895 12.00923443 23.62620544
v 16.42222214 12.00923443 23.82738876
v 15.47587109 12.00923443 23.92855263
v 14.52412796 12.00923443 23.92855263
v 13.57777691 12.00923443 23.82738876
v 12.64754009 12.00923443 23.62620544
v 11.74395847 12.00923443 23.32728577
v 10.87726879 12.00923443 22.93401337
v 10.05729008 12.00923443 22.45084572
v 9.29331493 12.00923443 21.88325882
v 8.59399891 12.00923443 21.23767853
v 7.96726513 12.00923443 20.52142525
v 7.42021561 12.00923443 19.74261093
v 6.95904827 12.00923443 18.91006088
v 6.58898687 12.00923443 18.03321075
v 6.31422758 12.00923443 17.12199020
v 6.13787937 12.00923443 16.18672943
v 6.06194401 12.00923443 15.23801994
v 6.08727980 12.00923443 14.28661442
v 6.21360064 12.00923443 13.34329128
v 6.43947458 12.00923443 12.41874027
v 6.76234245 12.00923443 11.52343464
v 7.17854691 12.00923443 10.66752148
v 7.68337059 12.00923443 9.86069584
v 8.27109528 12.00923443 9.11210060
v 8.93506145 12.00923443 8.43021965
v 9.66774464 12.00923443 7.82277441
v 10.46084595 12.00923443 7.29665136
v 11.30537701 12.00923443 6.85780954
v 12.19176865 12.00923443 6.51122236
v 13.10998058 12.00923443 6.26081705
v 14.04960537 12.00923443 6.10942936
v 15.00000000 12.00923443 6.05877495
v 15.90739536 12.69402885 6.51166105
v 16.80451012 12.69402885 6.65619946
v 17.68117714 12.69402885 6.89527655
v 18.52746773 12.69402885 7.22618294
v 19.33379173 12.69402885 7.64517021
v 20.09100914 12.69402885 8.14749146
v 20.79054451 12.69402885 8.72745228
v 21.42447090 12.69402885 9.37848568
v 21.98560524 12.69402885 10.09321213
v 22.46759033 12.69402885 10.86353302
v 22.86496353 12.69402885 11.68072414
v 23.17322350 12.69402885 12.53552246
v 23.38888168 12.69402885 13.41824532
v 23.50948524 12.69402885 14.31888962
v 23.53367615 12.69402885 15.22725105
v 23.46117401 12.69402885 16.13303757
v 23.29280663 12.69402885 17.02598763
v 23.03047752 12.69402885 17.89597893
v 22.67715645 12.69402885 18.73316002
v 22.23685455 12.69402885 19.52804375
v 21.71455574 12.69402885 20.27162170
v 21.11617661 12.69402885 20.95547104
v 20.44849777 12.69402885 21.57184029
v 19.71908760 12.69402885 22.11375237
v 18.93620872 12.69402885 22.57505798
v 18.10872841 12.69402885 22.95053673
v 17.24602699 12.69402885 23.23593330
v 16.35787582 12.69402885 23.42801476
v 15.45434189 12.69402885 23.52460098
v 14.54565811 12.69402885 23.52460098
v 13.64212227 12.69402885 23.42801476
v 12.75397205 12.69402885 23.23593330
v 11.89126968 12.69402885 22.95053673
v 11.06379128 12.69402885 22.57505798
v 10.28091049 12.69402885 22.11375237
v 9.55150032 12.69402885 21.57184029
v 8.88382244 12.69402885 20.95547104
v 8.28544426 12.69402885 20.27162170
v 7.76314449 12.69402885 19.52804375
v 7.32284117 12.69402885 18.73316002
v 6.96952248 12.69402885 17.89597893
v 6.70719337 12.69402885 17.02598763
v 6.53882408 12.69402885 16.13303757
v 6.46632433 12.69402885 15.22725105
v 6.49051380 12.69402885 14.31888962
v 6.61111879 12.69402885 13.41824532
v 6.82677412 12.69402885 12.53552246
v 7.13503551 12.69402885 11.68072414
v 7.53240871 12.69402885 10.86353302
v 8.01439381 12.69402885 10.09321213
v 8.57552910 12.69402885 9.37848568
v 9.20945358 12.69402885 8.72745228
v 9.90898991 12.69402885 8.14749146
v 10.66620827 12.69402885 7.64517021
v 11.47253036 12.69402885 7.22618294
v 12.31882095 12.69402885 6.89527655
v 13.19548988 12.69402885 6.65619946
v 14.09260368 12.69402885 6.51166105
v 15.00000000 12.69402885 6.46329880
v 15.87594891 13.43231201 6.80582523
v 16.74197388 13.43231201 6.94535494
v 17.58826065 13.43231201 7.17614603
v 18.40522385 13.43231201 7.49558544
v 19.18360138 13.43231201 7.90005255
v 19.91458130 13.43231201 8.38496494
v 20.58987236 13.43231201 8.94482803
v 21.20182991 13.43231201 9.57329941
v 21.74351883 13.43231201 10.26325703
v 22.20880127 13.43231201 11.00688362
v 22.59240341 13.43231201 11.79575348
v 22.88998032 13.43231201 12.62092972
v 23.09816360 13.43231201 13.47306061
v 23.21459007 13.43231201 14.34249306
v 23.23793983 13.43231201 15.21937561
v 23.16795349 13.43231201 16.09377098
v 23.00541878 13.43231201 16.95577621
v 22.75217819 13.43231201 17.79561996
v 22.41110611 13.43231201 18.60378838
v 21.98605919 13.43231201 19.37112427
v 21.48186111 13.43231201 20.08893394
v 20.90422058 13.43231201 20.74908447
v 20.25968170 13.43231201 21.34409332
v 19.55554771 13.43231201 21.86722374
v 18.79979897 13.43231201 22.31254387
v 18.00099564 13.43231201 22.67501068
v 17.16819000 13.43231201 22.95051765
v 16.31081963 13.43231201 23.13594055
v 15.43859577 13.43231201 23.22918129
v 14.56140327 13.43231201 23.22918129
v 13.68918037 13.43231201 23.13594055
v 12.83180809 13.43231201 22.95051765
v 11.99900341 13.43231201 22.67501068
v 11.20020103 13.43231201 22.31254387
v 10.44445133 13.43231201 21.86722374
v 9.74031830 13.43231201 21.34409332
v 9.09577942 13.43231201 20.74908447
v 8.51813793 13.43231201 20.08893394
v 8.01393890 13.43231201 19.37112427
v 7.58889341 13.43231201 18.60378838
v 7.24781990 13.43231201 17.79561996
v 6.99458170 13.43231201 16.95577621
v 6.83204746 13.43231201 16.09377098
v 6.76205921 13.43231201 15.21937561
v 6.78541040 13.43231201 14.34249306
v 6.90183687 13.43231201 13.47306061
v 7.11001825 13.43231201 12.62092972
v 7.40759563 13.43231201 11.79575348
v 7.79119873 13.43231201 11.00688362
v 8.25648022 13.43231201 10.26325703
v 8.79816914 13.43231201 9.57329941
v 9.41012573 13.43231201 8.94482803
v 10.08541870 13.43231201 8.38496494
v 10.81639671 13.43231201 7.90005255
v 11.59477615 13.43231201 7.49558544
v 12.41173744 13.43231201 7.17614603
v 13.25802517 13.43231201 6.94535494
v 14.12405014 13.43231201 6.80582523
v 15.00000000 13.43231201 6.75913858
v 15.85678577 14.20695877 6.98509789
v 16.70386314 14.20695877 7.12157488
v 17.53163528 14.20695877 7.34731722
v 18.33072281 14.20695877 7.65976763
v 19.09207344 14.20695877 8.05538559
v 19.80706024 14.20695877 8.52968884
v 20.46757698 14.20695877 9.07730389
v 21.06614685 14.20695877 9.69202423
v 21.59598351 14.20695877 10.36688805
v 22.05108452 14.20695877 11.09424496
v 22.42629623 14.20695877 11.86585617
v 22.71736336 14.20695877 12.67297935
v 22.92098999 14.20695877 13.50646782
v 23.03486824 14.20695877 14.35687828
v 23.05771065 14.20695877 15.21457672
v 22.98925209 14.20695877 16.06984329
v 22.83027458 14.20695877 16.91298676
v 22.58257484 14.20695877 17.73445702
v 22.24896431 14.20695877 18.52494431
v 21.83321953 14.20695877 19.27549171
v 21.34004974 14.20695877 19.97759819
v 20.77504539 14.20695877 20.62330437
v 20.14460945 14.20695877 21.20529938
v 19.45588112 14.20695877 21.71698189
v 18.71666718 14.20695877 22.15255928
v 17.93533897 14.20695877 22.50709724
v 17.12075615 14.20695877 22.77657509
v 16.28214073 14.20695877 22.95794106
v 15.42899990 14.20695877 23.04914284
v 14.57099915 14.20695877 23.04914284
v 13.71785831 14.20695877 22.95794106
v 12.87924385 14.20695877 22.77657509
v 12.06465912 14.20695877 22.50709724
v 11.28333282 14.20695877 22.15255928
v 10.54411793 14.20695877 21.71698189
v 9.85538960 14.20695877 21.20529938
v 9.22495270 14.20695877 20.62330437
v 8.65994835 14.20695877 19.97759819
v 8.16678047 14.20695877 19.27549171
v 7.75103474 14.20695877 18.52494431
v 7.41742277 14.20695877 17.73445702
v 7.16972446 14.20695877 16.91298676
v 7.01074696 14.20695877 16.06984329
v 6.94228983 14.20695877 15.21457672
v 6.96513081 14.20695877 14.35687828
v 7.07900906 14.20695877 13.50646782
v 7.28263569 14.20695877 12.67297935
v 7.57370329 14.20695877 11.86585617
v 7.94891357 14.20695877 11.09424496
v 8.40401649 14.20695877 10.36688805
v 8.93385315 14.20695877 9.69202423
v 9.53242207 14.20695877 9.07730389
v 10.19294071 14.20695877 8.52968884
v 10.90792561 14.20695877 8.05538559
v 11.66927528 14.20695877 7.65976763
v 12.46836281 14.20695877 7.34731722
v 13.29613590 14.20695877 7.12157488
v 14.14321327 14.20695877 6.98509789
v 15.00000000 14.20695877 6.93943357
v 15.85034847 15.00000000 7.04532099
v 16.69106102 15.00000000 7.18077278
v 17.51261330 15.00000000 7.40481853
v 18.30569649 15.00000000 7.71492147
v 19.06132698 15.00000000 8.10756683
v 19.77093887 15.00000000 8.57830620
v 20.42649460 15.00000000 9.12180614
v 21.02056503 15.00000000 9.73190880
v 21.54642105 15.00000000 10.40170002
v 21.99810410 15.00000000 11.12359333
v 22.37049484 15.00000000 11.88940620
v 22.65937614 15.00000000 12.69046402
v 22.86147308 15.00000000 13.51768970
v 22.97449493 15.00000000 14.36171150
v 22.99716377 15.00000000 15.21296406
v 22.92922211 15.00000000 16.06180382
v 22.77143860 15.00000000 16.89861298
v 22.52560043 15.00000000 17.71390915
v 22.19449806 15.00000000 18.49845886
v 21.78187561 15.00000000 19.24336624
v 21.29241180 15.00000000 19.94019699
v 20.73165321 15.00000000 20.58105087
v 20.10595512 15.00000000 21.15867043
v 19.42240143 15.00000000 21.66651154
v 18.68873978 15.00000000 22.09881783
v 17.91328430 15.00000000 22.45068932
v 17.10482025 15.00000000 22.71814346
v 16.27250671 15.00000000 22.89814758
v 15.42577744 15.00000000 22.98866272
v 14.57422256 15.00000000 22.98866272
v 13.72749138 15.00000000 22.89814758
v 12.89517879 15.00000000 22.71814346
v 12.08671570 15.00000000 22.45068932
v 11.31125927 15.00000000 22.09881783
v 10.57759857 15.00000000 21.66651154
v 9.89404583 15.00000000 21.15867043
v 9.26834488 15.00000000 20.58105087
v 8.70758629 15.00000000 19.94019699
v 8.21812439 15.00000000 19.24336624
v 7.80550241 15.00000000 18.49845886
v 7.47439718 15.00000000 17.71390915
v 7.22856092 15.00000000 16.89861298
v 7.07077694 15.00000000 16.06180382
v 7.00283527 15.00000000 15.21296406
v 7.02550364 15.00000000 14.36171150
v 7.13852692 15.00000000 13.51768970
v 7.34062338 15.00000000 12.69046402
v 7.62950373 15.00000000 11.88940620
v 8.00189590 15.00000000 11.12359333
v 8.45357800 15.00000000 10.40170002
v 8.97943401 15.00000000 9.73190880
v 9.57350445 15.00000000 9.12180614
v 10.22906017 15.00000000 8.57830620
v 10.93867302 15.00000000 8.10756683
v 11.69430161 15.00000000 7.71492147
v 12.48738575 15.00000000 7.40481853
v 13.30893898 15.00000000 7.18077278
v 14.14965153 15.00000000 7.04532099
v 15.00000000 15.00000000 6.99999905
v 12.60585880 15.00000000 21.57784843
v 13.54461861 15.00000000 21.84703255
v 14.51170444 15.00000000 21.98294830
v 15.48829460 15.00000000 21.98294830
v 16.45538139 15.00000000 21.84703255
v 10.13739109 15.00000000 20.03537941
v 10.88550282 15.00000000 20.66311836
v 11.71369839 15.00000000 21.18063354
v 19.11449623 15.00000000 20.66311836
v 19.86260796 15.00000000 20.03537941
v 20.51607513 15.00000000 19.30963135
v 21.06217575 15.00000000 18.50000000
v 17.39414024 15.00000000 21.57784843
v 18.28630066 15.00000000 21.18063354
v 8.50971222 15.00000000 17.62224579
v 8.93782139 15.00000000 18.50000000
v 9.48392391 15.00000000 19.30963135
v 21.96165276 15.00000000 15.73169994
v 21.99573517 15.00000000 14.75570393
v 21.89365387 15.00000000 13.78446293
v 21.65739632 15.00000000 12.83688068
v 21.49028778 15.00000000 17.62224579
v 21.79206848 15.00000000 16.69345284
v 11.29056549 15.00000000 9.06366253
v 10.50048733 15.00000000 9.63768959
v 9.79798603 15.00000000 10.31608486
v 9.19673729 15.00000000 11.08564949
v 8.70844173 15.00000000 11.93140125
v 8.00426388 15.00000000 14.75570393
v 8.03834534 15.00000000 15.73169994
v 8.20793056 15.00000000 16.69345284
v 8.34260368 15.00000000 12.83688068
v 8.10634518 15.00000000 13.78446293
v 14.02578735 15.00000000 8.06812382
v 13.07053852 15.00000000 8.27116776
v 12.15284348 15.00000000 8.60518169
v 16.92946053 15.00000000 8.27116776
v 15.97421074 15.00000000 8.06812382
v 15.00000000 15.00000000 7.99999952
v 19.49951172 15.00000000 9.63768959
v 18.70943451 15.00000000 9.06366253
v 17.84715652 15.00000000 8.60518169
v 21.29155731 15.00000000 11.93140125
v 20.80326080 15.00000000 11.08564949
v 20.20201492 15.00000000 10.31608486
v 15.38089752 31.00000000 10.52663517
v 15.62627792 31.00000000 10.54379368
v 15.63343620 28.67802238 10.49287033
v 17.51496887 31.00000000 11.27847481
v 17.89254379 31.00000000 11.55279922
v 17.92559814 28.67802238 11.51340866
v 18.10613251 31.00000000 11.75905991
v 18.34415054 31.00000000 11.98891163
v 18.38236618 28.67802238 11.95450306
v 18.61058617 31.00000000 12.32993221
v 18.73066902 31.00000000 12.48363113
v 18.77330017 28.67802238 12.45487690
v 19.45379829 31.00000000 14.42944431
v 19.49725914 31.00000000 14.84295177
v 19.54864883 28.67802238 14.84115696
v 19.48511696 31.00000000 15.19060707
v 19.47534752 31.00000000 15.47037792
v 19.52648926 28.67802238 15.47575283
v 19.39135742 31.00000000 15.94670868
v 19.36633110 31.00000000 16.08864784
v 19.41622543 28.67802238 16.10108757
v 18.37009430 31.00000000 17.96589470
v 18.12596321 31.00000000 18.23702812
v 18.16168404 28.67802238 18.27401924
v 17.82045937 31.00000000 18.49337578
v 17.64503288 31.00000000 18.64057541
v 17.67525864 28.67802238 18.68217850
v 15.75926304 31.00000000 19.42644691
v 15.31390381 31.00000000 19.48903847
v 15.31749153 28.67802238 19.54033661
v 15.00000000 31.00000000 19.48903847
v 14.68609524 31.00000000 19.48903847
v 14.68250847 28.67802238 19.54033661
v 14.24073601 31.00000000 19.42644691
v 14.06439686 31.00000000 19.40166473
v 14.05370617 28.67802238 19.45196342
v 12.17954063 31.00000000 18.49337578
v 11.87403679 31.00000000 18.23702812
v 11.83831596 28.67802238 18.27401924
v 11.62990665 31.00000000 17.96589470
v 11.45395088 31.00000000 17.77047729
v 11.41343021 28.67802238 17.80213356
v 10.60864162 31.00000000 15.94670868
v 10.52465057 31.00000000 15.47037792
v 10.47350979 28.67802238 15.47575283
v 10.51488113 31.00000000 15.19060707
v 10.50274086 31.00000000 14.84295177
v 10.45135021 28.67802238 14.84115696
v 10.54620171 31.00000000 14.42944431
v 10.56836510 31.00000000 14.21858311
v 10.51772404 28.67802238 14.20965290
v 11.38941383 31.00000000 12.32993221
v 11.65584850 31.00000000 11.98891163
v 11.61763382 28.67802238 11.95450306
v 11.89386749 31.00000000 11.75905991
v 12.10745525 31.00000000 11.55279922
v 12.07440186 28.67802238 11.51340866
v 12.48503113 31.00000000 11.27847481
v 12.61536312 31.00000000 11.18378353
v 12.58811378 28.67802238 11.14017391
v 14.61910152 31.00000000 10.52663517
v 15.00000000 31.00000000 10.50000000
v 15.00000000 28.67802238 10.44857693
v 18.36002922 17.22698784 9.62282658
v 17.57897186 17.22698784 9.20753098
v 17.35115242 19.48098373 9.71922398
v 16.59333038 19.48098373 9.44339848
v 16.46659470 21.75756454 9.88537025
v 15.74050426 21.75756454 9.73103523
v 15.69060421 24.05226898 10.08609295
v 15.00000000 24.05226898 10.03780174
v 15.00000000 26.36059761 10.29441071
v 14.34510899 26.36059761 10.34020424
v 14.36656475 28.67802238 10.49287033
v 13.74545765 28.67802238 10.62489128
v 16.74771881 17.22698784 8.90497875
v 15.80449390 19.48098373 9.27572727
v 15.00000000 21.75756454 9.67925453
v 14.30939484 24.05226898 10.08609295
v 13.70296383 26.36059761 10.47669697
v 13.14876938 28.67802238 10.84206772
v 13.16968441 31.00000000 10.88904476
v 13.14724445 31.00000000 10.90097618
v 13.25228024 17.22698784 8.90497875
v 12.42102718 17.22698784 9.20753098
v 12.64884663 19.48098373 9.71922398
v 11.93678570 19.48098373 10.09783363
v 12.18043423 21.75756454 10.48775196
v 11.57989025 21.75756454 10.92407227
v 11.81036091 24.05226898 11.19873524
v 11.31236744 24.05226898 11.67964077
v 11.50306511 26.36059761 11.85134602
v 11.09888935 26.36059761 12.36866760
v 11.22669983 28.67802238 12.45487690
v 10.90920830 28.67802238 13.00478745
v 11.63996983 17.22698784 9.62282658
v 11.28434753 19.48098373 10.57185745
v 11.04591465 21.75756454 11.43972588
v 10.88615131 24.05226898 12.22517300
v 10.77064419 26.36059761 12.93720531
v 10.67133999 28.67802238 13.59353352
v 10.72024536 31.00000000 13.60942364
v 10.70179367 31.00000000 13.68342972
v 8.96968651 17.22698784 13.04063225
v 8.75568199 17.22698784 13.89895725
v 9.30728912 19.48098373 13.99622154
v 9.22299194 19.48098373 14.79826260
v 9.68249512 21.75756454 14.81430817
v 9.70840168 21.75756454 15.55616856
v 10.06498528 24.05226898 15.51869011
v 10.18520069 24.05226898 16.20046425
v 10.43418598 26.36059761 16.13838387
v 10.63705349 26.36059761 16.76274490
v 10.77999401 28.67802238 16.70499420
v 11.05835152 28.67802238 17.27571106
v 11.10288525 31.00000000 17.25000000
v 11.17399216 31.00000000 17.35541916
v 8.84769726 17.22698784 16.53394127
v 9.12105465 17.22698784 17.37524796
v 9.64038658 19.48098373 17.16542435
v 9.99391460 19.48098373 17.89026260
v 10.39209843 21.75756454 17.66037178
v 10.80719471 21.75756454 18.27577782
v 11.08973503 24.05226898 18.05503273
v 11.55296707 24.05226898 18.56950760
v 11.73122215 26.36059761 18.38491631
v 12.23412323 26.36059761 18.80690002
v 12.32474136 28.67802238 18.68217850
v 12.86323643 28.67802238 19.01866722
v 9.50883865 17.22698784 18.17032242
v 10.44488049 19.48098373 18.55884933
v 11.30389881 21.75756454 18.82742310
v 12.08329296 24.05226898 19.01450157
v 12.79085922 26.36059761 19.15478897
v 13.44332123 28.67802238 19.27693748
v 13.46090889 31.00000000 19.22861671
v 13.50163174 31.00000000 19.24029350
v 12.02324581 17.22698784 20.59845734
v 12.83137131 17.22698784 20.95825768
v 13.02294254 19.48098373 20.43192101
v 13.79816055 19.48098373 20.65421104
v 13.89375401 21.75756454 20.20447350
v 14.62884331 21.75756454 20.30778503
v 14.65385437 24.05226898 19.95011139
v 15.34614563 24.05226898 19.95011139
v 15.32824516 26.36059761 19.69412804
v 15.97834778 26.36059761 19.60276031
v 15.94629288 28.67802238 19.45196342
v 16.55667877 28.67802238 19.27693748
v 13.68170547 17.22698784 21.20208740
v 14.59677029 19.48098373 20.76644897
v 15.37115574 21.75756454 20.30778503
v 16.03170013 24.05226898 19.85376167
v 16.60940552 26.36059761 19.42180634
v 17.13676453 28.67802238 19.01866722
v 17.11262131 31.00000000 18.97326469
v 17.19168854 31.00000000 18.92385864
v 16.31829453 17.22698784 21.20208740
v 17.16862869 17.22698784 20.95825768
v 16.97705650 19.48098373 20.43192101
v 17.71379280 19.48098373 20.10390282
v 17.49793816 21.75756454 19.69793892
v 18.12745667 21.75756454 19.30457306
v 17.91670799 24.05226898 19.01450157
v 18.44703293 24.05226898 18.56950760
v 18.26877785 26.36059761 18.38491631
v 18.70805359 26.36059761 17.89704895
v 18.58656883 28.67802238 17.80213356
v 18.94164848 28.67802238 17.27571106
v 17.97675323 17.22698784 20.59845734
v 18.39770889 19.48098373 19.67654610
v 18.69610023 21.75756454 18.82742310
v 18.91026497 24.05226898 18.05503273
v 19.07515907 26.36059761 17.35279274
v 19.22000504 28.67802238 16.70499420
v 19.17232704 31.00000000 16.68572998
v 19.17494392 31.00000000 16.67767334
v 20.49116135 17.22698784 18.17032242
v 20.87894440 17.22698784 17.37524796
v 20.35961342 19.48098373 17.16542435
v 20.60882187 19.48098373 16.39843559
v 20.16269684 21.75756454 16.28720474
v 20.29159737 21.75756454 15.55616856
v 19.93501282 24.05226898 15.51869011
v 19.95917320 24.05226898 14.82682133
v 19.70272064 26.36059761 14.83577633
v 19.63410187 26.36059761 14.18288231
v 19.48227501 28.67802238 14.20965290
v 19.32865906 28.67802238 13.59353352
v 21.15230179 17.22698784 16.53394127
v 20.74886322 19.48098373 15.60422993
v 20.31750488 21.75756454 14.81430817
v 19.88681030 24.05226898 14.13832283
v 19.47528076 26.36059761 13.54589176
v 19.09078979 28.67802238 13.00478745
v 19.04457283 31.00000000 13.02732944
v 19.01491356 31.00000000 12.97595978
v 21.03031158 17.22698784 13.04063225
v 20.69893456 17.22698784 12.22044277
v 20.19550514 19.48098373 12.46598244
v 19.79227638 19.48098373 11.76756859
v 19.41109848 21.75756454 12.02467632
v 18.95408249 21.75756454 11.43972588
v 18.68763161 24.05226898 11.67964077
v 18.18963814 24.05226898 11.19873524
v 18.02469444 26.36059761 11.39530945
v 17.49358177 26.36059761 11.00943470
v 17.41188622 28.67802238 11.14017391
v 16.85122871 28.67802238 10.84206772
v 20.25663567 17.22698784 11.45435524
v 19.29577065 19.48098373 11.13207054
v 18.42010880 21.75756454 10.92407227
v 17.62956429 24.05226898 10.79181767
v 16.91393471 26.36059761 10.70123005
v 16.25454330 28.67802238 10.62489128
v 16.24036789 31.00000000 10.67432213
v 16.13258171 31.00000000 10.65141106
v 19.07568741 17.22698784 10.14278316
v 18.06321335 19.48098373 10.09783363
v 17.16414070 21.75756454 10.13925648
v 16.36776733 24.05226898 10.23002911
v 15.65489197 26.36059761 10.34020424
v 13.75963211 31.00000000 10.67432213
v 13.86741829 31.00000000 10.65141106
v 14.37372017 31.00000000 10.54379368
v 13.08606339 26.36059761 10.70123005
v 13.63223267 24.05226898 10.23002911
v 14.25949478 21.75756454 9.73103523
v 15.00000000 19.48098373 9.21947002
v 15.88244724 17.22698784 8.72105885
v 12.50641727 26.36059761 11.00943470
v 12.98169231 24.05226898 10.46680641
v 13.53340340 21.75756454 9.88537025
v 14.19550514 19.48098373 9.27572727
v 15.00000000 17.22698784 8.65935326
v 11.97530556 26.36059761 11.39530945
v 12.37043571 24.05226898 10.79181767
v 12.83585739 21.75756454 10.13925648
v 13.40666962 19.48098373 9.44339848
v 14.11755180 17.22698784 8.72105885
v 10.95542717 31.00000000 13.02732944
v 10.98508453 31.00000000 12.97595978
v 11.26933098 31.00000000 12.48363113
v 10.52471828 26.36059761 13.54589176
v 10.54000568 24.05226898 12.82471466
v 10.58890152 21.75756454 12.02467632
v 10.70422935 19.48098373 11.13207054
v 10.92431068 17.22698784 10.14278316
v 10.36589909 26.36059761 14.18288231
v 10.28066826 24.05226898 13.46659660
v 10.21774483 21.75756454 12.66753864
v 10.20772362 19.48098373 11.76756859
v 10.28798103 17.22698784 10.75727844
v 10.29727745 26.36059761 14.83577633
v 10.11318874 24.05226898 14.13832283
v 9.93966961 21.75756454 13.35579872
v 9.80449486 19.48098373 12.46598244
v 9.74336529 17.22698784 11.45435524
v 9.30106449 17.22698784 12.22044277
v 9.50239086 19.48098373 13.21371841
v 9.76008701 21.75756454 14.07606125
v 10.04082394 24.05226898 14.82682133
v 10.32018852 26.36059761 15.49186707
v 10.58377361 28.67802238 16.10108757
v 10.82767200 31.00000000 16.68572998
v 10.82505512 31.00000000 16.67767334
v 10.63366890 31.00000000 16.08864784
v 10.92483997 26.36059761 17.35279274
v 10.39912891 24.05226898 16.85887146
v 9.83730316 21.75756454 16.28720474
v 9.25113678 19.48098373 15.60422993
v 8.66321564 17.22698784 14.77871418
v 11.29194450 26.36059761 17.89704895
v 10.70261002 24.05226898 17.48109818
v 10.06668949 21.75756454 16.99318504
v 9.39117718 19.48098373 16.39843559
v 8.69408798 17.22698784 15.66277790
v 12.88737774 31.00000000 18.97326469
v 12.80831242 31.00000000 18.92385864
v 12.35496616 31.00000000 18.64057541
v 13.39059353 26.36059761 19.42180634
v 12.67038822 24.05226898 19.38136101
v 11.87254429 21.75756454 19.30457306
v 10.98450661 19.48098373 19.15816498
v 10.00350189 17.22698784 18.90369225
v 14.02165318 26.36059761 19.60276031
v 13.30282784 24.05226898 19.66294098
v 12.50206089 21.75756454 19.69793892
v 11.60229015 19.48098373 19.67654610
v 10.59541702 17.22698784 19.56107903
v 14.67175388 26.36059761 19.69412804
v 13.96830082 24.05226898 19.85376167
v 13.18019676 21.75756454 19.99986458
v 12.28620625 19.48098373 20.10390282
v 11.27306080 17.22698784 20.12969017
v 16.53908920 31.00000000 19.22861671
v 16.49836731 31.00000000 19.24029350
v 15.93560123 31.00000000 19.40166473
v 17.20914078 26.36059761 19.15478897
v 16.69717216 24.05226898 19.66294098
v 16.10624504 21.75756454 20.20447350
v 15.40322876 19.48098373 20.76644897
v 14.55769920 17.22698784 21.32520103
v 17.76587677 26.36059761 18.80690002
v 17.32961082 24.05226898 19.38136101
v 16.81980133 21.75756454 19.99986458
v 16.20183945 19.48098373 20.65421104
v 15.44230080 17.22698784 21.32520103
v 18.89711380 31.00000000 17.25000000
v 18.82600784 31.00000000 17.35541916
v 18.54604912 31.00000000 17.77047729
v 19.36294556 26.36059761 16.76274490
v 19.29738998 24.05226898 17.48109818
v 19.19280434 21.75756454 18.27577782
v 19.01549339 19.48098373 19.15816498
v 18.72693825 17.22698784 20.12969017
v 19.56581306 26.36059761 16.13838387
v 19.60087013 24.05226898 16.85887146
v 19.60790253 21.75756454 17.66037178
v 19.55511856 19.48098373 18.55884933
v 19.40458298 17.22698784 19.56107903
v 19.67981148 26.36059761 15.49186707
v 19.81479836 24.05226898 16.20046425
v 19.93330956 21.75756454 16.99318504
v 20.00608444 19.48098373 17.89026260
v 19.99649811 17.22698784 18.90369225
v 19.27975464 31.00000000 13.60942364
v 19.29820633 31.00000000 13.68342972
v 19.43163300 31.00000000 14.21858311
v 19.22935677 26.36059761 12.93720531
v 19.71932983 24.05226898 13.46659660
v 20.23991203 21.75756454 14.07606125
v 20.77700806 19.48098373 14.79826260
v 21.30591202 17.22698784 15.66277790
v 18.90110970 26.36059761 12.36866760
v 19.45999336 24.05226898 12.82471466
v 20.06033134 21.75756454 13.35579872
v 20.69270897 19.48098373 13.99622154
v 21.33678246 17.22698784 14.77871418
v 18.49693489 26.36059761 11.85134602
v 19.11384773 24.05226898 12.22517300
v 19.78225517 21.75756454 12.66753864
v 20.49760818 19.48098373 13.21371841
v 21.24431801 17.22698784 13.89895725
v 16.83031464 31.00000000 10.88904476
v 16.85275459 31.00000000 10.90097618
v 17.38463783 31.00000000 11.18378353
v 16.29703522 26.36059761 10.47669697
v 17.01830673 24.05226898 10.46680641
v 17.81956482 21.75756454 10.48775196
v 18.71565247 19.48098373 10.57185745
v 19.71201706 17.22698784 10.75727844
v 8.55359840 31.50662422 18.96872711
v 8.43455315 31.50662422 18.79056168
v 7.99595356 31.50662422 17.90117073
v 7.97013664 31.50662422 17.82511711
v 7.67719507 31.50662422 16.96213913
v 7.60400915 31.50662422 16.59420776
v 7.48373222 31.50662422 15.98953438
v 7.43990231 31.50662422 15.32082176
v 7.41887474 31.50662422 15.00000000
v 7.48198175 31.50662422 14.03717327
v 17.90117073 31.50662422 7.99595356
v 18.11738777 31.50662422 8.10258102
v 7.48373222 31.50662422 14.01046467
v 7.67719507 31.50662422 13.03786087
v 7.76330471 31.50662422 12.78418922
v 7.99595356 31.50662422 12.09882832
v 8.24490929 31.50662422 11.59399700
v 8.43455315 31.50662422 11.20943737
v 8.91110516 31.50662422 10.49622631
v 8.98548889 31.50662422 10.38490295
v 9.63933468 31.50662422 9.63933468
v 9.76013947 31.50662422 9.53339100
v 10.38490295 31.50662422 8.98548889
v 10.76371956 31.50662422 8.73237228
v 11.20943737 31.50662422 8.43455315
v 11.88261032 31.50662422 8.10258102
v 12.09882832 31.50662422 7.99595356
v 13.03786087 31.50662422 7.67719507
v 13.09037018 31.50662422 7.66675043
v 14.01046467 31.50662422 7.48373222
v 14.35804272 31.50662422 7.46095085
v 15.00000000 31.50662422 7.41887474
v 15.64195538 31.50662422 7.46095085
v 15.98953438 31.50662422 7.48373222
v 16.90962982 31.50662422 7.66675043
v 16.96213913 31.50662422 7.67719507
v 18.79056168 31.50662422 8.43455315
v 19.23628044 31.50662422 8.73237228
v 19.61509514 31.50662422 8.98548889
v 20.23986053 31.50662422 9.53339100
v 20.36066437 31.50662422 9.63933468
v 21.01451111 31.50662422 10.38490295
v 21.08889389 31.50662422 10.49622631
v 21.56544685 31.50662422 11.20943737
v 21.75509071 31.50662422 11.59399700
v 22.00404549 31.50662422 12.09882832
v 22.23669434 31.50662422 12.78418922
v 22.32280350 31.50662422 13.03786087
v 22.51626778 31.50662422 14.01046467
v 22.51801872 31.50662422 14.03717327
v 22.58112526 31.50662422 15.00000000
v 22.56009674 31.50662422 15.32082176
v 22.51626778 31.50662422 15.98953438
v 22.39599037 31.50662422 16.59420776
v 22.32280350 31.50662422 16.96213913
v 22.02986145 31.50662422 17.82511711
v 22.00404549 31.50662422 17.90117073
v 21.56544685 31.50662422 18.79056168
v 21.44640160 31.50662422 18.96872711
v 21.01451111 31.50662422 19.61509514
v 20.67874527 31.50662422 19.99796104
v 20.36066437 31.50662422 20.36066437
v 19.75604820 31.50662422 20.89089966
v 16.27857018 31.50662422 22.45877457
v 16.96213913 31.50662422 22.32280350
v 17.52054405 31.50662422 22.13325119
v 17.90117073 31.50662422 22.00404549
v 18.69450760 31.50662422 21.61281586
v 18.79056168 31.50662422 21.56544685
v 19.61509514 31.50662422 21.01451111
v 8.98548889 31.50662422 19.61509514
v 9.32125378 31.50662422 19.99796104
v 9.63933468 31.50662422 20.36066437
v 10.24395180 31.50662422 20.89089966
v 10.38490295 31.50662422 21.01451111
v 11.20943737 31.50662422 21.56544685
v 11.30549145 31.50662422 21.61281586
v 12.09882832 31.50662422 22.00404549
v 12.47945595 31.50662422 22.13325119
v 13.03786087 31.50662422 22.32280350
v 13.72142982 31.50662422 22.45877457
v 14.01046467 31.50662422 22.51626778
v 15.00000000 31.50662422 22.58112526
v 15.98953438 31.50662422 22.51626778
v 19.76171875 32.49180222 9.10207653
v 20.36705589 32.49180222 9.63294315
v 20.42315865 32.47039032 9.57684040
v 22.03824425 32.49180222 12.17151451
v 22.33153534 32.49180222 13.03552055
v 22.40817451 32.47039032 13.01498508
v 22.40480804 32.49180222 13.40389252
v 22.52522850 32.49180222 14.00928497
v 22.60389137 32.47039032 13.99892807
v 22.56911087 32.49180222 14.67879581
v 22.59016418 32.49180222 15.00000000
v 22.66950607 32.47039032 15.00000000
v 20.24610710 32.49180222 20.47312546
v 19.62059975 32.49180222 21.02168083
v 19.66889954 32.47039032 21.08462906
v 16.91190529 32.49180222 22.34199333
v 15.99071503 32.49180222 22.52522850
v 16.00107193 32.47039032 22.60389137
v 15.64272118 32.49180222 22.54803848
v 15.00000000 32.49180222 22.59016418
v 15.00000000 32.47039032 22.66950607
v 11.87889385 32.49180222 21.90564156
v 11.20491791 32.49180222 21.57327461
v 11.16524601 32.47039032 21.64198685
v 8.90384483 32.49180222 19.50914192
v 8.42672539 32.49180222 18.79508209
v 8.35801315 32.47039032 18.83475304
v 8.23685551 32.49180222 18.41006470
v 7.98760271 32.49180222 17.90463066
v 7.91429901 32.47039032 17.93499374
v 7.43088865 32.49180222 14.67879581
v 7.47477055 32.49180222 14.00928497
v 7.39610720 32.47039032 13.99892807
v 8.54591274 32.49180222 11.02654076
v 8.97831821 32.49180222 10.37940025
v 8.91537094 32.47039032 10.33109951
v 11.30108738 32.49180222 8.37929916
v 12.09536934 32.49180222 7.98760271
v 12.06500626 32.47039032 7.91429901
v 21.07775688 31.52657700 19.66362762
v 21.63448715 31.52657700 18.83042145
v 21.69976616 31.55932236 18.86811066
v 15.00000000 31.52657700 7.33915281
v 17.93167877 31.52657700 7.92230034
v 21.07775688 31.52657700 10.33637142
v 20.41703606 31.52657700 20.41703606
v 19.66362762 31.52657700 21.07775688
v 16.98277283 31.52657700 22.39980888
v 15.99994087 31.52657700 22.59530640
v 13.01722717 31.52657700 22.39980888
v 12.06832027 31.52657700 22.07769775
v 11.16957569 31.52657700 21.63448715
v 8.92224121 31.52657700 19.66362762
v 8.36551189 31.52657700 18.83042145
v 7.40469265 31.52657700 15.99994087
v 7.33915281 31.52657700 15.00000000
v 7.40469265 31.52657700 14.00005817
v 7.92230034 31.52657700 12.06832027
v 8.36551189 31.52657700 11.16957569
v 8.92224121 31.52657700 10.33637142
v 11.16957569 31.52657700 8.36551189
v 12.06832027 31.52657700 7.92230034
v 13.01722717 31.52657700 7.60019016
v 9.58296299 31.52657700 9.58296299
v 7.92230034 31.52657700 17.93167877
v 10.33637142 31.52657700 21.07775688
v 18.83042145 31.52657700 21.63448715
v 22.07769775 31.52657700 17.93167877
v 22.39980888 31.52657700 16.98277283
v 22.59530640 31.52657700 15.99994087
v 22.66084671 31.52657700 15.00000000
v 22.39980888 31.52657700 13.01722717
v 22.07769775 31.52657700 12.06832027
v 20.41703606 31.52657700 9.58296299
v 19.66362762 31.52657700 8.92224121
v 16.98277283 31.52657700 7.60019016
v 15.99994087 31.52657700 7.40469265
v 22.21108246 31.60396576 17.98692703
v 22.14733887 31.55932236 17.96052361
v 22.59794235 31.65931320 17.03586197
v 22.53926086 31.60396576 17.02013969
v 22.47261810 31.55932236 17.00228119
v 22.84910202 31.72386360 16.03335381
v 22.79867172 31.65931320 16.02671432
v 22.73844337 31.60396576 16.01878548
v 22.67003822 31.55932236 16.00977898
v 13.96664619 31.72386360 7.15089798
v 15.00000000 31.72386360 7.08316803
v 15.00000000 31.65931320 7.13403130
v 22.95643425 31.79586983 15.00000000
v 22.91683197 31.72386360 15.00000000
v 22.86596870 31.65931320 15.00000000
v 22.80521774 31.60396576 15.00000000
v 22.73622322 31.55932236 15.00000000
v 22.91540337 31.87339783 13.95791721
v 22.88836670 31.79586983 13.96147633
v 22.84910202 31.72386360 13.96664619
v 22.79867172 31.65931320 13.97328472
v 22.73844337 31.60396576 13.98121357
v 22.67003822 31.55932236 13.99022007
v 22.59530640 31.52657700 14.00005817
v 22.72538757 31.95433998 12.92998791
v 22.71166801 31.87339783 12.93366432
v 22.68532562 31.79586983 12.94072342
v 22.64707184 31.72386360 12.95097256
v 22.59794235 31.65931320 12.96413708
v 22.53926086 31.60396576 12.97986031
v 22.47261810 31.55932236 12.99771786
v 22.38980293 32.03651810 11.93904305
v 22.38910675 31.95433998 11.93933201
v 22.37598228 31.87339783 11.94476795
v 22.35078621 31.79586983 11.95520401
v 22.31419754 31.72386360 11.97035980
v 22.26720810 31.65931320 11.98982430
v 22.21108246 31.60396576 12.01307201
v 22.14733887 31.55932236 12.03947544
v 13.95596504 32.03651810 7.06976461
v 15.00000000 32.03651810 7.00133467
v 15.00000000 31.95433998 7.00208902
v 21.91603088 32.11771011 11.00702572
v 21.92704773 32.03651810 11.00066662
v 21.92639351 31.95433998 11.00104523
v 21.91409111 31.87339783 11.00814724
v 21.89047241 31.79586983 11.02178288
v 21.85617828 31.72386360 11.04158306
v 21.81212807 31.65931320 11.06701565
v 21.75951767 31.60396576 11.09739017
v 21.69976616 31.55932236 11.13188839
v 21.63448715 31.52657700 11.16957569
v 21.31517220 32.19571686 10.15419674
v 21.33567810 32.11771011 10.13846302
v 21.34576797 32.03651810 10.13072109
v 21.34516907 31.95433998 10.13117981
v 21.33389854 31.87339783 10.13982773
v 21.31226349 31.79586983 10.15643024
v 21.28084373 31.72386360 10.18053818
v 21.24049187 31.65931320 10.21150112
v 21.19229507 31.60396576 10.24848366
v 21.13755798 31.55932236 10.29048443
v 20.60157776 32.26844406 9.39842129
v 20.62864304 32.19571686 9.37135696
v 20.64691734 32.11771011 9.35308266
v 20.65591049 32.03651810 9.34408951
v 20.65537643 31.95433998 9.34462261
v 20.64533234 31.87339783 9.35466766
v 20.62604713 31.79586983 9.37395191
v 20.59804535 31.72386360 9.40195465
v 20.56207848 31.65931320 9.43792057
v 20.51912308 31.60396576 9.48087692
v 20.47033691 31.55932236 9.52966309
v 19.79226685 32.33391571 8.75459671
v 19.82250214 32.26844406 8.71519184
v 19.84580231 32.19571686 8.68482590
v 19.86153603 32.11771011 8.66432095
v 19.86927986 32.03651810 8.65423203
v 19.86881828 31.95433998 8.65483093
v 19.86017036 31.87339783 8.66609955
v 19.84356880 31.79586983 8.68773651
v 19.81945992 31.72386360 8.71915531
v 19.78849792 31.65931320 8.75950813
v 19.75151443 31.60396576 8.80770397
v 19.70951462 31.55932236 8.86244106
v 13.97247696 32.33391571 7.19518948
v 15.00000000 32.33391571 7.12784195
v 15.00000000 32.26844406 7.07817173
v 18.90621758 32.39036560 8.23423386
v 18.93607903 32.33391571 8.18251038
v 18.96091270 32.26844406 8.13949585
v 18.98005104 32.19571686 8.10634899
v 18.99297333 32.11771011 8.08396626
v 18.99933243 32.03651810 8.07295227
v 18.99895477 31.95433998 8.07360554
v 18.99185181 31.87339783 8.08590698
v 18.97821617 31.79586983 8.10952568
v 18.95841599 31.72386360 8.14382267
v 18.93298340 31.65931320 8.18787098
v 18.90260887 31.60396576 8.24048138
v 18.86811066 31.55932236 8.30023384
v 18.83042145 31.52657700 8.36551189
v 17.96360397 32.43627167 7.84522772
v 17.98968697 32.39036560 7.78225183
v 18.01254463 32.33391571 7.72707462
v 18.03155327 32.26844406 7.68118525
v 18.04619789 32.19571686 7.64582396
v 18.05608940 32.11771011 7.62194633
v 18.06095695 32.03651810 7.61019707
v 18.06066704 31.95433998 7.61089373
v 18.05523300 31.87339783 7.62401724
v 18.04479599 31.79586983 7.64921331
v 18.02964020 31.72386360 7.68580151
v 18.01017570 31.65931320 7.73279285
v 17.98692703 31.60396576 7.78891802
v 17.96052361 31.55932236 7.85266161
v 13.98917007 32.43627167 7.32198334
v 15.00000000 32.43627167 7.25573015
v 15.00000000 32.39036560 7.18756628
v 16.98501396 32.47039032 7.59182549
v 17.00436401 32.43627167 7.51960993
v 17.02200699 32.39036560 7.45376873
v 17.03746414 32.33391571 7.39607954
v 17.05031967 32.26844406 7.34810162
v 17.06022644 32.19571686 7.31113148
v 17.06691551 32.11771011 7.28616667
v 17.07020569 32.03651810 7.27388287
v 17.07001114 31.95433998 7.27461100
v 17.06633568 31.87339783 7.28833199
v 17.05927658 31.79586983 7.31467485
v 17.04902649 31.72386360 7.35292816
v 17.03586197 31.65931320 7.40205765
v 17.02013969 31.60396576 7.46073771
v 17.00228119 31.55932236 7.52738142
v 15.00000000 32.47039032 7.33049345
v 13.99892807 32.47039032 7.39610720
v 13.01498508 32.47039032 7.59182549
v 10.33109951 32.47039032 8.91537094
v 11.16524601 32.47039032 8.35801315
v 11.12786484 32.43627167 8.29326534
v 12.03639603 32.43627167 7.84522772
v 12.01031113 32.39036560 7.78225183
v 12.97799301 32.39036560 7.45376873
v 12.96253490 32.33391571 7.39607954
v 13.96599388 32.26844406 7.14594412
v 15.00000000 32.19571686 7.03989697
v 7.91429901 32.47039032 12.06500626
v 8.35801315 32.47039032 11.16524601
v 8.29326534 32.43627167 11.12786484
v 8.85605812 32.43627167 10.28558731
v 8.80198002 32.39036560 10.24409199
v 9.47577477 32.39036560 9.47577477
v 9.43354321 32.33391571 9.43354321
v 10.20773315 32.33391571 8.75459671
v 10.17749691 32.26844406 8.71519184
v 11.03908539 32.26844406 8.13949585
v 11.01994896 32.19571686 8.10634899
v 11.95380116 32.19571686 7.64582396
v 11.94391060 32.11771011 7.62194633
v 12.93308449 32.11771011 7.28616667
v 12.92979336 32.03651810 7.27388287
v 13.95606232 31.95433998 7.07051229
v 15.00000000 31.87339783 7.01629353
v 7.39610720 32.47039032 16.00107193
v 7.33049345 32.47039032 15.00000000
v 7.25573015 32.43627167 15.00000000
v 7.32198334 32.43627167 13.98917007
v 7.25440264 32.39036560 13.98027229
v 7.45376873 32.39036560 12.97799301
v 7.39607954 32.33391571 12.96253490
v 7.72707462 32.33391571 11.98745537
v 7.68118525 32.26844406 11.96844673
v 8.13949585 32.26844406 11.03908539
v 8.10634899 32.19571686 11.01994896
v 8.68482590 32.19571686 10.15419674
v 8.66432095 32.11771011 10.13846302
v 9.35308266 32.11771011 9.35308266
v 9.34408951 32.03651810 9.34408951
v 10.13072109 32.03651810 8.65423203
v 10.13117981 31.95433998 8.65483093
v 11.00104523 31.95433998 8.07360554
v 11.00814724 31.87339783 8.08590698
v 11.94476795 31.87339783 7.62401724
v 11.95520401 31.79586983 7.64921331
v 12.94072342 31.79586983 7.31467485
v 12.95097256 31.72386360 7.35292816
v 13.97328472 31.65931320 7.20132589
v 15.00000000 31.60396576 7.19478130
v 7.75467634 32.49180222 17.21845245
v 7.66846466 32.49180222 16.96447754
v 7.59182549 32.47039032 16.98501396
v 7.32198334 32.43627167 16.01082993
v 7.18756628 32.39036560 15.00000000
v 7.19518948 32.33391571 13.97247696
v 7.34810162 32.26844406 12.94968033
v 7.64582396 32.19571686 11.95380116
v 8.08396626 32.11771011 11.00702572
v 8.65423203 32.03651810 10.13072109
v 9.34462261 31.95433998 9.34462261
v 10.13982773 31.87339783 8.66609955
v 11.02178288 31.79586983 8.10952568
v 11.97035980 31.72386360 7.68580151
v 12.96413708 31.65931320 7.40205765
v 13.98121357 31.60396576 7.26155615
v 15.00000000 31.55932236 7.26377630
v 12.03947544 31.55932236 7.85266161
v 11.13188839 31.55932236 8.30023384
v 11.09739017 31.60396576 8.24048138
v 10.24848366 31.60396576 8.80770397
v 10.21150112 31.65931320 8.75950813
v 9.43792057 31.65931320 9.43792057
v 9.40195465 31.72386360 9.40195465
v 8.71915531 31.72386360 10.18053818
v 8.68773651 31.79586983 10.15643024
v 8.10952568 31.79586983 11.02178288
v 8.08590698 31.87339783 11.00814724
v 7.62401724 31.87339783 11.94476795
v 7.61089373 31.95433998 11.93933201
v 7.27461100 31.95433998 12.92998791
v 7.27388287 32.03651810 12.92979336
v 7.06976461 32.03651810 13.95596504
v 7.08237267 32.11771011 13.95762444
v 7.01405191 32.11771011 15.00000000
v 7.03989697 32.19571686 15.00000000
v 7.10799742 32.19571686 16.03900146
v 7.14594412 32.26844406 16.03400612
v 7.34810162 32.26844406 17.05031967
v 7.39607954 32.33391571 17.03746414
v 7.72707462 32.33391571 18.01254463
v 7.78225183 32.39036560 17.98968697
v 8.23423386 32.39036560 18.90621758
v 8.29326534 32.43627167 18.87213516
v 8.85605812 32.43627167 19.71441078
v 8.91537094 32.47039032 19.66889954
v 9.57684040 32.47039032 20.42315865
v 8.86244106 31.55932236 10.29048443
v 8.30023384 31.55932236 11.13188839
v 8.24048138 31.60396576 11.09739017
v 7.78891802 31.60396576 12.01307201
v 7.73279285 31.65931320 11.98982430
v 7.40205765 31.65931320 12.96413708
v 7.35292816 31.72386360 12.95097256
v 7.15089798 31.72386360 13.96664619
v 7.11163425 31.79586983 13.96147633
v 7.04356575 31.79586983 15.00000000
v 7.01629353 31.87339783 15.00000000
v 7.08459616 31.87339783 16.04208183
v 7.07051229 31.95433998 16.04393768
v 7.27461100 31.95433998 17.07001114
v 7.27388287 32.03651810 17.07020569
v 7.61019707 32.03651810 18.06095695
v 7.62194633 32.11771011 18.05608940
v 8.08396626 32.11771011 18.99297333
v 8.10634899 32.19571686 18.98005104
v 8.68482590 32.19571686 19.84580231
v 8.71519184 32.26844406 19.82250214
v 9.39842129 32.26844406 20.60157776
v 9.43354321 32.33391571 20.56645584
v 10.20773315 32.33391571 21.24540138
v 10.24409199 32.39036560 21.19801903
v 11.09378338 32.39036560 21.76576424
v 11.12786484 32.43627167 21.70673370
v 12.03639603 32.43627167 22.15476990
v 12.06500626 32.47039032 22.08570099
v 13.01498508 32.47039032 22.40817451
v 7.26377630 31.55932236 15.00000000
v 7.32996082 31.55932236 16.00977898
v 7.26155615 31.60396576 16.01878548
v 7.46073771 31.60396576 17.02013969
v 7.40205765 31.65931320 17.03586197
v 7.73279285 31.65931320 18.01017570
v 7.68580151 31.72386360 18.02964020
v 8.14382267 31.72386360 18.95841599
v 8.10952568 31.79586983 18.97821617
v 8.68773651 31.79586983 19.84356880
v 8.66609955 31.87339783 19.86017036
v 9.35466766 31.87339783 20.64533234
v 9.34462261 31.95433998 20.65537643
v 10.13117981 31.95433998 21.34516907
v 10.13072109 32.03651810 21.34576797
v 11.00066662 32.03651810 21.92704773
v 11.00702572 32.11771011 21.91603088
v 11.94391060 32.11771011 22.37805367
v 11.95380116 32.19571686 22.35417366
v 12.93977356 32.19571686 22.68886757
v 12.94968033 32.26844406 22.65189743
v 13.96599388 32.26844406 22.85405540
v 13.97247696 32.33391571 22.80480957
v 15.00000000 32.33391571 22.87215805
v 15.00000000 32.39036560 22.81243324
v 16.01972580 32.39036560 22.74559593
v 16.01082993 32.43627167 22.67801666
v 17.00436401 32.43627167 22.48038864
v 16.98501396 32.47039032 22.40817451
v 17.93499374 32.47039032 22.08570099
v 8.30023384 31.55932236 18.86811066
v 8.86244106 31.55932236 19.70951462
v 8.80770397 31.60396576 19.75151443
v 9.48087692 31.60396576 20.51912308
v 9.43792057 31.65931320 20.56207848
v 10.21150112 31.65931320 21.24049187
v 10.18053818 31.72386360 21.28084373
v 11.04158306 31.72386360 21.85617828
v 11.02178288 31.79586983 21.89047241
v 11.95520401 31.79586983 22.35078621
v 11.94476795 31.87339783 22.37598228
v 12.93366432 31.87339783 22.71166801
v 12.92998791 31.95433998 22.72538757
v 13.95606232 31.95433998 22.92948532
v 13.95596504 32.03651810 22.93023491
v 15.00000000 32.03651810 22.99866486
v 15.00000000 32.11771011 22.98594666
v 16.04237366 32.11771011 22.91762733
v 16.03900146 32.19571686 22.89200211
v 17.06022644 32.19571686 22.68886757
v 17.05031967 32.26844406 22.65189743
v 18.03155327 32.26844406 22.31881332
v 18.01254463 32.33391571 22.27292633
v 18.93607903 32.33391571 21.81748772
v 18.90621758 32.39036560 21.76576424
v 19.75590706 32.39036560 21.19801903
v 19.71441078 32.43627167 21.14394188
v 20.47602463 32.43627167 20.47602463
v 20.42315865 32.47039032 20.42315865
v 21.08462906 32.47039032 19.66889954
v 9.58296299 31.52657700 20.41703606
v 10.29048443 31.55932236 21.13755798
v 11.13188839 31.55932236 21.69976616
v 11.09739017 31.60396576 21.75951767
v 12.01307201 31.60396576 22.21108246
v 11.98982430 31.65931320 22.26720810
v 12.96413708 31.65931320 22.59794235
v 12.95097256 31.72386360 22.64707184
v 13.96664619 31.72386360 22.84910202
v 13.96147633 31.79586983 22.88836670
v 15.00000000 31.79586983 22.95643425
v 15.00000000 31.87339783 22.98370552
v 16.04208183 31.87339783 22.91540337
v 16.04393768 31.95433998 22.92948532
v 17.07001114 31.95433998 22.72538757
v 17.07020569 32.03651810 22.72611618
v 18.06095695 32.03651810 22.38980293
v 18.05608940 32.11771011 22.37805367
v 18.99297333 32.11771011 21.91603088
v 18.98005104 32.19571686 21.89365005
v 19.84580231 32.19571686 21.31517220
v 19.82250214 32.26844406 21.28480721
v 20.60157776 32.26844406 20.60157776
v 20.56645584 32.33391571 20.56645584
v 21.24540138 32.33391571 19.79226685
v 21.19801903 32.39036560 19.75590706
v 21.76576424 32.39036560 18.90621758
v 21.70673370 32.43627167 18.87213516
v 22.15476990 32.43627167 17.96360397
v 22.08570099 32.47039032 17.93499374
v 22.40817451 32.47039032 16.98501396
v 12.03947544 31.55932236 22.14733887
v 12.97986031 31.60396576 22.53926086
v 13.97328472 31.65931320 22.79867172
v 15.00000000 31.72386360 22.91683197
v 16.03852272 31.79586983 22.88836670
v 17.06633568 31.87339783 22.71166801
v 18.06066704 31.95433998 22.38910675
v 18.99933243 32.03651810 21.92704773
v 19.86153603 32.11771011 21.33567810
v 20.62864304 32.19571686 20.62864304
v 21.28480721 32.26844406 19.82250214
v 21.81748772 32.33391571 18.93607903
v 22.21774673 32.39036560 17.98968697
v 22.48038864 32.43627167 17.00436401
v 22.60389137 32.47039032 16.00107193
v 22.52522850 32.49180222 15.99071503
v 22.52698135 32.49180222 15.96397305
v 15.00000000 31.52657700 22.66084671
v 16.00977898 31.55932236 22.67003822
v 17.00228119 31.55932236 22.47261810
v 17.02013969 31.60396576 22.53926086
v 17.98692703 31.60396576 22.21108246
v 18.01017570 31.65931320 22.26720810
v 18.93298340 31.65931320 21.81212807
v 18.95841599 31.72386360 21.85617828
v 19.81945992 31.72386360 21.28084373
v 19.84356880 31.79586983 21.31226349
v 20.62604713 31.79586983 20.62604713
v 20.64533234 31.87339783 20.64533234
v 21.33389854 31.87339783 19.86017036
v 21.34516907 31.95433998 19.86881828
v 21.92639351 31.95433998 18.99895477
v 21.92704773 32.03651810 18.99933243
v 22.38980293 32.03651810 18.06095695
v 22.37805367 32.11771011 18.05608940
v 22.71383286 32.11771011 17.06691551
v 22.68886757 32.19571686 17.06022644
v 22.89200211 32.19571686 16.03900146
v 22.85405540 32.26844406 16.03400612
v 22.92182732 32.26844406 15.00000000
v 22.87215805 32.33391571 15.00000000
v 22.80480957 32.33391571 13.97247696
v 22.74559593 32.39036560 13.98027229
v 22.54623222 32.39036560 12.97799301
v 22.48038864 32.43627167 12.99563503
v 22.15476990 32.43627167 12.03639603
v 22.08570099 32.47039032 12.06500626
v 21.64198685 32.47039032 11.16524601
v 19.70951462 31.55932236 21.13755798
v 20.47033691 31.55932236 20.47033691
v 20.51912308 31.60396576 20.51912308
v 21.19229507 31.60396576 19.75151443
v 21.24049187 31.65931320 19.78849792
v 21.81212807 31.65931320 18.93298340
v 21.85617828 31.72386360 18.95841599
v 22.31419754 31.72386360 18.02964020
v 22.35078621 31.79586983 18.04479599
v 22.68532562 31.79586983 17.05927658
v 22.71166801 31.87339783 17.06633568
v 22.91540337 31.87339783 16.04208183
v 22.92948532 31.95433998 16.04393768
v 22.99790955 31.95433998 15.00000000
v 22.99866486 32.03651810 15.00000000
v 22.93023491 32.03651810 13.95596504
v 22.91762733 32.11771011 13.95762444
v 22.71383286 32.11771011 12.93308449
v 22.68886757 32.19571686 12.93977356
v 22.35417366 32.19571686 11.95380116
v 22.31881332 32.26844406 11.96844673
v 21.86050224 32.26844406 11.03908539
v 21.81748772 32.33391571 11.06392002
v 21.24540138 32.33391571 10.20773315
v 21.19801903 32.39036560 10.24409199
v 20.52422333 32.39036560 9.47577477
v 20.47602463 32.43627167 9.52397442
v 19.71441078 32.43627167 8.85605812
v 19.66889954 32.47039032 8.91537094
v 18.83475304 32.47039032 8.35801315
v 12.47645092 32.49180222 7.85824299
v 13.03552055 32.49180222 7.66846466
v 13.71990490 32.49180222 7.53233147
v 14.00928497 32.49180222 7.47477055
v 15.00000000 32.49180222 7.40983582
v 12.99563503 32.43627167 7.51960993
v 13.98027229 32.39036560 7.25440264
v 9.31448269 32.49180222 9.99607658
v 9.63294315 32.49180222 9.63294315
v 9.57684040 32.47039032 9.57684040
v 10.28558731 32.43627167 8.85605812
v 11.09378338 32.39036560 8.23423386
v 11.98745537 32.33391571 7.72707462
v 12.94968033 32.26844406 7.34810162
v 13.96099758 32.19571686 7.10799742
v 15.00000000 32.11771011 7.01405191
v 10.23828030 32.49180222 9.10207653
v 10.37940025 32.49180222 8.97831821
v 11.20491791 32.49180222 8.42672539
v 9.52397442 32.43627167 9.52397442
v 10.24409199 32.39036560 8.80198002
v 11.06392002 32.33391571 8.18251038
v 11.96844673 32.26844406 7.68118525
v 12.93977356 32.19571686 7.31113148
v 13.95762444 32.11771011 7.08237267
v 7.59519100 32.49180222 13.40389252
v 7.66846466 32.49180222 13.03552055
v 7.59182549 32.47039032 13.01498508
v 7.84522772 32.43627167 12.03639603
v 8.23423386 32.39036560 11.09378338
v 8.75459671 32.33391571 10.20773315
v 9.39842129 32.26844406 9.39842129
v 10.15419674 32.19571686 8.68482590
v 11.00702572 32.11771011 8.08396626
v 11.93904305 32.03651810 7.61019707
v 12.92998791 31.95433998 7.27461100
v 13.95791721 31.87339783 7.08459616
v 15.00000000 31.79586983 7.04356575
v 7.96175575 32.49180222 12.17151451
v 7.98760271 32.49180222 12.09536934
v 8.42672539 32.49180222 11.20491791
v 7.51960993 32.43627167 12.99563503
v 7.78225183 32.39036560 12.01031113
v 8.18251038 32.33391571 11.06392002
v 8.71519184 32.26844406 10.17749691
v 9.37135696 32.19571686 9.37135696
v 10.13846302 32.11771011 8.66432095
v 11.00066662 32.03651810 8.07295227
v 11.93933201 31.95433998 7.61089373
v 12.93366432 31.87339783 7.28833199
v 13.96147633 31.79586983 7.11163425
v 7.47477055 32.49180222 15.99071503
v 7.47301817 32.49180222 15.96397305
v 7.40983582 32.49180222 15.00000000
v 7.51960993 32.43627167 17.00436401
v 7.25440264 32.39036560 16.01972580
v 7.12784195 32.33391571 15.00000000
v 7.14594412 32.26844406 13.96599388
v 7.31113148 32.19571686 12.93977356
v 7.62194633 32.11771011 11.94391060
v 8.07295227 32.03651810 11.00066662
v 8.65483093 31.95433998 10.13117981
v 9.35466766 31.87339783 9.35466766
v 10.15643024 31.79586983 8.68773651
v 11.04158306 31.72386360 8.14382267
v 11.98982430 31.65931320 7.73279285
v 12.97986031 31.60396576 7.46073771
v 13.99022007 31.55932236 7.32996082
v 7.84522772 32.43627167 17.96360397
v 7.45376873 32.39036560 17.02200699
v 7.19518948 32.33391571 16.02752304
v 7.07817173 32.26844406 15.00000000
v 7.10799742 32.19571686 13.96099758
v 7.28616667 32.11771011 12.93308449
v 7.61019707 32.03651810 11.93904305
v 8.07360554 31.95433998 11.00104523
v 8.66609955 31.87339783 10.13982773
v 9.37395191 31.79586983 9.37395191
v 10.18053818 31.72386360 8.71915531
v 11.06701565 31.65931320 8.18787098
v 12.01307201 31.60396576 7.78891802
v 12.99771786 31.55932236 7.52738142
v 14.00005817 31.52657700 7.40469265
v 10.75866795 32.49180222 21.27509880
v 10.37940025 32.49180222 21.02168083
v 10.33109951 32.47039032 21.08462906
v 9.52397442 32.43627167 20.47602463
v 8.80198002 32.39036560 19.75590706
v 8.18251038 32.33391571 18.93607903
v 7.68118525 32.26844406 18.03155327
v 7.31113148 32.19571686 17.06022644
v 7.08237267 32.11771011 16.04237366
v 7.00133467 32.03651810 15.00000000
v 7.07051229 31.95433998 13.95606232
v 7.28833199 31.87339783 12.93366432
v 7.64921331 31.79586983 11.95520401
v 8.14382267 31.72386360 11.04158306
v 8.75950813 31.65931320 10.21150112
v 9.48087692 31.60396576 9.48087692
v 10.29048443 31.55932236 8.86244106
v 9.75389194 32.49180222 20.47312546
v 9.63294315 32.49180222 20.36705589
v 8.97831821 32.49180222 19.62059975
v 10.33637142 31.52657700 8.92224121
v 9.52966309 31.55932236 9.52966309
v 8.80770397 31.60396576 10.24848366
v 8.18787098 31.65931320 11.06701565
v 7.68580151 31.72386360 11.97035980
v 7.31467485 31.79586983 12.94072342
v 7.08459616 31.87339783 13.95791721
v 7.00208902 31.95433998 15.00000000
v 7.06976461 32.03651810 16.04403496
v 7.28616667 32.11771011 17.06691551
v 7.64582396 32.19571686 18.04619789
v 8.13949585 32.26844406 18.96091270
v 8.75459671 32.33391571 19.79226685
v 9.47577477 32.39036560 20.52422333
v 10.28558731 32.43627167 21.14394188
v 14.35727787 32.49180222 22.54803848
v 14.00928497 32.49180222 22.52522850
v 13.99892807 32.47039032 22.60389137
v 12.99563503 32.43627167 22.48038864
v 12.01031113 32.39036560 22.21774673
v 11.06392002 32.33391571 21.81748772
v 10.17749691 32.26844406 21.28480721
v 9.37135696 32.19571686 20.62864304
v 8.66432095 32.11771011 19.86153603
v 8.07295227 32.03651810 18.99933243
v 7.61089373 31.95433998 18.06066704
v 7.28833199 31.87339783 17.06633568
v 7.11163425 31.79586983 16.03852272
v 7.08316803 31.72386360 15.00000000
v 7.20132589 31.65931320 13.97328472
v 7.46073771 31.60396576 12.97986031
v 7.85266161 31.55932236 12.03947544
v 13.08809280 32.49180222 22.34199333
v 13.03552055 32.49180222 22.33153534
v 12.09536934 32.49180222 22.01239777
v 7.52738142 31.55932236 12.99771786
v 7.26155615 31.60396576 13.98121357
v 7.13403130 31.65931320 15.00000000
v 7.15089798 31.72386360 16.03335381
v 7.31467485 31.79586983 17.05927658
v 7.62401724 31.87339783 18.05523300
v 8.07360554 31.95433998 18.99895477
v 8.65423203 32.03651810 19.86927986
v 9.35308266 32.11771011 20.64691734
v 10.15419674 32.19571686 21.31517220
v 11.03908539 32.26844406 21.86050224
v 11.98745537 32.33391571 22.27292633
v 12.97799301 32.39036560 22.54623222
v 13.98917007 32.43627167 22.67801666
v 15.00000000 32.43627167 22.74426842
v 13.98027229 32.39036560 22.74559593
v 12.96253490 32.33391571 22.60391998
v 11.96844673 32.26844406 22.31881332
v 11.01994896 32.19571686 21.89365005
v 10.13846302 32.11771011 21.33567810
v 9.34408951 32.03651810 20.65591049
v 8.65483093 31.95433998 19.86881828
v 8.08590698 31.87339783 18.99185181
v 7.64921331 31.79586983 18.04479599
v 7.35292816 31.72386360 17.04902649
v 7.20132589 31.65931320 16.02671432
v 7.19478130 31.60396576 15.00000000
v 7.32996082 31.55932236 13.99022007
v 7.60019016 31.52657700 13.01722717
v 19.24133110 32.49180222 21.27509880
v 18.79508209 32.49180222 21.57327461
v 18.83475304 32.47039032 21.64198685
v 17.96360397 32.43627167 22.15476990
v 17.02200699 32.39036560 22.54623222
v 16.02752304 32.33391571 22.80480957
v 15.00000000 32.26844406 22.92182732
v 13.96099758 32.19571686 22.89200211
v 12.93308449 32.11771011 22.71383286
v 11.93904305 32.03651810 22.38980293
v 11.00104523 31.95433998 21.92639351
v 10.13982773 31.87339783 21.33389854
v 9.37395191 31.79586983 20.62604713
v 8.71915531 31.72386360 19.81945992
v 8.18787098 31.65931320 18.93298340
v 7.78891802 31.60396576 17.98692703
v 7.52738142 31.55932236 17.00228119
v 18.12110710 32.49180222 21.90564156
v 17.90463066 32.49180222 22.01239777
v 16.96447754 32.49180222 22.33153534
v 18.87213516 32.43627167 21.70673370
v 17.98968697 32.39036560 22.21774673
v 17.03746414 32.33391571 22.60391998
v 16.03400612 32.26844406 22.85405540
v 15.00000000 32.19571686 22.96010208
v 13.95762444 32.11771011 22.91762733
v 12.92979336 32.03651810 22.72611618
v 11.93933201 31.95433998 22.38910675
v 11.00814724 31.87339783 21.91409111
v 10.15643024 31.79586983 21.31226349
v 9.40195465 31.72386360 20.59804535
v 8.75950813 31.65931320 19.78849792
v 8.24048138 31.60396576 18.90260887
v 7.85266161 31.55932236 17.96052361
v 7.60019016 31.52657700 16.98277283
v 21.76314354 32.49180222 18.41006470
v 21.57327461 32.49180222 18.79508209
v 21.64198685 32.47039032 18.83475304
v 21.14394188 32.43627167 19.71441078
v 20.52422333 32.39036560 20.52422333
v 19.79226685 32.33391571 21.24540138
v 18.96091270 32.26844406 21.86050224
v 18.04619789 32.19571686 22.35417366
v 17.06691551 32.11771011 22.71383286
v 16.04403496 32.03651810 22.93023491
v 15.00000000 31.95433998 22.99790955
v 13.95791721 31.87339783 22.91540337
v 12.94072342 31.79586983 22.68532562
v 11.97035980 31.72386360 22.31419754
v 11.06701565 31.65931320 21.81212807
v 10.24848366 31.60396576 21.19229507
v 9.52966309 31.55932236 20.47033691
v 21.09615517 32.49180222 19.50914192
v 21.02168083 32.49180222 19.62059975
v 20.36705589 32.49180222 20.36705589
v 22.33153534 32.49180222 16.96447754
v 22.24532318 32.49180222 17.21845245
v 22.01239777 32.49180222 17.90463066
v 22.67801666 32.43627167 16.01082993
v 22.54623222 32.39036560 17.02200699
v 22.27292633 32.33391571 18.01254463
v 21.86050224 32.26844406 18.96091270
v 21.31517220 32.19571686 19.84580231
v 20.64691734 32.11771011 20.64691734
v 19.86927986 32.03651810 21.34576797
v 18.99895477 31.95433998 21.92639351
v 18.05523300 31.87339783 22.37598228
v 17.05927658 31.79586983 22.68532562
v 16.03335381 31.72386360 22.84910202
v 15.00000000 31.65931320 22.86596870
v 13.98121357 31.60396576 22.73844337
v 12.99771786 31.55932236 22.47261810
v 13.99022007 31.55932236 22.67003822
v 15.00000000 31.60396576 22.80521774
v 16.02671432 31.65931320 22.79867172
v 17.04902649 31.72386360 22.64707184
v 18.04479599 31.79586983 22.35078621
v 18.99185181 31.87339783 21.91409111
v 19.86881828 31.95433998 21.34516907
v 20.65591049 32.03651810 20.65591049
v 21.33567810 32.11771011 19.86153603
v 21.89365005 32.19571686 18.98005104
v 22.31881332 32.26844406 18.03155327
v 22.60391998 32.33391571 17.03746414
v 22.74559593 32.39036560 16.01972580
v 22.74426842 32.43627167 15.00000000
v 22.67801666 32.43627167 13.98917007
v 22.81243324 32.39036560 15.00000000
v 22.80480957 32.33391571 16.02752304
v 22.65189743 32.26844406 17.05031967
v 22.35417366 32.19571686 18.04619789
v 21.91603088 32.11771011 18.99297333
v 21.34576797 32.03651810 19.86927986
v 20.65537643 31.95433998 20.65537643
v 19.86017036 31.87339783 21.33389854
v 18.97821617 31.79586983 21.89047241
v 18.02964020 31.72386360 22.31419754
v 17.03586197 31.65931320 22.59794235
v 16.01878548 31.60396576 22.73844337
v 15.00000000 31.55932236 22.73622322
v 14.00005817 31.52657700 22.59530640
v 20.68551636 32.49180222 9.99607658
v 21.02168083 32.49180222 10.37940025
v 21.08462906 32.47039032 10.33109951
v 21.70673370 32.43627167 11.12786484
v 22.21774673 32.39036560 12.01031113
v 22.60391998 32.33391571 12.96253490
v 22.85405540 32.26844406 13.96599388
v 22.96010208 32.19571686 15.00000000
v 22.91762733 32.11771011 16.04237366
v 22.72611618 32.03651810 17.07020569
v 22.38910675 31.95433998 18.06066704
v 21.91409111 31.87339783 18.99185181
v 21.31226349 31.79586983 19.84356880
v 20.59804535 31.72386360 20.59804535
v 19.78849792 31.65931320 21.24049187
v 18.90260887 31.60396576 21.75951767
v 17.96052361 31.55932236 22.14733887
v 21.45408630 32.49180222 11.02654076
v 21.57327461 32.49180222 11.20491791
v 22.01239777 32.49180222 12.09536934
v 21.14394188 32.43627167 10.28558731
v 21.76576424 32.39036560 11.09378338
v 22.27292633 32.33391571 11.98745537
v 22.65189743 32.26844406 12.94968033
v 22.89200211 32.19571686 13.96099758
v 22.98594666 32.11771011 15.00000000
v 22.93023491 32.03651810 16.04403496
v 22.72538757 31.95433998 17.07001114
v 22.37598228 31.87339783 18.05523300
v 21.89047241 31.79586983 18.97821617
v 21.28084373 31.72386360 19.81945992
v 20.56207848 31.65931320 20.56207848
v 19.75151443 31.60396576 21.19229507
v 18.86811066 31.55932236 21.69976616
v 17.93167877 31.52657700 22.07769775
v 17.52355003 32.49180222 7.85824299
v 17.90463066 32.49180222 7.98760271
v 17.93499374 32.47039032 7.91429901
v 18.87213516 32.43627167 8.29326534
v 19.75590706 32.39036560 8.80198002
v 20.56645584 32.33391571 9.43354321
v 21.28480721 32.26844406 10.17749691
v 21.89365005 32.19571686 11.01994896
v 22.37805367 32.11771011 11.94391060
v 22.72611618 32.03651810 12.92979336
v 22.92948532 31.95433998 13.95606232
v 22.98370552 31.87339783 15.00000000
v 22.88836670 31.79586983 16.03852272
v 22.64707184 31.72386360 17.04902649
v 22.26720810 31.65931320 18.01017570
v 21.75951767 31.60396576 18.90260887
v 21.13755798 31.55932236 19.70951462
v 18.69891167 32.49180222 8.37929916
v 18.79508209 32.49180222 8.42672539
v 19.62059975 32.49180222 8.97831821
v 16.96447754 32.49180222 7.66846466
v 16.00107193 32.47039032 7.39610720
v 15.99071503 32.49180222 7.47477055
v 16.28009415 32.49180222 7.53233147
v 16.00977898 31.55932236 7.32996082
v 16.01878548 31.60396576 7.26155615
v 16.02671432 31.65931320 7.20132589
v 16.03335381 31.72386360 7.15089798
v 16.03852272 31.79586983 7.11163425
v 16.04208183 31.87339783 7.08459616
v 16.04393768 31.95433998 7.07051229
v 16.04403496 32.03651810 7.06976461
v 16.04237366 32.11771011 7.08237267
v 16.03900146 32.19571686 7.10799742
v 16.03400612 32.26844406 7.14594412
v 16.02752304 32.33391571 7.19518948
v 16.01972580 32.39036560 7.25440264
v 16.01082993 32.43627167 7.32198334
v 15.00000000 32.60000229 7.99999952
v 13.81699371 32.60000229 8.10068893
v 12.66802120 32.60000229 8.39985752
v 11.58613491 32.60000229 8.88890076
v 10.60245895 32.60000229 9.55374908
v 9.74529362 32.60000229 10.37527657
v 9.03929615 32.60000229 11.32984829
v 8.50477600 32.60000229 12.39000416
v 8.15711403 32.60000229 13.52524471
v 8.00630665 32.60000229 14.70291138
v 8.05669689 32.60000229 15.88912487
v 8.30683327 32.60000229 17.04975891
v 8.74951839 32.60000229 18.15142632
v 9.37201977 32.60000229 19.16243172
v 10.15642738 32.60000229 20.05369186
v 11.08017540 32.60000229 20.79956627
v 12.11669064 32.60000229 21.37859917
v 13.23615265 32.60000229 21.77412987
v 14.40635777 32.60000229 21.97478104
v 15.59364128 32.60000229 21.97478104
v 16.76384544 32.60000229 21.77412987
v 17.88330841 32.60000229 21.37859917
v 18.91982460 32.60000229 20.79956627
v 19.84357071 32.60000229 20.05369186
v 20.62797928 32.60000229 19.16243172
v 21.25048065 32.60000229 18.15142632
v 21.69316673 32.60000229 17.04975891
v 21.94330215 32.60000229 15.88912487
v 21.99369240 32.60000229 14.70291138
v 21.84288597 32.60000229 13.52524471
v 21.49522400 32.60000229 12.39000416
v 20.96070290 32.60000229 11.32984829
v 20.25470543 32.60000229 10.37527657
v 19.39753914 32.60000229 9.55374908
v 18.41386414 32.60000229 8.88890076
v 17.33197784 32.60000229 8.39985752
v 16.18300629 32.60000229 8.10068893
v 14.02578735 33.59999847 8.06812382
v 13.07053852 33.59999847 8.27116776
v 13.81939697 33.59999847 8.11199284
v 12.15284348 33.59999847 8.60518169
v 12.67374706 33.59999847 8.41558838
v 11.29056549 33.59999847 9.06366253
v 11.59343243 33.59999847 8.90262508
v 9.74929714 33.59999847 10.37840462
v 9.79798603 33.59999847 10.31608486
v 10.50048733 33.59999847 9.63768959
v 10.60714340 33.59999847 9.56019783
v 9.19673729 33.59999847 11.08564949
v 9.05163479 33.59999847 11.33697319
v 8.70844173 33.59999847 11.93140125
v 8.52057552 33.59999847 12.39638805
v 8.34260368 33.59999847 12.83688068
v 8.17016411 33.59999847 13.52849865
v 8.10634518 33.59999847 13.78446293
v 8.00977421 33.59999847 14.70327568
v 8.00426388 33.59999847 14.75570393
v 8.03834534 33.59999847 15.73169994
v 8.20793056 33.59999847 16.69345284
v 8.06582165 33.59999847 15.88751602
v 8.50971222 33.59999847 17.62224579
v 8.32209015 33.59999847 17.04480171
v 8.93782139 33.59999847 18.50000000
v 8.76429558 33.59999847 18.14421844
v 10.15757942 33.59999847 20.05231857
v 10.13739109 33.59999847 20.03537941
v 9.48392391 33.59999847 19.30963135
v 9.38069248 33.59999847 19.15658188
v 10.88550282 33.59999847 20.66311836
v 11.08682919 33.59999847 20.78892136
v 11.71369839 33.59999847 21.18063354
v 12.12358093 33.59999847 21.36312485
v 12.60585880 33.59999847 21.57784843
v 13.24027348 33.59999847 21.75976372
v 13.54461861 33.59999847 21.84703255
v 14.40727329 33.59999847 21.96827126
v 14.51170444 33.59999847 21.98294830
v 15.48829460 33.59999847 21.98294830
v 16.45538139 33.59999847 21.84703255
v 15.59272575 33.59999847 21.96827126
v 17.39414024 33.59999847 21.57784843
v 16.75972748 33.59999847 21.75976372
v 18.28630066 33.59999847 21.18063354
v 17.87641907 33.59999847 21.36312485
v 19.11449623 33.59999847 20.66311836
v 18.91316986 33.59999847 20.78892136
v 20.61930656 33.59999847 19.15658188
v 20.51607513 33.59999847 19.30963135
v 19.86260796 33.59999847 20.03537941
v 19.84242058 33.59999847 20.05231857
v 21.06217575 33.59999847 18.50000000
v 21.23570442 33.59999847 18.14421844
v 21.79206848 33.59999847 16.69345284
v 21.67790985 33.59999847 17.04480171
v 21.49028778 33.59999847 17.62224579
v 21.99022484 33.59999847 14.70327568
v 21.99573517 33.59999847 14.75570393
v 21.96165276 33.59999847 15.73169994
v 21.93417740 33.59999847 15.88751602
v 21.89365387 33.59999847 13.78446293
v 21.82983589 33.59999847 13.52849865
v 21.65739632 33.59999847 12.83688068
v 21.47942352 33.59999847 12.39638805
v 21.29155731 33.59999847 11.93140125
v 20.94836617 33.59999847 11.33697319
v 20.80326080 33.59999847 11.08564949
v 20.25070190 33.59999847 10.37840462
v 20.20201492 33.59999847 10.31608486
v 19.49951172 33.59999847 9.63768959
v 18.70943451 33.59999847 9.06366253
v 19.39285469 33.59999847 9.56019783
v 17.84715652 33.59999847 8.60518169
v 18.40656662 33.59999847 8.90262508
v 16.92946053 33.59999847 8.27116776
v 17.32625198 33.59999847 8.41558838
v 15.00000000 33.59999847 7.99999952
v 15.97421074 33.59999847 8.06812382
v 16.18060303 33.59999847 8.11199284
v 17.91991425 34.60000229 9.77367878
v 18.17951584 34.60000229 9.91171074
v 18.26241302 34.58768845 9.77904701
v 18.76530457 34.60000229 10.33731174
v 18.85672379 34.60000229 10.40373325
v 18.95727921 34.58768845 10.28389645
v 20.55379105 34.60000229 12.76833153
v 20.70633888 34.60000229 13.14589787
v 20.85511780 34.58768845 13.09755611
v 20.85414505 34.60000229 13.73871326
v 20.90884590 34.60000229 13.95811081
v 21.06290245 34.58768845 13.93094540
v 19.15064430 34.60000229 19.33055878
v 18.52671051 34.60000229 19.85410309
v 18.61866188 34.58768845 19.98065948
v 18.35414505 34.60000229 19.96193314
v 17.81682777 34.60000229 20.29768562
v 17.89027023 34.58768845 20.43580818
v 14.49194813 34.60000229 20.97280312
v 13.75252914 34.60000229 20.86888695
v 13.72000504 34.58768845 21.02190018
v 9.00837803 34.60000229 14.74566460
v 9.09115410 34.60000229 13.95811081
v 8.93709564 34.58768845 13.93094540
v 9.14585495 34.60000229 13.73871326
v 9.29366016 34.60000229 13.14589787
v 9.14488220 34.58768845 13.09755611
v 9.44620705 34.60000229 12.76833153
v 9.60723495 34.60000229 12.36977196
v 9.46663284 34.58768845 12.30119610
v 19.10725975 33.75643539 20.65315819
v 19.85405540 33.75643539 20.02652168
v 19.82860947 33.90901566 20.00017166
v 15.97249889 33.75643539 8.08031464
v 16.92606735 33.75643539 8.28300190
v 17.84214973 33.75643539 8.61642838
v 20.19286346 33.75643539 10.32432365
v 21.28049088 33.75643539 11.93679905
v 21.94940948 33.75643539 15.73041248
v 21.78012466 33.75643539 16.69047356
v 16.45282173 33.75643539 21.83498955
v 15.48743629 33.75643539 21.97066689
v 11.71947861 33.75643539 21.16976357
v 10.89273930 33.75643539 20.65315819
v 10.14594364 33.75643539 20.02652168
v 8.21987534 33.75643539 16.69047356
v 8.05059052 33.75643539 15.73041248
v 8.11847019 33.75643539 13.78660011
v 9.20694351 33.75643539 11.09253407
v 9.80713558 33.75643539 10.32432365
v 13.07393169 33.75643539 8.28300190
v 14.02750111 33.75643539 8.08031464
v 11.29708862 33.75643539 9.07410431
v 10.50839996 33.75643539 9.64711952
v 8.35431385 33.75643539 12.84068584
v 8.94848442 33.75643539 18.49384499
v 9.49362659 33.75643539 19.30204964
v 13.54717731 33.75643539 21.83498955
v 14.51256275 33.75643539 21.97066689
v 18.28052139 33.75643539 21.16976357
v 20.50637245 33.75643539 19.30204964
v 21.05151558 33.75643539 18.49384499
v 21.98343086 33.75643539 14.75613308
v 21.88152885 33.75643539 13.78660011
v 21.64568520 33.75643539 12.84068584
v 20.79305649 33.75643539 11.09253407
v 19.49159813 33.75643539 9.64711952
v 18.70290947 33.75643539 9.07410431
v 20.43018723 34.05398941 19.24252701
v 20.47750664 33.90901566 19.27949715
v 20.89678192 34.18778610 18.40450859
v 20.96778488 34.05398941 18.44550323
v 21.01979065 33.90901566 18.47552872
v 21.21872139 34.30710602 17.51252556
v 21.31321144 34.18778610 17.55070305
v 21.38922882 34.05398941 17.58141708
v 21.44490814 33.90901566 17.60391235
v 21.47887039 33.75643539 17.61763382
v 21.39209938 34.40901566 16.59372902
v 21.50787735 34.30710602 16.62259483
v 21.60676003 34.18778610 16.64724922
v 21.68631363 34.05398941 16.66708565
v 21.74457932 33.90901566 16.68161201
v 14.08315754 34.40901566 8.47632599
v 15.00000000 34.40901566 8.41221428
v 15.00000000 34.30710602 8.29289341
v 21.41863441 34.49100494 15.67462444
v 21.55169678 34.40901566 15.68861103
v 21.67036438 34.30710602 15.70108318
v 21.77171516 34.18778610 15.71173573
v 21.85325623 34.05398941 15.72030640
v 21.91297722 33.90901566 15.72658348
v 10.53194714 33.90901566 9.67518139
v 9.83435822 33.90901566 10.34883499
v 9.87898350 34.05398941 10.38901711
v 9.28709698 34.05398941 11.14659786
v 9.35506821 34.18778610 11.19244576
v 8.88009548 34.18778610 12.01512337
v 8.97169209 34.30710602 12.05979729
v 8.62116146 34.30710602 12.92739010
v 8.73464394 34.40901566 12.96426201
v 8.51229763 34.40901566 13.85604286
v 8.64405918 34.49100494 13.87927628
v 8.54994106 34.49100494 14.77475834
v 8.69482613 34.55105972 14.77981853
v 9.52249241 33.90901566 19.27949715
v 10.17139053 33.90901566 20.00017166
v 10.21310425 34.05398941 19.95697403
v 10.94956684 34.05398941 20.57493973
v 10.99775982 34.18778610 20.50860977
v 11.80335999 34.18778610 21.01200485
v 11.85120392 34.30710602 20.92202377
v 12.70603371 34.30710602 21.30261803
v 12.74684429 34.40901566 21.19049263
v 13.63032246 34.40901566 21.44382477
v 13.65814018 34.49100494 21.31295586
v 14.54979134 34.49100494 21.43826866
v 14.55990505 34.55105972 21.29364777
v 14.51511860 33.90901566 21.93412399
v 15.48488045 33.90901566 21.93412399
v 15.48069191 34.05398941 21.87421989
v 16.43272209 34.05398941 21.74042130
v 16.41567421 34.18778610 21.66022301
v 17.32882118 34.18778610 21.39838219
v 17.29396629 34.30710602 21.30261803
v 18.14879417 34.30710602 20.92202377
v 18.09277725 34.40901566 20.81666946
v 18.87220383 34.40901566 20.32962990
v 18.79356003 34.49100494 20.22138786
v 19.48331833 34.49100494 19.64261246
v 19.38261032 34.55105972 19.53832626
v 21.30517387 34.55105972 14.77981853
v 21.45005798 34.49100494 14.77475834
v 21.58377075 34.40901566 14.77009010
v 21.70302010 34.30710602 14.76592445
v 21.80486870 34.18778610 14.76236820
v 21.88680840 34.05398941 14.75950718
v 21.94682121 33.90901566 14.75741196
v 12.15785122 33.75643539 8.61642838
v 11.31650066 33.90901566 9.10516930
v 10.57054615 34.05398941 9.72118187
v 9.93991470 34.18778610 10.44387722
v 9.43955612 34.30710602 11.24943352
v 9.07893753 34.40901566 12.11210537
v 8.86188984 34.49100494 13.00560665
v 8.78683090 34.55105972 13.90445042
v 8.84731483 34.58768845 14.78514385
v 8.52112865 33.75643539 17.61763382
v 8.98020840 33.90901566 18.47552872
v 9.56981277 34.05398941 19.24252701
v 10.27005959 34.18778610 19.89799690
v 11.05766201 34.30710602 20.42616272
v 11.90722179 34.40901566 20.81666946
v 12.79260540 34.49100494 21.06476593
v 13.68828106 34.55105972 21.17114830
v 14.57054806 34.58768845 21.14143753
v 12.61006927 33.75643539 21.56627846
v 13.55479336 33.90901566 21.79915810
v 14.51930809 34.05398941 21.87421989
v 15.47497272 34.18778610 21.79243088
v 16.39448547 34.30710602 21.56054115
v 17.25315475 34.40901566 21.19049263
v 18.02996635 34.49100494 20.69853592
v 18.70834732 34.55105972 20.10410309
v 19.27661896 34.58768845 19.42856789
v 21.21316910 34.55105972 13.90445042
v 21.35593987 34.49100494 13.87927628
v 21.48770142 34.40901566 13.85604286
v 21.60521126 34.30710602 13.83532333
v 21.70557213 34.18778610 13.81762600
v 21.78631783 34.05398941 13.80338860
v 21.84545517 33.90901566 13.79296207
v 13.30305672 34.58768845 9.08205509
v 14.14318943 34.58768845 8.90347958
v 14.12195396 34.55105972 8.75238132
v 11.04271984 34.58768845 10.28389645
v 11.73758698 34.58768845 9.77904701
v 11.65672970 34.55105972 9.64964962
v 12.43389130 34.55105972 9.23642540
v 12.37492561 34.49100494 9.10398579
v 13.22103882 34.49100494 8.79602623
v 13.18416023 34.40901566 8.66741371
v 14.06655121 34.30710602 8.35816574
v 15.00000000 34.18778610 8.19098186
v 10.49939728 34.60000229 11.03863239
v 10.54113102 34.60000229 10.98521614
v 10.42487621 34.58768845 10.88054085
v 10.94464207 34.55105972 10.16701221
v 11.57990551 34.49100494 9.52670574
v 12.32050514 34.40901566 8.98175907
v 13.15126991 34.30710602 8.55271530
v 14.05236816 34.18778610 8.25724792
v 15.00000000 34.05398941 8.10899353
v 9.89608479 34.58768845 11.55736446
v 9.76958656 34.55105972 11.47204304
v 10.31148624 34.55105972 10.77844429
v 10.20374966 34.49100494 10.68143749
v 10.85145378 34.49100494 10.05595589
v 10.76545334 34.40901566 9.95346355
v 11.50900459 34.40901566 9.41324043
v 11.44577503 34.30710602 9.31205082
v 12.27197361 34.30710602 8.87275314
v 12.23052311 34.18778610 8.77965355
v 13.12318039 34.18778610 8.45475292
v 13.10058117 34.05398941 8.37593937
v 14.04095745 34.05398941 8.17605591
v 14.03259945 33.90901566 8.11658955
v 15.00000000 33.90901566 8.04894352
v 15.00000000 33.75643539 8.01231194
v 9.02643776 34.58768845 16.48937607
v 8.87729073 34.58768845 15.64352226
v 8.72554398 34.55105972 15.65947151
v 8.71950722 33.75643539 11.93679905
v 8.75243187 33.90901566 11.95285702
v 8.38915253 33.90901566 12.85200500
v 8.44626331 34.05398941 12.87056160
v 8.21368313 34.05398941 13.80338860
v 8.29442692 34.18778610 13.81762600
v 8.19513035 34.18778610 14.76236820
v 8.29697895 34.30710602 14.76592445
v 8.32963562 34.30710602 15.70108318
v 8.44830322 34.40901566 15.68861103
v 8.60789967 34.40901566 16.59372902
v 8.73772049 34.49100494 16.56136131
v 9.01596451 34.49100494 17.41770744
v 9.15038109 34.55105972 17.36339951
v 9.53623104 34.55105972 18.15450668
v 9.66837025 34.58768845 18.07821655
v 10.14866352 34.58768845 18.79027939
v 8.15454483 33.90901566 13.79296207
v 8.11319065 34.05398941 14.75950718
v 8.22828293 34.18778610 15.71173573
v 8.49212265 34.30710602 16.62259483
v 8.89191246 34.40901566 17.46782684
v 9.41067886 34.49100494 18.22699356
v 10.02842617 34.55105972 18.88422012
v 10.72338009 34.58768845 19.42856789
v 10.83204937 34.60000229 19.31603813
v 10.84935474 34.60000229 19.33055878
v 8.01656723 33.75643539 14.75613308
v 8.05317783 33.90901566 14.75741196
v 8.08702183 33.90901566 15.72658348
v 8.14674282 34.05398941 15.72030640
v 8.31368542 34.05398941 16.66708565
v 8.39323902 34.18778610 16.64724922
v 8.68678856 34.18778610 17.55070305
v 8.78127861 34.30710602 17.51252556
v 9.19147491 34.30710602 18.35355377
v 9.29480934 34.40901566 18.29389381
v 9.80875492 34.40901566 19.05584526
v 9.91418552 34.49100494 18.97347260
v 10.51668072 34.49100494 19.64261246
v 10.61738873 34.55105972 19.53832626
v 11.29165268 34.55105972 20.10410309
v 11.38133812 34.58768845 19.98065948
v 12.10972881 34.58768845 20.43580818
v 16.27999306 34.58768845 21.02190018
v 15.42945099 34.58768845 21.14143753
v 15.44009399 34.55105972 21.29364777
v 20.33162880 34.58768845 18.07821655
v 19.85133553 34.58768845 18.79027939
v 19.97157097 34.55105972 18.88422012
v 17.38993073 33.75643539 21.56627846
v 17.37740135 33.90901566 21.53185654
v 18.26332283 33.90901566 21.13741875
v 18.23513222 34.05398941 21.08439827
v 19.05043221 34.05398941 20.57493973
v 19.00223923 34.18778610 20.50860977
v 19.72994041 34.18778610 19.89799690
v 19.65914726 34.30710602 19.82468796
v 20.28527069 34.30710602 19.12930679
v 20.19124413 34.40901566 19.05584526
v 20.70518875 34.40901566 18.29389381
v 20.58931923 34.49100494 18.22699356
v 20.98403549 34.49100494 17.41770744
v 20.84961891 34.55105972 17.36339951
v 21.12161255 34.55105972 16.52628899
v 20.97356224 34.58768845 16.48937607
v 21.12270927 34.58768845 15.64352226
v 19.08572769 33.90901566 20.62352180
v 19.78689384 34.05398941 19.95697403
v 20.36557770 34.18778610 19.19204903
v 20.80852509 34.30710602 18.35355377
v 21.10808754 34.40901566 17.46782684
v 21.26227951 34.49100494 16.56136131
v 21.27445412 34.55105972 15.65947151
v 21.15268517 34.58768845 14.78514385
v 20.99634552 34.60000229 14.79060268
v 20.99162102 34.60000229 14.74566460
v 15.00000000 34.49100494 8.54601002
v 15.00000000 34.55105972 8.69098282
v 15.00000000 34.58768845 8.84356499
v 14.16496086 34.60000229 9.05839157
v 15.00000000 34.60000229 9.00000000
v 12.08008480 34.60000229 9.77367878
v 12.55957985 34.60000229 9.51872635
v 12.49595165 34.58768845 9.37581730
v 13.26099873 34.55105972 8.93538380
v 14.10177803 34.49100494 8.60881901
v 13.00606918 34.60000229 9.35621834
v 13.34617519 34.60000229 9.23242950
v 13.98805428 34.60000229 9.09599400
v 11.14327335 34.60000229 10.40373325
v 11.23469543 34.60000229 10.33731174
v 11.82048416 34.60000229 9.91171074
v 10.02577400 34.60000229 11.64484215
v 9.90140152 34.60000229 11.86026287
v 9.32949257 34.55105972 12.23430920
v 9.64939976 34.49100494 11.39097404
v 10.10432053 34.40901566 10.59191132
v 10.68875504 34.30710602 9.86205769
v 11.39177036 34.18778610 9.22562599
v 12.19717503 34.05398941 8.70475197
v 13.08402920 33.90901566 8.31821537
v 8.99976730 34.55105972 13.05040646
v 9.19919109 34.49100494 12.17075634
v 9.53847790 34.40901566 11.31615734
v 10.01564789 34.30710602 10.51206875
v 10.62324810 34.18778610 9.78399086
v 11.34832191 34.05398941 9.15609455
v 12.17275047 33.90901566 8.64989281
v 9.00365448 34.60000229 14.79060268
v 9.03286743 34.60000229 15.62716961
v 9.65511036 34.60000229 17.69504547
v 9.43689632 34.60000229 17.24763870
v 9.29185295 34.58768845 17.30624008
v 8.87838745 34.55105972 16.52628899
v 8.58136463 34.49100494 15.67462444
v 8.41622829 34.40901566 14.77009010
v 8.39478874 34.30710602 13.83532333
v 8.52423859 34.18778610 12.89589787
v 8.80640411 34.05398941 11.97918129
v 9.23731232 33.90901566 11.11301804
v 9.27607727 34.60000229 16.75268555
v 9.17822456 34.60000229 16.45153046
v 9.05641842 34.60000229 15.76072693
v 10.27193451 34.60000229 18.69396782
v 10.18344975 34.60000229 18.56278419
v 9.80384731 34.60000229 18.00000000
v 11.47328758 34.60000229 19.85410309
v 13.49166203 34.60000229 20.79408264
v 12.94787884 34.60000229 20.63815498
v 12.89437485 34.58768845 20.78515625
v 12.03809547 34.55105972 20.57053185
v 11.20643902 34.49100494 20.22138786
v 10.42373943 34.40901566 19.73885727
v 9.71472740 34.30710602 19.12930679
v 9.10321808 34.18778610 18.40450859
v 8.61077023 34.05398941 17.58141708
v 8.25541973 33.90901566 16.68161201
v 12.53449726 34.60000229 20.45410728
v 12.18317032 34.60000229 20.29768562
v 11.64585304 34.60000229 19.96193314
v 12.84218884 34.55105972 20.92853546
v 11.97003460 34.49100494 20.69853592
v 11.12779713 34.40901566 20.32962990
v 10.34085178 34.30710602 19.82468796
v 9.63442135 34.18778610 19.19204903
v 9.03221321 34.05398941 18.44550323
v 8.55509186 33.90901566 17.60391235
v 14.58146095 34.60000229 20.98538399
v 15.41853905 34.60000229 20.98538399
v 17.46550179 34.60000229 20.45410728
v 17.05212212 34.60000229 20.63815498
v 17.10562325 34.58768845 20.78515625
v 16.31171799 34.55105972 21.17114830
v 15.45020771 34.49100494 21.43826866
v 14.54045868 34.40901566 21.57173729
v 13.60551357 34.30710602 21.56054115
v 12.67117786 34.18778610 21.39838219
v 11.76486778 34.05398941 21.08439827
v 10.91427135 33.90901566 20.62352180
v 16.50833702 34.60000229 20.79408264
v 16.24747086 34.60000229 20.86888695
v 15.50805092 34.60000229 20.97280312
v 17.15781021 34.55105972 20.92853546
v 16.34185982 34.49100494 21.31295586
v 15.45954037 34.40901566 21.57173729
v 14.53213596 34.30710602 21.69076729
v 13.58432484 34.18778610 21.66022301
v 12.64313602 34.05398941 21.47542763
v 11.73667622 33.90901566 21.13741875
v 17.96190453 34.55105972 20.57053185
v 17.20739555 34.49100494 21.06476593
v 16.36967850 34.40901566 21.44382477
v 15.46786308 34.30710602 21.69076729
v 14.52502728 34.18778610 21.79243088
v 13.56727886 34.05398941 21.74042130
v 12.62259865 33.90901566 21.53185654
v 19.16794968 34.60000229 19.31603813
v 19.72806549 34.60000229 18.69396782
v 20.72392273 34.60000229 16.75268555
v 20.56310272 34.60000229 17.24763870
v 20.70814705 34.58768845 17.30624008
v 20.46376801 34.55105972 18.15450668
v 20.08581352 34.49100494 18.97347260
v 19.57625961 34.40901566 19.73885727
v 18.94233704 34.30710602 20.42616272
v 18.19663811 34.18778610 21.01200485
v 17.35686302 34.05398941 21.47542763
v 16.44520378 33.90901566 21.79915810
v 20.34488869 34.60000229 17.69504547
v 20.19615173 34.60000229 18.00000000
v 19.81654930 34.60000229 18.56278419
v 20.96713066 34.60000229 15.62716961
v 20.94358253 34.60000229 15.76072693
v 20.82177353 34.60000229 16.45153046
v 21.61084747 33.90901566 12.85200500
v 21.55373573 34.05398941 12.87056160
v 21.47575951 34.18778610 12.89589787
v 21.37883759 34.30710602 12.92739010
v 21.26535606 34.40901566 12.96426201
v 21.13810921 34.49100494 13.00560665
v 21.00023270 34.55105972 13.05040646
v 21.24756813 33.90901566 11.95285702
v 21.19359589 34.05398941 11.97918129
v 21.11990356 34.18778610 12.01512337
v 21.02830696 34.30710602 12.05979729
v 20.92106247 34.40901566 12.11210537
v 20.80080795 34.49100494 12.17075634
v 20.67050743 34.55105972 12.23430920
v 20.53336525 34.58768845 12.30119610
v 20.39276505 34.60000229 12.36977196
v 20.10391426 34.58768845 11.55736446
v 19.97422409 34.60000229 11.64484215
v 20.09859657 34.60000229 11.86026287
v 20.76268578 33.90901566 11.11301804
v 20.71290207 34.05398941 11.14659786
v 20.64493179 34.18778610 11.19244576
v 20.56044388 34.30710602 11.24943352
v 20.46152115 34.40901566 11.31615734
v 20.35059929 34.49100494 11.39097404
v 20.23041153 34.55105972 11.47204304
v 19.57512283 34.58768845 10.88054085
v 19.45886803 34.60000229 10.98521614
v 19.50060272 34.60000229 11.03863239
v 20.16564178 33.90901566 10.34883499
v 20.12101555 34.05398941 10.38901711
v 20.06008530 34.18778610 10.44387722
v 19.98435211 34.30710602 10.51206875
v 19.89567757 34.40901566 10.59191132
v 19.79624939 34.49100494 10.68143749
v 19.68851280 34.55105972 10.77844429
v 19.46805191 33.90901566 9.67518139
v 19.42945290 34.05398941 9.72118187
v 19.37675095 34.18778610 9.78399086
v 19.31124496 34.30710602 9.86205769
v 19.23454475 34.40901566 9.95346355
v 19.14854622 34.49100494 10.05595589
v 19.05535698 34.55105972 10.16701221
v 18.68349838 33.90901566 9.10516930
v 18.65167809 34.05398941 9.15609455
v 18.60822868 34.18778610 9.22562599
v 18.55422592 34.30710602 9.31205082
v 18.49099350 34.40901566 9.41324043
v 18.42009354 34.49100494 9.52670574
v 18.34326935 34.55105972 9.64964962
v 17.82724953 33.90901566 8.64989281
v 17.80282593 34.05398941 8.70475197
v 17.76947594 34.18778610 8.77965355
v 17.72802544 34.30710602 8.87275314
v 17.67949295 34.40901566 8.98175907
v 17.62507439 34.49100494 9.10398579
v 17.56610680 34.55105972 9.23642540
v 17.50404739 34.58768845 9.37581730
v 17.44042015 34.60000229 9.51872635
v 16.69694328 34.58768845 9.08205509
v 16.65382385 34.60000229 9.23242950
v 16.99393082 34.60000229 9.35621834
v 16.91596985 33.90901566 8.31821537
v 16.89941788 34.05398941 8.37593937
v 16.87681770 34.18778610 8.45475292
v 16.84872818 34.30710602 8.55271530
v 16.81583977 34.40901566 8.66741371
v 16.77896118 34.49100494 8.79602623
v 16.73900032 34.55105972 8.93538380
v 15.85680962 34.58768845 8.90347958
v 15.83503723 34.60000229 9.05839157
v 16.01194572 34.60000229 9.09599400
v 15.96739864 33.90901566 8.11658955
v 15.95904350 34.05398941 8.17605591
v 15.94763279 34.18778610 8.25724792
v 15.93344879 34.30710602 8.35816574
v 15.91684341 34.40901566 8.47632599
v 15.89822197 34.49100494 8.60881901
v 15.87804604 34.55105972 8.75238132
v 15.83503723 36.09999847 9.05839157
v 15.00000000 36.09999847 9.00000000
v 14.16496086 36.09999847 9.05839157
v 13.98805428 36.09999847 9.09599400
v 13.34617519 36.09999847 9.23242950
v 13.00606918 36.09999847 9.35621834
v 12.55957985 36.09999847 9.51872635
v 12.08008480 36.09999847 9.77367878
v 11.82048416 36.09999847 9.91171074
v 11.23469543 36.09999847 10.33731174
v 11.14327335 36.09999847 10.40373325
v 10.54113102 36.09999847 10.98521614
v 10.49939728 36.09999847 11.03863239
v 10.02577400 36.09999847 11.64484215
v 9.90140152 36.09999847 11.86026287
v 9.60723495 36.09999847 12.36977196
v 9.44620705 36.09999847 12.76833153
v 9.29366016 36.09999847 13.14589787
v 9.14585495 36.09999847 13.73871326
v 9.09115410 36.09999847 13.95811081
v 9.00837803 36.09999847 14.74566460
v 9.00365448 36.09999847 14.79060268
v 9.03286743 36.09999847 15.62716961
v 9.05641842 36.09999847 15.76072693
v 9.17822456 36.09999847 16.45153046
v 9.27607727 36.09999847 16.75268555
v 9.43689632 36.09999847 17.24763870
v 9.65511036 36.09999847 17.69504547
v 9.80384731 36.09999847 18.00000000
v 10.18344975 36.09999847 18.56278419
v 10.27193451 36.09999847 18.69396782
v 10.83204937 36.09999847 19.31603813
v 10.84935474 36.09999847 19.33055878
v 11.47328758 36.09999847 19.85410309
v 11.64585304 36.09999847 19.96193314
v 12.18317032 36.09999847 20.29768562
v 12.53449726 36.09999847 20.45410728
v 12.94787884 36.09999847 20.63815498
v 13.49166203 36.09999847 20.79408264
v 13.75252914 36.09999847 20.86888695
v 14.49194813 36.09999847 20.97280312
v 14.58146095 36.09999847 20.98538399
v 15.41853905 36.09999847 20.98538399
v 15.50805092 36.09999847 20.97280312
v 16.24747086 36.09999847 20.86888695
v 16.50833702 36.09999847 20.79408264
v 17.05212212 36.09999847 20.63815498
v 17.46550179 36.09999847 20.45410728
v 17.81682777 36.09999847 20.29768562
v 18.35414505 36.09999847 19.96193314
v 18.52671051 36.09999847 19.85410309
v 19.15064430 36.09999847 19.33055878
v 19.16794968 36.09999847 19.31603813
v 19.72806549 36.09999847 18.69396782
v 19.81654930 36.09999847 18.56278419
v 20.19615173 36.09999847 18.00000000
v 20.34488869 36.09999847 17.69504547
v 20.56310272 36.09999847 17.24763870
v 20.72392273 36.09999847 16.75268555
v 20.82177353 36.09999847 16.45153046
v 20.94358253 36.09999847 15.76072693
v 20.96713066 36.09999847 15.62716961
v 20.99634552 36.09999847 14.79060268
v 20.99162102 36.09999847 14.74566460
v 20.90884590 36.09999847 13.95811081
v 20.85414505 36.09999847 13.73871326
v 20.70633888 36.09999847 13.14589787
v 20.55379105 36.09999847 12.76833153
v 20.39276505 36.09999847 12.36977196
v 20.09859657 36.09999847 11.86026287
v 19.97422409 36.09999847 11.64484215
v 19.50060272 36.09999847 11.03863239
v 19.45886803 36.09999847 10.98521614
v 18.85672379 36.09999847 10.40373325
v 18.76530457 36.09999847 10.33731174
v 18.17951584 36.09999847 9.91171074
v 17.91991425 36.09999847 9.77367878
v 17.44042015 36.09999847 9.51872635
v 16.99393082 36.09999847 9.35621834
v 16.65382385 36.09999847 9.23242950
v 16.01194572 36.09999847 9.09599400
v 15.85794640 38.08636093 8.89539909
v 16.69919395 38.08636093 9.07421112
v 17.50736618 38.08636093 9.36836147
v 18.26673698 38.08636093 9.77212715
v 18.96252441 38.08636093 10.27764606
v 19.58118629 38.08636093 10.87508106
v 20.11067963 38.08636093 11.55280209
v 20.54070091 38.08636093 12.29761887
v 20.86287689 38.08636093 13.09503555
v 21.07094002 38.08636093 13.92952919
v 21.16083908 38.08636093 14.78485870
v 21.13082504 38.08636093 15.64437485
v 20.98147964 38.08636093 16.49135017
v 20.71571159 38.08636093 17.30929756
v 20.33869553 38.08636093 18.08229637
v 19.85776520 38.08636093 18.79530334
v 19.28228760 38.08636093 19.43443680
v 18.62345886 38.08636093 19.98726082
v 17.89410210 38.08636093 20.44301224
v 17.10841370 38.08636093 20.79282379
v 16.28169060 38.08636093 21.02988243
v 15.43002033 38.08636093 21.14957809
v 14.56997871 38.08636093 21.14957809
v 13.71830845 38.08636093 21.02988243
v 12.89158440 38.08636093 20.79282379
v 12.10589790 38.08636093 20.44301224
v 11.37654209 38.08636093 19.98726082
v 10.71771240 38.08636093 19.43443680
v 10.14223289 38.08636093 18.79530334
v 9.66130352 38.08636093 18.08229637
v 9.28428745 38.08636093 17.30929756
v 9.01852036 38.08636093 16.49135017
v 8.86917496 38.08636093 15.64437485
v 8.83915997 38.08636093 14.78485870
v 8.92905903 38.08636093 13.92952919
v 9.13712215 38.08636093 13.09503555
v 9.45929813 38.08636093 12.29761887
v 9.88931942 38.08636093 11.55280209
v 10.41881371 38.08636093 10.87508106
v 11.03747463 38.08636093 10.27764606
v 11.73326206 38.08636093 9.77212715
v 12.49263382 38.08636093 9.36836147
v 9.45929813 36.11363983 12.29761887
v 9.13712215 36.11363983 13.09503555
v 8.98485279 36.15418625 13.04556084
v 15.85794640 36.11363983 8.89539909
v 16.69919395 36.11363983 9.07421112
v 17.50736618 36.11363983 9.36836147
v 19.58118629 36.11363983 10.87508106
v 20.54070091 36.11363983 12.29761887
v 21.13082504 36.11363983 15.64437485
v 20.98147964 36.11363983 16.49135017
v 20.71571159 36.11363983 17.30929756
v 19.28228760 36.11363983 19.43443680
v 17.89410210 36.11363983 20.44301224
v 14.56997871 36.11363983 21.14957809
v 13.71830845 36.11363983 21.02988243
v 10.14223289 36.11363983 18.79530334
v 9.66130352 36.11363983 18.08229637
v 9.88931942 36.11363983 11.55280209
v 10.41881371 36.11363983 10.87508106
v 13.30080700 36.11363983 9.07421112
v 14.14205456 36.11363983 8.89539909
v 11.73326206 36.11363983 9.77212715
v 11.03747463 36.11363983 10.27764606
v 8.92905903 36.11363983 13.92952919
v 8.86917496 36.11363983 15.64437485
v 9.01852036 36.11363983 16.49135017
v 10.71771240 36.11363983 19.43443680
v 11.37654209 36.11363983 19.98726082
v 12.10589790 36.11363983 20.44301224
v 15.43002033 36.11363983 21.14957809
v 16.28169060 36.11363983 21.02988243
v 18.62345886 36.11363983 19.98726082
v 19.85776520 36.11363983 18.79530334
v 20.33869553 36.11363983 18.08229637
v 21.16083908 36.11363983 14.78485870
v 21.07094002 36.11363983 13.92952919
v 20.86287689 36.11363983 13.09503555
v 20.11067963 36.11363983 11.55280209
v 18.96252441 36.11363983 10.27764606
v 18.26673698 36.11363983 9.77212715
v 8.62243557 36.22052383 13.87546349
v 8.77138615 36.15418625 13.90172768
v 8.38981533 36.31085968 14.76916695
v 8.52799797 36.22052383 14.77399254
v 8.67915344 36.15418625 14.77927017
v 8.83915997 36.11363983 14.78485870
v 8.30117416 36.42271805 15.70407486
v 8.42202091 36.31085968 15.69137383
v 8.55952835 36.22052383 15.67692089
v 8.70994759 36.15418625 15.66111088
v 8.36592674 36.55305099 16.65405846
v 8.46435547 36.42271805 16.62951851
v 8.58225632 36.31085968 16.60012245
v 8.71641541 36.22052383 16.56667328
v 8.86317062 36.15418625 16.53008270
v 8.58780670 36.69830322 17.59069443
v 8.66068935 36.55305099 17.56124687
v 8.75474548 36.42271805 17.52324677
v 8.86740875 36.31085968 17.47772598
v 8.99560547 36.22052383 17.42593193
v 9.13584042 36.15418625 17.36927414
v 9.28428745 36.11363983 17.30929756
v 8.96432209 36.85451126 18.48470116
v 9.01076412 36.69830322 18.45788574
v 9.07884026 36.55305099 18.41858292
v 9.16669178 36.42271805 18.36786270
v 9.27192307 36.31085968 18.30710602
v 9.39166451 36.22052383 18.23797226
v 9.52264977 36.15418625 18.16234970
v 9.48661613 37.01742172 19.30752754
v 9.50803757 36.85451126 19.29079056
v 9.55029583 36.69830322 19.25777435
v 9.61223888 36.55305099 19.20937920
v 9.69217682 36.42271805 19.14692497
v 9.78792858 36.31085968 19.07211494
v 9.89688396 36.22052383 18.98698997
v 10.01606846 36.15418625 18.89387321
v 10.13976288 37.18257904 20.03292274
v 10.13976288 37.01742172 20.03292274
v 10.15864658 36.85451126 20.01336670
v 10.19589996 36.69830322 19.97479057
v 10.25050545 36.55305099 19.91824532
v 10.32097244 36.42271805 19.84527397
v 10.40538120 36.31085968 19.75786591
v 10.50142860 36.22052383 19.65840530
v 10.60649395 36.15418625 19.54960823
v 10.90348911 37.34548569 20.63836288
v 10.88751125 37.18257904 20.66035652
v 10.88751125 37.01742172 20.66035652
v 10.90348911 36.85451126 20.63836288
v 10.93500996 36.69830322 20.59497643
v 10.98121452 36.55305099 20.53138161
v 11.04084015 36.42271805 20.44931412
v 11.11226368 36.31085968 20.35101128
v 11.19353390 36.22052383 20.23915291
v 11.28243446 36.15418625 20.11678886
v 11.75324059 37.50169754 21.10626602
v 11.72806454 37.34548569 21.15361404
v 11.71530247 37.18257904 21.17761612
v 11.71530247 37.01742172 21.17761612
v 11.72806454 36.85451126 21.15361404
v 11.75324059 36.69830322 21.10626602
v 11.79014397 36.55305099 21.03685951
v 11.83776951 36.42271805 20.94729042
v 11.89481449 36.31085968 20.84000206
v 11.95972633 36.22052383 20.71792221
v 12.03073311 36.15418625 20.58437920
v 12.66155148 37.64694977 21.42483330
v 12.63466549 37.50169754 21.49870110
v 12.61632442 37.34548569 21.54909515
v 12.60702705 37.18257904 21.57463837
v 12.60702705 37.01742172 21.57463837
v 12.61632442 36.85451126 21.54909515
v 12.63466549 36.69830322 21.49870110
v 12.66155148 36.55305099 21.42483330
v 12.69624615 36.42271805 21.32950974
v 12.73780632 36.31085968 21.21532631
v 12.78509617 36.22052383 21.08539963
v 12.83682537 36.15418625 20.94327354
v 12.89158440 36.11363983 20.79282379
v 13.59956455 37.77728271 21.58853149
v 13.57847309 37.64694977 21.68775749
v 13.56212997 37.50169754 21.76464653
v 13.55097961 37.34548569 21.81710052
v 13.54532814 37.18257904 21.84369278
v 13.54532814 37.01742172 21.84369278
v 13.55097961 36.85451126 21.81710052
v 13.56212997 36.69830322 21.76464653
v 13.57847309 36.55305099 21.68775749
v 13.59956455 36.42271805 21.58853149
v 13.62482738 36.31085968 21.46967506
v 13.65357494 36.22052383 21.33443260
v 13.68502045 36.15418625 21.18648911
v 14.53861618 37.88914108 21.59810066
v 14.53013897 37.77728271 21.71931648
v 14.52306271 37.64694977 21.82051086
v 14.51757908 37.50169754 21.89892769
v 14.51383877 37.34548569 21.95242310
v 14.51194286 37.18257904 21.97953987
v 14.51194286 37.01742172 21.97953987
v 14.51383877 36.85451126 21.95242310
v 14.51757908 36.69830322 21.89892769
v 14.52306271 36.55305099 21.82051086
v 14.53013897 36.42271805 21.71931648
v 14.53861618 36.31085968 21.59810066
v 14.54826069 36.22052383 21.46017265
v 14.55881119 36.15418625 21.30929184
v 15.45173836 37.97947311 21.46017265
v 15.46138382 37.88914108 21.59810066
v 15.46986008 37.77728271 21.71931648
v 15.47693634 37.64694977 21.82051086
v 15.48241997 37.50169754 21.89892769
v 15.48616028 37.34548569 21.95242310
v 15.48805618 37.18257904 21.97953987
v 15.48805618 37.01742172 21.97953987
v 15.48616028 36.85451126 21.95242310
v 15.48241997 36.69830322 21.89892769
v 15.47693634 36.55305099 21.82051086
v 15.46986008 36.42271805 21.71931648
v 15.46138382 36.31085968 21.59810066
v 15.45173836 36.22052383 21.46017265
v 15.44118881 36.15418625 21.30929184
v 16.31497765 38.04581451 21.18648911
v 16.34642410 37.97947311 21.33443260
v 16.37517166 37.88914108 21.46967506
v 16.40043640 37.77728271 21.58853149
v 16.42152596 37.64694977 21.68775749
v 16.43787003 37.50169754 21.76464653
v 16.44901848 37.34548569 21.81710052
v 16.45466995 37.18257904 21.84369278
v 16.45466995 37.01742172 21.84369278
v 16.44901848 36.85451126 21.81710052
v 16.43787003 36.69830322 21.76464653
v 16.42152596 36.55305099 21.68775749
v 16.40043640 36.42271805 21.58853149
v 16.37517166 36.31085968 21.46967506
v 16.34642410 36.22052383 21.33443260
v 16.31497765 36.15418625 21.18648911
v 17.16317368 38.04581451 20.94327354
v 17.21490288 37.97947311 21.08539963
v 17.26219368 37.88914108 21.21532631
v 17.30375290 37.77728271 21.32950974
v 17.33844948 37.64694977 21.42483330
v 17.36533356 37.50169754 21.49870110
v 17.38367462 37.34548569 21.54909515
v 17.39297295 37.18257904 21.57463837
v 17.39297295 37.01742172 21.57463837
v 17.38367462 36.85451126 21.54909515
v 17.36533356 36.69830322 21.49870110
v 17.33844948 36.55305099 21.42483330
v 17.30375290 36.42271805 21.32950974
v 17.26219368 36.31085968 21.21532631
v 17.21490288 36.22052383 21.08539963
v 17.16317368 36.15418625 20.94327354
v 17.10841370 36.11363983 20.79282379
v 13.30080700 38.08636093 9.07421112
v 14.14205456 38.08636093 8.89539909
v 14.11977100 38.04581451 8.73685169
v 15.00000000 37.97947311 8.52405262
v 15.00000000 38.04581451 8.67529964
v 15.00000000 38.08636093 8.83540535
v 13.25667667 38.04581451 8.92030811
v 14.09872150 37.97947311 8.58707523
v 15.00000000 37.88914108 8.38578701
v 12.42751217 38.04581451 9.22209930
v 13.21498680 37.97947311 8.77491951
v 14.07947922 37.88914108 8.45015621
v 15.00000000 37.77728271 8.26427555
v 11.64841938 38.04581451 9.63634968
v 12.36599541 37.97947311 9.08392715
v 13.17687511 37.88914108 8.64201069
v 14.06256866 37.77728271 8.32982731
v 15.00000000 37.64694977 8.16283417
v 10.93456173 38.04581451 10.15499878
v 11.56827068 37.97947311 9.50808430
v 12.30975723 37.88914108 8.95761490
v 13.14338303 37.77728271 8.52520561
v 14.04844952 37.64694977 8.22937202
v 15.00000000 37.50169754 8.08422661
v 10.29983139 38.04581451 10.76795006
v 10.83734035 37.97947311 10.03913593
v 11.49500084 37.88914108 9.39082909
v 12.26033401 37.77728271 8.84661007
v 13.11542130 37.64694977 8.42769337
v 14.03750992 37.50169754 8.15153027
v 15.00000000 37.34548569 8.03059864
v 9.75658512 38.04581451 11.46327209
v 10.18743324 37.97947311 10.66674519
v 10.74846554 37.88914108 9.93321800
v 11.43060970 37.77728271 9.28778172
v 12.21907330 37.64694977 8.75393677
v 13.09375477 37.50169754 8.35213184
v 14.03004646 37.34548569 8.09842491
v 15.00000000 37.18257904 8.00341511
v 9.31539726 38.04581451 12.22743416
v 9.63119602 37.97947311 11.37869644
v 10.08468151 37.88914108 10.57422733
v 10.67036057 37.77728271 9.84013653
v 11.37685299 37.64694977 9.20175362
v 12.18710136 37.50169754 8.68212605
v 13.07897282 37.34548569 8.30058193
v 14.02626419 37.18257904 8.07150555
v 15.00000000 37.01742172 8.00341511
v 8.98485279 38.04581451 13.04556084
v 9.17945576 37.97947311 12.16113091
v 9.51656914 37.88914108 11.30137825
v 9.99438095 37.77728271 10.49292088
v 10.60515404 37.64694977 9.76242638
v 11.33519745 37.50169754 9.13509178
v 12.16528893 37.34548569 8.63313580
v 13.07147884 37.18257904 8.27445126
v 14.02626419 37.01742172 8.07150555
v 15.00000000 36.85451126 8.03059864
v 8.77138615 38.04581451 13.90172768
v 8.84100819 37.97947311 12.99882221
v 9.05518436 37.88914108 12.10051918
v 9.41583157 37.77728271 11.23342991
v 9.91899490 37.64694977 10.42504215
v 10.55462646 37.50169754 9.70220947
v 11.30678082 37.34548569 9.08961296
v 12.15423298 37.18257904 8.60830212
v 13.07147884 37.01742172 8.27445126
v 14.03004646 36.85451126 8.09842491
v 15.00000000 36.69830322 8.08422661
v 8.67915344 38.04581451 14.77927017
v 8.62243557 37.97947311 13.87546349
v 8.70950890 37.88914108 12.95609570
v 8.94597149 37.77728271 12.04725266
v 9.33173084 37.64694977 11.17670441
v 9.86057854 37.50169754 10.37244415
v 10.52015591 37.34548569 9.66112900
v 11.29237461 37.18257904 9.06655979
v 12.15423298 37.01742172 8.60830212
v 13.07897282 36.85451126 8.30058193
v 14.03750992 36.69830322 8.15153027
v 15.00000000 36.55305099 8.16283417
v 8.70994759 38.04581451 15.66111088
v 8.52799797 37.97947311 14.77399254
v 8.48627186 37.88914108 13.85145378
v 8.59394550 37.77728271 12.91854668
v 8.85479546 37.64694977 12.00278282
v 9.26656342 37.50169754 11.13274860
v 9.82072544 37.34548569 10.33656120
v 10.50268173 37.18257904 9.64030457
v 11.29237461 37.01742172 9.06655979
v 12.16528893 36.85451126 8.63313580
v 13.09375477 36.69830322 8.35213184
v 14.04844952 36.55305099 8.22937202
v 15.00000000 36.42271805 8.26427555
v 8.86317062 38.04581451 16.53008270
v 8.55952835 37.97947311 15.67692089
v 8.38981533 37.88914108 14.76916695
v 8.36660671 37.77728271 13.83035374
v 8.49746704 37.64694977 12.88719845
v 8.78414345 37.50169754 11.96832371
v 9.22210503 37.34548569 11.10276031
v 9.80052376 37.18257904 10.31837082
v 10.50268173 37.01742172 9.64030457
v 11.30678082 36.85451126 9.08961296
v 12.18710136 36.69830322 8.68212605
v 13.11542130 36.55305099 8.42769337
v 14.06256866 36.42271805 8.32982731
v 15.00000000 36.31085968 8.38578701
v 9.13584042 38.04581451 17.36927414
v 8.71641541 37.97947311 16.56667328
v 8.42202091 37.88914108 15.69137383
v 8.26837826 37.77728271 14.76492596
v 8.26670551 37.64694977 13.81273842
v 8.42270851 37.50169754 12.86290741
v 8.73594379 37.34548569 11.94481564
v 9.19956779 37.18257904 11.08755875
v 9.80052376 37.01742172 10.31837082
v 10.52015591 36.85451126 9.66112900
v 11.33519745 36.69830322 9.13509178
v 12.21907330 36.55305099 8.75393677
v 13.14338303 36.42271805 8.52520561
v 14.07947922 36.31085968 8.45015621
v 15.00000000 36.22052383 8.52405262
v 9.52264977 38.04581451 18.16234970
v 8.99560547 37.97947311 17.42593193
v 8.58225632 37.88914108 16.60012245
v 8.30117416 37.77728271 15.70407486
v 8.16699886 37.64694977 14.76138687
v 8.18929291 37.50169754 13.79908848
v 8.37170601 37.34548569 12.84633636
v 8.71151161 37.18257904 11.93289948
v 9.19956779 37.01742172 11.08755875
v 9.82072544 36.85451126 10.33656120
v 10.55462646 36.69830322 9.70220947
v 11.37685299 36.55305099 9.20175362
v 12.26033401 36.42271805 8.84661007
v 13.17687511 36.31085968 8.64201069
v 14.09872150 36.22052383 8.58707523
v 15.00000000 36.15418625 8.67529964
v 10.01606846 38.04581451 18.89387321
v 9.39166451 37.97947311 18.23797226
v 8.86740875 37.88914108 17.47772598
v 8.46435547 37.77728271 16.62951851
v 8.20028782 37.64694977 15.71467876
v 8.08843994 37.50169754 14.75864315
v 8.13648033 37.34548569 13.78977585
v 8.34585285 37.18257904 12.83793640
v 8.71151161 37.01742172 11.93289948
v 9.22210503 36.85451126 11.10276031
v 9.86057854 36.69830322 10.37244415
v 10.60515404 36.55305099 9.76242638
v 11.43060970 36.42271805 9.28778172
v 12.30975723 36.31085968 8.95761490
v 13.21498680 36.22052383 8.77491951
v 14.11977100 36.15418625 8.73685169
v 15.00000000 36.11363983 8.83540535
v 10.60649395 38.04581451 19.54960823
v 9.89688396 37.97947311 18.98698997
v 9.27192307 37.88914108 18.30710602
v 8.75474548 37.77728271 17.52324677
v 8.36592674 37.64694977 16.65405846
v 8.12211132 37.50169754 15.72289467
v 8.03484535 37.34548569 14.75677109
v 8.10970879 37.18257904 13.78505611
v 8.34585285 37.01742172 12.83793640
v 8.73594379 36.85451126 11.94481564
v 9.26656342 36.69830322 11.13274860
v 9.91899490 36.55305099 10.42504215
v 10.67036057 36.42271805 9.84013653
v 11.49500084 36.31085968 9.39082909
v 12.36599541 36.22052383 9.08392715
v 13.25667667 36.15418625 8.92030811
v 11.28243446 38.04581451 20.11678886
v 10.50142860 37.97947311 19.65840530
v 9.78792858 37.88914108 19.07211494
v 9.16669178 37.77728271 18.36786270
v 8.66068935 37.64694977 17.56124687
v 8.28965378 37.50169754 16.67307663
v 8.06877899 37.34548569 15.72849941
v 8.00767708 37.18257904 14.75582314
v 8.10970879 37.01742172 13.78505611
v 8.37170601 36.85451126 12.84633636
v 8.78414345 36.69830322 11.96832371
v 9.33173084 36.55305099 11.17670441
v 9.99438095 36.42271805 10.49292088
v 10.74846554 36.31085968 9.93321800
v 11.56827068 36.22052383 9.50808430
v 12.42751217 36.15418625 9.22209930
v 12.03073311 38.04581451 20.58437920
v 11.19353390 37.97947311 20.23915291
v 10.40538120 37.88914108 19.75786591
v 9.69217682 37.77728271 19.14692497
v 9.07884026 37.64694977 18.41858292
v 8.58780670 37.50169754 17.59069443
v 8.23762035 37.34548569 16.68605042
v 8.04174328 37.18257904 15.73134232
v 8.00767708 37.01742172 14.75582314
v 8.13648033 36.85451126 13.78977585
v 8.42270851 36.69830322 12.86290741
v 8.85479546 36.55305099 12.00278282
v 9.41583157 36.42271805 11.23342991
v 10.08468151 36.31085968 10.57422733
v 10.83734035 36.22052383 10.03913593
v 11.64841938 36.15418625 9.63634968
v 12.49263382 36.11363983 9.36836147
v 12.83682537 38.04581451 20.94327354
v 11.95972633 37.97947311 20.71792221
v 11.11226368 37.88914108 20.35101128
v 10.32097244 37.77728271 19.84527397
v 9.61223888 37.64694977 19.20937920
v 9.01076412 37.50169754 18.45788574
v 8.53808403 37.34548569 17.61078262
v 8.21124363 37.18257904 16.69262695
v 8.04174328 37.01742172 15.73134232
v 8.03484535 36.85451126 14.75677109
v 8.18929291 36.69830322 13.79908848
v 8.49746704 36.55305099 12.88719845
v 8.94597149 36.42271805 12.04725266
v 9.51656914 36.31085968 11.30137825
v 10.18743324 36.22052383 10.66674519
v 10.93456173 36.15418625 10.15499878
v 13.68502045 38.04581451 21.18648911
v 12.78509617 37.97947311 21.08539963
v 11.89481449 37.88914108 20.84000206
v 11.04084015 37.77728271 20.44931412
v 10.25050545 37.64694977 19.91824532
v 9.55029583 37.50169754 19.25777435
v 8.96432209 37.34548569 18.48470116
v 8.51287842 37.18257904 17.62096596
v 8.21124363 37.01742172 16.69262695
v 8.06877899 36.85451126 15.72849941
v 8.08843994 36.69830322 14.75864315
v 8.26670551 36.55305099 13.81273842
v 8.59394550 36.42271805 12.91854668
v 9.05518436 36.31085968 12.10051918
v 9.63119602 36.22052383 11.37869644
v 10.29983139 36.15418625 10.76795006
v 14.55881119 38.04581451 21.30929184
v 13.65357494 37.97947311 21.33443260
v 12.73780632 37.88914108 21.21532631
v 11.83776951 37.77728271 20.94729042
v 10.98121452 37.64694977 20.53138161
v 10.19589996 37.50169754 19.97479057
v 9.50803757 37.34548569 19.29079056
v 8.94077969 37.18257904 18.49829292
v 8.51287842 37.01742172 17.62096596
v 8.23762035 36.85451126 16.68605042
v 8.12211132 36.69830322 15.72289467
v 8.16699886 36.55305099 14.76138687
v 8.36660671 36.42271805 13.83035374
v 8.70950890 36.31085968 12.95609570
v 9.17945576 36.22052383 12.16113091
v 9.75658512 36.15418625 11.46327209
v 9.31539726 36.15418625 12.22743416
v 8.84100819 36.22052383 12.99882221
v 8.48627186 36.31085968 13.85145378
v 8.26837826 36.42271805 14.76492596
v 8.20028782 36.55305099 15.71467876
v 8.28965378 36.69830322 16.67307663
v 8.53808403 36.85451126 17.61078262
v 8.94077969 37.01742172 18.49829292
v 9.48661613 37.18257904 19.30752754
v 10.15864658 37.34548569 20.01336670
v 10.93500996 37.50169754 20.59497643
v 11.79014397 37.64694977 21.03685951
v 12.69624615 37.77728271 21.32950974
v 13.62482738 37.88914108 21.46967506
v 14.54826069 37.97947311 21.46017265
v 15.44118881 38.04581451 21.30929184
v 17.96926498 36.15418625 20.58437920
v 18.04027367 36.22052383 20.71792221
v 18.10518456 36.31085968 20.84000206
v 18.16222954 36.42271805 20.94729042
v 18.20985413 36.55305099 21.03685951
v 18.24675941 36.69830322 21.10626602
v 18.27193451 36.85451126 21.15361404
v 18.28469658 37.01742172 21.17761612
v 18.28469658 37.18257904 21.17761612
v 18.27193451 37.34548569 21.15361404
v 18.24675941 37.50169754 21.10626602
v 18.20985413 37.64694977 21.03685951
v 18.16222954 37.77728271 20.94729042
v 18.10518456 37.88914108 20.84000206
v 18.04027367 37.97947311 20.71792221
v 17.96926498 38.04581451 20.58437920
v 18.71756554 36.15418625 20.11678886
v 18.80646706 36.22052383 20.23915291
v 18.88773537 36.31085968 20.35101128
v 18.95915985 36.42271805 20.44931412
v 19.01878357 36.55305099 20.53138161
v 19.06498909 36.69830322 20.59497643
v 19.09650993 36.85451126 20.63836288
v 19.11248779 37.01742172 20.66035652
v 19.11248779 37.18257904 20.66035652
v 19.09650993 37.34548569 20.63836288
v 19.06498909 37.50169754 20.59497643
v 19.01878357 37.64694977 20.53138161
v 18.95915985 37.77728271 20.44931412
v 18.88773537 37.88914108 20.35101128
v 18.80646706 37.97947311 20.23915291
v 18.71756554 38.04581451 20.11678886
v 19.39350510 36.15418625 19.54960823
v 19.49857140 36.22052383 19.65840530
v 19.59461784 36.31085968 19.75786591
v 19.67902756 36.42271805 19.84527397
v 19.74949455 36.55305099 19.91824532
v 19.80410004 36.69830322 19.97479057
v 19.84135246 36.85451126 20.01336670
v 19.86023521 37.01742172 20.03292274
v 19.86023521 37.18257904 20.03292274
v 19.84135246 37.34548569 20.01336670
v 19.80410004 37.50169754 19.97479057
v 19.74949455 37.64694977 19.91824532
v 19.67902756 37.77728271 19.84527397
v 19.59461784 37.88914108 19.75786591
v 19.49857140 37.97947311 19.65840530
v 19.39350510 38.04581451 19.54960823
v 19.98393059 36.15418625 18.89387321
v 20.10311508 36.22052383 18.98698997
v 20.21207047 36.31085968 19.07211494
v 20.30782127 36.42271805 19.14692497
v 20.38776207 36.55305099 19.20937920
v 20.44970322 36.69830322 19.25777435
v 20.49196053 36.85451126 19.29079056
v 20.51338387 37.01742172 19.30752754
v 20.51338387 37.18257904 19.30752754
v 20.49196053 37.34548569 19.29079056
v 20.44970322 37.50169754 19.25777435
v 20.38776207 37.64694977 19.20937920
v 20.30782127 37.77728271 19.14692497
v 20.21207047 37.88914108 19.07211494
v 20.10311508 37.97947311 18.98698997
v 19.98393059 38.04581451 18.89387321
v 20.47735023 36.15418625 18.16234970
v 20.60833549 36.22052383 18.23797226
v 20.72807503 36.31085968 18.30710602
v 20.83330727 36.42271805 18.36786270
v 20.92115974 36.55305099 18.41858292
v 20.98923492 36.69830322 18.45788574
v 21.03567696 36.85451126 18.48470116
v 21.05921936 37.01742172 18.49829292
v 21.05921936 37.18257904 18.49829292
v 21.03567696 37.34548569 18.48470116
v 20.98923492 37.50169754 18.45788574
v 20.92115974 37.64694977 18.41858292
v 20.83330727 37.77728271 18.36786270
v 20.72807503 37.88914108 18.30710602
v 20.60833549 37.97947311 18.23797226
v 20.47735023 38.04581451 18.16234970
v 20.86415863 36.15418625 17.36927414
v 21.00439453 36.22052383 17.42593193
v 21.13258934 36.31085968 17.47772598
v 21.24525452 36.42271805 17.52324677
v 21.33930969 36.55305099 17.56124687
v 21.41219330 36.69830322 17.59069443
v 21.46191597 36.85451126 17.61078262
v 21.48711967 37.01742172 17.62096596
v 21.48711967 37.18257904 17.62096596
v 21.46191597 37.34548569 17.61078262
v 21.41219330 37.50169754 17.59069443
v 21.33930969 37.64694977 17.56124687
v 21.24525452 37.77728271 17.52324677
v 21.13258934 37.88914108 17.47772598
v 21.00439453 37.97947311 17.42593193
v 20.86415863 38.04581451 17.36927414
v 21.13682747 36.15418625 16.53008270
v 21.28358459 36.22052383 16.56667328
v 21.41774178 36.31085968 16.60012245
v 21.53564453 36.42271805 16.62951851
v 21.63407135 36.55305099 16.65405846
v 21.71034622 36.69830322 16.67307663
v 21.76237869 36.85451126 16.68605042
v 21.78875542 37.01742172 16.69262695
v 21.78875542 37.18257904 16.69262695
v 21.76237869 37.34548569 16.68605042
v 21.71034622 37.50169754 16.67307663
v 21.63407135 37.64694977 16.65405846
v 21.53564453 37.77728271 16.62951851
v 21.41774178 37.88914108 16.60012245
v 21.28358459 37.97947311 16.56667328
v 21.13682747 38.04581451 16.53008270
v 21.29005241 36.15418625 15.66111088
v 21.44046974 36.22052383 15.67692089
v 21.57797813 36.31085968 15.69137383
v 21.69882584 36.42271805 15.70407486
v 21.79971123 36.55305099 15.71467876
v 21.87788773 36.69830322 15.72289467
v 21.93121910 36.85451126 15.72849941
v 21.95825577 37.01742172 15.73134232
v 21.95825577 37.18257904 15.73134232
v 21.93121910 37.34548569 15.72849941
v 21.87788773 37.50169754 15.72289467
v 21.79971123 37.64694977 15.71467876
v 21.69882584 37.77728271 15.70407486
v 21.57797813 37.88914108 15.69137383
v 21.44046974 37.97947311 15.67692089
v 21.29005241 38.04581451 15.66111088
v 21.32084656 36.15418625 14.77927017
v 21.47200203 36.22052383 14.77399254
v 21.61018372 36.31085968 14.76916695
v 21.73162079 36.42271805 14.76492596
v 21.83300018 36.55305099 14.76138687
v 21.91156006 36.69830322 14.75864315
v 21.96515274 36.85451126 14.75677109
v 21.99232292 37.01742172 14.75582314
v 21.99232292 37.18257904 14.75582314
v 21.96515274 37.34548569 14.75677109
v 21.91156006 37.50169754 14.75864315
v 21.83300018 37.64694977 14.76138687
v 21.73162079 37.77728271 14.76492596
v 21.61018372 37.88914108 14.76916695
v 21.47200203 37.97947311 14.77399254
v 21.32084656 38.04581451 14.77927017
v 21.22861290 36.15418625 13.90172768
v 21.37756348 36.22052383 13.87546349
v 21.51372719 36.31085968 13.85145378
v 21.63339233 36.42271805 13.83035374
v 21.73329544 36.55305099 13.81273842
v 21.81070709 36.69830322 13.79908848
v 21.86351967 36.85451126 13.78977585
v 21.89028931 37.01742172 13.78505611
v 21.89028931 37.18257904 13.78505611
v 21.86351967 37.34548569 13.78977585
v 21.81070709 37.50169754 13.79908848
v 21.73329544 37.64694977 13.81273842
v 21.63339233 37.77728271 13.83035374
v 21.51372719 37.88914108 13.85145378
v 21.37756348 37.97947311 13.87546349
v 21.22861290 38.04581451 13.90172768
v 21.01514626 36.15418625 13.04556084
v 21.15899086 36.22052383 12.99882221
v 21.29049110 36.31085968 12.95609570
v 21.40605545 36.42271805 12.91854668
v 21.50253296 36.55305099 12.88719845
v 21.57729149 36.69830322 12.86290741
v 21.62829399 36.85451126 12.84633636
v 21.65414810 37.01742172 12.83793640
v 21.65414810 37.18257904 12.83793640
v 21.62829399 37.34548569 12.84633636
v 21.57729149 37.50169754 12.86290741
v 21.50253296 37.64694977 12.88719845
v 21.40605545 37.77728271 12.91854668
v 21.29049110 37.88914108 12.95609570
v 21.15899086 37.97947311 12.99882221
v 21.01514626 38.04581451 13.04556084
v 20.68460083 36.15418625 12.22743416
v 20.82054329 36.22052383 12.16113091
v 20.94481468 36.31085968 12.10051918
v 21.05402756 36.42271805 12.04725266
v 21.14520454 36.55305099 12.00278282
v 21.21585655 36.69830322 11.96832371
v 21.26405525 36.85451126 11.94481564
v 21.28848839 37.01742172 11.93289948
v 21.28848839 37.18257904 11.93289948
v 21.26405525 37.34548569 11.94481564
v 21.21585655 37.50169754 11.96832371
v 21.14520454 37.64694977 12.00278282
v 21.05402756 37.77728271 12.04725266
v 20.94481468 37.88914108 12.10051918
v 20.82054329 37.97947311 12.16113091
v 20.68460083 38.04581451 12.22743416
v 20.24341393 36.15418625 11.46327209
v 20.36880302 36.22052383 11.37869644
v 20.48343086 36.31085968 11.30137825
v 20.58416748 36.42271805 11.23342991
v 20.66826820 36.55305099 11.17670441
v 20.73343468 36.69830322 11.13274860
v 20.77789497 36.85451126 11.10276031
v 20.80043030 37.01742172 11.08755875
v 20.80043030 37.18257904 11.08755875
v 20.77789497 37.34548569 11.10276031
v 20.73343468 37.50169754 11.13274860
v 20.66826820 37.64694977 11.17670441
v 20.58416748 37.77728271 11.23342991
v 20.48343086 37.88914108 11.30137825
v 20.36880302 37.97947311 11.37869644
v 20.24341393 38.04581451 11.46327209
v 19.70016861 36.15418625 10.76795006
v 19.81256485 36.22052383 10.66674519
v 19.91531754 36.31085968 10.57422733
v 20.00561714 36.42271805 10.49292088
v 20.08100319 36.55305099 10.42504215
v 20.13941956 36.69830322 10.37244415
v 20.17927361 36.85451126 10.33656120
v 20.19947624 37.01742172 10.31837082
v 20.19947624 37.18257904 10.31837082
v 20.17927361 37.34548569 10.33656120
v 20.13941956 37.50169754 10.37244415
v 20.08100319 37.64694977 10.42504215
v 20.00561714 37.77728271 10.49292088
v 19.91531754 37.88914108 10.57422733
v 19.81256485 37.97947311 10.66674519
v 19.70016861 38.04581451 10.76795006
v 19.06543732 36.15418625 10.15499878
v 19.16265869 36.22052383 10.03913593
v 19.25153351 36.31085968 9.93321800
v 19.32963943 36.42271805 9.84013653
v 19.39484406 36.55305099 9.76242638
v 19.44537354 36.69830322 9.70220947
v 19.47984505 36.85451126 9.66112900
v 19.49731636 37.01742172 9.64030457
v 19.49731636 37.18257904 9.64030457
v 19.47984505 37.34548569 9.66112900
v 19.44537354 37.50169754 9.70220947
v 19.39484406 37.64694977 9.76242638
v 19.32963943 37.77728271 9.84013653
v 19.25153351 37.88914108 9.93321800
v 19.16265869 37.97947311 10.03913593
v 19.06543732 38.04581451 10.15499878
v 18.35157967 36.15418625 9.63634968
v 18.43172836 36.22052383 9.50808430
v 18.50499725 36.31085968 9.39082909
v 18.56938934 36.42271805 9.28778172
v 18.62314606 36.55305099 9.20175362
v 18.66480064 36.69830322 9.13509178
v 18.69322014 36.85451126 9.08961296
v 18.70762634 37.01742172 9.06655979
v 18.70762634 37.18257904 9.06655979
v 18.69322014 37.34548569 9.08961296
v 18.66480064 37.50169754 9.13509178
v 18.62314606 37.64694977 9.20175362
v 18.56938934 37.77728271 9.28778172
v 18.50499725 37.88914108 9.39082909
v 18.43172836 37.97947311 9.50808430
v 18.35157967 38.04581451 9.63634968
v 17.57248688 36.15418625 9.22209930
v 17.63400459 36.22052383 9.08392715
v 17.69024086 36.31085968 8.95761490
v 17.73966408 36.42271805 8.84661007
v 17.78092575 36.55305099 8.75393677
v 17.81289864 36.69830322 8.68212605
v 17.83470917 36.85451126 8.63313580
v 17.84576607 37.01742172 8.60830212
v 17.84576607 37.18257904 8.60830212
v 17.83470917 37.34548569 8.63313580
v 17.81289864 37.50169754 8.68212605
v 17.78092575 37.64694977 8.75393677
v 17.73966408 37.77728271 8.84661007
v 17.69024086 37.88914108 8.95761490
v 17.63400459 37.97947311 9.08392715
v 17.57248688 38.04581451 9.22209930
v 16.74332237 36.15418625 8.92030811
v 16.78501320 36.22052383 8.77491951
v 16.82312393 36.31085968 8.64201069
v 16.85661697 36.42271805 8.52520561
v 16.88457870 36.55305099 8.42769337
v 16.90624428 36.69830322 8.35213184
v 16.92102623 36.85451126 8.30058193
v 16.92852020 37.01742172 8.27445126
v 16.92852020 37.18257904 8.27445126
v 16.92102623 37.34548569 8.30058193
v 16.90624428 37.50169754 8.35213184
v 16.88457870 37.64694977 8.42769337
v 16.85661697 37.77728271 8.52520561
v 16.82312393 37.88914108 8.64201069
v 16.78501320 37.97947311 8.77491951
v 16.74332237 38.04581451 8.92030811
v 15.88022709 36.15418625 8.73685169
v 15.90127659 36.22052383 8.58707523
v 15.92051983 36.31085968 8.45015621
v 15.93743038 36.42271805 8.32982731
v 15.95154953 36.55305099 8.22937202
v 15.96248913 36.69830322 8.15153027
v 15.96995258 36.85451126 8.09842491
v 15.97373581 37.01742172 8.07150555
v 15.97373581 37.18257904 8.07150555
v 15.96995258 37.34548569 8.09842491
v 15.96248913 37.50169754 8.15153027
v 15.95154953 37.64694977 8.22937202
v 15.93743038 37.77728271 8.32982731
v 15.92051983 37.88914108 8.45015621
v 15.90127659 37.97947311 8.58707523
v 15.88022709 38.04581451 8.73685169
v 15.17646885 58.95478058 14.50054550
v 15.08952141 58.95478058 14.47790623
v 15.00000000 59.00000000 15.00000000
v 15.25833797 58.95478058 14.53755283
v 15.33277607 58.95478058 14.58786392
v 15.39764118 58.95478058 14.65003204
v 15.45106506 58.95478058 14.72226715
v 15.49151421 58.95478058 14.80249310
v 15.51782322 58.95478058 14.88840008
v 15.52923584 58.95478058 14.97751808
v 15.52542210 58.95478058 15.06728268
v 15.50649357 58.95478058 15.15511131
v 15.47299385 58.95478058 15.23847866
v 15.42588711 58.95478058 15.31498432
v 15.36652851 58.95478058 15.38242912
v 15.29662609 58.95478058 15.43887234
v 15.21818924 58.95478058 15.48268890
v 15.13347626 58.95478058 15.51261997
v 15.04492188 58.95478058 15.52780437
v 14.95507717 58.95478058 15.52780437
v 14.86652374 58.95478058 15.51261997
v 14.78181076 58.95478058 15.48268890
v 14.70337296 58.95478058 15.43887234
v 14.63347149 58.95478058 15.38242912
v 14.57411194 58.95478058 15.31498432
v 14.52700520 58.95478058 15.23847866
v 14.49350548 58.95478058 15.15511131
v 14.47457695 58.95478058 15.06728268
v 14.47076321 58.95478058 14.97751808
v 14.48217583 58.95478058 14.88840008
v 14.50848484 58.95478058 14.80249310
v 14.54893398 58.95478058 14.72226715
v 14.60235882 58.95478058 14.65003204
v 14.66722298 58.95478058 14.58786392
v 14.74166107 58.95478058 14.53755283
v 14.82353115 58.95478058 14.50054550
v 14.91047859 58.95478058 14.47790623
v 15.00000000 58.95478058 14.47028637
v 14.52989864 54.45090485 12.25836086
v 14.07332134 54.45090485 12.37724495
v 13.64340401 54.45090485 12.57158089
v 13.25251198 54.45090485 12.83577633
v 12.91189289 54.45090485 13.16223431
v 12.63134384 54.45090485 13.54156017
v 12.41893673 54.45090485 13.96284389
v 12.28078365 54.45090485 14.41396427
v 12.22085571 54.45090485 14.88194370
v 12.24088001 54.45090485 15.35331821
v 12.34027958 54.45090485 15.81452942
v 12.51619339 54.45090485 16.25230980
v 12.76356125 54.45090485 16.65406036
v 13.07526779 54.45090485 17.00822830
v 13.44234562 54.45090485 17.30462265
v 13.85423470 54.45090485 17.53471756
v 14.29908562 54.45090485 17.69189262
v 14.76409912 54.45090485 17.77162743
v 15.23589993 54.45090485 17.77162743
v 15.70091438 54.45090485 17.69189262
v 16.14576340 54.45090485 17.53471756
v 16.55765343 54.45090485 17.30462265
v 16.92473221 54.45090485 17.00822830
v 17.23643684 54.45090485 16.65406036
v 17.48380661 54.45090485 16.25230980
v 17.65971947 54.45090485 15.81452942
v 17.75911903 54.45090485 15.35331821
v 17.77914429 54.45090485 14.88194370
v 17.71921730 54.45090485 14.41396427
v 17.58106232 54.45090485 13.96284389
v 17.36865616 54.45090485 13.54156017
v 17.08810806 54.45090485 13.16223431
v 16.74748802 54.45090485 12.83577633
v 16.35659599 54.45090485 12.57158089
v 15.92667770 54.45090485 12.37724495
v 15.47010040 54.45090485 12.25836086
v 15.00000000 54.45090485 12.21834946
v 15.50409412 54.94302368 12.06011200
v 15.99368668 54.94302368 12.18759251
v 16.45469284 54.94302368 12.39597988
v 16.87384987 54.94302368 12.67928028
v 17.23909950 54.94302368 13.02934456
v 17.53993416 54.94302368 13.43610001
v 17.76770020 54.94302368 13.88784695
v 17.91584396 54.94302368 14.37158680
v 17.98010445 54.94302368 14.87340641
v 17.95863152 54.94302368 15.37886715
v 17.85204506 54.94302368 15.87342834
v 17.66341209 54.94302368 16.34286308
v 17.39815712 54.94302368 16.77366638
v 17.06390762 54.94302368 17.15344429
v 16.67028809 54.94302368 17.47127151
v 16.22861671 54.94302368 17.71800423
v 15.75159836 54.94302368 17.88654518
v 15.25295830 54.94302368 17.97204590
v 14.74704170 54.94302368 17.97204590
v 14.24840164 54.94302368 17.88654518
v 13.77138424 54.94302368 17.71800423
v 13.32971191 54.94302368 17.47127151
v 12.93609047 54.94302368 17.15344429
v 12.60184288 54.94302368 16.77366638
v 12.33658791 54.94302368 16.34286308
v 12.14795399 54.94302368 15.87342834
v 12.04136753 54.94302368 15.37886715
v 12.01989460 54.94302368 14.87340641
v 12.08415604 54.94302368 14.37158680
v 12.23229980 54.94302368 13.88784695
v 12.46006584 54.94302368 13.43610001
v 12.76089954 54.94302368 13.02934456
v 13.12615013 54.94302368 12.67928028
v 13.54530716 54.94302368 12.39597988
v 14.00631332 54.94302368 12.18759251
v 14.49590588 54.94302368 12.06011200
v 15.00000000 54.94302368 12.01720810
v 15.52349663 55.46212006 11.94695091
v 16.03193665 55.46212006 12.07933807
v 16.51068497 55.46212006 12.29574680
v 16.94597626 55.46212006 12.58995152
v 17.32528496 55.46212006 12.95349121
v 17.63769913 55.46212006 13.37590218
v 17.87423325 55.46212006 13.84503746
v 18.02807808 55.46212006 14.34739876
v 18.09481430 55.46212006 14.86853313
v 18.07251549 55.46212006 15.39345074
v 17.96182632 55.46212006 15.90704918
v 17.76593208 55.46212006 16.39455414
v 17.49046516 55.46212006 16.84193802
v 17.14335251 55.46212006 17.23633385
v 16.73457909 55.46212006 17.56639481
v 16.27590752 55.46212006 17.82262421
v 15.78052711 55.46212006 17.99765396
v 15.26269531 55.46212006 18.08644485
v 14.73730469 55.46212006 18.08644485
v 14.21947098 55.46212006 17.99765396
v 13.72409248 55.46212006 17.82262421
v 13.26541901 55.46212006 17.56639481
v 12.85664654 55.46212006 17.23633385
v 12.50953388 55.46212006 16.84193802
v 12.23406887 55.46212006 16.39455414
v 12.03817272 55.46212006 15.90704918
v 11.92748451 55.46212006 15.39345074
v 11.90518570 55.46212006 14.86853313
v 11.97192001 55.46212006 14.34739876
v 12.12576580 55.46212006 13.84503746
v 12.36229992 55.46212006 13.37590218
v 12.67471313 55.46212006 12.95349121
v 13.05402279 55.46212006 12.58995152
v 13.48931313 55.46212006 12.29574680
v 13.96806431 55.46212006 12.07933807
v 14.47650242 55.46212006 11.94695091
v 15.00000000 55.46212006 11.90239525
v 15.52774906 55.99316025 11.92215252
v 16.04031754 55.99316025 12.05561543
v 16.52295685 55.99316025 12.27378082
v 16.96178246 55.99316025 12.57037640
v 17.34417343 55.99316025 12.93686771
v 17.65912628 55.99316025 13.36271095
v 17.89757919 55.99316025 13.83565617
v 18.05267525 55.99316025 14.34209728
v 18.11995125 55.99316025 14.86746597
v 18.09747124 55.99316025 15.39664650
v 17.98588371 55.99316025 15.91441631
v 17.78839684 55.99316025 16.40587997
v 17.51069260 55.99316025 16.85689926
v 17.16076279 55.99316025 17.25449944
v 16.74866867 55.99316025 17.58724022
v 16.28627014 55.99316025 17.84555244
v 15.78686714 55.99316025 18.02200317
v 15.26482868 55.99316025 18.11151505
v 14.73517036 55.99316025 18.11151505
v 14.21313190 55.99316025 18.02200317
v 13.71372890 55.99316025 17.84555244
v 13.25132942 55.99316025 17.58724022
v 12.83923721 55.99316025 17.25449944
v 12.48930550 55.99316025 16.85689926
v 12.21160221 55.99316025 16.40587997
v 12.01411533 55.99316025 15.91441631
v 11.90252781 55.99316025 15.39664650
v 11.88004780 55.99316025 14.86746597
v 11.94732475 55.99316025 14.34209728
v 12.10242081 55.99316025 13.83565617
v 12.34087467 55.99316025 13.36271095
v 12.65582657 55.99316025 12.93686771
v 13.03821659 55.99316025 12.57037640
v 13.47704315 55.99316025 12.27378082
v 13.95968246 55.99316025 12.05561543
v 14.47224998 55.99316025 11.92215252
v 15.00000000 55.99316025 11.87723541
v 15.51672745 56.52078629 11.98643494
v 16.01858902 56.52078629 12.11710930
v 16.49114799 56.52078629 12.33071899
v 16.92081070 56.52078629 12.62111950
v 17.29521561 56.52078629 12.97995663
v 17.60359001 56.52078629 13.39690685
v 17.83706284 56.52078629 13.85997391
v 17.98892021 56.52078629 14.35583878
v 18.05479050 56.52078629 14.87023354
v 18.03277969 56.52078629 15.38836193
v 17.92352295 56.52078629 15.89531803
v 17.73016167 56.52078629 16.37651825
v 17.45825768 56.52078629 16.81811714
v 17.11563301 56.52078629 17.20741463
v 16.71214867 56.52078629 17.53320503
v 16.25940514 56.52078629 17.78612328
v 15.77043343 56.52078629 17.95888710
v 15.25929737 56.52078629 18.04652977
v 14.74070168 56.52078629 18.04652977
v 14.22956467 56.52078629 17.95888710
v 13.74059296 56.52078629 17.78612328
v 13.28785133 56.52078629 17.53320503
v 12.88436508 56.52078629 17.20741463
v 12.54174232 56.52078629 16.81811714
v 12.26983738 56.52078629 16.37651825
v 12.07647705 56.52078629 15.89531803
v 11.96721935 56.52078629 15.38836193
v 11.94520950 56.52078629 14.87023354
v 12.01107979 56.52078629 14.35583878
v 12.16293716 56.52078629 13.85997391
v 12.39640999 56.52078629 13.39690685
v 12.70478535 56.52078629 12.97995663
v 13.07918835 56.52078629 12.62111950
v 13.50885105 56.52078629 12.33071899
v 13.98140907 56.52078629 12.11710930
v 14.48327255 56.52078629 11.98643494
v 15.00000000 56.52078629 11.94245338
v 15.49075031 57.02972031 12.13793564
v 15.96738243 57.02972031 12.26204109
v 16.41618538 57.02972031 12.46491241
v 16.82424545 57.02972031 12.74071407
v 17.17982674 57.02972031 13.08151054
v 17.47269821 57.02972031 13.47749901
v 17.69443321 57.02972031 13.91728687
v 17.83865738 57.02972031 14.38822269
v 17.90121651 57.02972031 14.87675762
v 17.88031387 57.02972031 15.36883831
v 17.77654839 57.02972031 15.85030746
v 17.59290695 57.02972031 16.30731583
v 17.33467293 57.02972031 16.72671509
v 17.00927544 57.02972031 17.09643936
v 16.62607384 57.02972031 17.40585327
v 16.19609261 57.02972031 17.64605522
v 15.73170185 57.02972031 17.81013489
v 15.24626160 57.02972031 17.89337158
v 14.75373745 57.02972031 17.89337158
v 14.26829815 57.02972031 17.81013489
v 13.80390739 57.02972031 17.64605522
v 13.37392616 57.02972031 17.40585327
v 12.99072456 57.02972031 17.09643936
v 12.66532707 57.02972031 16.72671509
v 12.40709209 57.02972031 16.30731583
v 12.22345161 57.02972031 15.85030746
v 12.11968613 57.02972031 15.36883831
v 12.09878349 57.02972031 14.87675762
v 12.16134262 57.02972031 14.38822269
v 12.30556488 57.02972031 13.91728687
v 12.52730179 57.02972031 13.47749901
v 12.82017326 57.02972031 13.08151054
v 13.17575359 57.02972031 12.74071407
v 13.58381462 57.02972031 12.46491241
v 14.03261757 57.02972031 12.26204109
v 14.50924969 57.02972031 12.13793564
v 15.00000000 57.02972031 12.09616661
v 15.45056915 57.50523376 12.37227249
v 15.88817501 57.50523376 12.48621655
v 16.30023193 57.50523376 12.67247772
v 16.67488098 57.50523376 12.92569733
v 17.00135040 57.50523376 13.23859024
v 17.27024078 57.50523376 13.60215664
v 17.47382164 57.50523376 14.00593567
v 17.60623550 57.50523376 14.43831253
v 17.66367531 57.50523376 14.88684845
v 17.64448166 57.50523376 15.33863926
v 17.54921341 57.50523376 15.78068733
v 17.38060760 57.50523376 16.20027733
v 17.14351845 57.50523376 16.58533669
v 16.84476089 57.50523376 16.92478943
v 16.49293518 57.50523376 17.20886993
v 16.09815979 57.50523376 17.42940331
v 15.67179108 57.50523376 17.58004951
v 15.22609901 57.50523376 17.65647125
v 14.77390099 57.50523376 17.65647125
v 14.32820702 57.50523376 17.58004951
v 13.90183926 57.50523376 17.42940331
v 13.50706482 57.50523376 17.20886993
v 13.15523815 57.50523376 16.92478943
v 12.85648155 57.50523376 16.58533669
v 12.61939144 57.50523376 16.20027733
v 12.45078659 57.50523376 15.78068733
v 12.35551739 57.50523376 15.33863926
v 12.33632565 57.50523376 14.88684845
v 12.39376354 57.50523376 14.43831253
v 12.52617645 57.50523376 14.00593567
v 12.72975826 57.50523376 13.60215664
v 12.99864960 57.50523376 13.23859024
v 13.32511711 57.50523376 12.92569733
v 13.69976807 57.50523376 12.67247772
v 14.11182308 57.50523376 12.48621655
v 14.54943085 57.50523376 12.37227249
v 15.00000000 57.50523376 12.33392429
v 15.39734745 57.93356705 12.68266106
v 15.78326321 57.93356705 12.78314686
v 16.14664650 57.93356705 12.94740677
v 16.47704315 57.93356705 13.17071533
v 16.76494789 57.93356705 13.44664955
v 17.00207710 57.93356705 13.76727104
v 17.18161201 57.93356705 14.12335587
v 17.29838562 57.93356705 14.50465965
v 17.34903908 57.93356705 14.90021420
v 17.33211517 57.93356705 15.29863834
v 17.24809837 57.93356705 15.68847179
v 17.09940910 57.93356705 16.05849838
v 16.89032364 57.93356705 16.39807510
v 16.62685776 57.93356705 16.69743156
v 16.31658936 57.93356705 16.94795609
v 15.96844387 57.93356705 17.14244080
v 15.59243965 57.93356705 17.27529335
v 15.19939232 57.93356705 17.34268570
v 14.80060768 57.93356705 17.34268570
v 14.40755939 57.93356705 17.27529335
v 14.03155518 57.93356705 17.14244080
v 13.68341160 57.93356705 16.94795609
v 13.37314320 57.93356705 16.69743156
v 13.10967636 57.93356705 16.39807510
v 12.90059090 57.93356705 16.05849838
v 12.75190163 57.93356705 15.68847179
v 12.66788578 57.93356705 15.29863834
v 12.65096092 57.93356705 14.90021420
v 12.70161343 57.93356705 14.50465965
v 12.81838703 57.93356705 14.12335587
v 12.99792194 57.93356705 13.76727104
v 13.23505116 57.93356705 13.44664955
v 13.52295589 57.93356705 13.17071533
v 13.85335255 57.93356705 12.94740677
v 14.21673584 57.93356705 12.78314686
v 14.60265160 57.93356705 12.68266106
v 15.00000000 57.93356705 12.64884281
v 15.33262539 58.30231476 13.06012058
v 15.65568161 58.30231476 13.14423752
v 15.95987606 58.30231476 13.28174210
v 16.23645592 58.30231476 13.46867847
v 16.47746658 58.30231476 13.69966698
v 16.67597008 58.30231476 13.96806335
v 16.82626152 58.30231476 14.26614761
v 16.92401505 58.30231476 14.58534336
v 16.96641541 58.30231476 14.91646767
v 16.95224762 58.30231476 15.24999428
v 16.88191605 58.30231476 15.57633018
v 16.75744820 58.30231476 15.88608551
v 16.58241844 58.30231476 16.17035103
v 16.36186600 58.30231476 16.42094612
v 16.10213661 58.30231476 16.63066483
v 15.81070042 58.30231476 16.79347038
v 15.49594021 58.30231476 16.90468216
v 15.16691399 58.30231476 16.96109962
v 14.83308506 58.30231476 16.96109962
v 14.50405884 58.30231476 16.90468216
v 14.18930054 58.30231476 16.79347038
v 13.89786339 58.30231476 16.63066483
v 13.63813305 58.30231476 16.42094612
v 13.41758156 58.30231476 16.17035103
v 13.24255180 58.30231476 15.88608551
v 13.11808300 58.30231476 15.57633018
v 13.04775238 58.30231476 15.24999428
v 13.03358364 58.30231476 14.91646767
v 13.07598591 58.30231476 14.58534336
v 13.17373848 58.30231476 14.26614761
v 13.32402897 58.30231476 13.96806335
v 13.52253437 58.30231476 13.69966698
v 13.76354313 58.30231476 13.46867847
v 14.04012394 58.30231476 13.28174210
v 14.34431744 58.30231476 13.14423752
v 14.66737366 58.30231476 13.06012058
v 15.00000000 58.30231476 13.03181076
v 15.25827694 58.60081482 13.49372387
v 15.50912285 58.60081482 13.55904007
v 15.74532318 58.60081482 13.66580963
v 15.96008205 58.60081482 13.81096077
v 16.14722061 58.60081482 13.99031830
v 16.30135536 58.60081482 14.19872284
v 16.41805267 58.60081482 14.43017864
v 16.49395561 58.60081482 14.67802715
v 16.52688026 58.60081482 14.93513870
v 16.51587868 58.60081482 15.19411564
v 16.46126747 58.60081482 15.44750881
v 16.36462021 58.60081482 15.68802643
v 16.22871590 58.60081482 15.90875149
v 16.05746078 58.60081482 16.10333443
v 15.85578537 58.60081482 16.26617622
v 15.62949085 58.60081482 16.39259148
v 15.38508797 58.60081482 16.47894478
v 15.12960529 58.60081482 16.52275276
v 14.87039375 58.60081482 16.52275276
v 14.61491203 58.60081482 16.47894478
v 14.37050819 58.60081482 16.39259148
v 14.14421368 58.60081482 16.26617622
v 13.94253922 58.60081482 16.10333443
v 13.77128410 58.60081482 15.90875149
v 13.63537788 58.60081482 15.68802643
v 13.53873062 58.60081482 15.44750881
v 13.48412037 58.60081482 15.19411564
v 13.47311878 58.60081482 14.93513870
v 13.50604248 58.60081482 14.67802715
v 13.58194542 58.60081482 14.43017864
v 13.69864273 58.60081482 14.19872284
v 13.85277843 58.60081482 13.99031830
v 14.03991795 58.60081482 13.81096077
v 14.25467587 58.60081482 13.66580963
v 14.49087620 58.60081482 13.55904007
v 14.74172211 58.60081482 13.49372387
v 15.00000000 58.60081482 13.47174263
v 15.17645264 58.82041931 13.97092342
v 15.34782887 58.82041931 14.01554585
v 15.50919914 58.82041931 14.08849049
v 15.65592003 58.82041931 14.18765640
v 15.78377151 58.82041931 14.31019211
v 15.88907623 58.82041931 14.45257282
v 15.96880341 58.82041931 14.61070251
v 16.02065849 58.82041931 14.78003025
v 16.04315186 58.82041931 14.95568752
v 16.03563690 58.82041931 15.13261795
v 15.99832821 58.82041931 15.30573463
v 15.93229961 58.82041931 15.47005463
v 15.83944798 58.82041931 15.62085247
v 15.72245026 58.82041931 15.75379086
v 15.58466625 58.82041931 15.86504269
v 15.43006420 58.82041931 15.95140839
v 15.26308918 58.82041931 16.01040268
v 15.08854485 58.82041931 16.04033279
v 14.91145420 58.82041931 16.04033279
v 14.73691082 58.82041931 16.01040268
v 14.56993580 58.82041931 15.95140839
v 14.41533279 58.82041931 15.86504269
v 14.27754974 58.82041931 15.75379086
v 14.16055012 58.82041931 15.62085247
v 14.06770039 58.82041931 15.47005463
v 14.00167084 58.82041931 15.30573463
v 13.96436119 58.82041931 15.13261795
v 13.95684528 58.82041931 14.95568752
v 13.97933865 58.82041931 14.78003025
v 14.03119564 58.82041931 14.61070251
v 14.11092281 58.82041931 14.45257282
v 14.21622658 58.82041931 14.31019211
v 14.34407806 58.82041931 14.18765640
v 14.49079990 58.82041931 14.08849049
v 14.65217018 58.82041931 14.01554585
v 14.82354641 58.82041931 13.97092342
v 15.00000000 58.82041931 13.95590496
f 1 2 3
f 4 5 6
f 7 8 9
f 10 11 12
f 13 14 15
f 16 17 18
f 19 20 21
f 22 23 24
f 25 26 27
f 28 29 30
f 31 32 33
f 34 35 36
f 37 38 39
f 40 41 42
f 43 44 45
f 46 47 48
f 49 50 51
f 52 53 54
f 55 56 57
f 58 59 60
f 61 62 63
f 64 65 66
f 67 68 69
f 69 68 70
f 67 71 68
f 68 71 72
f 68 72 73
f 74 75 76
f 75 77 76
f 76 77 78
f 76 78 79
f 65 80 66
f 66 80 81
f 66 81 68
f 68 81 82
f 68 82 70
f 64 83 84
f 84 83 85
f 84 85 86
f 86 85 87
f 88 89 90
f 90 89 63
f 90 63 91
f 91 63 62
f 61 92 93
f 93 92 94
f 59 95 60
f 60 95 96
f 60 96 97
f 98 99 100
f 100 99 101
f 100 101 102
f 102 101 103
f 102 103 58
f 104 105 106
f 106 105 107
f 56 55 108
f 108 55 109
f 108 109 104
f 110 111 112
f 112 111 113
f 114 115 110
f 53 116 114
f 114 116 117
f 114 117 115
f 52 54 118
f 119 120 118
f 121 122 123
f 123 122 124
f 123 124 125
f 126 127 121
f 128 129 130
f 131 132 133
f 133 134 128
f 128 134 135
f 128 135 129
f 136 137 131
f 131 137 138
f 131 138 132
f 139 140 141
f 141 140 142
f 49 51 142
f 139 141 143
f 143 141 144
f 143 144 145
f 146 147 148
f 148 147 149
f 148 149 150
f 40 151 152
f 152 151 153
f 152 153 45
f 45 153 154
f 45 154 43
f 42 41 155
f 155 41 156
f 155 156 157
f 38 158 39
f 39 158 159
f 39 159 160
f 160 161 162
f 162 161 163
f 162 163 164
f 164 165 162
f 162 165 166
f 162 166 167
f 167 168 162
f 162 168 169
f 162 169 170
f 170 169 171
f 170 171 172
f 36 35 173
f 173 35 174
f 173 174 175
f 175 176 173
f 173 176 177
f 173 177 178
f 178 179 173
f 173 179 180
f 173 180 181
f 181 182 173
f 173 182 183
f 173 183 184
f 185 186 39
f 39 186 187
f 39 187 37
f 188 189 190
f 190 189 191
f 191 192 190
f 190 192 193
f 190 193 194
f 194 195 190
f 190 195 196
f 190 196 197
f 197 198 190
f 190 198 199
f 190 199 36
f 36 199 200
f 200 201 36
f 36 201 202
f 36 202 203
f 203 204 36
f 36 204 205
f 36 205 206
f 206 207 36
f 36 207 208
f 36 208 34
f 209 210 190
f 190 210 211
f 190 211 188
f 212 213 33
f 33 213 214
f 33 214 31
f 215 216 30
f 30 216 217
f 30 217 28
f 218 219 220
f 220 219 221
f 220 221 222
f 223 224 225
f 225 224 226
f 225 226 227
f 228 229 230
f 230 229 231
f 230 231 232
f 25 27 233
f 234 235 236
f 236 235 237
f 235 238 237
f 237 238 239
f 237 239 240
f 240 239 241
f 242 243 244
f 242 244 245
f 244 246 245
f 245 246 247
f 245 247 239
f 239 247 248
f 239 248 241
f 24 23 249
f 23 250 249
f 249 250 251
f 249 251 242
f 242 251 252
f 242 252 243
f 22 24 253
f 253 24 254
f 253 254 255
f 255 254 256
f 255 256 257
f 257 256 258
f 258 256 259
f 258 259 260
f 21 20 259
f 259 20 261
f 259 261 260
f 19 21 262
f 262 21 263
f 262 263 264
f 264 263 265
f 265 263 266
f 265 266 267
f 267 266 268
f 268 266 6
f 268 6 269
f 269 6 5
f 269 5 270
f 271 272 4
f 4 272 273
f 4 273 5
f 5 273 274
f 5 274 270
f 275 276 2
f 2 276 277
f 2 277 3
f 278 279 1
f 1 279 280
f 1 280 2
f 2 280 281
f 2 281 275
f 282 283 284
f 285 286 287
f 287 286 288
f 287 288 289
f 289 288 290
f 291 292 293
f 293 292 294
f 293 294 295
f 295 294 296
f 297 298 299
f 298 300 299
f 299 300 301
f 299 301 302
f 302 303 299
f 299 303 304
f 299 304 305
f 305 306 299
f 299 306 307
f 299 307 308
f 308 307 309
f 309 310 308
f 308 310 311
f 308 311 312
f 312 313 308
f 308 313 314
f 308 314 315
f 315 316 308
f 308 316 317
f 308 317 318
f 319 320 321
f 321 320 308
f 321 308 322
f 322 308 318
f 323 324 325
f 79 326 76
f 76 326 327
f 76 327 328
f 328 329 76
f 76 329 330
f 76 330 323
f 324 331 325
f 325 331 332
f 325 332 333
f 333 334 325
f 325 334 335
f 325 335 336
f 336 337 325
f 325 337 338
f 325 338 299
f 299 338 339
f 299 339 297
f 340 341 342
f 343 344 342
f 342 344 345
f 342 345 340
f 18 17 346
f 346 17 347
f 346 347 343
f 343 347 348
f 343 348 344
f 349 350 351
f 351 350 16
f 352 353 354
f 354 353 349
f 355 356 357
f 357 356 352
f 358 359 355
f 359 358 14
f 360 361 362
f 362 361 13
f 363 364 365
f 365 364 360
f 366 367 363
f 368 369 370
f 369 368 371
f 372 373 374
f 374 373 375
f 376 377 372
f 378 379 380
f 380 379 381
f 382 383 378
f 384 385 10
f 386 387 388
f 388 387 389
f 390 391 386
f 392 393 394
f 393 392 395
f 396 397 398
f 398 397 399
f 400 401 396
f 402 403 404
f 404 403 405
f 406 407 402
f 408 409 7
f 410 411 412
f 412 411 413
f 414 415 416
f 416 415 410
f 417 418 414
f 418 417 419
f 420 421 422
f 423 424 425
f 426 427 428
f 429 430 431
f 430 429 432
f 433 434 435
f 436 437 435
f 435 437 438
f 435 438 433
f 439 440 436
f 436 440 441
f 436 441 437
f 340 442 341
f 341 442 443
f 341 443 444
f 444 443 445
f 444 445 446
f 446 445 447
f 446 447 439
f 439 447 448
f 439 448 440
f 449 429 426
f 426 429 431
f 426 431 427
f 450 18 451
f 451 18 346
f 451 346 452
f 452 346 343
f 452 343 453
f 453 343 342
f 453 342 454
f 454 342 341
f 454 341 455
f 455 341 444
f 455 444 456
f 456 444 446
f 456 446 457
f 457 446 439
f 457 439 458
f 458 439 436
f 458 436 459
f 459 436 435
f 459 435 460
f 460 435 434
f 460 434 461
f 462 449 463
f 463 449 426
f 463 426 423
f 423 426 428
f 423 428 424
f 238 450 239
f 239 450 451
f 239 451 245
f 245 451 452
f 245 452 242
f 242 452 453
f 242 453 249
f 249 453 454
f 249 454 24
f 24 454 455
f 24 455 254
f 254 455 456
f 254 456 256
f 256 456 457
f 256 457 259
f 259 457 458
f 259 458 21
f 21 458 459
f 21 459 263
f 263 459 460
f 263 460 266
f 266 460 461
f 266 461 6
f 16 18 351
f 351 18 450
f 351 450 464
f 464 450 238
f 464 238 465
f 465 238 235
f 465 235 27
f 27 235 234
f 27 234 233
f 349 351 354
f 354 351 464
f 354 464 466
f 466 464 465
f 466 465 467
f 467 465 27
f 467 27 228
f 228 27 26
f 228 26 229
f 468 462 469
f 469 462 463
f 469 463 470
f 470 463 423
f 470 423 420
f 420 423 425
f 420 425 421
f 277 271 3
f 3 271 4
f 3 4 471
f 471 4 6
f 471 6 472
f 472 6 461
f 472 461 473
f 473 461 434
f 473 434 474
f 474 434 433
f 352 354 357
f 357 354 466
f 357 466 475
f 475 466 467
f 475 467 476
f 476 467 228
f 476 228 477
f 477 228 230
f 477 230 225
f 225 230 232
f 225 232 223
f 355 357 358
f 358 357 475
f 358 475 478
f 478 475 476
f 478 476 479
f 479 476 477
f 479 477 480
f 480 477 225
f 480 225 218
f 218 225 227
f 218 227 219
f 481 468 482
f 482 468 469
f 482 469 483
f 483 469 470
f 483 470 484
f 484 470 420
f 484 420 485
f 485 420 422
f 485 422 419
f 284 486 282
f 282 486 278
f 282 278 481
f 481 278 1
f 481 1 468
f 468 1 3
f 468 3 462
f 462 3 471
f 462 471 449
f 449 471 472
f 449 472 429
f 429 472 473
f 429 473 432
f 432 473 474
f 14 358 15
f 15 358 478
f 15 478 487
f 487 478 479
f 487 479 488
f 488 479 480
f 488 480 489
f 489 480 218
f 489 218 490
f 490 218 220
f 490 220 215
f 215 220 222
f 215 222 216
f 419 417 485
f 485 417 491
f 485 491 484
f 484 491 492
f 484 492 483
f 483 492 493
f 483 493 482
f 482 493 494
f 482 494 481
f 481 494 286
f 481 286 282
f 282 286 285
f 282 285 283
f 13 15 362
f 362 15 487
f 362 487 495
f 495 487 488
f 495 488 496
f 496 488 489
f 496 489 497
f 497 489 490
f 497 490 498
f 498 490 215
f 498 215 499
f 499 215 30
f 499 30 212
f 212 30 29
f 212 29 213
f 414 416 417
f 417 416 500
f 417 500 491
f 491 500 501
f 491 501 492
f 492 501 502
f 492 502 493
f 493 502 503
f 493 503 494
f 494 503 504
f 494 504 286
f 286 504 292
f 286 292 288
f 288 292 291
f 288 291 290
f 360 362 365
f 365 362 495
f 365 495 505
f 505 495 496
f 505 496 506
f 506 496 497
f 506 497 507
f 507 497 498
f 507 498 508
f 508 498 499
f 508 499 509
f 509 499 212
f 509 212 510
f 510 212 33
f 510 33 209
f 209 33 32
f 209 32 210
f 410 412 416
f 416 412 511
f 416 511 500
f 500 511 512
f 500 512 501
f 501 512 513
f 501 513 502
f 502 513 514
f 502 514 503
f 503 514 515
f 503 515 504
f 504 515 516
f 504 516 292
f 292 516 320
f 292 320 294
f 294 320 319
f 294 319 296
f 121 123 126
f 126 123 517
f 126 517 518
f 518 517 519
f 518 519 520
f 520 519 521
f 520 521 522
f 522 521 523
f 522 523 524
f 524 523 525
f 524 525 526
f 526 525 527
f 526 527 528
f 528 527 529
f 528 529 530
f 530 529 531
f 530 531 532
f 532 531 533
f 532 533 534
f 133 128 131
f 131 128 535
f 131 535 136
f 136 535 536
f 136 536 537
f 537 536 538
f 537 538 539
f 539 538 540
f 539 540 541
f 541 540 542
f 541 542 543
f 543 542 544
f 543 544 545
f 545 544 546
f 545 546 547
f 547 546 548
f 547 548 549
f 549 548 550
f 549 550 551
f 142 51 141
f 141 51 552
f 141 552 144
f 144 552 553
f 144 553 554
f 554 553 555
f 554 555 556
f 556 555 557
f 556 557 558
f 558 557 559
f 558 559 560
f 560 559 561
f 560 561 562
f 562 561 563
f 562 563 564
f 564 563 565
f 564 565 566
f 46 48 150
f 150 48 567
f 150 567 148
f 148 567 568
f 148 568 569
f 569 568 570
f 569 570 571
f 571 570 572
f 571 572 573
f 573 572 574
f 573 574 575
f 575 574 576
f 575 576 577
f 577 576 578
f 577 578 579
f 40 152 41
f 41 152 580
f 41 580 156
f 156 580 581
f 156 581 582
f 582 581 583
f 582 583 584
f 584 583 585
f 584 585 586
f 586 585 587
f 586 587 588
f 160 162 39
f 39 162 589
f 39 589 590
f 590 589 591
f 590 591 592
f 592 591 593
f 592 593 594
f 363 365 366
f 366 365 505
f 366 505 595
f 595 505 506
f 595 506 596
f 596 506 507
f 596 507 597
f 597 507 508
f 597 508 598
f 598 508 509
f 598 509 599
f 599 509 510
f 599 510 600
f 600 510 209
f 600 209 601
f 601 209 190
f 601 190 602
f 602 190 36
f 602 36 603
f 603 36 173
f 603 173 604
f 604 173 605
f 604 605 606
f 606 605 607
f 606 607 608
f 608 607 609
f 608 609 610
f 371 368 611
f 611 368 612
f 611 612 613
f 613 612 614
f 613 614 615
f 615 614 616
f 615 616 617
f 617 616 618
f 617 618 619
f 619 618 620
f 619 620 621
f 621 620 622
f 621 622 623
f 623 622 624
f 623 624 625
f 625 624 626
f 625 626 627
f 627 626 628
f 627 628 629
f 629 628 630
f 629 630 631
f 631 630 632
f 631 632 633
f 633 632 634
f 633 634 635
f 635 634 636
f 635 636 637
f 372 374 376
f 376 374 638
f 376 638 639
f 639 638 640
f 639 640 641
f 641 640 642
f 641 642 643
f 643 642 644
f 643 644 645
f 645 644 646
f 645 646 647
f 647 646 648
f 647 648 649
f 649 648 650
f 649 650 651
f 651 650 652
f 651 652 653
f 653 652 654
f 653 654 655
f 655 654 656
f 655 656 657
f 657 656 658
f 657 658 659
f 659 658 660
f 659 660 661
f 661 660 662
f 661 662 663
f 378 380 382
f 382 380 664
f 382 664 665
f 665 664 666
f 665 666 667
f 667 666 668
f 667 668 669
f 669 668 670
f 669 670 671
f 671 670 672
f 671 672 673
f 673 672 674
f 673 674 675
f 675 674 676
f 675 676 677
f 677 676 678
f 677 678 679
f 679 678 680
f 679 680 681
f 681 680 682
f 681 682 683
f 683 682 684
f 683 684 685
f 685 684 686
f 685 686 687
f 687 686 688
f 687 688 689
f 10 12 384
f 384 12 690
f 384 690 691
f 691 690 692
f 691 692 693
f 693 692 694
f 693 694 695
f 695 694 696
f 695 696 697
f 697 696 698
f 697 698 699
f 699 698 700
f 699 700 701
f 701 700 702
f 701 702 703
f 703 702 704
f 703 704 705
f 705 704 706
f 705 706 707
f 707 706 708
f 707 708 709
f 709 708 710
f 709 710 711
f 711 710 712
f 711 712 713
f 713 712 714
f 713 714 715
f 386 388 390
f 390 388 716
f 390 716 717
f 717 716 718
f 717 718 719
f 719 718 720
f 719 720 721
f 721 720 722
f 721 722 723
f 723 722 724
f 723 724 725
f 725 724 726
f 725 726 727
f 727 726 728
f 727 728 729
f 729 728 730
f 729 730 731
f 731 730 732
f 731 732 733
f 733 732 734
f 733 734 735
f 735 734 736
f 735 736 737
f 737 736 738
f 737 738 739
f 739 738 740
f 739 740 741
f 395 392 742
f 742 392 743
f 742 743 744
f 744 743 745
f 744 745 746
f 746 745 747
f 746 747 748
f 748 747 749
f 748 749 750
f 750 749 751
f 750 751 752
f 752 751 753
f 752 753 754
f 754 753 755
f 754 755 756
f 756 755 757
f 756 757 758
f 758 757 759
f 758 759 760
f 760 759 761
f 760 761 762
f 762 761 763
f 762 763 764
f 764 763 765
f 764 765 766
f 766 765 767
f 766 767 768
f 396 398 400
f 400 398 769
f 400 769 770
f 770 769 771
f 770 771 772
f 772 771 773
f 772 773 774
f 774 773 775
f 774 775 776
f 776 775 777
f 776 777 778
f 778 777 779
f 778 779 780
f 780 779 781
f 780 781 782
f 782 781 783
f 782 783 784
f 784 783 785
f 784 785 786
f 786 785 787
f 786 787 788
f 788 787 789
f 788 789 790
f 790 789 791
f 790 791 792
f 792 791 793
f 792 793 794
f 402 404 406
f 406 404 795
f 406 795 796
f 796 795 797
f 796 797 798
f 798 797 799
f 798 799 800
f 800 799 801
f 800 801 802
f 802 801 803
f 802 803 804
f 804 803 805
f 804 805 806
f 806 805 807
f 806 807 808
f 808 807 809
f 808 809 810
f 810 809 811
f 810 811 812
f 812 811 813
f 812 813 814
f 814 813 815
f 814 815 816
f 816 815 817
f 816 817 818
f 818 817 819
f 818 819 820
f 7 9 408
f 408 9 821
f 408 821 822
f 822 821 823
f 822 823 824
f 824 823 825
f 824 825 826
f 826 825 827
f 826 827 828
f 828 827 829
f 828 829 830
f 830 829 831
f 830 831 832
f 832 831 833
f 832 833 834
f 834 833 835
f 834 835 836
f 836 835 837
f 836 837 838
f 838 837 839
f 838 839 840
f 840 839 841
f 840 841 842
f 842 841 843
f 842 843 844
f 844 843 845
f 844 845 846
f 323 325 76
f 76 325 847
f 76 847 848
f 848 847 849
f 848 849 850
f 850 849 851
f 850 851 852
f 64 66 83
f 83 66 68
f 83 68 853
f 853 68 854
f 853 854 855
f 855 854 856
f 855 856 857
f 857 856 858
f 857 858 859
f 61 63 92
f 92 63 89
f 92 89 860
f 860 89 861
f 860 861 862
f 862 861 863
f 862 863 864
f 864 863 865
f 864 865 866
f 866 865 867
f 866 867 868
f 868 867 869
f 868 869 870
f 58 60 102
f 102 60 97
f 102 97 871
f 871 97 872
f 871 872 873
f 873 872 874
f 873 874 875
f 875 874 876
f 875 876 877
f 877 876 878
f 877 878 879
f 879 878 880
f 879 880 881
f 881 880 882
f 881 882 883
f 104 106 108
f 108 106 884
f 108 884 885
f 885 884 886
f 885 886 887
f 887 886 888
f 887 888 889
f 889 888 890
f 889 890 891
f 891 890 892
f 891 892 893
f 893 892 894
f 893 894 895
f 895 894 896
f 895 896 897
f 897 896 898
f 897 898 899
f 110 112 114
f 114 112 900
f 114 900 901
f 901 900 902
f 901 902 903
f 903 902 904
f 903 904 905
f 905 904 906
f 905 906 907
f 907 906 908
f 907 908 909
f 909 908 910
f 909 910 911
f 911 910 912
f 911 912 913
f 913 912 914
f 913 914 915
f 915 914 916
f 915 916 917
f 918 533 919
f 919 533 531
f 919 531 920
f 920 531 529
f 920 529 921
f 921 529 527
f 921 527 922
f 922 527 525
f 922 525 923
f 923 525 523
f 923 523 924
f 924 523 521
f 924 521 925
f 925 521 519
f 925 519 926
f 926 519 517
f 926 517 927
f 927 517 123
f 927 123 119
f 119 123 125
f 119 125 120
f 918 928 533
f 533 928 929
f 533 929 534
f 534 929 930
f 534 930 931
f 931 550 534
f 534 550 548
f 534 548 532
f 532 548 546
f 532 546 530
f 530 546 544
f 530 544 528
f 528 544 542
f 528 542 526
f 526 542 540
f 526 540 524
f 524 540 538
f 524 538 522
f 522 538 536
f 522 536 520
f 520 536 535
f 520 535 518
f 518 535 128
f 518 128 126
f 126 128 130
f 126 130 127
f 931 932 550
f 550 932 933
f 550 933 551
f 551 933 934
f 551 934 935
f 935 565 551
f 551 565 563
f 551 563 549
f 549 563 561
f 549 561 547
f 547 561 559
f 547 559 545
f 545 559 557
f 545 557 543
f 543 557 555
f 543 555 541
f 541 555 553
f 541 553 539
f 539 553 552
f 539 552 537
f 537 552 51
f 537 51 136
f 136 51 50
f 136 50 137
f 935 936 565
f 565 936 937
f 565 937 566
f 566 937 938
f 566 938 939
f 939 578 566
f 566 578 576
f 566 576 564
f 564 576 574
f 564 574 562
f 562 574 572
f 562 572 560
f 560 572 570
f 560 570 558
f 558 570 568
f 558 568 556
f 556 568 567
f 556 567 554
f 554 567 48
f 554 48 144
f 144 48 47
f 144 47 145
f 939 940 578
f 578 940 941
f 578 941 579
f 579 941 942
f 579 942 943
f 943 587 579
f 579 587 585
f 579 585 577
f 577 585 583
f 577 583 575
f 575 583 581
f 575 581 573
f 573 581 580
f 573 580 571
f 571 580 152
f 571 152 569
f 569 152 45
f 569 45 148
f 148 45 44
f 148 44 146
f 943 944 587
f 587 944 945
f 587 945 588
f 588 945 946
f 588 946 947
f 947 593 588
f 588 593 591
f 588 591 586
f 586 591 589
f 586 589 584
f 584 589 162
f 584 162 582
f 582 162 170
f 582 170 156
f 156 170 172
f 156 172 157
f 947 948 593
f 593 948 949
f 593 949 594
f 594 949 950
f 594 950 951
f 951 609 594
f 594 609 607
f 594 607 592
f 592 607 605
f 592 605 590
f 590 605 173
f 590 173 39
f 39 173 184
f 39 184 185
f 951 952 609
f 609 952 953
f 609 953 610
f 610 953 954
f 610 954 955
f 955 636 610
f 610 636 634
f 610 634 608
f 608 634 632
f 608 632 606
f 606 632 630
f 606 630 604
f 604 630 628
f 604 628 603
f 603 628 626
f 603 626 602
f 602 626 624
f 602 624 601
f 601 624 622
f 601 622 600
f 600 622 620
f 600 620 599
f 599 620 618
f 599 618 598
f 598 618 616
f 598 616 597
f 597 616 614
f 597 614 596
f 596 614 612
f 596 612 595
f 595 612 368
f 595 368 366
f 366 368 370
f 366 370 367
f 955 956 636
f 636 956 957
f 636 957 637
f 637 957 958
f 637 958 959
f 959 662 637
f 637 662 660
f 637 660 635
f 635 660 658
f 635 658 633
f 633 658 656
f 633 656 631
f 631 656 654
f 631 654 629
f 629 654 652
f 629 652 627
f 627 652 650
f 627 650 625
f 625 650 648
f 625 648 623
f 623 648 646
f 623 646 621
f 621 646 644
f 621 644 619
f 619 644 642
f 619 642 617
f 617 642 640
f 617 640 615
f 615 640 638
f 615 638 613
f 613 638 374
f 613 374 611
f 611 374 375
f 611 375 371
f 959 960 662
f 662 960 961
f 662 961 663
f 663 961 962
f 663 962 963
f 963 688 663
f 663 688 686
f 663 686 661
f 661 686 684
f 661 684 659
f 659 684 682
f 659 682 657
f 657 682 680
f 657 680 655
f 655 680 678
f 655 678 653
f 653 678 676
f 653 676 651
f 651 676 674
f 651 674 649
f 649 674 672
f 649 672 647
f 647 672 670
f 647 670 645
f 645 670 668
f 645 668 643
f 643 668 666
f 643 666 641
f 641 666 664
f 641 664 639
f 639 664 380
f 639 380 376
f 376 380 381
f 376 381 377
f 963 964 688
f 688 964 965
f 688 965 689
f 689 965 966
f 689 966 967
f 967 714 689
f 689 714 712
f 689 712 687
f 687 712 710
f 687 710 685
f 685 710 708
f 685 708 683
f 683 708 706
f 683 706 681
f 681 706 704
f 681 704 679
f 679 704 702
f 679 702 677
f 677 702 700
f 677 700 675
f 675 700 698
f 675 698 673
f 673 698 696
f 673 696 671
f 671 696 694
f 671 694 669
f 669 694 692
f 669 692 667
f 667 692 690
f 667 690 665
f 665 690 12
f 665 12 382
f 382 12 11
f 382 11 383
f 967 968 714
f 714 968 969
f 714 969 715
f 715 969 970
f 715 970 971
f 971 740 715
f 715 740 738
f 715 738 713
f 713 738 736
f 713 736 711
f 711 736 734
f 711 734 709
f 709 734 732
f 709 732 707
f 707 732 730
f 707 730 705
f 705 730 728
f 705 728 703
f 703 728 726
f 703 726 701
f 701 726 724
f 701 724 699
f 699 724 722
f 699 722 697
f 697 722 720
f 697 720 695
f 695 720 718
f 695 718 693
f 693 718 716
f 693 716 691
f 691 716 388
f 691 388 384
f 384 388 389
f 384 389 385
f 971 972 740
f 740 972 973
f 740 973 741
f 741 973 974
f 741 974 975
f 975 767 741
f 741 767 765
f 741 765 739
f 739 765 763
f 739 763 737
f 737 763 761
f 737 761 735
f 735 761 759
f 735 759 733
f 733 759 757
f 733 757 731
f 731 757 755
f 731 755 729
f 729 755 753
f 729 753 727
f 727 753 751
f 727 751 725
f 725 751 749
f 725 749 723
f 723 749 747
f 723 747 721
f 721 747 745
f 721 745 719
f 719 745 743
f 719 743 717
f 717 743 392
f 717 392 390
f 390 392 394
f 390 394 391
f 975 976 767
f 767 976 977
f 767 977 768
f 768 977 978
f 768 978 979
f 979 793 768
f 768 793 791
f 768 791 766
f 766 791 789
f 766 789 764
f 764 789 787
f 764 787 762
f 762 787 785
f 762 785 760
f 760 785 783
f 760 783 758
f 758 783 781
f 758 781 756
f 756 781 779
f 756 779 754
f 754 779 777
f 754 777 752
f 752 777 775
f 752 775 750
f 750 775 773
f 750 773 748
f 748 773 771
f 748 771 746
f 746 771 769
f 746 769 744
f 744 769 398
f 744 398 742
f 742 398 399
f 742 399 395
f 979 980 793
f 793 980 981
f 793 981 794
f 794 981 982
f 794 982 983
f 983 819 794
f 794 819 817
f 794 817 792
f 792 817 815
f 792 815 790
f 790 815 813
f 790 813 788
f 788 813 811
f 788 811 786
f 786 811 809
f 786 809 784
f 784 809 807
f 784 807 782
f 782 807 805
f 782 805 780
f 780 805 803
f 780 803 778
f 778 803 801
f 778 801 776
f 776 801 799
f 776 799 774
f 774 799 797
f 774 797 772
f 772 797 795
f 772 795 770
f 770 795 404
f 770 404 400
f 400 404 405
f 400 405 401
f 983 984 819
f 819 984 985
f 819 985 820
f 820 985 986
f 820 986 987
f 987 845 820
f 820 845 843
f 820 843 818
f 818 843 841
f 818 841 816
f 816 841 839
f 816 839 814
f 814 839 837
f 814 837 812
f 812 837 835
f 812 835 810
f 810 835 833
f 810 833 808
f 808 833 831
f 808 831 806
f 806 831 829
f 806 829 804
f 804 829 827
f 804 827 802
f 802 827 825
f 802 825 800
f 800 825 823
f 800 823 798
f 798 823 821
f 798 821 796
f 796 821 9
f 796 9 406
f 406 9 8
f 406 8 407
f 987 988 845
f 845 988 989
f 845 989 846
f 846 989 990
f 846 990 991
f 991 851 846
f 846 851 849
f 846 849 844
f 844 849 847
f 844 847 842
f 842 847 325
f 842 325 840
f 840 325 299
f 840 299 838
f 838 299 308
f 838 308 836
f 836 308 320
f 836 320 834
f 834 320 516
f 834 516 832
f 832 516 515
f 832 515 830
f 830 515 514
f 830 514 828
f 828 514 513
f 828 513 826
f 826 513 512
f 826 512 824
f 824 512 511
f 824 511 822
f 822 511 412
f 822 412 408
f 408 412 413
f 408 413 409
f 991 992 851
f 851 992 993
f 851 993 852
f 852 993 994
f 852 994 995
f 995 858 852
f 852 858 856
f 852 856 850
f 850 856 854
f 850 854 848
f 848 854 68
f 848 68 76
f 76 68 73
f 76 73 74
f 995 996 858
f 858 996 997
f 858 997 859
f 859 997 998
f 859 998 999
f 999 869 859
f 859 869 867
f 859 867 857
f 857 867 865
f 857 865 855
f 855 865 863
f 855 863 853
f 853 863 861
f 853 861 83
f 83 861 89
f 83 89 85
f 85 89 88
f 85 88 87
f 999 1000 869
f 869 1000 1001
f 869 1001 870
f 870 1001 1002
f 870 1002 1003
f 1003 882 870
f 870 882 880
f 870 880 868
f 868 880 878
f 868 878 866
f 866 878 876
f 866 876 864
f 864 876 874
f 864 874 862
f 862 874 872
f 862 872 860
f 860 872 97
f 860 97 92
f 92 97 96
f 92 96 94
f 1003 1004 882
f 882 1004 1005
f 882 1005 883
f 883 1005 1006
f 883 1006 1007
f 1007 898 883
f 883 898 896
f 883 896 881
f 881 896 894
f 881 894 879
f 879 894 892
f 879 892 877
f 877 892 890
f 877 890 875
f 875 890 888
f 875 888 873
f 873 888 886
f 873 886 871
f 871 886 884
f 871 884 102
f 102 884 106
f 102 106 100
f 100 106 107
f 100 107 98
f 1007 1008 898
f 898 1008 1009
f 898 1009 899
f 899 1009 1010
f 899 1010 1011
f 1011 916 899
f 899 916 914
f 899 914 897
f 897 914 912
f 897 912 895
f 895 912 910
f 895 910 893
f 893 910 908
f 893 908 891
f 891 908 906
f 891 906 889
f 889 906 904
f 889 904 887
f 887 904 902
f 887 902 885
f 885 902 900
f 885 900 108
f 108 900 112
f 108 112 56
f 56 112 113
f 56 113 57
f 1011 1012 916
f 916 1012 1013
f 916 1013 917
f 917 1013 1014
f 917 1014 1015
f 53 114 54
f 54 114 901
f 54 901 1016
f 1016 901 903
f 1016 903 1017
f 1017 903 905
f 1017 905 1018
f 1018 905 907
f 1018 907 1019
f 1019 907 909
f 1019 909 1020
f 1020 909 911
f 1020 911 1021
f 1021 911 913
f 1021 913 1022
f 1022 913 915
f 1022 915 1023
f 1023 915 917
f 1023 917 1024
f 1024 917 1015
f 1024 1015 1025
f 118 54 119
f 119 54 1016
f 119 1016 927
f 927 1016 1017
f 927 1017 926
f 926 1017 1018
f 926 1018 925
f 925 1018 1019
f 925 1019 924
f 924 1019 1020
f 924 1020 923
f 923 1020 1021
f 923 1021 922
f 922 1021 1022
f 922 1022 921
f 921 1022 1023
f 921 1023 920
f 920 1023 1024
f 920 1024 919
f 919 1024 1025
f 919 1025 918
f 1026 1027 1028
f 1028 1027 1029
f 1029 1030 1028
f 1028 1030 1031
f 1028 1031 1032
f 1033 1034 1035
f 1028 1036 1037
f 1032 1038 1028
f 1028 1038 1039
f 1028 1039 1040
f 1033 1035 1041
f 1037 1042 1028
f 1028 1042 1043
f 1028 1043 1026
f 1044 1045 1046
f 1046 1045 1047
f 1045 1048 1047
f 1047 1048 1049
f 1047 1049 1050
f 1051 1052 1053
f 1053 1052 1054
f 1053 1054 1055
f 1034 1056 1035
f 1035 1056 1057
f 1035 1057 1058
f 1028 1059 1036
f 1036 1059 1035
f 1036 1035 1060
f 1060 1035 1061
f 1040 1062 1028
f 1028 1062 1063
f 1028 1063 1064
f 1044 1065 1045
f 1045 1065 1066
f 1045 1066 1067
f 1064 1068 1028
f 1028 1068 1047
f 1028 1047 1069
f 1069 1047 1050
f 1041 1035 1054
f 1054 1035 1070
f 1054 1070 1055
f 1058 1071 1035
f 1035 1071 1072
f 1035 1072 1061
f 1073 1063 1074
f 1074 1063 1062
f 1074 1062 1075
f 1075 1062 1040
f 1075 1040 1076
f 1076 1040 1039
f 1076 1039 1077
f 1077 1039 1038
f 1077 1038 1078
f 1078 1038 1032
f 1078 1032 1079
f 1079 1032 1031
f 1079 1031 1080
f 1080 1031 1030
f 1080 1030 1081
f 1081 1030 1029
f 1081 1029 1082
f 1082 1029 1027
f 1082 1027 1083
f 1083 1027 1026
f 1083 1026 1084
f 1084 1026 1043
f 1084 1043 1085
f 1085 1043 1042
f 1085 1042 1086
f 1086 1042 1037
f 1086 1037 1087
f 1087 1037 1036
f 1087 1036 1088
f 1088 1036 1060
f 1088 1060 1089
f 1089 1060 1061
f 1089 1061 1090
f 1090 1061 1072
f 1090 1072 1091
f 1091 1072 1071
f 1091 1071 1092
f 1092 1071 1058
f 1092 1058 1093
f 1093 1058 1057
f 1093 1057 1094
f 1094 1057 1056
f 1094 1056 1095
f 1095 1056 1034
f 1095 1034 1096
f 1096 1034 1033
f 1096 1033 1097
f 1097 1033 1041
f 1097 1041 1098
f 1098 1041 1054
f 1098 1054 1099
f 1099 1054 1052
f 1099 1052 1100
f 1100 1052 1051
f 1100 1051 1101
f 1101 1051 1053
f 1101 1053 1102
f 1102 1053 1055
f 1102 1055 1103
f 1103 1055 1070
f 1103 1070 1104
f 1104 1070 1035
f 1104 1035 1105
f 1105 1035 1059
f 1105 1059 1106
f 1106 1059 1028
f 1106 1028 1107
f 1107 1028 1069
f 1107 1069 1108
f 1108 1069 1050
f 1108 1050 1109
f 1109 1050 1049
f 1109 1049 1110
f 1110 1049 1048
f 1110 1048 1111
f 1111 1048 1045
f 1111 1045 1112
f 1112 1045 1067
f 1112 1067 1113
f 1113 1067 1066
f 1113 1066 1114
f 1114 1066 1065
f 1114 1065 1115
f 1115 1065 1044
f 1115 1044 1116
f 1116 1044 1046
f 1116 1046 1117
f 1117 1046 1047
f 1117 1047 1118
f 1118 1047 1068
f 1118 1068 1119
f 1119 1068 1064
f 1119 1064 1073
f 1073 1064 1063
f 1120 1121 1116
f 1122 1123 1111
f 1124 1125 1106
f 1126 1127 1101
f 1128 1129 1096
f 1130 1131 1091
f 1132 1133 1086
f 1134 1135 1081
f 1136 1075 1137
f 1137 1075 1076
f 1137 1076 1138
f 1138 1076 1139
f 1139 1076 1077
f 1139 1077 1140
f 1140 1077 1141
f 1141 1077 1078
f 1141 1078 1142
f 1079 1143 1144
f 1079 1144 1078
f 1078 1144 1145
f 1078 1145 1142
f 1143 1079 1146
f 1146 1079 1080
f 1146 1080 1147
f 1081 1135 1080
f 1080 1135 1148
f 1080 1148 1147
f 1134 1081 1149
f 1149 1081 1082
f 1149 1082 1150
f 1150 1082 1151
f 1151 1082 1083
f 1151 1083 1152
f 1084 1153 1154
f 1084 1154 1083
f 1083 1154 1155
f 1083 1155 1152
f 1153 1084 1156
f 1156 1084 1085
f 1156 1085 1157
f 1086 1133 1085
f 1085 1133 1158
f 1085 1158 1157
f 1132 1086 1159
f 1159 1086 1087
f 1159 1087 1160
f 1160 1087 1161
f 1161 1087 1088
f 1161 1088 1162
f 1089 1163 1164
f 1089 1164 1088
f 1088 1164 1165
f 1088 1165 1162
f 1163 1089 1166
f 1166 1089 1090
f 1166 1090 1167
f 1091 1131 1090
f 1090 1131 1168
f 1090 1168 1167
f 1130 1091 1169
f 1169 1091 1092
f 1169 1092 1170
f 1170 1092 1171
f 1171 1092 1093
f 1171 1093 1172
f 1094 1173 1174
f 1094 1174 1093
f 1093 1174 1175
f 1093 1175 1172
f 1173 1094 1176
f 1176 1094 1095
f 1176 1095 1177
f 1096 1129 1095
f 1095 1129 1178
f 1095 1178 1177
f 1128 1096 1179
f 1179 1096 1097
f 1179 1097 1180
f 1099 1181 1182
f 1099 1182 1098
f 1182 1183 1098
f 1098 1183 1184
f 1098 1184 1097
f 1097 1184 1185
f 1097 1185 1180
f 1181 1099 1186
f 1186 1099 1100
f 1186 1100 1187
f 1101 1127 1100
f 1100 1127 1188
f 1100 1188 1187
f 1126 1101 1189
f 1189 1101 1102
f 1189 1102 1190
f 1104 1191 1192
f 1104 1192 1103
f 1192 1193 1103
f 1103 1193 1194
f 1103 1194 1102
f 1102 1194 1195
f 1102 1195 1190
f 1191 1104 1196
f 1196 1104 1105
f 1196 1105 1197
f 1106 1125 1105
f 1105 1125 1198
f 1105 1198 1197
f 1124 1106 1199
f 1199 1106 1107
f 1199 1107 1200
f 1109 1201 1202
f 1109 1202 1108
f 1202 1203 1108
f 1108 1203 1204
f 1108 1204 1107
f 1107 1204 1205
f 1107 1205 1200
f 1201 1109 1206
f 1206 1109 1110
f 1206 1110 1207
f 1111 1123 1110
f 1110 1123 1208
f 1110 1208 1207
f 1122 1111 1209
f 1209 1111 1112
f 1209 1112 1210
f 1114 1211 1212
f 1114 1212 1113
f 1212 1213 1113
f 1113 1213 1214
f 1113 1214 1112
f 1112 1214 1215
f 1112 1215 1210
f 1211 1114 1216
f 1216 1114 1115
f 1216 1115 1217
f 1116 1121 1115
f 1115 1121 1218
f 1115 1218 1217
f 1120 1116 1219
f 1219 1116 1117
f 1219 1117 1220
f 1119 1221 1222
f 1119 1222 1118
f 1222 1223 1118
f 1118 1223 1224
f 1118 1224 1117
f 1117 1224 1225
f 1117 1225 1220
f 1221 1119 1226
f 1226 1119 1073
f 1226 1073 1227
f 1136 1228 1075
f 1075 1228 1229
f 1075 1229 1074
f 1074 1229 1230
f 1074 1230 1073
f 1073 1230 1231
f 1073 1231 1227
f 1232 1233 1234
f 1235 1236 1237
f 1238 1239 1240
f 1241 1242 1243
f 1244 1245 1246
f 1247 1248 1249
f 1250 1251 1252
f 1253 1254 1255
f 1256 1257 1258
f 1259 1260 1261
f 1262 1263 1264
f 1265 1266 1267
f 1268 1269 1270
f 1271 1272 1273
f 1274 1275 1276
f 1277 1278 1279
f 1280 1281 1282
f 1283 1284 1285
f 1286 1287 1288
f 1289 1290 1291
f 1292 1293 1294
f 1295 1296 1297
f 1298 1299 1300
f 1301 1302 1303
f 1304 1305 1306
f 1307 1308 1309
f 1310 1311 1312
f 1313 1314 1315
f 1316 1317 1318
f 1231 1230 1319
f 1227 1231 1320
f 1221 1226 1321
f 1224 1223 1322
f 1121 1120 1323
f 1211 1216 1324
f 1214 1213 1325
f 1123 1122 1326
f 1201 1206 1327
f 1204 1203 1328
f 1200 1205 1329
f 1125 1124 1330
f 1191 1196 1331
f 1194 1193 1332
f 1190 1195 1333
f 1127 1126 1334
f 1181 1186 1335
f 1184 1183 1336
f 1180 1185 1337
f 1129 1128 1338
f 1172 1175 1339
f 1170 1171 1340
f 1131 1130 1341
f 1162 1165 1342
f 1160 1161 1343
f 1133 1132 1344
f 1152 1155 1345
f 1150 1151 1346
f 1135 1134 1347
f 1142 1145 1348
f 1140 1141 1349
f 1137 1138 1350
f 1230 1229 1351
f 1351 1229 1228
f 1228 1136 1352
f 1352 1136 1137
f 1138 1139 1353
f 1353 1139 1140
f 1142 1348 1141
f 1145 1144 1354
f 1354 1144 1143
f 1143 1146 1355
f 1355 1146 1147
f 1147 1148 1356
f 1356 1148 1135
f 1134 1149 1357
f 1357 1149 1150
f 1152 1345 1151
f 1155 1154 1358
f 1358 1154 1153
f 1153 1156 1359
f 1359 1156 1157
f 1157 1158 1360
f 1360 1158 1133
f 1132 1159 1361
f 1361 1159 1160
f 1162 1342 1161
f 1165 1164 1362
f 1362 1164 1163
f 1163 1166 1363
f 1363 1166 1167
f 1167 1168 1364
f 1364 1168 1131
f 1130 1169 1365
f 1365 1169 1170
f 1172 1339 1171
f 1175 1174 1366
f 1366 1174 1173
f 1173 1176 1367
f 1367 1176 1177
f 1177 1178 1368
f 1368 1178 1129
f 1128 1179 1369
f 1369 1179 1180
f 1184 1336 1185
f 1183 1182 1370
f 1370 1182 1181
f 1186 1187 1371
f 1371 1187 1188
f 1371 1188 1127
f 1126 1189 1372
f 1372 1189 1190
f 1194 1332 1195
f 1193 1192 1373
f 1373 1192 1191
f 1196 1197 1374
f 1374 1197 1198
f 1374 1198 1125
f 1124 1199 1375
f 1375 1199 1200
f 1204 1328 1205
f 1203 1202 1376
f 1376 1202 1201
f 1206 1207 1377
f 1377 1207 1208
f 1377 1208 1123
f 1122 1209 1378
f 1378 1209 1210
f 1210 1215 1379
f 1379 1215 1214
f 1213 1212 1380
f 1380 1212 1211
f 1216 1217 1381
f 1381 1217 1218
f 1381 1218 1121
f 1120 1219 1382
f 1382 1219 1220
f 1220 1225 1383
f 1383 1225 1224
f 1223 1222 1384
f 1384 1222 1221
f 1227 1320 1226
f 1230 1351 1319
f 1319 1351 1385
f 1319 1385 1386
f 1386 1385 1387
f 1386 1387 1388
f 1388 1387 1389
f 1388 1389 1390
f 1390 1389 1391
f 1390 1391 1392
f 1392 1391 1393
f 1392 1393 1394
f 1394 1393 1395
f 1394 1395 1396
f 1396 1395 1397
f 1396 1397 1398
f 1398 1397 1399
f 1398 1399 1400
f 1400 1399 1401
f 1400 1401 1402
f 1402 1401 1403
f 1402 1403 1404
f 1404 1403 1318
f 1404 1318 1405
f 1405 1318 1317
f 1405 1317 1406
f 1228 1352 1351
f 1351 1352 1407
f 1351 1407 1385
f 1385 1407 1408
f 1385 1408 1387
f 1387 1408 1409
f 1387 1409 1389
f 1389 1409 1410
f 1389 1410 1391
f 1391 1410 1411
f 1391 1411 1393
f 1393 1411 1412
f 1393 1412 1395
f 1395 1412 1413
f 1395 1413 1397
f 1397 1413 1414
f 1397 1414 1399
f 1399 1414 1415
f 1399 1415 1401
f 1401 1415 1416
f 1401 1416 1403
f 1403 1416 1315
f 1403 1315 1318
f 1318 1315 1314
f 1318 1314 1316
f 1137 1350 1352
f 1352 1350 1417
f 1352 1417 1407
f 1407 1417 1418
f 1407 1418 1408
f 1408 1418 1419
f 1408 1419 1409
f 1409 1419 1420
f 1409 1420 1410
f 1410 1420 1421
f 1410 1421 1411
f 1411 1421 1422
f 1411 1422 1412
f 1412 1422 1423
f 1412 1423 1413
f 1413 1423 1424
f 1413 1424 1414
f 1414 1424 1425
f 1414 1425 1415
f 1415 1425 1426
f 1415 1426 1416
f 1416 1426 1312
f 1416 1312 1315
f 1315 1312 1311
f 1315 1311 1313
f 1138 1353 1350
f 1350 1353 1427
f 1350 1427 1417
f 1417 1427 1428
f 1417 1428 1418
f 1418 1428 1429
f 1418 1429 1419
f 1419 1429 1430
f 1419 1430 1420
f 1420 1430 1431
f 1420 1431 1421
f 1421 1431 1432
f 1421 1432 1422
f 1422 1432 1433
f 1422 1433 1423
f 1423 1433 1434
f 1423 1434 1424
f 1424 1434 1435
f 1424 1435 1425
f 1425 1435 1436
f 1425 1436 1426
f 1426 1436 1309
f 1426 1309 1312
f 1312 1309 1308
f 1312 1308 1310
f 1140 1349 1353
f 1353 1349 1437
f 1353 1437 1427
f 1427 1437 1438
f 1427 1438 1428
f 1428 1438 1439
f 1428 1439 1429
f 1429 1439 1440
f 1429 1440 1430
f 1430 1440 1441
f 1430 1441 1431
f 1431 1441 1442
f 1431 1442 1432
f 1432 1442 1443
f 1432 1443 1433
f 1433 1443 1444
f 1433 1444 1434
f 1434 1444 1445
f 1434 1445 1435
f 1435 1445 1446
f 1435 1446 1436
f 1436 1446 1447
f 1436 1447 1309
f 1309 1447 1448
f 1309 1448 1307
f 1449 1450 1451
f 1141 1348 1349
f 1349 1348 1452
f 1349 1452 1437
f 1437 1452 1453
f 1437 1453 1438
f 1438 1453 1454
f 1438 1454 1439
f 1439 1454 1455
f 1439 1455 1440
f 1440 1455 1456
f 1440 1456 1441
f 1441 1456 1457
f 1441 1457 1442
f 1442 1457 1458
f 1442 1458 1443
f 1443 1458 1459
f 1443 1459 1444
f 1444 1459 1460
f 1444 1460 1445
f 1445 1460 1461
f 1445 1461 1446
f 1446 1461 1449
f 1446 1449 1447
f 1447 1449 1451
f 1447 1451 1448
f 1462 1463 1464
f 1145 1354 1348
f 1348 1354 1465
f 1348 1465 1452
f 1452 1465 1466
f 1452 1466 1453
f 1453 1466 1467
f 1453 1467 1454
f 1454 1467 1468
f 1454 1468 1455
f 1455 1468 1469
f 1455 1469 1456
f 1456 1469 1470
f 1456 1470 1457
f 1457 1470 1471
f 1457 1471 1458
f 1458 1471 1472
f 1458 1472 1459
f 1459 1472 1473
f 1459 1473 1460
f 1460 1473 1474
f 1460 1474 1461
f 1461 1474 1462
f 1461 1462 1449
f 1449 1462 1464
f 1449 1464 1450
f 1475 1476 1477
f 1143 1355 1354
f 1354 1355 1478
f 1354 1478 1465
f 1465 1478 1479
f 1465 1479 1466
f 1466 1479 1480
f 1466 1480 1467
f 1467 1480 1481
f 1467 1481 1468
f 1468 1481 1482
f 1468 1482 1469
f 1469 1482 1483
f 1469 1483 1470
f 1470 1483 1484
f 1470 1484 1471
f 1471 1484 1485
f 1471 1485 1472
f 1472 1485 1486
f 1472 1486 1473
f 1473 1486 1487
f 1473 1487 1474
f 1474 1487 1475
f 1474 1475 1462
f 1462 1475 1477
f 1462 1477 1463
f 1488 1489 1490
f 1147 1356 1355
f 1355 1356 1491
f 1355 1491 1478
f 1478 1491 1492
f 1478 1492 1479
f 1479 1492 1493
f 1479 1493 1480
f 1480 1493 1494
f 1480 1494 1481
f 1481 1494 1495
f 1481 1495 1482
f 1482 1495 1496
f 1482 1496 1483
f 1483 1496 1497
f 1483 1497 1484
f 1484 1497 1498
f 1484 1498 1485
f 1485 1498 1499
f 1485 1499 1486
f 1486 1499 1500
f 1486 1500 1487
f 1487 1500 1488
f 1487 1488 1475
f 1475 1488 1490
f 1475 1490 1476
f 1135 1347 1356
f 1356 1347 1501
f 1356 1501 1491
f 1491 1501 1502
f 1491 1502 1492
f 1492 1502 1503
f 1492 1503 1493
f 1493 1503 1504
f 1493 1504 1494
f 1494 1504 1505
f 1494 1505 1495
f 1495 1505 1506
f 1495 1506 1496
f 1496 1506 1507
f 1496 1507 1497
f 1497 1507 1508
f 1497 1508 1498
f 1498 1508 1509
f 1498 1509 1499
f 1499 1509 1510
f 1499 1510 1500
f 1500 1510 1306
f 1500 1306 1488
f 1488 1306 1305
f 1488 1305 1489
f 1134 1357 1347
f 1347 1357 1511
f 1347 1511 1501
f 1501 1511 1512
f 1501 1512 1502
f 1502 1512 1513
f 1502 1513 1503
f 1503 1513 1514
f 1503 1514 1504
f 1504 1514 1515
f 1504 1515 1505
f 1505 1515 1516
f 1505 1516 1506
f 1506 1516 1517
f 1506 1517 1507
f 1507 1517 1518
f 1507 1518 1508
f 1508 1518 1519
f 1508 1519 1509
f 1509 1519 1520
f 1509 1520 1510
f 1510 1520 1303
f 1510 1303 1306
f 1306 1303 1302
f 1306 1302 1304
f 1150 1346 1357
f 1357 1346 1521
f 1357 1521 1511
f 1511 1521 1522
f 1511 1522 1512
f 1512 1522 1523
f 1512 1523 1513
f 1513 1523 1524
f 1513 1524 1514
f 1514 1524 1525
f 1514 1525 1515
f 1515 1525 1526
f 1515 1526 1516
f 1516 1526 1527
f 1516 1527 1517
f 1517 1527 1528
f 1517 1528 1518
f 1518 1528 1529
f 1518 1529 1519
f 1519 1529 1530
f 1519 1530 1520
f 1520 1530 1300
f 1520 1300 1303
f 1303 1300 1299
f 1303 1299 1301
f 1151 1345 1346
f 1346 1345 1531
f 1346 1531 1521
f 1521 1531 1532
f 1521 1532 1522
f 1522 1532 1533
f 1522 1533 1523
f 1523 1533 1534
f 1523 1534 1524
f 1524 1534 1535
f 1524 1535 1525
f 1525 1535 1536
f 1525 1536 1526
f 1526 1536 1537
f 1526 1537 1527
f 1527 1537 1538
f 1527 1538 1528
f 1528 1538 1539
f 1528 1539 1529
f 1529 1539 1540
f 1529 1540 1530
f 1530 1540 1297
f 1530 1297 1300
f 1300 1297 1296
f 1300 1296 1298
f 1155 1358 1345
f 1345 1358 1541
f 1345 1541 1531
f 1531 1541 1542
f 1531 1542 1532
f 1532 1542 1543
f 1532 1543 1533
f 1533 1543 1544
f 1533 1544 1534
f 1534 1544 1545
f 1534 1545 1535
f 1535 1545 1546
f 1535 1546 1536
f 1536 1546 1547
f 1536 1547 1537
f 1537 1547 1548
f 1537 1548 1538
f 1538 1548 1549
f 1538 1549 1539
f 1539 1549 1550
f 1539 1550 1540
f 1540 1550 1551
f 1540 1551 1297
f 1297 1551 1552
f 1297 1552 1295
f 1553 1554 1555
f 1153 1359 1358
f 1358 1359 1556
f 1358 1556 1541
f 1541 1556 1557
f 1541 1557 1542
f 1542 1557 1558
f 1542 1558 1543
f 1543 1558 1559
f 1543 1559 1544
f 1544 1559 1560
f 1544 1560 1545
f 1545 1560 1561
f 1545 1561 1546
f 1546 1561 1562
f 1546 1562 1547
f 1547 1562 1563
f 1547 1563 1548
f 1548 1563 1564
f 1548 1564 1549
f 1549 1564 1565
f 1549 1565 1550
f 1550 1565 1553
f 1550 1553 1551
f 1551 1553 1555
f 1551 1555 1552
f 1566 1567 1568
f 1157 1360 1359
f 1359 1360 1569
f 1359 1569 1556
f 1556 1569 1570
f 1556 1570 1557
f 1557 1570 1571
f 1557 1571 1558
f 1558 1571 1572
f 1558 1572 1559
f 1559 1572 1573
f 1559 1573 1560
f 1560 1573 1574
f 1560 1574 1561
f 1561 1574 1575
f 1561 1575 1562
f 1562 1575 1576
f 1562 1576 1563
f 1563 1576 1577
f 1563 1577 1564
f 1564 1577 1578
f 1564 1578 1565
f 1565 1578 1566
f 1565 1566 1553
f 1553 1566 1568
f 1553 1568 1554
f 1579 1580 1581
f 1133 1344 1360
f 1360 1344 1582
f 1360 1582 1569
f 1569 1582 1583
f 1569 1583 1570
f 1570 1583 1584
f 1570 1584 1571
f 1571 1584 1585
f 1571 1585 1572
f 1572 1585 1586
f 1572 1586 1573
f 1573 1586 1587
f 1573 1587 1574
f 1574 1587 1588
f 1574 1588 1575
f 1575 1588 1589
f 1575 1589 1576
f 1576 1589 1590
f 1576 1590 1577
f 1577 1590 1591
f 1577 1591 1578
f 1578 1591 1579
f 1578 1579 1566
f 1566 1579 1581
f 1566 1581 1567
f 1592 1593 1594
f 1132 1361 1344
f 1344 1361 1595
f 1344 1595 1582
f 1582 1595 1596
f 1582 1596 1583
f 1583 1596 1597
f 1583 1597 1584
f 1584 1597 1598
f 1584 1598 1585
f 1585 1598 1599
f 1585 1599 1586
f 1586 1599 1600
f 1586 1600 1587
f 1587 1600 1601
f 1587 1601 1588
f 1588 1601 1602
f 1588 1602 1589
f 1589 1602 1603
f 1589 1603 1590
f 1590 1603 1604
f 1590 1604 1591
f 1591 1604 1592
f 1591 1592 1579
f 1579 1592 1594
f 1579 1594 1580
f 1160 1343 1361
f 1361 1343 1605
f 1361 1605 1595
f 1595 1605 1606
f 1595 1606 1596
f 1596 1606 1607
f 1596 1607 1597
f 1597 1607 1608
f 1597 1608 1598
f 1598 1608 1609
f 1598 1609 1599
f 1599 1609 1610
f 1599 1610 1600
f 1600 1610 1611
f 1600 1611 1601
f 1601 1611 1612
f 1601 1612 1602
f 1602 1612 1613
f 1602 1613 1603
f 1603 1613 1614
f 1603 1614 1604
f 1604 1614 1294
f 1604 1294 1592
f 1592 1294 1293
f 1592 1293 1593
f 1161 1342 1343
f 1343 1342 1615
f 1343 1615 1605
f 1605 1615 1616
f 1605 1616 1606
f 1606 1616 1617
f 1606 1617 1607
f 1607 1617 1618
f 1607 1618 1608
f 1608 1618 1619
f 1608 1619 1609
f 1609 1619 1620
f 1609 1620 1610
f 1610 1620 1621
f 1610 1621 1611
f 1611 1621 1622
f 1611 1622 1612
f 1612 1622 1623
f 1612 1623 1613
f 1613 1623 1624
f 1613 1624 1614
f 1614 1624 1291
f 1614 1291 1294
f 1294 1291 1290
f 1294 1290 1292
f 1165 1362 1342
f 1342 1362 1625
f 1342 1625 1615
f 1615 1625 1626
f 1615 1626 1616
f 1616 1626 1627
f 1616 1627 1617
f 1617 1627 1628
f 1617 1628 1618
f 1618 1628 1629
f 1618 1629 1619
f 1619 1629 1630
f 1619 1630 1620
f 1620 1630 1631
f 1620 1631 1621
f 1621 1631 1632
f 1621 1632 1622
f 1622 1632 1633
f 1622 1633 1623
f 1623 1633 1634
f 1623 1634 1624
f 1624 1634 1288
f 1624 1288 1291
f 1291 1288 1287
f 1291 1287 1289
f 1163 1363 1362
f 1362 1363 1635
f 1362 1635 1625
f 1625 1635 1636
f 1625 1636 1626
f 1626 1636 1637
f 1626 1637 1627
f 1627 1637 1638
f 1627 1638 1628
f 1628 1638 1639
f 1628 1639 1629
f 1629 1639 1640
f 1629 1640 1630
f 1630 1640 1641
f 1630 1641 1631
f 1631 1641 1642
f 1631 1642 1632
f 1632 1642 1643
f 1632 1643 1633
f 1633 1643 1644
f 1633 1644 1634
f 1634 1644 1285
f 1634 1285 1288
f 1288 1285 1284
f 1288 1284 1286
f 1167 1364 1363
f 1363 1364 1645
f 1363 1645 1635
f 1635 1645 1646
f 1635 1646 1636
f 1636 1646 1647
f 1636 1647 1637
f 1637 1647 1648
f 1637 1648 1638
f 1638 1648 1649
f 1638 1649 1639
f 1639 1649 1650
f 1639 1650 1640
f 1640 1650 1651
f 1640 1651 1641
f 1641 1651 1652
f 1641 1652 1642
f 1642 1652 1653
f 1642 1653 1643
f 1643 1653 1654
f 1643 1654 1644
f 1644 1654 1282
f 1644 1282 1285
f 1285 1282 1281
f 1285 1281 1283
f 1131 1341 1364
f 1364 1341 1655
f 1364 1655 1645
f 1645 1655 1656
f 1645 1656 1646
f 1646 1656 1657
f 1646 1657 1647
f 1647 1657 1658
f 1647 1658 1648
f 1648 1658 1659
f 1648 1659 1649
f 1649 1659 1660
f 1649 1660 1650
f 1650 1660 1661
f 1650 1661 1651
f 1651 1661 1662
f 1651 1662 1652
f 1652 1662 1663
f 1652 1663 1653
f 1653 1663 1664
f 1653 1664 1654
f 1654 1664 1665
f 1654 1665 1282
f 1282 1665 1666
f 1282 1666 1280
f 1667 1668 1669
f 1130 1365 1341
f 1341 1365 1670
f 1341 1670 1655
f 1655 1670 1671
f 1655 1671 1656
f 1656 1671 1672
f 1656 1672 1657
f 1657 1672 1673
f 1657 1673 1658
f 1658 1673 1674
f 1658 1674 1659
f 1659 1674 1675
f 1659 1675 1660
f 1660 1675 1676
f 1660 1676 1661
f 1661 1676 1677
f 1661 1677 1662
f 1662 1677 1678
f 1662 1678 1663
f 1663 1678 1679
f 1663 1679 1664
f 1664 1679 1667
f 1664 1667 1665
f 1665 1667 1669
f 1665 1669 1666
f 1680 1681 1682
f 1170 1340 1365
f 1365 1340 1683
f 1365 1683 1670
f 1670 1683 1684
f 1670 1684 1671
f 1671 1684 1685
f 1671 1685 1672
f 1672 1685 1686
f 1672 1686 1673
f 1673 1686 1687
f 1673 1687 1674
f 1674 1687 1688
f 1674 1688 1675
f 1675 1688 1689
f 1675 1689 1676
f 1676 1689 1690
f 1676 1690 1677
f 1677 1690 1691
f 1677 1691 1678
f 1678 1691 1692
f 1678 1692 1679
f 1679 1692 1680
f 1679 1680 1667
f 1667 1680 1682
f 1667 1682 1668
f 1693 1694 1695
f 1171 1339 1340
f 1340 1339 1696
f 1340 1696 1683
f 1683 1696 1697
f 1683 1697 1684
f 1684 1697 1698
f 1684 1698 1685
f 1685 1698 1699
f 1685 1699 1686
f 1686 1699 1700
f 1686 1700 1687
f 1687 1700 1701
f 1687 1701 1688
f 1688 1701 1702
f 1688 1702 1689
f 1689 1702 1703
f 1689 1703 1690
f 1690 1703 1704
f 1690 1704 1691
f 1691 1704 1705
f 1691 1705 1692
f 1692 1705 1693
f 1692 1693 1680
f 1680 1693 1695
f 1680 1695 1681
f 1706 1707 1708
f 1175 1366 1339
f 1339 1366 1709
f 1339 1709 1696
f 1696 1709 1710
f 1696 1710 1697
f 1697 1710 1711
f 1697 1711 1698
f 1698 1711 1712
f 1698 1712 1699
f 1699 1712 1713
f 1699 1713 1700
f 1700 1713 1714
f 1700 1714 1701
f 1701 1714 1715
f 1701 1715 1702
f 1702 1715 1716
f 1702 1716 1703
f 1703 1716 1717
f 1703 1717 1704
f 1704 1717 1718
f 1704 1718 1705
f 1705 1718 1706
f 1705 1706 1693
f 1693 1706 1708
f 1693 1708 1694
f 1173 1367 1366
f 1366 1367 1719
f 1366 1719 1709
f 1709 1719 1720
f 1709 1720 1710
f 1710 1720 1721
f 1710 1721 1711
f 1711 1721 1722
f 1711 1722 1712
f 1712 1722 1723
f 1712 1723 1713
f 1713 1723 1724
f 1713 1724 1714
f 1714 1724 1725
f 1714 1725 1715
f 1715 1725 1726
f 1715 1726 1716
f 1716 1726 1727
f 1716 1727 1717
f 1717 1727 1728
f 1717 1728 1718
f 1718 1728 1279
f 1718 1279 1706
f 1706 1279 1278
f 1706 1278 1707
f 1177 1368 1367
f 1367 1368 1729
f 1367 1729 1719
f 1719 1729 1730
f 1719 1730 1720
f 1720 1730 1731
f 1720 1731 1721
f 1721 1731 1732
f 1721 1732 1722
f 1722 1732 1733
f 1722 1733 1723
f 1723 1733 1734
f 1723 1734 1724
f 1724 1734 1735
f 1724 1735 1725
f 1725 1735 1736
f 1725 1736 1726
f 1726 1736 1737
f 1726 1737 1727
f 1727 1737 1738
f 1727 1738 1728
f 1728 1738 1276
f 1728 1276 1279
f 1279 1276 1275
f 1279 1275 1277
f 1129 1338 1368
f 1368 1338 1739
f 1368 1739 1729
f 1729 1739 1740
f 1729 1740 1730
f 1730 1740 1741
f 1730 1741 1731
f 1731 1741 1742
f 1731 1742 1732
f 1732 1742 1743
f 1732 1743 1733
f 1733 1743 1744
f 1733 1744 1734
f 1734 1744 1745
f 1734 1745 1735
f 1735 1745 1746
f 1735 1746 1736
f 1736 1746 1747
f 1736 1747 1737
f 1737 1747 1748
f 1737 1748 1738
f 1738 1748 1273
f 1738 1273 1276
f 1276 1273 1272
f 1276 1272 1274
f 1128 1369 1338
f 1338 1369 1749
f 1338 1749 1739
f 1739 1749 1750
f 1739 1750 1740
f 1740 1750 1751
f 1740 1751 1741
f 1741 1751 1752
f 1741 1752 1742
f 1742 1752 1753
f 1742 1753 1743
f 1743 1753 1754
f 1743 1754 1744
f 1744 1754 1755
f 1744 1755 1745
f 1745 1755 1756
f 1745 1756 1746
f 1746 1756 1757
f 1746 1757 1747
f 1747 1757 1758
f 1747 1758 1748
f 1748 1758 1270
f 1748 1270 1273
f 1273 1270 1269
f 1273 1269 1271
f 1180 1337 1369
f 1369 1337 1759
f 1369 1759 1749
f 1749 1759 1760
f 1749 1760 1750
f 1750 1760 1761
f 1750 1761 1751
f 1751 1761 1762
f 1751 1762 1752
f 1752 1762 1763
f 1752 1763 1753
f 1753 1763 1764
f 1753 1764 1754
f 1754 1764 1765
f 1754 1765 1755
f 1755 1765 1766
f 1755 1766 1756
f 1756 1766 1767
f 1756 1767 1757
f 1757 1767 1768
f 1757 1768 1758
f 1758 1768 1769
f 1758 1769 1270
f 1270 1769 1770
f 1270 1770 1268
f 1771 1772 1773
f 1185 1336 1337
f 1337 1336 1774
f 1337 1774 1759
f 1759 1774 1775
f 1759 1775 1760
f 1760 1775 1776
f 1760 1776 1761
f 1761 1776 1777
f 1761 1777 1762
f 1762 1777 1778
f 1762 1778 1763
f 1763 1778 1779
f 1763 1779 1764
f 1764 1779 1780
f 1764 1780 1765
f 1765 1780 1781
f 1765 1781 1766
f 1766 1781 1782
f 1766 1782 1767
f 1767 1782 1783
f 1767 1783 1768
f 1768 1783 1771
f 1768 1771 1769
f 1769 1771 1773
f 1769 1773 1770
f 1784 1785 1786
f 1183 1370 1336
f 1336 1370 1787
f 1336 1787 1774
f 1774 1787 1788
f 1774 1788 1775
f 1775 1788 1789
f 1775 1789 1776
f 1776 1789 1790
f 1776 1790 1777
f 1777 1790 1791
f 1777 1791 1778
f 1778 1791 1792
f 1778 1792 1779
f 1779 1792 1793
f 1779 1793 1780
f 1780 1793 1794
f 1780 1794 1781
f 1781 1794 1795
f 1781 1795 1782
f 1782 1795 1796
f 1782 1796 1783
f 1783 1796 1784
f 1783 1784 1771
f 1771 1784 1786
f 1771 1786 1772
f 1797 1798 1799
f 1181 1335 1370
f 1370 1335 1800
f 1370 1800 1787
f 1787 1800 1801
f 1787 1801 1788
f 1788 1801 1802
f 1788 1802 1789
f 1789 1802 1803
f 1789 1803 1790
f 1790 1803 1804
f 1790 1804 1791
f 1791 1804 1805
f 1791 1805 1792
f 1792 1805 1806
f 1792 1806 1793
f 1793 1806 1807
f 1793 1807 1794
f 1794 1807 1808
f 1794 1808 1795
f 1795 1808 1809
f 1795 1809 1796
f 1796 1809 1797
f 1796 1797 1784
f 1784 1797 1799
f 1784 1799 1785
f 1810 1811 1812
f 1186 1371 1335
f 1335 1371 1813
f 1335 1813 1800
f 1800 1813 1814
f 1800 1814 1801
f 1801 1814 1815
f 1801 1815 1802
f 1802 1815 1816
f 1802 1816 1803
f 1803 1816 1817
f 1803 1817 1804
f 1804 1817 1818
f 1804 1818 1805
f 1805 1818 1819
f 1805 1819 1806
f 1806 1819 1820
f 1806 1820 1807
f 1807 1820 1821
f 1807 1821 1808
f 1808 1821 1822
f 1808 1822 1809
f 1809 1822 1810
f 1809 1810 1797
f 1797 1810 1812
f 1797 1812 1798
f 1127 1334 1371
f 1371 1334 1823
f 1371 1823 1813
f 1813 1823 1824
f 1813 1824 1814
f 1814 1824 1825
f 1814 1825 1815
f 1815 1825 1826
f 1815 1826 1816
f 1816 1826 1827
f 1816 1827 1817
f 1817 1827 1828
f 1817 1828 1818
f 1818 1828 1829
f 1818 1829 1819
f 1819 1829 1830
f 1819 1830 1820
f 1820 1830 1831
f 1820 1831 1821
f 1821 1831 1832
f 1821 1832 1822
f 1822 1832 1267
f 1822 1267 1810
f 1810 1267 1266
f 1810 1266 1811
f 1126 1372 1334
f 1334 1372 1833
f 1334 1833 1823
f 1823 1833 1834
f 1823 1834 1824
f 1824 1834 1835
f 1824 1835 1825
f 1825 1835 1836
f 1825 1836 1826
f 1826 1836 1837
f 1826 1837 1827
f 1827 1837 1838
f 1827 1838 1828
f 1828 1838 1839
f 1828 1839 1829
f 1829 1839 1840
f 1829 1840 1830
f 1830 1840 1841
f 1830 1841 1831
f 1831 1841 1842
f 1831 1842 1832
f 1832 1842 1264
f 1832 1264 1267
f 1267 1264 1263
f 1267 1263 1265
f 1190 1333 1372
f 1372 1333 1843
f 1372 1843 1833
f 1833 1843 1844
f 1833 1844 1834
f 1834 1844 1845
f 1834 1845 1835
f 1835 1845 1846
f 1835 1846 1836
f 1836 1846 1847
f 1836 1847 1837
f 1837 1847 1848
f 1837 1848 1838
f 1838 1848 1849
f 1838 1849 1839
f 1839 1849 1850
f 1839 1850 1840
f 1840 1850 1851
f 1840 1851 1841
f 1841 1851 1852
f 1841 1852 1842
f 1842 1852 1261
f 1842 1261 1264
f 1264 1261 1260
f 1264 1260 1262
f 1195 1332 1333
f 1333 1332 1853
f 1333 1853 1843
f 1843 1853 1854
f 1843 1854 1844
f 1844 1854 1855
f 1844 1855 1845
f 1845 1855 1856
f 1845 1856 1846
f 1846 1856 1857
f 1846 1857 1847
f 1847 1857 1858
f 1847 1858 1848
f 1848 1858 1859
f 1848 1859 1849
f 1849 1859 1860
f 1849 1860 1850
f 1850 1860 1861
f 1850 1861 1851
f 1851 1861 1862
f 1851 1862 1852
f 1852 1862 1258
f 1852 1258 1261
f 1261 1258 1257
f 1261 1257 1259
f 1193 1373 1332
f 1332 1373 1863
f 1332 1863 1853
f 1853 1863 1864
f 1853 1864 1854
f 1854 1864 1865
f 1854 1865 1855
f 1855 1865 1866
f 1855 1866 1856
f 1856 1866 1867
f 1856 1867 1857
f 1857 1867 1868
f 1857 1868 1858
f 1858 1868 1869
f 1858 1869 1859
f 1859 1869 1870
f 1859 1870 1860
f 1860 1870 1871
f 1860 1871 1861
f 1861 1871 1872
f 1861 1872 1862
f 1862 1872 1873
f 1862 1873 1258
f 1258 1873 1874
f 1258 1874 1256
f 1875 1876 1877
f 1191 1331 1373
f 1373 1331 1878
f 1373 1878 1863
f 1863 1878 1879
f 1863 1879 1864
f 1864 1879 1880
f 1864 1880 1865
f 1865 1880 1881
f 1865 1881 1866
f 1866 1881 1882
f 1866 1882 1867
f 1867 1882 1883
f 1867 1883 1868
f 1868 1883 1884
f 1868 1884 1869
f 1869 1884 1885
f 1869 1885 1870
f 1870 1885 1886
f 1870 1886 1871
f 1871 1886 1887
f 1871 1887 1872
f 1872 1887 1875
f 1872 1875 1873
f 1873 1875 1877
f 1873 1877 1874
f 1888 1889 1890
f 1196 1374 1331
f 1331 1374 1891
f 1331 1891 1878
f 1878 1891 1892
f 1878 1892 1879
f 1879 1892 1893
f 1879 1893 1880
f 1880 1893 1894
f 1880 1894 1881
f 1881 1894 1895
f 1881 1895 1882
f 1882 1895 1896
f 1882 1896 1883
f 1883 1896 1897
f 1883 1897 1884
f 1884 1897 1898
f 1884 1898 1885
f 1885 1898 1899
f 1885 1899 1886
f 1886 1899 1900
f 1886 1900 1887
f 1887 1900 1888
f 1887 1888 1875
f 1875 1888 1890
f 1875 1890 1876
f 1901 1902 1903
f 1125 1330 1374
f 1374 1330 1904
f 1374 1904 1891
f 1891 1904 1905
f 1891 1905 1892
f 1892 1905 1906
f 1892 1906 1893
f 1893 1906 1907
f 1893 1907 1894
f 1894 1907 1908
f 1894 1908 1895
f 1895 1908 1909
f 1895 1909 1896
f 1896 1909 1910
f 1896 1910 1897
f 1897 1910 1911
f 1897 1911 1898
f 1898 1911 1912
f 1898 1912 1899
f 1899 1912 1913
f 1899 1913 1900
f 1900 1913 1901
f 1900 1901 1888
f 1888 1901 1903
f 1888 1903 1889
f 1914 1915 1916
f 1124 1375 1330
f 1330 1375 1917
f 1330 1917 1904
f 1904 1917 1918
f 1904 1918 1905
f 1905 1918 1919
f 1905 1919 1906
f 1906 1919 1920
f 1906 1920 1907
f 1907 1920 1921
f 1907 1921 1908
f 1908 1921 1922
f 1908 1922 1909
f 1909 1922 1923
f 1909 1923 1910
f 1910 1923 1924
f 1910 1924 1911
f 1911 1924 1925
f 1911 1925 1912
f 1912 1925 1926
f 1912 1926 1913
f 1913 1926 1914
f 1913 1914 1901
f 1901 1914 1916
f 1901 1916 1902
f 1927 1928 1929
f 1200 1329 1375
f 1375 1329 1930
f 1375 1930 1917
f 1917 1930 1931
f 1917 1931 1918
f 1918 1931 1932
f 1918 1932 1919
f 1919 1932 1933
f 1919 1933 1920
f 1920 1933 1934
f 1920 1934 1921
f 1921 1934 1935
f 1921 1935 1922
f 1922 1935 1936
f 1922 1936 1923
f 1923 1936 1937
f 1923 1937 1924
f 1924 1937 1938
f 1924 1938 1925
f 1925 1938 1939
f 1925 1939 1926
f 1926 1939 1927
f 1926 1927 1914
f 1914 1927 1929
f 1914 1929 1915
f 1205 1328 1329
f 1329 1328 1940
f 1329 1940 1930
f 1930 1940 1941
f 1930 1941 1931
f 1931 1941 1942
f 1931 1942 1932
f 1932 1942 1943
f 1932 1943 1933
f 1933 1943 1944
f 1933 1944 1934
f 1934 1944 1945
f 1934 1945 1935
f 1935 1945 1946
f 1935 1946 1936
f 1936 1946 1947
f 1936 1947 1937
f 1937 1947 1948
f 1937 1948 1938
f 1938 1948 1949
f 1938 1949 1939
f 1939 1949 1255
f 1939 1255 1927
f 1927 1255 1254
f 1927 1254 1928
f 1203 1376 1328
f 1328 1376 1950
f 1328 1950 1940
f 1940 1950 1951
f 1940 1951 1941
f 1941 1951 1952
f 1941 1952 1942
f 1942 1952 1953
f 1942 1953 1943
f 1943 1953 1954
f 1943 1954 1944
f 1944 1954 1955
f 1944 1955 1945
f 1945 1955 1956
f 1945 1956 1946
f 1946 1956 1957
f 1946 1957 1947
f 1947 1957 1958
f 1947 1958 1948
f 1948 1958 1959
f 1948 1959 1949
f 1949 1959 1252
f 1949 1252 1255
f 1255 1252 1251
f 1255 1251 1253
f 1201 1327 1376
f 1376 1327 1960
f 1376 1960 1950
f 1950 1960 1961
f 1950 1961 1951
f 1951 1961 1962
f 1951 1962 1952
f 1952 1962 1963
f 1952 1963 1953
f 1953 1963 1964
f 1953 1964 1954
f 1954 1964 1965
f 1954 1965 1955
f 1955 1965 1966
f 1955 1966 1956
f 1956 1966 1967
f 1956 1967 1957
f 1957 1967 1968
f 1957 1968 1958
f 1958 1968 1969
f 1958 1969 1959
f 1959 1969 1249
f 1959 1249 1252
f 1252 1249 1248
f 1252 1248 1250
f 1206 1377 1327
f 1327 1377 1970
f 1327 1970 1960
f 1960 1970 1971
f 1960 1971 1961
f 1961 1971 1972
f 1961 1972 1962
f 1962 1972 1973
f 1962 1973 1963
f 1963 1973 1974
f 1963 1974 1964
f 1964 1974 1975
f 1964 1975 1965
f 1965 1975 1976
f 1965 1976 1966
f 1966 1976 1977
f 1966 1977 1967
f 1967 1977 1978
f 1967 1978 1968
f 1968 1978 1979
f 1968 1979 1969
f 1969 1979 1246
f 1969 1246 1249
f 1249 1246 1245
f 1249 1245 1247
f 1123 1326 1377
f 1377 1326 1980
f 1377 1980 1970
f 1970 1980 1981
f 1970 1981 1971
f 1971 1981 1982
f 1971 1982 1972
f 1972 1982 1983
f 1972 1983 1973
f 1973 1983 1984
f 1973 1984 1974
f 1974 1984 1985
f 1974 1985 1975
f 1975 1985 1986
f 1975 1986 1976
f 1976 1986 1987
f 1976 1987 1977
f 1977 1987 1988
f 1977 1988 1978
f 1978 1988 1989
f 1978 1989 1979
f 1979 1989 1990
f 1979 1990 1246
f 1246 1990 1991
f 1246 1991 1244
f 1992 1993 1994
f 1122 1378 1326
f 1326 1378 1995
f 1326 1995 1980
f 1980 1995 1996
f 1980 1996 1981
f 1981 1996 1997
f 1981 1997 1982
f 1982 1997 1998
f 1982 1998 1983
f 1983 1998 1999
f 1983 1999 1984
f 1984 1999 2000
f 1984 2000 1985
f 1985 2000 2001
f 1985 2001 1986
f 1986 2001 2002
f 1986 2002 1987
f 1987 2002 2003
f 1987 2003 1988
f 1988 2003 2004
f 1988 2004 1989
f 1989 2004 1992
f 1989 1992 1990
f 1990 1992 1994
f 1990 1994 1991
f 2005 2006 2007
f 1210 1379 1378
f 1378 1379 2008
f 1378 2008 1995
f 1995 2008 2009
f 1995 2009 1996
f 1996 2009 2010
f 1996 2010 1997
f 1997 2010 2011
f 1997 2011 1998
f 1998 2011 2012
f 1998 2012 1999
f 1999 2012 2013
f 1999 2013 2000
f 2000 2013 2014
f 2000 2014 2001
f 2001 2014 2015
f 2001 2015 2002
f 2002 2015 2016
f 2002 2016 2003
f 2003 2016 2017
f 2003 2017 2004
f 2004 2017 2005
f 2004 2005 1992
f 1992 2005 2007
f 1992 2007 1993
f 2018 2019 2020
f 1214 1325 1379
f 1379 1325 2021
f 1379 2021 2008
f 2008 2021 2022
f 2008 2022 2009
f 2009 2022 2023
f 2009 2023 2010
f 2010 2023 2024
f 2010 2024 2011
f 2011 2024 2025
f 2011 2025 2012
f 2012 2025 2026
f 2012 2026 2013
f 2013 2026 2027
f 2013 2027 2014
f 2014 2027 2028
f 2014 2028 2015
f 2015 2028 2029
f 2015 2029 2016
f 2016 2029 2030
f 2016 2030 2017
f 2017 2030 2018
f 2017 2018 2005
f 2005 2018 2020
f 2005 2020 2006
f 2031 2032 2033
f 1213 1380 1325
f 1325 1380 2034
f 1325 2034 2021
f 2021 2034 2035
f 2021 2035 2022
f 2022 2035 2036
f 2022 2036 2023
f 2023 2036 2037
f 2023 2037 2024
f 2024 2037 2038
f 2024 2038 2025
f 2025 2038 2039
f 2025 2039 2026
f 2026 2039 2040
f 2026 2040 2027
f 2027 2040 2041
f 2027 2041 2028
f 2028 2041 2042
f 2028 2042 2029
f 2029 2042 2043
f 2029 2043 2030
f 2030 2043 2031
f 2030 2031 2018
f 2018 2031 2033
f 2018 2033 2019
f 1211 1324 1380
f 1380 1324 2044
f 1380 2044 2034
f 2034 2044 2045
f 2034 2045 2035
f 2035 2045 2046
f 2035 2046 2036
f 2036 2046 2047
f 2036 2047 2037
f 2037 2047 2048
f 2037 2048 2038
f 2038 2048 2049
f 2038 2049 2039
f 2039 2049 2050
f 2039 2050 2040
f 2040 2050 2051
f 2040 2051 2041
f 2041 2051 2052
f 2041 2052 2042
f 2042 2052 2053
f 2042 2053 2043
f 2043 2053 1243
f 2043 1243 2031
f 2031 1243 1242
f 2031 1242 2032
f 1216 1381 1324
f 1324 1381 2054
f 1324 2054 2044
f 2044 2054 2055
f 2044 2055 2045
f 2045 2055 2056
f 2045 2056 2046
f 2046 2056 2057
f 2046 2057 2047
f 2047 2057 2058
f 2047 2058 2048
f 2048 2058 2059
f 2048 2059 2049
f 2049 2059 2060
f 2049 2060 2050
f 2050 2060 2061
f 2050 2061 2051
f 2051 2061 2062
f 2051 2062 2052
f 2052 2062 2063
f 2052 2063 2053
f 2053 2063 1240
f 2053 1240 1243
f 1243 1240 1239
f 1243 1239 1241
f 1121 1323 1381
f 1381 1323 2064
f 1381 2064 2054
f 2054 2064 2065
f 2054 2065 2055
f 2055 2065 2066
f 2055 2066 2056
f 2056 2066 2067
f 2056 2067 2057
f 2057 2067 2068
f 2057 2068 2058
f 2058 2068 2069
f 2058 2069 2059
f 2059 2069 2070
f 2059 2070 2060
f 2060 2070 2071
f 2060 2071 2061
f 2061 2071 2072
f 2061 2072 2062
f 2062 2072 2073
f 2062 2073 2063
f 2063 2073 1237
f 2063 1237 1240
f 1240 1237 1236
f 1240 1236 1238
f 1120 1382 1323
f 1323 1382 2074
f 1323 2074 2064
f 2064 2074 2075
f 2064 2075 2065
f 2065 2075 2076
f 2065 2076 2066
f 2066 2076 2077
f 2066 2077 2067
f 2067 2077 2078
f 2067 2078 2068
f 2068 2078 2079
f 2068 2079 2069
f 2069 2079 2080
f 2069 2080 2070
f 2070 2080 2081
f 2070 2081 2071
f 2071 2081 2082
f 2071 2082 2072
f 2072 2082 2083
f 2072 2083 2073
f 2073 2083 1234
f 2073 1234 1237
f 1237 1234 1233
f 1237 1233 1235
f 1220 1383 1382
f 1382 1383 2084
f 1382 2084 2074
f 2074 2084 2085
f 2074 2085 2075
f 2075 2085 2086
f 2075 2086 2076
f 2076 2086 2087
f 2076 2087 2077
f 2077 2087 2088
f 2077 2088 2078
f 2078 2088 2089
f 2078 2089 2079
f 2079 2089 2090
f 2079 2090 2080
f 2080 2090 2091
f 2080 2091 2081
f 2081 2091 2092
f 2081 2092 2082
f 2082 2092 2093
f 2082 2093 2083
f 2083 2093 2094
f 2083 2094 1234
f 1234 2094 2095
f 1234 2095 1232
f 2096 2097 2098
f 1224 1322 1383
f 1383 1322 2099
f 1383 2099 2084
f 2084 2099 2100
f 2084 2100 2085
f 2085 2100 2101
f 2085 2101 2086
f 2086 2101 2102
f 2086 2102 2087
f 2087 2102 2103
f 2087 2103 2088
f 2088 2103 2104
f 2088 2104 2089
f 2089 2104 2105
f 2089 2105 2090
f 2090 2105 2106
f 2090 2106 2091
f 2091 2106 2107
f 2091 2107 2092
f 2092 2107 2108
f 2092 2108 2093
f 2093 2108 2096
f 2093 2096 2094
f 2094 2096 2098
f 2094 2098 2095
f 2109 2110 2111
f 1223 1384 1322
f 1322 1384 2112
f 1322 2112 2099
f 2099 2112 2113
f 2099 2113 2100
f 2100 2113 2114
f 2100 2114 2101
f 2101 2114 2115
f 2101 2115 2102
f 2102 2115 2116
f 2102 2116 2103
f 2103 2116 2117
f 2103 2117 2104
f 2104 2117 2118
f 2104 2118 2105
f 2105 2118 2119
f 2105 2119 2106
f 2106 2119 2120
f 2106 2120 2107
f 2107 2120 2121
f 2107 2121 2108
f 2108 2121 2109
f 2108 2109 2096
f 2096 2109 2111
f 2096 2111 2097
f 2122 2123 2124
f 1221 1321 1384
f 1384 1321 2125
f 1384 2125 2112
f 2112 2125 2126
f 2112 2126 2113
f 2113 2126 2127
f 2113 2127 2114
f 2114 2127 2128
f 2114 2128 2115
f 2115 2128 2129
f 2115 2129 2116
f 2116 2129 2130
f 2116 2130 2117
f 2117 2130 2131
f 2117 2131 2118
f 2118 2131 2132
f 2118 2132 2119
f 2119 2132 2133
f 2119 2133 2120
f 2120 2133 2134
f 2120 2134 2121
f 2121 2134 2122
f 2121 2122 2109
f 2109 2122 2124
f 2109 2124 2110
f 2135 2136 2137
f 1226 1320 1321
f 1321 1320 2138
f 1321 2138 2125
f 2125 2138 2139
f 2125 2139 2126
f 2126 2139 2140
f 2126 2140 2127
f 2127 2140 2141
f 2127 2141 2128
f 2128 2141 2142
f 2128 2142 2129
f 2129 2142 2143
f 2129 2143 2130
f 2130 2143 2144
f 2130 2144 2131
f 2131 2144 2145
f 2131 2145 2132
f 2132 2145 2146
f 2132 2146 2133
f 2133 2146 2147
f 2133 2147 2134
f 2134 2147 2135
f 2134 2135 2122
f 2122 2135 2137
f 2122 2137 2123
f 1231 1319 1320
f 1320 1319 1386
f 1320 1386 2138
f 2138 1386 1388
f 2138 1388 2139
f 2139 1388 1390
f 2139 1390 2140
f 2140 1390 1392
f 2140 1392 2141
f 2141 1392 1394
f 2141 1394 2142
f 2142 1394 1396
f 2142 1396 2143
f 2143 1396 1398
f 2143 1398 2144
f 2144 1398 1400
f 2144 1400 2145
f 2145 1400 1402
f 2145 1402 2146
f 2146 1402 1404
f 2146 1404 2147
f 2147 1404 1405
f 2147 1405 2135
f 2135 1405 1406
f 2135 1406 2136
f 1317 2148 2149
f 1317 1316 2148
f 2148 1316 1314
f 2148 1314 2150
f 1314 1313 2150
f 2150 1313 1311
f 2150 1311 2151
f 2151 1311 1310
f 2151 1310 2152
f 2152 1310 1308
f 1308 1307 2152
f 2152 1307 1448
f 2152 1448 2153
f 1448 1451 2153
f 2153 1451 1450
f 2153 1450 2154
f 1450 1464 2154
f 2154 1464 1463
f 2154 1463 2155
f 1463 1477 2155
f 2155 1477 1476
f 2155 1476 2156
f 1305 2157 1489
f 1489 2157 2156
f 1489 2156 1490
f 1490 2156 1476
f 1305 1304 2157
f 2157 1304 1302
f 2157 1302 2158
f 1302 1301 2158
f 2158 1301 1299
f 2158 1299 2159
f 1299 1298 2159
f 2159 1298 1296
f 2159 1296 2160
f 2160 1296 1295
f 2160 1295 2161
f 2161 1295 1552
f 1552 1555 2161
f 2161 1555 1554
f 2161 1554 2162
f 1554 1568 2162
f 2162 1568 1567
f 2162 1567 2163
f 1594 2164 1580
f 1580 2164 2163
f 1580 2163 1581
f 1581 2163 1567
f 1594 1593 2164
f 2164 1593 1293
f 2164 1293 2165
f 1293 1292 2165
f 2165 1292 1290
f 2165 1290 2166
f 1290 1289 2166
f 2166 1289 1287
f 2166 1287 2167
f 1287 1286 2167
f 2167 1286 1284
f 2167 1284 2168
f 2168 1284 1283
f 2168 1283 2169
f 2169 1283 1281
f 1281 1280 2169
f 2169 1280 1666
f 2169 1666 2170
f 1666 1669 2170
f 2170 1669 1668
f 2170 1668 2171
f 1668 1682 2171
f 2171 1682 1681
f 2171 1681 2172
f 1681 1695 2172
f 2172 1695 1694
f 2172 1694 2173
f 1278 2174 1707
f 1707 2174 2173
f 1707 2173 1708
f 1708 2173 1694
f 1278 1277 2174
f 2174 1277 1275
f 2174 1275 2175
f 1275 1274 2175
f 2175 1274 1272
f 2175 1272 2176
f 2176 1272 1271
f 2176 1271 2177
f 1271 1269 2177
f 2177 1269 1268
f 2177 1268 2178
f 2178 1268 1770
f 1770 1773 2178
f 2178 1773 1772
f 2178 1772 2179
f 1772 1786 2179
f 2179 1786 1785
f 2179 1785 2180
f 1812 2181 1798
f 1798 2181 2180
f 1798 2180 1799
f 1799 2180 1785
f 1812 1811 2181
f 2181 1811 1266
f 2181 1266 2182
f 1266 1265 2182
f 2182 1265 1263
f 2182 1263 2183
f 1263 1262 2183
f 2183 1262 1260
f 2183 1260 2184
f 1260 1259 2184
f 2184 1259 1257
f 2184 1257 2185
f 2185 1257 1256
f 2185 1256 2186
f 2186 1256 1874
f 1874 1877 2186
f 2186 1877 1876
f 2186 1876 2187
f 1876 1890 2187
f 2187 1890 1889
f 2187 1889 2188
f 1889 1903 2188
f 2188 1903 1902
f 2188 1902 2189
f 1902 1916 2189
f 2189 1916 1915
f 2189 1915 2190
f 1254 2191 1928
f 1928 2191 2190
f 1928 2190 1929
f 1929 2190 1915
f 1254 1253 2191
f 2191 1253 1251
f 2191 1251 2192
f 1251 1250 2192
f 2192 1250 1248
f 2192 1248 2193
f 2193 1248 1247
f 2193 1247 2194
f 2194 1247 1245
f 1245 1244 2194
f 2194 1244 1991
f 2194 1991 2195
f 1991 1994 2195
f 2195 1994 1993
f 2195 1993 2196
f 1993 2007 2196
f 2196 2007 2006
f 2196 2006 2197
f 2006 2020 2197
f 2197 2020 2019
f 2197 2019 2198
f 1242 2199 2032
f 2032 2199 2198
f 2032 2198 2033
f 2033 2198 2019
f 1242 1241 2199
f 2199 1241 1239
f 2199 1239 2200
f 1239 1238 2200
f 2200 1238 1236
f 2200 1236 2201
f 1236 1235 2201
f 2201 1235 1233
f 2201 1233 2202
f 2202 1233 1232
f 2202 1232 2203
f 2203 1232 2095
f 2095 2098 2203
f 2203 2098 2097
f 2203 2097 2204
f 2097 2111 2204
f 2204 2111 2110
f 2204 2110 2205
f 2110 2124 2205
f 2205 2124 2123
f 2205 2123 2206
f 2123 2137 2206
f 2206 2137 2136
f 2206 2136 2149
f 2149 2136 1406
f 2149 1406 1317
f 2206 2207 2205
f 2205 2207 2208
f 2205 2208 2204
f 2204 2208 2209
f 2204 2209 2203
f 2203 2209 2210
f 2203 2210 2202
f 2202 2210 2211
f 2202 2211 2201
f 2201 2211 2212
f 2201 2212 2200
f 2200 2212 2213
f 2200 2213 2199
f 2199 2213 2214
f 2199 2214 2198
f 2198 2214 2215
f 2198 2215 2197
f 2197 2215 2216
f 2197 2216 2196
f 2196 2216 2217
f 2196 2217 2195
f 2195 2217 2218
f 2195 2218 2194
f 2194 2218 2219
f 2194 2219 2193
f 2193 2219 2220
f 2193 2220 2192
f 2192 2220 2221
f 2192 2221 2191
f 2191 2221 2222
f 2191 2222 2190
f 2190 2222 2223
f 2190 2223 2189
f 2189 2223 2224
f 2189 2224 2188
f 2188 2224 2225
f 2188 2225 2187
f 2187 2225 2226
f 2187 2226 2186
f 2186 2226 2227
f 2186 2227 2185
f 2185 2227 2228
f 2185 2228 2184
f 2184 2228 2229
f 2184 2229 2183
f 2183 2229 2230
f 2183 2230 2182
f 2182 2230 2231
f 2182 2231 2181
f 2181 2231 2232
f 2181 2232 2180
f 2180 2232 2233
f 2180 2233 2179
f 2179 2233 2234
f 2179 2234 2178
f 2178 2234 2235
f 2178 2235 2177
f 2177 2235 2236
f 2177 2236 2176
f 2176 2236 2237
f 2176 2237 2175
f 2175 2237 2238
f 2175 2238 2174
f 2174 2238 2239
f 2174 2239 2173
f 2173 2239 2240
f 2173 2240 2172
f 2172 2240 2241
f 2172 2241 2171
f 2171 2241 2242
f 2171 2242 2170
f 2170 2242 2243
f 2170 2243 2169
f 2169 2243 2244
f 2169 2244 2168
f 2168 2244 2245
f 2168 2245 2167
f 2167 2245 2246
f 2167 2246 2166
f 2166 2246 2247
f 2166 2247 2165
f 2165 2247 2248
f 2165 2248 2164
f 2164 2248 2249
f 2164 2249 2163
f 2163 2249 2250
f 2163 2250 2162
f 2162 2250 2251
f 2162 2251 2161
f 2161 2251 2252
f 2161 2252 2160
f 2160 2252 2253
f 2160 2253 2159
f 2159 2253 2254
f 2159 2254 2158
f 2158 2254 2255
f 2158 2255 2157
f 2157 2255 2256
f 2157 2256 2156
f 2156 2256 2257
f 2156 2257 2155
f 2155 2257 2258
f 2155 2258 2154
f 2154 2258 2259
f 2154 2259 2153
f 2153 2259 2260
f 2153 2260 2152
f 2152 2260 2261
f 2152 2261 2151
f 2151 2261 2262
f 2151 2262 2150
f 2150 2262 2263
f 2150 2263 2148
f 2148 2263 2264
f 2148 2264 2149
f 2149 2264 2265
f 2149 2265 2206
f 2206 2265 2207
f 2207 2266 2208
f 2208 2266 2267
f 2208 2267 2209
f 2209 2267 2268
f 2209 2268 2210
f 2210 2268 2269
f 2210 2269 2211
f 2211 2269 2270
f 2211 2270 2212
f 2212 2270 2271
f 2212 2271 2213
f 2213 2271 2272
f 2213 2272 2214
f 2214 2272 2273
f 2214 2273 2215
f 2215 2273 2274
f 2215 2274 2216
f 2216 2274 2275
f 2216 2275 2217
f 2217 2275 2276
f 2217 2276 2218
f 2218 2276 2277
f 2218 2277 2219
f 2219 2277 2278
f 2219 2278 2220
f 2220 2278 2279
f 2220 2279 2221
f 2221 2279 2280
f 2221 2280 2222
f 2222 2280 2281
f 2222 2281 2223
f 2223 2281 2282
f 2223 2282 2224
f 2224 2282 2283
f 2224 2283 2225
f 2225 2283 2284
f 2225 2284 2226
f 2226 2284 2285
f 2226 2285 2227
f 2227 2285 2286
f 2227 2286 2228
f 2228 2286 2287
f 2228 2287 2229
f 2229 2287 2288
f 2229 2288 2230
f 2230 2288 2289
f 2230 2289 2231
f 2231 2289 2290
f 2231 2290 2232
f 2232 2290 2291
f 2232 2291 2233
f 2233 2291 2292
f 2233 2292 2234
f 2234 2292 2293
f 2234 2293 2235
f 2235 2293 2294
f 2235 2294 2236
f 2236 2294 2295
f 2236 2295 2237
f 2237 2295 2296
f 2237 2296 2238
f 2238 2296 2297
f 2238 2297 2239
f 2239 2297 2298
f 2239 2298 2240
f 2240 2298 2299
f 2240 2299 2241
f 2241 2299 2300
f 2241 2300 2242
f 2242 2300 2301
f 2242 2301 2243
f 2243 2301 2302
f 2243 2302 2244
f 2244 2302 2303
f 2244 2303 2245
f 2245 2303 2304
f 2245 2304 2246
f 2246 2304 2305
f 2246 2305 2247
f 2247 2305 2306
f 2247 2306 2248
f 2248 2306 2307
f 2248 2307 2249
f 2249 2307 2308
f 2249 2308 2250
f 2250 2308 2309
f 2250 2309 2251
f 2251 2309 2310
f 2251 2310 2252
f 2252 2310 2311
f 2252 2311 2253
f 2253 2311 2312
f 2253 2312 2254
f 2254 2312 2313
f 2254 2313 2255
f 2255 2313 2314
f 2255 2314 2256
f 2256 2314 2315
f 2256 2315 2257
f 2257 2315 2316
f 2257 2316 2258
f 2258 2316 2317
f 2258 2317 2259
f 2259 2317 2318
f 2259 2318 2260
f 2260 2318 2319
f 2260 2319 2261
f 2261 2319 2320
f 2261 2320 2262
f 2262 2320 2321
f 2262 2321 2263
f 2263 2321 2322
f 2263 2322 2264
f 2264 2322 2323
f 2264 2323 2265
f 2265 2323 2324
f 2265 2324 2207
f 2207 2324 2266
f 2266 2325 2267
f 2267 2325 2326
f 2267 2326 2268
f 2268 2326 2327
f 2268 2327 2269
f 2269 2327 2328
f 2269 2328 2270
f 2270 2328 2329
f 2270 2329 2271
f 2271 2329 2330
f 2271 2330 2272
f 2272 2330 2331
f 2272 2331 2273
f 2273 2331 2332
f 2273 2332 2274
f 2274 2332 2333
f 2274 2333 2275
f 2275 2333 2334
f 2275 2334 2276
f 2276 2334 2335
f 2276 2335 2277
f 2277 2335 2336
f 2277 2336 2278
f 2278 2336 2337
f 2278 2337 2279
f 2279 2337 2338
f 2279 2338 2280
f 2280 2338 2339
f 2280 2339 2281
f 2281 2339 2340
f 2281 2340 2282
f 2282 2340 2341
f 2282 2341 2283
f 2283 2341 2342
f 2283 2342 2284
f 2284 2342 2343
f 2284 2343 2285
f 2285 2343 2344
f 2285 2344 2286
f 2286 2344 2345
f 2286 2345 2287
f 2287 2345 2346
f 2287 2346 2288
f 2288 2346 2347
f 2288 2347 2289
f 2289 2347 2348
f 2289 2348 2290
f 2290 2348 2349
f 2290 2349 2291
f 2291 2349 2350
f 2291 2350 2292
f 2292 2350 2351
f 2292 2351 2293
f 2293 2351 2352
f 2293 2352 2294
f 2294 2352 2353
f 2294 2353 2295
f 2295 2353 2354
f 2295 2354 2296
f 2296 2354 2355
f 2296 2355 2297
f 2297 2355 2356
f 2297 2356 2298
f 2298 2356 2357
f 2298 2357 2299
f 2299 2357 2358
f 2299 2358 2300
f 2300 2358 2359
f 2300 2359 2301
f 2301 2359 2360
f 2301 2360 2302
f 2302 2360 2361
f 2302 2361 2303
f 2303 2361 2362
f 2303 2362 2304
f 2304 2362 2363
f 2304 2363 2305
f 2305 2363 2364
f 2305 2364 2306
f 2306 2364 2365
f 2306 2365 2307
f 2307 2365 2366
f 2307 2366 2308
f 2308 2366 2367
f 2308 2367 2309
f 2309 2367 2368
f 2309 2368 2310
f 2310 2368 2369
f 2310 2369 2311
f 2311 2369 2370
f 2311 2370 2312
f 2312 2370 2371
f 2312 2371 2313
f 2313 2371 2372
f 2313 2372 2314
f 2314 2372 2373
f 2314 2373 2315
f 2315 2373 2374
f 2315 2374 2316
f 2316 2374 2375
f 2316 2375 2317
f 2317 2375 2376
f 2317 2376 2318
f 2318 2376 2377
f 2318 2377 2319
f 2319 2377 2378
f 2319 2378 2320
f 2320 2378 2379
f 2320 2379 2321
f 2321 2379 2380
f 2321 2380 2322
f 2322 2380 2381
f 2322 2381 2323
f 2323 2381 2382
f 2323 2382 2324
f 2324 2382 2383
f 2324 2383 2266
f 2266 2383 2325
f 2325 2384 2326
f 2326 2384 2385
f 2326 2385 2327
f 2327 2385 2386
f 2327 2386 2328
f 2328 2386 2387
f 2328 2387 2329
f 2329 2387 2388
f 2329 2388 2330
f 2330 2388 2389
f 2330 2389 2331
f 2331 2389 2390
f 2331 2390 2332
f 2332 2390 2391
f 2332 2391 2333
f 2333 2391 2392
f 2333 2392 2334
f 2334 2392 2393
f 2334 2393 2335
f 2335 2393 2394
f 2335 2394 2336
f 2336 2394 2395
f 2336 2395 2337
f 2337 2395 2396
f 2337 2396 2338
f 2338 2396 2397
f 2338 2397 2339
f 2339 2397 2398
f 2339 2398 2340
f 2340 2398 2399
f 2340 2399 2341
f 2341 2399 2400
f 2341 2400 2342
f 2342 2400 2401
f 2342 2401 2343
f 2343 2401 2402
f 2343 2402 2344
f 2344 2402 2403
f 2344 2403 2345
f 2345 2403 2404
f 2345 2404 2346
f 2346 2404 2405
f 2346 2405 2347
f 2347 2405 2406
f 2347 2406 2348
f 2348 2406 2407
f 2348 2407 2349
f 2349 2407 2408
f 2349 2408 2350
f 2350 2408 2409
f 2350 2409 2351
f 2351 2409 2410
f 2351 2410 2352
f 2352 2410 2411
f 2352 2411 2353
f 2353 2411 2412
f 2353 2412 2354
f 2354 2412 2413
f 2354 2413 2355
f 2355 2413 2414
f 2355 2414 2356
f 2356 2414 2415
f 2356 2415 2357
f 2357 2415 2416
f 2357 2416 2358
f 2358 2416 2417
f 2358 2417 2359
f 2359 2417 2418
f 2359 2418 2360
f 2360 2418 2419
f 2360 2419 2361
f 2361 2419 2420
f 2361 2420 2362
f 2362 2420 2421
f 2362 2421 2363
f 2363 2421 2422
f 2363 2422 2364
f 2364 2422 2423
f 2364 2423 2365
f 2365 2423 2424
f 2365 2424 2366
f 2366 2424 2425
f 2366 2425 2367
f 2367 2425 2426
f 2367 2426 2368
f 2368 2426 2427
f 2368 2427 2369
f 2369 2427 2428
f 2369 2428 2370
f 2370 2428 2429
f 2370 2429 2371
f 2371 2429 2430
f 2371 2430 2372
f 2372 2430 2431
f 2372 2431 2373
f 2373 2431 2432
f 2373 2432 2374
f 2374 2432 2433
f 2374 2433 2375
f 2375 2433 2434
f 2375 2434 2376
f 2376 2434 2435
f 2376 2435 2377
f 2377 2435 2436
f 2377 2436 2378
f 2378 2436 2437
f 2378 2437 2379
f 2379 2437 2438
f 2379 2438 2380
f 2380 2438 2439
f 2380 2439 2381
f 2381 2439 2440
f 2381 2440 2382
f 2382 2440 2441
f 2382 2441 2383
f 2383 2441 2442
f 2383 2442 2325
f 2325 2442 2384
f 2384 2443 2385
f 2385 2443 2444
f 2385 2444 2386
f 2386 2444 2445
f 2386 2445 2387
f 2387 2445 2446
f 2387 2446 2388
f 2388 2446 2447
f 2388 2447 2389
f 2389 2447 2448
f 2389 2448 2390
f 2390 2448 2449
f 2390 2449 2391
f 2391 2449 2450
f 2391 2450 2392
f 2392 2450 2451
f 2392 2451 2393
f 2393 2451 2452
f 2393 2452 2394
f 2394 2452 2453
f 2394 2453 2395
f 2395 2453 2454
f 2395 2454 2396
f 2396 2454 2455
f 2396 2455 2397
f 2397 2455 2456
f 2397 2456 2398
f 2398 2456 2457
f 2398 2457 2399
f 2399 2457 2458
f 2399 2458 2400
f 2400 2458 2459
f 2400 2459 2401
f 2401 2459 2460
f 2401 2460 2402
f 2402 2460 2461
f 2402 2461 2403
f 2403 2461 2462
f 2403 2462 2404
f 2404 2462 2463
f 2404 2463 2405
f 2405 2463 2464
f 2405 2464 2406
f 2406 2464 2465
f 2406 2465 2407
f 2407 2465 2466
f 2407 2466 2408
f 2408 2466 2467
f 2408 2467 2409
f 2409 2467 2468
f 2409 2468 2410
f 2410 2468 2469
f 2410 2469 2411
f 2411 2469 2470
f 2411 2470 2412
f 2412 2470 2471
f 2412 2471 2413
f 2413 2471 2472
f 2413 2472 2414
f 2414 2472 2473
f 2414 2473 2415
f 2415 2473 2474
f 2415 2474 2416
f 2416 2474 2475
f 2416 2475 2417
f 2417 2475 2476
f 2417 2476 2418
f 2418 2476 2477
f 2418 2477 2419
f 2419 2477 2478
f 2419 2478 2420
f 2420 2478 2479
f 2420 2479 2421
f 2421 2479 2480
f 2421 2480 2422
f 2422 2480 2481
f 2422 2481 2423
f 2423 2481 2482
f 2423 2482 2424
f 2424 2482 2483
f 2424 2483 2425
f 2425 2483 2484
f 2425 2484 2426
f 2426 2484 2485
f 2426 2485 2427
f 2427 2485 2486
f 2427 2486 2428
f 2428 2486 2487
f 2428 2487 2429
f 2429 2487 2488
f 2429 2488 2430
f 2430 2488 2489
f 2430 2489 2431
f 2431 2489 2490
f 2431 2490 2432
f 2432 2490 2491
f 2432 2491 2433
f 2433 2491 2492
f 2433 2492 2434
f 2434 2492 2493
f 2434 2493 2435
f 2435 2493 2494
f 2435 2494 2436
f 2436 2494 2495
f 2436 2495 2437
f 2437 2495 2496
f 2437 2496 2438
f 2438 2496 2497
f 2438 2497 2439
f 2439 2497 2498
f 2439 2498 2440
f 2440 2498 2499
f 2440 2499 2441
f 2441 2499 2500
f 2441 2500 2442
f 2442 2500 2501
f 2442 2501 2384
f 2384 2501 2443
f 2443 2502 2444
f 2444 2502 2503
f 2444 2503 2445
f 2445 2503 2504
f 2445 2504 2446
f 2446 2504 2505
f 2446 2505 2447
f 2447 2505 2506
f 2447 2506 2448
f 2448 2506 2507
f 2448 2507 2449
f 2449 2507 2508
f 2449 2508 2450
f 2450 2508 2509
f 2450 2509 2451
f 2451 2509 2510
f 2451 2510 2452
f 2452 2510 2511
f 2452 2511 2453
f 2453 2511 2512
f 2453 2512 2454
f 2454 2512 2513
f 2454 2513 2455
f 2455 2513 2514
f 2455 2514 2456
f 2456 2514 2515
f 2456 2515 2457
f 2457 2515 2516
f 2457 2516 2458
f 2458 2516 2517
f 2458 2517 2459
f 2459 2517 2518
f 2459 2518 2460
f 2460 2518 2519
f 2460 2519 2461
f 2461 2519 2520
f 2461 2520 2462
f 2462 2520 2521
f 2462 2521 2463
f 2463 2521 2522
f 2463 2522 2464
f 2464 2522 2523
f 2464 2523 2465
f 2465 2523 2524
f 2465 2524 2466
f 2466 2524 2525
f 2466 2525 2467
f 2467 2525 2526
f 2467 2526 2468
f 2468 2526 2527
f 2468 2527 2469
f 2469 2527 2528
f 2469 2528 2470
f 2470 2528 2529
f 2470 2529 2471
f 2471 2529 2530
f 2471 2530 2472
f 2472 2530 2531
f 2472 2531 2473
f 2473 2531 2532
f 2473 2532 2474
f 2474 2532 2533
f 2474 2533 2475
f 2475 2533 2534
f 2475 2534 2476
f 2476 2534 2535
f 2476 2535 2477
f 2477 2535 2536
f 2477 2536 2478
f 2478 2536 2537
f 2478 2537 2479
f 2479 2537 2538
f 2479 2538 2480
f 2480 2538 2539
f 2480 2539 2481
f 2481 2539 2540
f 2481 2540 2482
f 2482 2540 2541
f 2482 2541 2483
f 2483 2541 2542
f 2483 2542 2484
f 2484 2542 2543
f 2484 2543 2485
f 2485 2543 2544
f 2485 2544 2486
f 2486 2544 2545
f 2486 2545 2487
f 2487 2545 2546
f 2487 2546 2488
f 2488 2546 2547
f 2488 2547 2489
f 2489 2547 2548
f 2489 2548 2490
f 2490 2548 2549
f 2490 2549 2491
f 2491 2549 2550
f 2491 2550 2492
f 2492 2550 2551
f 2492 2551 2493
f 2493 2551 2552
f 2493 2552 2494
f 2494 2552 2553
f 2494 2553 2495
f 2495 2553 2554
f 2495 2554 2496
f 2496 2554 2555
f 2496 2555 2497
f 2497 2555 2556
f 2497 2556 2498
f 2498 2556 2557
f 2498 2557 2499
f 2499 2557 2558
f 2499 2558 2500
f 2500 2558 2559
f 2500 2559 2501
f 2501 2559 2560
f 2501 2560 2443
f 2443 2560 2502
f 2502 2561 2503
f 2503 2561 2562
f 2503 2562 2504
f 2504 2562 2563
f 2504 2563 2505
f 2505 2563 2564
f 2505 2564 2506
f 2506 2564 2565
f 2506 2565 2507
f 2507 2565 2566
f 2507 2566 2508
f 2508 2566 2567
f 2508 2567 2509
f 2509 2567 2568
f 2509 2568 2510
f 2510 2568 2569
f 2510 2569 2511
f 2511 2569 2570
f 2511 2570 2512
f 2512 2570 2571
f 2512 2571 2513
f 2513 2571 2572
f 2513 2572 2514
f 2514 2572 2573
f 2514 2573 2515
f 2515 2573 2574
f 2515 2574 2516
f 2516 2574 2575
f 2516 2575 2517
f 2517 2575 2576
f 2517 2576 2518
f 2518 2576 2577
f 2518 2577 2519
f 2519 2577 2578
f 2519 2578 2520
f 2520 2578 2579
f 2520 2579 2521
f 2521 2579 2580
f 2521 2580 2522
f 2522 2580 2581
f 2522 2581 2523
f 2523 2581 2582
f 2523 2582 2524
f 2524 2582 2583
f 2524 2583 2525
f 2525 2583 2584
f 2525 2584 2526
f 2526 2584 2585
f 2526 2585 2527
f 2527 2585 2586
f 2527 2586 2528
f 2528 2586 2587
f 2528 2587 2529
f 2529 2587 2588
f 2529 2588 2530
f 2530 2588 2589
f 2530 2589 2531
f 2531 2589 2590
f 2531 2590 2532
f 2532 2590 2591
f 2532 2591 2533
f 2533 2591 2592
f 2533 2592 2534
f 2534 2592 2593
f 2534 2593 2535
f 2535 2593 2594
f 2535 2594 2536
f 2536 2594 2595
f 2536 2595 2537
f 2537 2595 2596
f 2537 2596 2538
f 2538 2596 2597
f 2538 2597 2539
f 2539 2597 2598
f 2539 2598 2540
f 2540 2598 2599
f 2540 2599 2541
f 2541 2599 2600
f 2541 2600 2542
f 2542 2600 2601
f 2542 2601 2543
f 2543 2601 2602
f 2543 2602 2544
f 2544 2602 2603
f 2544 2603 2545
f 2545 2603 2604
f 2545 2604 2546
f 2546 2604 2605
f 2546 2605 2547
f 2547 2605 2606
f 2547 2606 2548
f 2548 2606 2607
f 2548 2607 2549
f 2549 2607 2608
f 2549 2608 2550
f 2550 2608 2609
f 2550 2609 2551
f 2551 2609 2610
f 2551 2610 2552
f 2552 2610 2611
f 2552 2611 2553
f 2553 2611 2612
f 2553 2612 2554
f 2554 2612 2613
f 2554 2613 2555
f 2555 2613 2614
f 2555 2614 2556
f 2556 2614 2615
f 2556 2615 2557
f 2557 2615 2616
f 2557 2616 2558
f 2558 2616 2617
f 2558 2617 2559
f 2559 2617 2618
f 2559 2618 2560
f 2560 2618 2619
f 2560 2619 2502
f 2502 2619 2561
f 2561 2620 2562
f 2562 2620 2621
f 2562 2621 2563
f 2563 2621 2622
f 2563 2622 2564
f 2564 2622 2623
f 2564 2623 2565
f 2565 2623 2624
f 2565 2624 2566
f 2566 2624 2625
f 2566 2625 2567
f 2567 2625 2626
f 2567 2626 2568
f 2568 2626 2627
f 2568 2627 2569
f 2569 2627 2628
f 2569 2628 2570
f 2570 2628 2629
f 2570 2629 2571
f 2571 2629 2630
f 2571 2630 2572
f 2572 2630 2631
f 2572 2631 2573
f 2573 2631 2632
f 2573 2632 2574
f 2574 2632 2633
f 2574 2633 2575
f 2575 2633 2634
f 2575 2634 2576
f 2576 2634 2635
f 2576 2635 2577
f 2577 2635 2636
f 2577 2636 2578
f 2578 2636 2637
f 2578 2637 2579
f 2579 2637 2638
f 2579 2638 2580
f 2580 2638 2639
f 2580 2639 2581
f 2581 2639 2640
f 2581 2640 2582
f 2582 2640 2641
f 2582 2641 2583
f 2583 2641 2642
f 2583 2642 2584
f 2584 2642 2643
f 2584 2643 2585
f 2585 2643 2644
f 2585 2644 2586
f 2586 2644 2645
f 2586 2645 2587
f 2587 2645 2646
f 2587 2646 2588
f 2588 2646 2647
f 2588 2647 2589
f 2589 2647 2648
f 2589 2648 2590
f 2590 2648 2649
f 2590 2649 2591
f 2591 2649 2650
f 2591 2650 2592
f 2592 2650 2651
f 2592 2651 2593
f 2593 2651 2652
f 2593 2652 2594
f 2594 2652 2653
f 2594 2653 2595
f 2595 2653 2654
f 2595 2654 2596
f 2596 2654 2655
f 2596 2655 2597
f 2597 2655 2656
f 2597 2656 2598
f 2598 2656 2657
f 2598 2657 2599
f 2599 2657 2658
f 2599 2658 2600
f 2600 2658 2659
f 2600 2659 2601
f 2601 2659 2660
f 2601 2660 2602
f 2602 2660 2661
f 2602 2661 2603
f 2603 2661 2662
f 2603 2662 2604
f 2604 2662 2663
f 2604 2663 2605
f 2605 2663 2664
f 2605 2664 2606
f 2606 2664 2665
f 2606 2665 2607
f 2607 2665 2666
f 2607 2666 2608
f 2608 2666 2667
f 2608 2667 2609
f 2609 2667 2668
f 2609 2668 2610
f 2610 2668 2669
f 2610 2669 2611
f 2611 2669 2670
f 2611 2670 2612
f 2612 2670 2671
f 2612 2671 2613
f 2613 2671 2672
f 2613 2672 2614
f 2614 2672 2673
f 2614 2673 2615
f 2615 2673 2674
f 2615 2674 2616
f 2616 2674 2675
f 2616 2675 2617
f 2617 2675 2676
f 2617 2676 2618
f 2618 2676 2677
f 2618 2677 2619
f 2619 2677 2678
f 2619 2678 2561
f 2561 2678 2620
f 2679 2651 2680
f 2680 2651 2650
f 2680 2650 2681
f 2681 2650 2649
f 2681 2649 2682
f 2682 2649 2648
f 2682 2648 2683
f 2684 2655 2685
f 2685 2655 2654
f 2685 2654 2686
f 2686 2654 2653
f 2686 2653 2679
f 2679 2653 2652
f 2679 2652 2651
f 2687 2642 2688
f 2688 2642 2641
f 2688 2641 2689
f 2689 2641 2640
f 2689 2640 2690
f 2648 2647 2683
f 2683 2647 2646
f 2683 2646 2691
f 2691 2646 2645
f 2691 2645 2692
f 2692 2645 2644
f 2692 2644 2687
f 2687 2644 2643
f 2687 2643 2642
f 2693 2659 2694
f 2694 2659 2658
f 2694 2658 2695
f 2695 2658 2657
f 2695 2657 2684
f 2684 2657 2656
f 2684 2656 2655
f 2696 2634 2697
f 2697 2634 2633
f 2697 2633 2698
f 2698 2633 2632
f 2698 2632 2699
f 2640 2639 2690
f 2690 2639 2638
f 2690 2638 2700
f 2700 2638 2637
f 2700 2637 2701
f 2701 2637 2636
f 2701 2636 2696
f 2696 2636 2635
f 2696 2635 2634
f 2702 2672 2703
f 2703 2672 2671
f 2703 2671 2704
f 2704 2671 2670
f 2704 2670 2705
f 2705 2670 2669
f 2705 2669 2706
f 2707 2663 2708
f 2708 2663 2662
f 2708 2662 2709
f 2709 2662 2661
f 2709 2661 2693
f 2693 2661 2660
f 2693 2660 2659
f 2669 2668 2706
f 2706 2668 2667
f 2706 2667 2710
f 2710 2667 2666
f 2710 2666 2711
f 2711 2666 2665
f 2711 2665 2707
f 2707 2665 2664
f 2707 2664 2663
f 2712 2676 2713
f 2713 2676 2675
f 2713 2675 2714
f 2714 2675 2674
f 2714 2674 2702
f 2702 2674 2673
f 2702 2673 2672
f 2715 2621 2716
f 2716 2621 2620
f 2716 2620 2717
f 2717 2620 2678
f 2717 2678 2712
f 2712 2678 2677
f 2712 2677 2676
f 2718 2625 2719
f 2719 2625 2624
f 2719 2624 2720
f 2720 2624 2623
f 2720 2623 2715
f 2715 2623 2622
f 2715 2622 2621
f 2632 2631 2699
f 2699 2631 2630
f 2699 2630 2721
f 2721 2630 2629
f 2721 2629 2722
f 2722 2629 2628
f 2722 2628 2723
f 2723 2628 2627
f 2723 2627 2718
f 2718 2627 2626
f 2718 2626 2625
f 2724 2725 2726
f 2727 2728 2729
f 2730 2731 2732
f 2733 2734 2735
f 2736 2737 2738
f 2739 2740 2741
f 2742 2743 2744
f 2745 2746 2747
f 2748 2749 2750
f 2751 2752 2753
f 2754 2755 2756
f 2757 2758 2759
f 2760 2761 2762
f 2763 2764 2765
f 2766 2767 2768
f 2769 2770 2771
f 2772 2773 2774
f 2775 2776 2777
f 2778 2779 2780
f 2781 2782 2783
f 2784 2785 2786
f 2718 2719 2787
f 2787 2719 2788
f 2787 2788 2789
f 2789 2788 2790
f 2789 2790 2791
f 2791 2790 2792
f 2791 2792 2793
f 2793 2792 2794
f 2793 2794 2795
f 2795 2794 2796
f 2795 2796 2797
f 2797 2796 2798
f 2719 2720 2788
f 2788 2720 2799
f 2788 2799 2790
f 2790 2799 2800
f 2790 2800 2792
f 2792 2800 2801
f 2792 2801 2794
f 2794 2801 2802
f 2794 2802 2796
f 2796 2802 2803
f 2796 2803 2798
f 2798 2803 2804
f 2798 2804 2805
f 2805 2804 2806
f 2712 2713 2807
f 2807 2713 2808
f 2807 2808 2809
f 2809 2808 2810
f 2809 2810 2811
f 2811 2810 2812
f 2811 2812 2813
f 2813 2812 2814
f 2813 2814 2815
f 2815 2814 2816
f 2815 2816 2817
f 2817 2816 2818
f 2713 2714 2808
f 2808 2714 2819
f 2808 2819 2810
f 2810 2819 2820
f 2810 2820 2812
f 2812 2820 2821
f 2812 2821 2814
f 2814 2821 2822
f 2814 2822 2816
f 2816 2822 2823
f 2816 2823 2818
f 2818 2823 2824
f 2818 2824 2825
f 2825 2824 2826
f 2706 2710 2827
f 2827 2710 2828
f 2827 2828 2829
f 2829 2828 2830
f 2829 2830 2831
f 2831 2830 2832
f 2831 2832 2833
f 2833 2832 2834
f 2833 2834 2835
f 2835 2834 2836
f 2835 2836 2837
f 2837 2836 2838
f 2837 2838 2839
f 2839 2838 2840
f 2708 2709 2841
f 2841 2709 2842
f 2841 2842 2843
f 2843 2842 2844
f 2843 2844 2845
f 2845 2844 2846
f 2845 2846 2847
f 2847 2846 2848
f 2847 2848 2849
f 2849 2848 2850
f 2849 2850 2851
f 2851 2850 2852
f 2709 2693 2842
f 2842 2693 2853
f 2842 2853 2844
f 2844 2853 2854
f 2844 2854 2846
f 2846 2854 2855
f 2846 2855 2848
f 2848 2855 2856
f 2848 2856 2850
f 2850 2856 2857
f 2850 2857 2852
f 2852 2857 2858
f 2852 2858 2859
f 2859 2858 2860
f 2685 2686 2861
f 2861 2686 2862
f 2861 2862 2863
f 2863 2862 2864
f 2863 2864 2865
f 2865 2864 2866
f 2865 2866 2867
f 2867 2866 2868
f 2867 2868 2869
f 2869 2868 2870
f 2869 2870 2871
f 2871 2870 2872
f 2686 2679 2862
f 2862 2679 2873
f 2862 2873 2864
f 2864 2873 2874
f 2864 2874 2866
f 2866 2874 2875
f 2866 2875 2868
f 2868 2875 2876
f 2868 2876 2870
f 2870 2876 2877
f 2870 2877 2872
f 2872 2877 2878
f 2872 2878 2879
f 2879 2878 2880
f 2682 2683 2881
f 2881 2683 2882
f 2881 2882 2883
f 2883 2882 2884
f 2883 2884 2885
f 2885 2884 2886
f 2885 2886 2887
f 2887 2886 2888
f 2887 2888 2889
f 2889 2888 2890
f 2889 2890 2891
f 2891 2890 2892
f 2683 2691 2882
f 2882 2691 2893
f 2882 2893 2884
f 2884 2893 2894
f 2884 2894 2886
f 2886 2894 2895
f 2886 2895 2888
f 2888 2895 2896
f 2888 2896 2890
f 2890 2896 2897
f 2890 2897 2892
f 2892 2897 2898
f 2892 2898 2899
f 2899 2898 2900
f 2689 2690 2901
f 2901 2690 2902
f 2901 2902 2903
f 2903 2902 2904
f 2903 2904 2905
f 2905 2904 2906
f 2905 2906 2907
f 2907 2906 2908
f 2907 2908 2909
f 2909 2908 2910
f 2909 2910 2911
f 2911 2910 2912
f 2690 2700 2902
f 2902 2700 2913
f 2902 2913 2904
f 2904 2913 2914
f 2904 2914 2906
f 2906 2914 2915
f 2906 2915 2908
f 2908 2915 2916
f 2908 2916 2910
f 2910 2916 2917
f 2910 2917 2912
f 2912 2917 2918
f 2912 2918 2919
f 2919 2918 2920
f 2698 2699 2921
f 2921 2699 2922
f 2921 2922 2923
f 2923 2922 2924
f 2923 2924 2925
f 2925 2924 2926
f 2925 2926 2927
f 2927 2926 2928
f 2927 2928 2929
f 2929 2928 2930
f 2929 2930 2931
f 2931 2930 2932
f 2699 2721 2922
f 2922 2721 2933
f 2922 2933 2924
f 2924 2933 2934
f 2924 2934 2926
f 2926 2934 2935
f 2926 2935 2928
f 2928 2935 2936
f 2928 2936 2930
f 2930 2936 2937
f 2930 2937 2932
f 2932 2937 2938
f 2932 2938 2939
f 2939 2938 2940
f 2723 2718 2941
f 2941 2718 2787
f 2941 2787 2942
f 2942 2787 2789
f 2942 2789 2943
f 2943 2789 2791
f 2943 2791 2944
f 2944 2791 2793
f 2944 2793 2945
f 2945 2793 2795
f 2945 2795 2786
f 2786 2795 2797
f 2786 2797 2784
f 2805 2946 2798
f 2798 2946 2947
f 2798 2947 2797
f 2797 2947 2948
f 2797 2948 2784
f 2782 2806 2783
f 2783 2806 2804
f 2783 2804 2949
f 2949 2804 2803
f 2949 2803 2950
f 2950 2803 2802
f 2950 2802 2951
f 2951 2802 2801
f 2951 2801 2952
f 2952 2801 2800
f 2952 2800 2953
f 2953 2800 2799
f 2953 2799 2715
f 2715 2799 2720
f 2779 2781 2780
f 2780 2781 2783
f 2780 2783 2954
f 2954 2783 2949
f 2954 2949 2955
f 2955 2949 2950
f 2955 2950 2956
f 2956 2950 2951
f 2956 2951 2957
f 2957 2951 2952
f 2957 2952 2958
f 2958 2952 2953
f 2958 2953 2716
f 2716 2953 2715
f 2776 2778 2777
f 2777 2778 2780
f 2777 2780 2959
f 2959 2780 2954
f 2959 2954 2960
f 2960 2954 2955
f 2960 2955 2961
f 2961 2955 2956
f 2961 2956 2962
f 2962 2956 2957
f 2962 2957 2963
f 2963 2957 2958
f 2963 2958 2717
f 2717 2958 2716
f 2717 2712 2963
f 2963 2712 2807
f 2963 2807 2962
f 2962 2807 2809
f 2962 2809 2961
f 2961 2809 2811
f 2961 2811 2960
f 2960 2811 2813
f 2960 2813 2959
f 2959 2813 2815
f 2959 2815 2777
f 2777 2815 2817
f 2777 2817 2775
f 2825 2964 2818
f 2818 2964 2965
f 2818 2965 2817
f 2817 2965 2966
f 2817 2966 2775
f 2773 2826 2774
f 2774 2826 2824
f 2774 2824 2967
f 2967 2824 2823
f 2967 2823 2968
f 2968 2823 2822
f 2968 2822 2969
f 2969 2822 2821
f 2969 2821 2970
f 2970 2821 2820
f 2970 2820 2971
f 2971 2820 2819
f 2971 2819 2702
f 2702 2819 2714
f 2770 2772 2771
f 2771 2772 2774
f 2771 2774 2972
f 2972 2774 2967
f 2972 2967 2973
f 2973 2967 2968
f 2973 2968 2974
f 2974 2968 2969
f 2974 2969 2975
f 2975 2969 2970
f 2975 2970 2976
f 2976 2970 2971
f 2976 2971 2703
f 2703 2971 2702
f 2767 2769 2768
f 2768 2769 2771
f 2768 2771 2977
f 2977 2771 2972
f 2977 2972 2978
f 2978 2972 2973
f 2978 2973 2979
f 2979 2973 2974
f 2979 2974 2980
f 2980 2974 2975
f 2980 2975 2981
f 2981 2975 2976
f 2981 2976 2704
f 2704 2976 2703
f 2704 2705 2981
f 2981 2705 2982
f 2981 2982 2980
f 2980 2982 2983
f 2980 2983 2979
f 2979 2983 2984
f 2979 2984 2978
f 2978 2984 2985
f 2978 2985 2977
f 2977 2985 2986
f 2977 2986 2768
f 2768 2986 2987
f 2768 2987 2766
f 2988 2989 2987
f 2987 2989 2990
f 2987 2990 2766
f 2705 2706 2982
f 2982 2706 2827
f 2982 2827 2983
f 2983 2827 2829
f 2983 2829 2984
f 2984 2829 2831
f 2984 2831 2985
f 2985 2831 2833
f 2985 2833 2986
f 2986 2833 2835
f 2986 2835 2987
f 2987 2835 2837
f 2987 2837 2988
f 2988 2837 2839
f 2764 2840 2765
f 2765 2840 2838
f 2765 2838 2991
f 2991 2838 2836
f 2991 2836 2992
f 2992 2836 2834
f 2992 2834 2993
f 2993 2834 2832
f 2993 2832 2994
f 2994 2832 2830
f 2994 2830 2995
f 2995 2830 2828
f 2995 2828 2711
f 2711 2828 2710
f 2761 2763 2762
f 2762 2763 2765
f 2762 2765 2996
f 2996 2765 2991
f 2996 2991 2997
f 2997 2991 2992
f 2997 2992 2998
f 2998 2992 2993
f 2998 2993 2999
f 2999 2993 2994
f 2999 2994 3000
f 3000 2994 2995
f 3000 2995 2707
f 2707 2995 2711
f 2707 2708 3000
f 3000 2708 2841
f 3000 2841 2999
f 2999 2841 2843
f 2999 2843 2998
f 2998 2843 2845
f 2998 2845 2997
f 2997 2845 2847
f 2997 2847 2996
f 2996 2847 2849
f 2996 2849 2762
f 2762 2849 2851
f 2762 2851 2760
f 2859 3001 2852
f 2852 3001 3002
f 2852 3002 2851
f 2851 3002 3003
f 2851 3003 2760
f 2758 2860 2759
f 2759 2860 2858
f 2759 2858 3004
f 3004 2858 2857
f 3004 2857 3005
f 3005 2857 2856
f 3005 2856 3006
f 3006 2856 2855
f 3006 2855 3007
f 3007 2855 2854
f 3007 2854 3008
f 3008 2854 2853
f 3008 2853 2694
f 2694 2853 2693
f 2755 2757 2756
f 2756 2757 2759
f 2756 2759 3009
f 3009 2759 3004
f 3009 3004 3010
f 3010 3004 3005
f 3010 3005 3011
f 3011 3005 3006
f 3011 3006 3012
f 3012 3006 3007
f 3012 3007 3013
f 3013 3007 3008
f 3013 3008 2695
f 2695 3008 2694
f 2752 2754 2753
f 2753 2754 2756
f 2753 2756 3014
f 3014 2756 3009
f 3014 3009 3015
f 3015 3009 3010
f 3015 3010 3016
f 3016 3010 3011
f 3016 3011 3017
f 3017 3011 3012
f 3017 3012 3018
f 3018 3012 3013
f 3018 3013 2684
f 2684 3013 2695
f 2684 2685 3018
f 3018 2685 2861
f 3018 2861 3017
f 3017 2861 2863
f 3017 2863 3016
f 3016 2863 2865
f 3016 2865 3015
f 3015 2865 2867
f 3015 2867 3014
f 3014 2867 2869
f 3014 2869 2753
f 2753 2869 2871
f 2753 2871 2751
f 2879 3019 2872
f 2872 3019 3020
f 2872 3020 2871
f 2871 3020 3021
f 2871 3021 2751
f 2749 2880 2750
f 2750 2880 2878
f 2750 2878 3022
f 3022 2878 2877
f 3022 2877 3023
f 3023 2877 2876
f 3023 2876 3024
f 3024 2876 2875
f 3024 2875 3025
f 3025 2875 2874
f 3025 2874 3026
f 3026 2874 2873
f 3026 2873 2680
f 2680 2873 2679
f 2746 2748 2747
f 2747 2748 2750
f 2747 2750 3027
f 3027 2750 3022
f 3027 3022 3028
f 3028 3022 3023
f 3028 3023 3029
f 3029 3023 3024
f 3029 3024 3030
f 3030 3024 3025
f 3030 3025 3031
f 3031 3025 3026
f 3031 3026 2681
f 2681 3026 2680
f 2681 2682 3031
f 3031 2682 2881
f 3031 2881 3030
f 3030 2881 2883
f 3030 2883 3029
f 3029 2883 2885
f 3029 2885 3028
f 3028 2885 2887
f 3028 2887 3027
f 3027 2887 2889
f 3027 2889 2747
f 2747 2889 2891
f 2747 2891 2745
f 2899 3032 2892
f 2892 3032 3033
f 2892 3033 2891
f 2891 3033 3034
f 2891 3034 2745
f 2743 2900 2744
f 2744 2900 2898
f 2744 2898 3035
f 3035 2898 2897
f 3035 2897 3036
f 3036 2897 2896
f 3036 2896 3037
f 3037 2896 2895
f 3037 2895 3038
f 3038 2895 2894
f 3038 2894 3039
f 3039 2894 2893
f 3039 2893 2692
f 2692 2893 2691
f 2740 2742 2741
f 2741 2742 2744
f 2741 2744 3040
f 3040 2744 3035
f 3040 3035 3041
f 3041 3035 3036
f 3041 3036 3042
f 3042 3036 3037
f 3042 3037 3043
f 3043 3037 3038
f 3043 3038 3044
f 3044 3038 3039
f 3044 3039 2687
f 2687 3039 2692
f 2737 2739 2738
f 2738 2739 2741
f 2738 2741 3045
f 3045 2741 3040
f 3045 3040 3046
f 3046 3040 3041
f 3046 3041 3047
f 3047 3041 3042
f 3047 3042 3048
f 3048 3042 3043
f 3048 3043 3049
f 3049 3043 3044
f 3049 3044 2688
f 2688 3044 2687
f 2688 2689 3049
f 3049 2689 2901
f 3049 2901 3048
f 3048 2901 2903
f 3048 2903 3047
f 3047 2903 2905
f 3047 2905 3046
f 3046 2905 2907
f 3046 2907 3045
f 3045 2907 2909
f 3045 2909 2738
f 2738 2909 2911
f 2738 2911 2736
f 2919 3050 2912
f 2912 3050 3051
f 2912 3051 2911
f 2911 3051 3052
f 2911 3052 2736
f 2734 2920 2735
f 2735 2920 2918
f 2735 2918 3053
f 3053 2918 2917
f 3053 2917 3054
f 3054 2917 2916
f 3054 2916 3055
f 3055 2916 2915
f 3055 2915 3056
f 3056 2915 2914
f 3056 2914 3057
f 3057 2914 2913
f 3057 2913 2701
f 2701 2913 2700
f 2731 2733 2732
f 2732 2733 2735
f 2732 2735 3058
f 3058 2735 3053
f 3058 3053 3059
f 3059 3053 3054
f 3059 3054 3060
f 3060 3054 3055
f 3060 3055 3061
f 3061 3055 3056
f 3061 3056 3062
f 3062 3056 3057
f 3062 3057 2696
f 2696 3057 2701
f 2728 2730 2729
f 2729 2730 2732
f 2729 2732 3063
f 3063 2732 3058
f 3063 3058 3064
f 3064 3058 3059
f 3064 3059 3065
f 3065 3059 3060
f 3065 3060 3066
f 3066 3060 3061
f 3066 3061 3067
f 3067 3061 3062
f 3067 3062 2697
f 2697 3062 2696
f 2697 2698 3067
f 3067 2698 2921
f 3067 2921 3066
f 3066 2921 2923
f 3066 2923 3065
f 3065 2923 2925
f 3065 2925 3064
f 3064 2925 2927
f 3064 2927 3063
f 3063 2927 2929
f 3063 2929 2729
f 2729 2929 2931
f 2729 2931 2727
f 2939 3068 2932
f 2932 3068 3069
f 2932 3069 2931
f 2931 3069 3070
f 2931 3070 2727
f 2725 2940 2726
f 2726 2940 2938
f 2726 2938 3071
f 3071 2938 2937
f 3071 2937 3072
f 3072 2937 2936
f 3072 2936 3073
f 3073 2936 2935
f 3073 2935 3074
f 3074 2935 2934
f 3074 2934 3075
f 3075 2934 2933
f 3075 2933 2722
f 2722 2933 2721
f 2785 2724 2786
f 2786 2724 2726
f 2786 2726 2945
f 2945 2726 3071
f 2945 3071 2944
f 2944 3071 3072
f 2944 3072 2943
f 2943 3072 3073
f 2943 3073 2942
f 2942 3073 3074
f 2942 3074 2941
f 2941 3074 3075
f 2941 3075 2723
f 2723 3075 2722
f 3076 3077 2988
f 2988 3077 3078
f 2988 3078 2989
f 2989 3078 3079
f 2989 3079 2990
f 2990 3079 3080
f 2990 3080 2766
f 2766 3080 3081
f 2766 3081 2767
f 2767 3081 3082
f 2767 3082 2769
f 2769 3082 3083
f 2769 3083 2770
f 2770 3083 3084
f 2770 3084 2772
f 2772 3084 3085
f 2772 3085 2773
f 2939 3086 3068
f 3068 3086 3087
f 3068 3087 3069
f 3085 3088 2773
f 2773 3088 3089
f 2773 3089 2826
f 2826 3089 3090
f 2826 3090 2825
f 2825 3090 3091
f 2825 3091 2964
f 2964 3091 3092
f 2964 3092 2965
f 2965 3092 3093
f 2965 3093 2966
f 2966 3093 3094
f 2966 3094 2775
f 2775 3094 3095
f 2775 3095 2776
f 2776 3095 3096
f 2776 3096 2778
f 2778 3096 3097
f 2778 3097 2779
f 2779 3097 3098
f 2779 3098 2781
f 2781 3098 3099
f 2781 3099 2782
f 2782 3099 3100
f 2782 3100 2806
f 2806 3100 3101
f 2806 3101 2805
f 2805 3101 3102
f 2805 3102 2946
f 2946 3102 3103
f 2946 3103 2947
f 2947 3103 3104
f 2947 3104 2948
f 2948 3104 3105
f 2948 3105 2784
f 2784 3105 3106
f 2784 3106 2785
f 2785 3106 3107
f 2785 3107 2724
f 2724 3107 3108
f 2724 3108 2725
f 2725 3108 3109
f 2725 3109 2940
f 2940 3109 3110
f 2940 3110 2939
f 2939 3110 3111
f 2939 3111 3086
f 3069 3087 3070
f 3070 3087 3112
f 3070 3112 2727
f 2727 3112 3113
f 2727 3113 2728
f 2728 3113 3114
f 2728 3114 2730
f 2730 3114 3115
f 2730 3115 2731
f 3115 3116 2731
f 2731 3116 3117
f 2731 3117 2733
f 2733 3117 3118
f 2733 3118 2734
f 2734 3118 3119
f 2734 3119 2920
f 2920 3119 3120
f 2920 3120 2919
f 2919 3120 3121
f 2919 3121 3050
f 3050 3121 3122
f 3050 3122 3051
f 3051 3122 3123
f 3051 3123 3052
f 3052 3123 3124
f 3052 3124 2736
f 2736 3124 3125
f 2736 3125 2737
f 2737 3125 3126
f 2737 3126 2739
f 2739 3126 3127
f 2739 3127 2740
f 2740 3127 3128
f 2740 3128 2742
f 2742 3128 3129
f 2742 3129 2743
f 2743 3129 3130
f 2743 3130 2900
f 2900 3130 3131
f 2900 3131 2899
f 2899 3131 3132
f 2899 3132 3032
f 3032 3132 3133
f 3032 3133 3033
f 3033 3133 3134
f 3033 3134 3034
f 3034 3134 3135
f 3034 3135 2745
f 2745 3135 3136
f 2745 3136 2746
f 2746 3136 3137
f 2746 3137 2748
f 2748 3137 3138
f 2748 3138 2749
f 3139 3021 3140
f 3140 3021 3020
f 3140 3020 3141
f 3141 3020 3019
f 3141 3019 3142
f 3142 3019 2879
f 3142 2879 3143
f 3143 2879 2880
f 3143 2880 3144
f 3144 2880 2749
f 3144 2749 3145
f 3145 2749 3138
f 2988 2839 3076
f 3076 2839 2840
f 3076 2840 3146
f 3146 2840 2764
f 3146 2764 3147
f 3147 2764 2763
f 3147 2763 3148
f 3148 2763 2761
f 3148 2761 3149
f 3149 2761 2760
f 3149 2760 3150
f 3150 2760 3003
f 3150 3003 3151
f 3151 3003 3002
f 3151 3002 3152
f 3152 3002 3001
f 3152 3001 3153
f 3153 3001 2859
f 3153 2859 3154
f 3154 2859 2860
f 3154 2860 3155
f 3155 2860 2758
f 3155 2758 3156
f 3156 2758 2757
f 3156 2757 3157
f 3157 2757 2755
f 3157 2755 3158
f 3158 2755 2754
f 3158 2754 3159
f 3159 2754 2752
f 3159 2752 3139
f 3139 2752 2751
f 3139 2751 3021
f 3160 3161 3162
f 3163 3164 3165
f 3166 3167 3168
f 3169 3170 3171
f 3172 3173 3174
f 3175 3176 3177
f 3178 3179 3180
f 3181 3182 3183
f 3184 3185 3186
f 3187 3188 3189
f 3190 3191 3192
f 3193 3194 3195
f 3196 3197 3198
f 3199 3200 3201
f 3108 3107 3202
f 3087 3086 3203
f 3118 3117 3204
f 3136 3135 3199
f 3138 3137 3205
f 3144 3145 3206
f 3139 3140 3207
f 3158 3159 3208
f 3154 3155 3209
f 3152 3153 3210
f 3150 3151 3211
f 3076 3146 3212
f 3078 3077 3213
f 3083 3082 3214
f 3085 3084 3215
f 3089 3088 3216
f 3092 3091 3217
f 3094 3093 3218
f 3096 3095 3219
f 3101 3100 3220
f 3103 3102 3221
f 3105 3104 3222
f 3098 3097 3223
f 3080 3079 3224
f 3148 3149 3225
f 3142 3143 3226
f 3199 3135 3200
f 3200 3135 3134
f 3200 3134 3133
f 3227 3132 3131
f 3228 3130 3129
f 3229 3128 3127
f 3230 3126 3125
f 3231 3123 3122
f 3232 3121 3120
f 3233 3116 3115
f 3234 3114 3113
f 3235 3111 3110
f 3110 3109 3236
f 3236 3109 3108
f 3237 3201 3238
f 3238 3201 3200
f 3238 3200 3227
f 3227 3200 3133
f 3227 3133 3132
f 3239 3237 3240
f 3240 3237 3238
f 3240 3238 3241
f 3241 3238 3227
f 3241 3227 3228
f 3228 3227 3131
f 3228 3131 3130
f 3242 3239 3243
f 3243 3239 3240
f 3243 3240 3244
f 3244 3240 3241
f 3244 3241 3245
f 3245 3241 3228
f 3245 3228 3229
f 3229 3228 3129
f 3229 3129 3128
f 3246 3247 3248
f 3249 3242 3250
f 3250 3242 3243
f 3250 3243 3251
f 3251 3243 3244
f 3251 3244 3252
f 3252 3244 3245
f 3252 3245 3253
f 3253 3245 3229
f 3253 3229 3230
f 3230 3229 3127
f 3230 3127 3126
f 3254 3249 3255
f 3255 3249 3250
f 3255 3250 3256
f 3256 3250 3251
f 3256 3251 3257
f 3257 3251 3252
f 3257 3252 3258
f 3258 3252 3253
f 3258 3253 3259
f 3259 3253 3230
f 3259 3230 3260
f 3260 3230 3125
f 3260 3125 3124
f 3261 3254 3262
f 3262 3254 3255
f 3262 3255 3263
f 3263 3255 3256
f 3263 3256 3264
f 3264 3256 3257
f 3264 3257 3265
f 3265 3257 3258
f 3265 3258 3266
f 3266 3258 3259
f 3266 3259 3267
f 3267 3259 3260
f 3267 3260 3231
f 3231 3260 3124
f 3231 3124 3123
f 3268 3261 3269
f 3269 3261 3262
f 3269 3262 3270
f 3270 3262 3263
f 3270 3263 3271
f 3271 3263 3264
f 3271 3264 3272
f 3272 3264 3265
f 3272 3265 3273
f 3273 3265 3266
f 3273 3266 3274
f 3274 3266 3267
f 3274 3267 3275
f 3275 3267 3231
f 3275 3231 3232
f 3232 3231 3122
f 3232 3122 3121
f 3276 3277 3278
f 3279 3268 3280
f 3280 3268 3269
f 3280 3269 3281
f 3281 3269 3270
f 3281 3270 3282
f 3282 3270 3271
f 3282 3271 3283
f 3283 3271 3272
f 3283 3272 3284
f 3284 3272 3273
f 3284 3273 3285
f 3285 3273 3274
f 3285 3274 3286
f 3286 3274 3275
f 3286 3275 3287
f 3287 3275 3232
f 3287 3232 3288
f 3288 3232 3120
f 3288 3120 3119
f 3289 3279 3290
f 3290 3279 3280
f 3290 3280 3291
f 3291 3280 3281
f 3291 3281 3292
f 3292 3281 3282
f 3292 3282 3293
f 3293 3282 3283
f 3293 3283 3294
f 3294 3283 3284
f 3294 3284 3295
f 3295 3284 3285
f 3295 3285 3296
f 3296 3285 3286
f 3296 3286 3297
f 3297 3286 3287
f 3297 3287 3298
f 3298 3287 3288
f 3298 3288 3204
f 3204 3288 3119
f 3204 3119 3118
f 3299 3289 3300
f 3300 3289 3290
f 3300 3290 3301
f 3301 3290 3291
f 3301 3291 3302
f 3302 3291 3292
f 3302 3292 3303
f 3303 3292 3293
f 3303 3293 3304
f 3304 3293 3294
f 3304 3294 3305
f 3305 3294 3295
f 3305 3295 3306
f 3306 3295 3296
f 3306 3296 3307
f 3307 3296 3297
f 3307 3297 3308
f 3308 3297 3298
f 3308 3298 3309
f 3309 3298 3204
f 3309 3204 3233
f 3233 3204 3117
f 3233 3117 3116
f 3310 3299 3311
f 3311 3299 3300
f 3311 3300 3312
f 3312 3300 3301
f 3312 3301 3313
f 3313 3301 3302
f 3313 3302 3314
f 3314 3302 3303
f 3314 3303 3315
f 3315 3303 3304
f 3315 3304 3316
f 3316 3304 3305
f 3316 3305 3317
f 3317 3305 3306
f 3317 3306 3318
f 3318 3306 3307
f 3318 3307 3319
f 3319 3307 3308
f 3319 3308 3320
f 3320 3308 3309
f 3320 3309 3321
f 3321 3309 3233
f 3321 3233 3234
f 3234 3233 3115
f 3234 3115 3114
f 3322 3323 3324
f 3325 3310 3326
f 3326 3310 3311
f 3326 3311 3327
f 3327 3311 3312
f 3327 3312 3328
f 3328 3312 3313
f 3328 3313 3329
f 3329 3313 3314
f 3329 3314 3330
f 3330 3314 3315
f 3330 3315 3331
f 3331 3315 3316
f 3331 3316 3332
f 3332 3316 3317
f 3332 3317 3333
f 3333 3317 3318
f 3333 3318 3334
f 3334 3318 3319
f 3334 3319 3335
f 3335 3319 3320
f 3335 3320 3336
f 3336 3320 3321
f 3336 3321 3337
f 3337 3321 3234
f 3337 3234 3338
f 3338 3234 3113
f 3338 3113 3112
f 3339 3325 3340
f 3340 3325 3326
f 3340 3326 3341
f 3341 3326 3327
f 3341 3327 3342
f 3342 3327 3328
f 3342 3328 3343
f 3343 3328 3329
f 3343 3329 3344
f 3344 3329 3330
f 3344 3330 3345
f 3345 3330 3331
f 3345 3331 3346
f 3346 3331 3332
f 3346 3332 3347
f 3347 3332 3333
f 3347 3333 3348
f 3348 3333 3334
f 3348 3334 3349
f 3349 3334 3335
f 3349 3335 3350
f 3350 3335 3336
f 3350 3336 3351
f 3351 3336 3337
f 3351 3337 3352
f 3352 3337 3338
f 3352 3338 3203
f 3203 3338 3112
f 3203 3112 3087
f 3353 3354 3355
f 3356 3339 3357
f 3357 3339 3340
f 3357 3340 3358
f 3358 3340 3341
f 3358 3341 3359
f 3359 3341 3342
f 3359 3342 3360
f 3360 3342 3343
f 3360 3343 3361
f 3361 3343 3344
f 3361 3344 3362
f 3362 3344 3345
f 3362 3345 3363
f 3363 3345 3346
f 3363 3346 3364
f 3364 3346 3347
f 3364 3347 3365
f 3365 3347 3348
f 3365 3348 3366
f 3366 3348 3349
f 3366 3349 3367
f 3367 3349 3350
f 3367 3350 3368
f 3368 3350 3351
f 3368 3351 3369
f 3369 3351 3352
f 3369 3352 3370
f 3370 3352 3203
f 3370 3203 3235
f 3235 3203 3086
f 3235 3086 3111
f 3371 3354 3372
f 3372 3354 3353
f 3372 3353 3373
f 3374 3375 3376
f 3376 3375 3377
f 3376 3377 3378
f 3378 3377 3379
f 3378 3379 3380
f 3380 3379 3322
f 3380 3322 3381
f 3381 3322 3324
f 3381 3324 3382
f 3383 3384 3385
f 3385 3384 3386
f 3385 3386 3387
f 3387 3386 3388
f 3387 3388 3389
f 3389 3388 3390
f 3389 3390 3391
f 3391 3390 3392
f 3391 3392 3393
f 3393 3392 3394
f 3393 3394 3395
f 3395 3394 3396
f 3395 3396 3397
f 3397 3396 3276
f 3397 3276 3398
f 3398 3276 3278
f 3398 3278 3399
f 3400 3401 3402
f 3402 3401 3403
f 3402 3403 3404
f 3404 3403 3405
f 3404 3405 3406
f 3406 3405 3407
f 3406 3407 3408
f 3408 3407 3409
f 3408 3409 3410
f 3410 3409 3411
f 3410 3411 3412
f 3412 3411 3413
f 3412 3413 3414
f 3414 3413 3415
f 3414 3415 3416
f 3416 3415 3417
f 3416 3417 3418
f 3418 3417 3419
f 3418 3419 3420
f 3420 3419 3421
f 3420 3421 3422
f 3422 3421 3246
f 3422 3246 3423
f 3423 3246 3248
f 3423 3248 3424
f 3425 3426 3427
f 3427 3426 3400
f 3427 3400 3428
f 3428 3400 3402
f 3428 3402 3429
f 3429 3402 3404
f 3429 3404 3430
f 3430 3404 3406
f 3430 3406 3431
f 3431 3406 3408
f 3431 3408 3432
f 3432 3408 3410
f 3432 3410 3433
f 3433 3410 3412
f 3433 3412 3434
f 3434 3412 3414
f 3434 3414 3435
f 3435 3414 3416
f 3435 3416 3436
f 3436 3416 3418
f 3436 3418 3437
f 3437 3418 3420
f 3437 3420 3438
f 3438 3420 3422
f 3438 3422 3439
f 3439 3422 3423
f 3439 3423 3440
f 3440 3423 3424
f 3440 3424 3441
f 3104 3103 3222
f 3222 3103 3221
f 3222 3221 3442
f 3442 3221 3443
f 3442 3443 3444
f 3444 3443 3445
f 3444 3445 3446
f 3446 3445 3447
f 3446 3447 3448
f 3448 3447 3449
f 3448 3449 3450
f 3450 3449 3451
f 3450 3451 3452
f 3452 3451 3453
f 3452 3453 3454
f 3454 3453 3455
f 3454 3455 3456
f 3456 3455 3457
f 3456 3457 3458
f 3458 3457 3459
f 3458 3459 3460
f 3460 3459 3461
f 3460 3461 3462
f 3462 3461 3463
f 3462 3463 3464
f 3464 3463 3465
f 3464 3465 3466
f 3466 3465 3467
f 3466 3467 3468
f 3468 3467 3469
f 3468 3469 3470
f 3470 3469 3471
f 3097 3096 3223
f 3223 3096 3219
f 3223 3219 3472
f 3472 3219 3473
f 3472 3473 3474
f 3474 3473 3475
f 3474 3475 3476
f 3476 3475 3477
f 3476 3477 3478
f 3478 3477 3479
f 3478 3479 3480
f 3480 3479 3481
f 3480 3481 3482
f 3482 3481 3483
f 3482 3483 3484
f 3484 3483 3485
f 3484 3485 3486
f 3486 3485 3487
f 3486 3487 3488
f 3488 3487 3489
f 3488 3489 3490
f 3490 3489 3491
f 3490 3491 3492
f 3492 3491 3493
f 3492 3493 3494
f 3494 3493 3495
f 3494 3495 3496
f 3496 3495 3497
f 3496 3497 3498
f 3498 3497 3499
f 3498 3499 3500
f 3500 3499 3501
f 3088 3085 3216
f 3216 3085 3215
f 3216 3215 3502
f 3502 3215 3503
f 3502 3503 3504
f 3504 3503 3505
f 3504 3505 3506
f 3506 3505 3507
f 3506 3507 3508
f 3508 3507 3509
f 3508 3509 3510
f 3510 3509 3511
f 3510 3511 3512
f 3512 3511 3513
f 3512 3513 3514
f 3514 3513 3515
f 3514 3515 3516
f 3516 3515 3517
f 3516 3517 3518
f 3518 3517 3519
f 3518 3519 3520
f 3520 3519 3521
f 3520 3521 3522
f 3522 3521 3523
f 3522 3523 3524
f 3524 3523 3525
f 3524 3525 3526
f 3526 3525 3527
f 3526 3527 3528
f 3528 3527 3529
f 3528 3529 3530
f 3530 3529 3531
f 3079 3078 3224
f 3224 3078 3213
f 3224 3213 3532
f 3532 3213 3533
f 3532 3533 3534
f 3534 3533 3535
f 3534 3535 3536
f 3536 3535 3537
f 3536 3537 3538
f 3538 3537 3539
f 3538 3539 3540
f 3540 3539 3541
f 3540 3541 3542
f 3542 3541 3543
f 3542 3543 3544
f 3544 3543 3545
f 3544 3545 3546
f 3546 3545 3547
f 3546 3547 3548
f 3548 3547 3549
f 3548 3549 3550
f 3550 3549 3551
f 3550 3551 3552
f 3552 3551 3553
f 3552 3553 3554
f 3554 3553 3555
f 3554 3555 3556
f 3556 3555 3557
f 3556 3557 3558
f 3558 3557 3559
f 3558 3559 3560
f 3560 3559 3561
f 3147 3148 3562
f 3562 3148 3225
f 3562 3225 3563
f 3563 3225 3564
f 3563 3564 3565
f 3565 3564 3566
f 3565 3566 3567
f 3567 3566 3568
f 3567 3568 3569
f 3569 3568 3570
f 3569 3570 3571
f 3571 3570 3572
f 3571 3572 3573
f 3573 3572 3574
f 3573 3574 3575
f 3575 3574 3576
f 3575 3576 3577
f 3577 3576 3578
f 3577 3578 3579
f 3579 3578 3580
f 3579 3580 3581
f 3581 3580 3582
f 3581 3582 3583
f 3583 3582 3584
f 3583 3584 3585
f 3585 3584 3586
f 3585 3586 3587
f 3587 3586 3588
f 3587 3588 3589
f 3589 3588 3590
f 3589 3590 3591
f 3591 3590 3592
f 3149 3150 3225
f 3225 3150 3211
f 3225 3211 3564
f 3564 3211 3593
f 3564 3593 3566
f 3566 3593 3594
f 3566 3594 3568
f 3568 3594 3595
f 3568 3595 3570
f 3570 3595 3596
f 3570 3596 3572
f 3572 3596 3597
f 3572 3597 3574
f 3574 3597 3598
f 3574 3598 3576
f 3576 3598 3599
f 3576 3599 3578
f 3578 3599 3600
f 3578 3600 3580
f 3580 3600 3601
f 3580 3601 3582
f 3582 3601 3602
f 3582 3602 3584
f 3584 3602 3603
f 3584 3603 3586
f 3586 3603 3604
f 3586 3604 3588
f 3588 3604 3605
f 3588 3605 3590
f 3590 3605 3606
f 3590 3606 3592
f 3592 3606 3607
f 3592 3607 3608
f 3608 3607 3609
f 3157 3158 3610
f 3610 3158 3208
f 3610 3208 3611
f 3611 3208 3612
f 3611 3612 3613
f 3613 3612 3614
f 3613 3614 3615
f 3615 3614 3616
f 3615 3616 3617
f 3617 3616 3618
f 3617 3618 3619
f 3619 3618 3620
f 3619 3620 3621
f 3621 3620 3622
f 3621 3622 3623
f 3623 3622 3624
f 3623 3624 3625
f 3625 3624 3626
f 3625 3626 3627
f 3627 3626 3628
f 3627 3628 3629
f 3629 3628 3630
f 3629 3630 3631
f 3631 3630 3632
f 3631 3632 3633
f 3633 3632 3634
f 3633 3634 3635
f 3635 3634 3636
f 3635 3636 3637
f 3637 3636 3638
f 3637 3638 3639
f 3639 3638 3640
f 3143 3144 3226
f 3226 3144 3206
f 3226 3206 3641
f 3641 3206 3642
f 3641 3642 3643
f 3643 3642 3644
f 3643 3644 3645
f 3645 3644 3646
f 3645 3646 3647
f 3647 3646 3648
f 3647 3648 3649
f 3649 3648 3650
f 3649 3650 3651
f 3651 3650 3652
f 3651 3652 3653
f 3653 3652 3654
f 3653 3654 3655
f 3655 3654 3656
f 3655 3656 3657
f 3657 3656 3658
f 3657 3658 3659
f 3659 3658 3660
f 3659 3660 3661
f 3661 3660 3662
f 3661 3662 3663
f 3663 3662 3664
f 3663 3664 3665
f 3665 3664 3666
f 3665 3666 3667
f 3667 3666 3668
f 3667 3668 3669
f 3669 3668 3670
f 3671 3672 3373
f 3373 3672 3673
f 3373 3673 3372
f 3372 3673 3674
f 3372 3674 3371
f 3371 3674 3675
f 3197 3671 3198
f 3198 3671 3373
f 3198 3373 3676
f 3676 3373 3353
f 3676 3353 3677
f 3677 3353 3355
f 3677 3355 3323
f 3323 3322 3677
f 3677 3322 3379
f 3677 3379 3676
f 3676 3379 3377
f 3676 3377 3198
f 3198 3377 3375
f 3198 3375 3196
f 3678 3679 3680
f 3680 3679 3374
f 3680 3374 3681
f 3681 3374 3376
f 3681 3376 3682
f 3682 3376 3378
f 3682 3378 3683
f 3683 3378 3380
f 3683 3380 3684
f 3684 3380 3381
f 3684 3381 3685
f 3685 3381 3382
f 3685 3382 3686
f 3679 3687 3374
f 3374 3687 3688
f 3374 3688 3375
f 3375 3688 3689
f 3375 3689 3196
f 3194 3678 3195
f 3195 3678 3680
f 3195 3680 3690
f 3690 3680 3681
f 3690 3681 3691
f 3691 3681 3682
f 3691 3682 3692
f 3692 3682 3683
f 3692 3683 3693
f 3693 3683 3684
f 3693 3684 3694
f 3694 3684 3685
f 3694 3685 3695
f 3695 3685 3686
f 3695 3686 3277
f 3277 3276 3695
f 3695 3276 3396
f 3695 3396 3694
f 3694 3396 3394
f 3694 3394 3693
f 3693 3394 3392
f 3693 3392 3692
f 3692 3392 3390
f 3692 3390 3691
f 3691 3390 3388
f 3691 3388 3690
f 3690 3388 3386
f 3690 3386 3195
f 3195 3386 3384
f 3195 3384 3193
f 3696 3697 3698
f 3698 3697 3383
f 3698 3383 3699
f 3699 3383 3385
f 3699 3385 3700
f 3700 3385 3387
f 3700 3387 3701
f 3701 3387 3389
f 3701 3389 3702
f 3702 3389 3391
f 3702 3391 3703
f 3703 3391 3393
f 3703 3393 3704
f 3704 3393 3395
f 3704 3395 3705
f 3705 3395 3397
f 3705 3397 3706
f 3706 3397 3398
f 3706 3398 3707
f 3707 3398 3399
f 3707 3399 3708
f 3697 3709 3383
f 3383 3709 3710
f 3383 3710 3384
f 3384 3710 3711
f 3384 3711 3193
f 3191 3696 3192
f 3192 3696 3698
f 3192 3698 3712
f 3712 3698 3699
f 3712 3699 3713
f 3713 3699 3700
f 3713 3700 3714
f 3714 3700 3701
f 3714 3701 3715
f 3715 3701 3702
f 3715 3702 3716
f 3716 3702 3703
f 3716 3703 3717
f 3717 3703 3704
f 3717 3704 3718
f 3718 3704 3705
f 3718 3705 3719
f 3719 3705 3706
f 3719 3706 3720
f 3720 3706 3707
f 3720 3707 3721
f 3721 3707 3708
f 3721 3708 3247
f 3247 3246 3721
f 3721 3246 3421
f 3721 3421 3720
f 3720 3421 3419
f 3720 3419 3719
f 3719 3419 3417
f 3719 3417 3718
f 3718 3417 3415
f 3718 3415 3717
f 3717 3415 3413
f 3717 3413 3716
f 3716 3413 3411
f 3716 3411 3715
f 3715 3411 3409
f 3715 3409 3714
f 3714 3409 3407
f 3714 3407 3713
f 3713 3407 3405
f 3713 3405 3712
f 3712 3405 3403
f 3712 3403 3192
f 3192 3403 3401
f 3192 3401 3190
f 3426 3722 3400
f 3400 3722 3723
f 3400 3723 3401
f 3401 3723 3724
f 3401 3724 3190
f 3188 3425 3189
f 3189 3425 3427
f 3189 3427 3725
f 3725 3427 3428
f 3725 3428 3726
f 3726 3428 3429
f 3726 3429 3727
f 3727 3429 3430
f 3727 3430 3728
f 3728 3430 3431
f 3728 3431 3729
f 3729 3431 3432
f 3729 3432 3730
f 3730 3432 3433
f 3730 3433 3731
f 3731 3433 3434
f 3731 3434 3732
f 3732 3434 3435
f 3732 3435 3733
f 3733 3435 3436
f 3733 3436 3734
f 3734 3436 3437
f 3734 3437 3735
f 3735 3437 3438
f 3735 3438 3736
f 3736 3438 3439
f 3736 3439 3737
f 3737 3439 3440
f 3737 3440 3738
f 3738 3440 3441
f 3738 3441 3202
f 3185 3187 3186
f 3186 3187 3189
f 3186 3189 3739
f 3739 3189 3725
f 3739 3725 3740
f 3740 3725 3726
f 3740 3726 3741
f 3741 3726 3727
f 3741 3727 3742
f 3742 3727 3728
f 3742 3728 3743
f 3743 3728 3729
f 3743 3729 3744
f 3744 3729 3730
f 3744 3730 3745
f 3745 3730 3731
f 3745 3731 3746
f 3746 3731 3732
f 3746 3732 3747
f 3747 3732 3733
f 3747 3733 3748
f 3748 3733 3734
f 3748 3734 3749
f 3749 3734 3735
f 3749 3735 3750
f 3750 3735 3736
f 3750 3736 3751
f 3751 3736 3737
f 3751 3737 3752
f 3752 3737 3738
f 3752 3738 3753
f 3753 3738 3202
f 3753 3202 3106
f 3106 3202 3107
f 3106 3105 3753
f 3753 3105 3222
f 3753 3222 3752
f 3752 3222 3442
f 3752 3442 3751
f 3751 3442 3444
f 3751 3444 3750
f 3750 3444 3446
f 3750 3446 3749
f 3749 3446 3448
f 3749 3448 3748
f 3748 3448 3450
f 3748 3450 3747
f 3747 3450 3452
f 3747 3452 3746
f 3746 3452 3454
f 3746 3454 3745
f 3745 3454 3456
f 3745 3456 3744
f 3744 3456 3458
f 3744 3458 3743
f 3743 3458 3460
f 3743 3460 3742
f 3742 3460 3462
f 3742 3462 3741
f 3741 3462 3464
f 3741 3464 3740
f 3740 3464 3466
f 3740 3466 3739
f 3739 3466 3468
f 3739 3468 3186
f 3186 3468 3470
f 3186 3470 3184
f 3754 3755 3756
f 3756 3755 3471
f 3756 3471 3757
f 3757 3471 3469
f 3757 3469 3758
f 3758 3469 3467
f 3758 3467 3759
f 3759 3467 3465
f 3759 3465 3760
f 3760 3465 3463
f 3760 3463 3761
f 3761 3463 3461
f 3761 3461 3762
f 3762 3461 3459
f 3762 3459 3763
f 3763 3459 3457
f 3763 3457 3764
f 3764 3457 3455
f 3764 3455 3765
f 3765 3455 3453
f 3765 3453 3766
f 3766 3453 3451
f 3766 3451 3767
f 3767 3451 3449
f 3767 3449 3768
f 3768 3449 3447
f 3768 3447 3769
f 3769 3447 3445
f 3769 3445 3770
f 3770 3445 3443
f 3770 3443 3220
f 3220 3443 3221
f 3220 3221 3101
f 3101 3221 3102
f 3755 3771 3471
f 3471 3771 3772
f 3471 3772 3470
f 3470 3772 3773
f 3470 3773 3184
f 3100 3099 3220
f 3220 3099 3774
f 3220 3774 3770
f 3770 3774 3775
f 3770 3775 3769
f 3769 3775 3776
f 3769 3776 3768
f 3768 3776 3777
f 3768 3777 3767
f 3767 3777 3778
f 3767 3778 3766
f 3766 3778 3779
f 3766 3779 3765
f 3765 3779 3780
f 3765 3780 3764
f 3764 3780 3781
f 3764 3781 3763
f 3763 3781 3782
f 3763 3782 3762
f 3762 3782 3783
f 3762 3783 3761
f 3761 3783 3784
f 3761 3784 3760
f 3760 3784 3785
f 3760 3785 3759
f 3759 3785 3786
f 3759 3786 3758
f 3758 3786 3787
f 3758 3787 3757
f 3757 3787 3788
f 3757 3788 3756
f 3756 3788 3183
f 3756 3183 3754
f 3754 3183 3182
f 3099 3098 3774
f 3774 3098 3223
f 3774 3223 3775
f 3775 3223 3472
f 3775 3472 3776
f 3776 3472 3474
f 3776 3474 3777
f 3777 3474 3476
f 3777 3476 3778
f 3778 3476 3478
f 3778 3478 3779
f 3779 3478 3480
f 3779 3480 3780
f 3780 3480 3482
f 3780 3482 3781
f 3781 3482 3484
f 3781 3484 3782
f 3782 3484 3486
f 3782 3486 3783
f 3783 3486 3488
f 3783 3488 3784
f 3784 3488 3490
f 3784 3490 3785
f 3785 3490 3492
f 3785 3492 3786
f 3786 3492 3494
f 3786 3494 3787
f 3787 3494 3496
f 3787 3496 3788
f 3788 3496 3498
f 3788 3498 3183
f 3183 3498 3500
f 3183 3500 3181
f 3789 3790 3791
f 3791 3790 3501
f 3791 3501 3792
f 3792 3501 3499
f 3792 3499 3793
f 3793 3499 3497
f 3793 3497 3794
f 3794 3497 3495
f 3794 3495 3795
f 3795 3495 3493
f 3795 3493 3796
f 3796 3493 3491
f 3796 3491 3797
f 3797 3491 3489
f 3797 3489 3798
f 3798 3489 3487
f 3798 3487 3799
f 3799 3487 3485
f 3799 3485 3800
f 3800 3485 3483
f 3800 3483 3801
f 3801 3483 3481
f 3801 3481 3802
f 3802 3481 3479
f 3802 3479 3803
f 3803 3479 3477
f 3803 3477 3804
f 3804 3477 3475
f 3804 3475 3805
f 3805 3475 3473
f 3805 3473 3218
f 3218 3473 3219
f 3218 3219 3094
f 3094 3219 3095
f 3790 3806 3501
f 3501 3806 3807
f 3501 3807 3500
f 3500 3807 3808
f 3500 3808 3181
f 3093 3092 3218
f 3218 3092 3217
f 3218 3217 3805
f 3805 3217 3809
f 3805 3809 3804
f 3804 3809 3810
f 3804 3810 3803
f 3803 3810 3811
f 3803 3811 3802
f 3802 3811 3812
f 3802 3812 3801
f 3801 3812 3813
f 3801 3813 3800
f 3800 3813 3814
f 3800 3814 3799
f 3799 3814 3815
f 3799 3815 3798
f 3798 3815 3816
f 3798 3816 3797
f 3797 3816 3817
f 3797 3817 3796
f 3796 3817 3818
f 3796 3818 3795
f 3795 3818 3819
f 3795 3819 3794
f 3794 3819 3820
f 3794 3820 3793
f 3793 3820 3821
f 3793 3821 3792
f 3792 3821 3822
f 3792 3822 3791
f 3791 3822 3180
f 3791 3180 3789
f 3789 3180 3179
f 3176 3178 3177
f 3177 3178 3180
f 3177 3180 3823
f 3823 3180 3822
f 3823 3822 3824
f 3824 3822 3821
f 3824 3821 3825
f 3825 3821 3820
f 3825 3820 3826
f 3826 3820 3819
f 3826 3819 3827
f 3827 3819 3818
f 3827 3818 3828
f 3828 3818 3817
f 3828 3817 3829
f 3829 3817 3816
f 3829 3816 3830
f 3830 3816 3815
f 3830 3815 3831
f 3831 3815 3814
f 3831 3814 3832
f 3832 3814 3813
f 3832 3813 3833
f 3833 3813 3812
f 3833 3812 3834
f 3834 3812 3811
f 3834 3811 3835
f 3835 3811 3810
f 3835 3810 3836
f 3836 3810 3809
f 3836 3809 3837
f 3837 3809 3217
f 3837 3217 3090
f 3090 3217 3091
f 3090 3089 3837
f 3837 3089 3216
f 3837 3216 3836
f 3836 3216 3502
f 3836 3502 3835
f 3835 3502 3504
f 3835 3504 3834
f 3834 3504 3506
f 3834 3506 3833
f 3833 3506 3508
f 3833 3508 3832
f 3832 3508 3510
f 3832 3510 3831
f 3831 3510 3512
f 3831 3512 3830
f 3830 3512 3514
f 3830 3514 3829
f 3829 3514 3516
f 3829 3516 3828
f 3828 3516 3518
f 3828 3518 3827
f 3827 3518 3520
f 3827 3520 3826
f 3826 3520 3522
f 3826 3522 3825
f 3825 3522 3524
f 3825 3524 3824
f 3824 3524 3526
f 3824 3526 3823
f 3823 3526 3528
f 3823 3528 3177
f 3177 3528 3530
f 3177 3530 3175
f 3838 3839 3840
f 3840 3839 3531
f 3840 3531 3841
f 3841 3531 3529
f 3841 3529 3842
f 3842 3529 3527
f 3842 3527 3843
f 3843 3527 3525
f 3843 3525 3844
f 3844 3525 3523
f 3844 3523 3845
f 3845 3523 3521
f 3845 3521 3846
f 3846 3521 3519
f 3846 3519 3847
f 3847 3519 3517
f 3847 3517 3848
f 3848 3517 3515
f 3848 3515 3849
f 3849 3515 3513
f 3849 3513 3850
f 3850 3513 3511
f 3850 3511 3851
f 3851 3511 3509
f 3851 3509 3852
f 3852 3509 3507
f 3852 3507 3853
f 3853 3507 3505
f 3853 3505 3854
f 3854 3505 3503
f 3854 3503 3214
f 3214 3503 3215
f 3214 3215 3083
f 3083 3215 3084
f 3839 3855 3531
f 3531 3855 3856
f 3531 3856 3530
f 3530 3856 3857
f 3530 3857 3175
f 3173 3838 3174
f 3174 3838 3840
f 3174 3840 3858
f 3858 3840 3841
f 3858 3841 3859
f 3859 3841 3842
f 3859 3842 3860
f 3860 3842 3843
f 3860 3843 3861
f 3861 3843 3844
f 3861 3844 3862
f 3862 3844 3845
f 3862 3845 3863
f 3863 3845 3846
f 3863 3846 3864
f 3864 3846 3847
f 3864 3847 3865
f 3865 3847 3848
f 3865 3848 3866
f 3866 3848 3849
f 3866 3849 3867
f 3867 3849 3850
f 3867 3850 3868
f 3868 3850 3851
f 3868 3851 3869
f 3869 3851 3852
f 3869 3852 3870
f 3870 3852 3853
f 3870 3853 3871
f 3871 3853 3854
f 3871 3854 3872
f 3872 3854 3214
f 3872 3214 3081
f 3081 3214 3082
f 3081 3080 3872
f 3872 3080 3224
f 3872 3224 3871
f 3871 3224 3532
f 3871 3532 3870
f 3870 3532 3534
f 3870 3534 3869
f 3869 3534 3536
f 3869 3536 3868
f 3868 3536 3538
f 3868 3538 3867
f 3867 3538 3540
f 3867 3540 3866
f 3866 3540 3542
f 3866 3542 3865
f 3865 3542 3544
f 3865 3544 3864
f 3864 3544 3546
f 3864 3546 3863
f 3863 3546 3548
f 3863 3548 3862
f 3862 3548 3550
f 3862 3550 3861
f 3861 3550 3552
f 3861 3552 3860
f 3860 3552 3554
f 3860 3554 3859
f 3859 3554 3556
f 3859 3556 3858
f 3858 3556 3558
f 3858 3558 3174
f 3174 3558 3560
f 3174 3560 3172
f 3873 3874 3875
f 3875 3874 3561
f 3875 3561 3876
f 3876 3561 3559
f 3876 3559 3877
f 3877 3559 3557
f 3877 3557 3878
f 3878 3557 3555
f 3878 3555 3879
f 3879 3555 3553
f 3879 3553 3880
f 3880 3553 3551
f 3880 3551 3881
f 3881 3551 3549
f 3881 3549 3882
f 3882 3549 3547
f 3882 3547 3883
f 3883 3547 3545
f 3883 3545 3884
f 3884 3545 3543
f 3884 3543 3885
f 3885 3543 3541
f 3885 3541 3886
f 3886 3541 3539
f 3886 3539 3887
f 3887 3539 3537
f 3887 3537 3888
f 3888 3537 3535
f 3888 3535 3889
f 3889 3535 3533
f 3889 3533 3212
f 3212 3533 3213
f 3212 3213 3076
f 3076 3213 3077
f 3874 3890 3561
f 3561 3890 3891
f 3561 3891 3560
f 3560 3891 3892
f 3560 3892 3172
f 3146 3147 3212
f 3212 3147 3562
f 3212 3562 3889
f 3889 3562 3563
f 3889 3563 3888
f 3888 3563 3565
f 3888 3565 3887
f 3887 3565 3567
f 3887 3567 3886
f 3886 3567 3569
f 3886 3569 3885
f 3885 3569 3571
f 3885 3571 3884
f 3884 3571 3573
f 3884 3573 3883
f 3883 3573 3575
f 3883 3575 3882
f 3882 3575 3577
f 3882 3577 3881
f 3881 3577 3579
f 3881 3579 3880
f 3880 3579 3581
f 3880 3581 3879
f 3879 3581 3583
f 3879 3583 3878
f 3878 3583 3585
f 3878 3585 3877
f 3877 3585 3587
f 3877 3587 3876
f 3876 3587 3589
f 3876 3589 3875
f 3875 3589 3591
f 3875 3591 3873
f 3608 3893 3592
f 3592 3893 3894
f 3592 3894 3591
f 3591 3894 3895
f 3591 3895 3873
f 3170 3609 3171
f 3171 3609 3607
f 3171 3607 3896
f 3896 3607 3606
f 3896 3606 3897
f 3897 3606 3605
f 3897 3605 3898
f 3898 3605 3604
f 3898 3604 3899
f 3899 3604 3603
f 3899 3603 3900
f 3900 3603 3602
f 3900 3602 3901
f 3901 3602 3601
f 3901 3601 3902
f 3902 3601 3600
f 3902 3600 3903
f 3903 3600 3599
f 3903 3599 3904
f 3904 3599 3598
f 3904 3598 3905
f 3905 3598 3597
f 3905 3597 3906
f 3906 3597 3596
f 3906 3596 3907
f 3907 3596 3595
f 3907 3595 3908
f 3908 3595 3594
f 3908 3594 3909
f 3909 3594 3593
f 3909 3593 3210
f 3210 3593 3211
f 3210 3211 3152
f 3152 3211 3151
f 3153 3154 3210
f 3210 3154 3209
f 3210 3209 3909
f 3909 3209 3910
f 3909 3910 3908
f 3908 3910 3911
f 3908 3911 3907
f 3907 3911 3912
f 3907 3912 3906
f 3906 3912 3913
f 3906 3913 3905
f 3905 3913 3914
f 3905 3914 3904
f 3904 3914 3915
f 3904 3915 3903
f 3903 3915 3916
f 3903 3916 3902
f 3902 3916 3917
f 3902 3917 3901
f 3901 3917 3918
f 3901 3918 3900
f 3900 3918 3919
f 3900 3919 3899
f 3899 3919 3920
f 3899 3920 3898
f 3898 3920 3921
f 3898 3921 3897
f 3897 3921 3922
f 3897 3922 3896
f 3896 3922 3923
f 3896 3923 3171
f 3171 3923 3168
f 3171 3168 3169
f 3169 3168 3167
f 3164 3166 3165
f 3165 3166 3168
f 3165 3168 3924
f 3924 3168 3923
f 3924 3923 3925
f 3925 3923 3922
f 3925 3922 3926
f 3926 3922 3921
f 3926 3921 3927
f 3927 3921 3920
f 3927 3920 3928
f 3928 3920 3919
f 3928 3919 3929
f 3929 3919 3918
f 3929 3918 3930
f 3930 3918 3917
f 3930 3917 3931
f 3931 3917 3916
f 3931 3916 3932
f 3932 3916 3915
f 3932 3915 3933
f 3933 3915 3914
f 3933 3914 3934
f 3934 3914 3913
f 3934 3913 3935
f 3935 3913 3912
f 3935 3912 3936
f 3936 3912 3911
f 3936 3911 3937
f 3937 3911 3910
f 3937 3910 3938
f 3938 3910 3209
f 3938 3209 3156
f 3156 3209 3155
f 3156 3157 3938
f 3938 3157 3610
f 3938 3610 3937
f 3937 3610 3611
f 3937 3611 3936
f 3936 3611 3613
f 3936 3613 3935
f 3935 3613 3615
f 3935 3615 3934
f 3934 3615 3617
f 3934 3617 3933
f 3933 3617 3619
f 3933 3619 3932
f 3932 3619 3621
f 3932 3621 3931
f 3931 3621 3623
f 3931 3623 3930
f 3930 3623 3625
f 3930 3625 3929
f 3929 3625 3627
f 3929 3627 3928
f 3928 3627 3629
f 3928 3629 3927
f 3927 3629 3631
f 3927 3631 3926
f 3926 3631 3633
f 3926 3633 3925
f 3925 3633 3635
f 3925 3635 3924
f 3924 3635 3637
f 3924 3637 3165
f 3165 3637 3639
f 3165 3639 3163
f 3939 3940 3941
f 3941 3940 3640
f 3941 3640 3942
f 3942 3640 3638
f 3942 3638 3943
f 3943 3638 3636
f 3943 3636 3944
f 3944 3636 3634
f 3944 3634 3945
f 3945 3634 3632
f 3945 3632 3946
f 3946 3632 3630
f 3946 3630 3947
f 3947 3630 3628
f 3947 3628 3948
f 3948 3628 3626
f 3948 3626 3949
f 3949 3626 3624
f 3949 3624 3950
f 3950 3624 3622
f 3950 3622 3951
f 3951 3622 3620
f 3951 3620 3952
f 3952 3620 3618
f 3952 3618 3953
f 3953 3618 3616
f 3953 3616 3954
f 3954 3616 3614
f 3954 3614 3955
f 3955 3614 3612
f 3955 3612 3207
f 3207 3612 3208
f 3207 3208 3139
f 3139 3208 3159
f 3940 3956 3640
f 3640 3956 3957
f 3640 3957 3639
f 3639 3957 3958
f 3639 3958 3163
f 3161 3939 3162
f 3162 3939 3941
f 3162 3941 3959
f 3959 3941 3942
f 3959 3942 3960
f 3960 3942 3943
f 3960 3943 3961
f 3961 3943 3944
f 3961 3944 3962
f 3962 3944 3945
f 3962 3945 3963
f 3963 3945 3946
f 3963 3946 3964
f 3964 3946 3947
f 3964 3947 3965
f 3965 3947 3948
f 3965 3948 3966
f 3966 3948 3949
f 3966 3949 3967
f 3967 3949 3950
f 3967 3950 3968
f 3968 3950 3951
f 3968 3951 3969
f 3969 3951 3952
f 3969 3952 3970
f 3970 3952 3953
f 3970 3953 3971
f 3971 3953 3954
f 3971 3954 3972
f 3972 3954 3955
f 3972 3955 3973
f 3973 3955 3207
f 3973 3207 3141
f 3141 3207 3140
f 3141 3142 3973
f 3973 3142 3226
f 3973 3226 3972
f 3972 3226 3641
f 3972 3641 3971
f 3971 3641 3643
f 3971 3643 3970
f 3970 3643 3645
f 3970 3645 3969
f 3969 3645 3647
f 3969 3647 3968
f 3968 3647 3649
f 3968 3649 3967
f 3967 3649 3651
f 3967 3651 3966
f 3966 3651 3653
f 3966 3653 3965
f 3965 3653 3655
f 3965 3655 3964
f 3964 3655 3657
f 3964 3657 3963
f 3963 3657 3659
f 3963 3659 3962
f 3962 3659 3661
f 3962 3661 3961
f 3961 3661 3663
f 3961 3663 3960
f 3960 3663 3665
f 3960 3665 3959
f 3959 3665 3667
f 3959 3667 3162
f 3162 3667 3669
f 3162 3669 3160
f 3974 3975 3976
f 3976 3975 3670
f 3976 3670 3977
f 3977 3670 3668
f 3977 3668 3978
f 3978 3668 3666
f 3978 3666 3979
f 3979 3666 3664
f 3979 3664 3980
f 3980 3664 3662
f 3980 3662 3981
f 3981 3662 3660
f 3981 3660 3982
f 3982 3660 3658
f 3982 3658 3983
f 3983 3658 3656
f 3983 3656 3984
f 3984 3656 3654
f 3984 3654 3985
f 3985 3654 3652
f 3985 3652 3986
f 3986 3652 3650
f 3986 3650 3987
f 3987 3650 3648
f 3987 3648 3988
f 3988 3648 3646
f 3988 3646 3989
f 3989 3646 3644
f 3989 3644 3990
f 3990 3644 3642
f 3990 3642 3205
f 3205 3642 3206
f 3205 3206 3138
f 3138 3206 3145
f 3975 3991 3670
f 3670 3991 3992
f 3670 3992 3669
f 3669 3992 3993
f 3669 3993 3160
f 3137 3136 3205
f 3205 3136 3199
f 3205 3199 3990
f 3990 3199 3201
f 3990 3201 3989
f 3989 3201 3237
f 3989 3237 3988
f 3988 3237 3239
f 3988 3239 3987
f 3987 3239 3242
f 3987 3242 3986
f 3986 3242 3249
f 3986 3249 3985
f 3985 3249 3254
f 3985 3254 3984
f 3984 3254 3261
f 3984 3261 3983
f 3983 3261 3268
f 3983 3268 3982
f 3982 3268 3279
f 3982 3279 3981
f 3981 3279 3289
f 3981 3289 3980
f 3980 3289 3299
f 3980 3299 3979
f 3979 3299 3310
f 3979 3310 3978
f 3978 3310 3325
f 3978 3325 3977
f 3977 3325 3339
f 3977 3339 3976
f 3976 3339 3356
f 3976 3356 3974
f 3974 3356 3994
f 3995 3996 3997
f 3110 3236 3235
f 3235 3236 3998
f 3235 3998 3370
f 3370 3998 3999
f 3370 3999 3369
f 3369 3999 4000
f 3369 4000 3368
f 3368 4000 4001
f 3368 4001 3367
f 3367 4001 4002
f 3367 4002 3366
f 3366 4002 4003
f 3366 4003 3365
f 3365 4003 4004
f 3365 4004 3364
f 3364 4004 4005
f 3364 4005 3363
f 3363 4005 4006
f 3363 4006 3362
f 3362 4006 4007
f 3362 4007 3361
f 3361 4007 4008
f 3361 4008 3360
f 3360 4008 4009
f 3360 4009 3359
f 3359 4009 4010
f 3359 4010 3358
f 3358 4010 4011
f 3358 4011 3357
f 3357 4011 3995
f 3357 3995 3356
f 3356 3995 3997
f 3356 3997 3994
f 3108 3202 3236
f 3236 3202 3441
f 3236 3441 3998
f 3998 3441 3424
f 3998 3424 3999
f 3999 3424 3248
f 3999 3248 4000
f 4000 3248 3247
f 4000 3247 4001
f 4001 3247 3708
f 4001 3708 4002
f 4002 3708 3399
f 4002 3399 4003
f 4003 3399 3278
f 4003 3278 4004
f 4004 3278 3277
f 4004 3277 4005
f 4005 3277 3686
f 4005 3686 4006
f 4006 3686 3382
f 4006 3382 4007
f 4007 3382 3324
f 4007 3324 4008
f 4008 3324 3323
f 4008 3323 4009
f 4009 3323 3355
f 4009 3355 4010
f 4010 3355 3354
f 4010 3354 4011
f 4011 3354 3371
f 4011 3371 3995
f 3995 3371 3675
f 3995 3675 3996
f 4012 3674 4013
f 4013 3674 3673
f 4013 3673 4014
f 4014 3673 3672
f 3672 3671 4014
f 4014 3671 3197
f 4014 3197 4015
f 3197 3196 4015
f 4015 3196 3689
f 4015 3689 4016
f 3689 3688 4016
f 4016 3688 3687
f 4016 3687 4017
f 4017 3687 3679
f 3193 4018 3194
f 3194 4018 4017
f 3194 4017 3678
f 3678 4017 3679
f 3193 3711 4018
f 4018 3711 3710
f 4018 3710 4019
f 3710 3709 4019
f 4019 3709 3697
f 4019 3697 4020
f 3697 3696 4020
f 4020 3696 3191
f 4020 3191 4021
f 3191 3190 4021
f 4021 3190 3724
f 4021 3724 4022
f 3724 3723 4022
f 4022 3723 3722
f 4022 3722 4023
f 3722 3426 4023
f 4023 3426 3425
f 4023 3425 4024
f 4024 3425 3188
f 3188 3187 4024
f 4024 3187 3185
f 4024 3185 4025
f 3185 3184 4025
f 4025 3184 3773
f 4025 3773 4026
f 3773 3772 4026
f 4026 3772 3771
f 4026 3771 4027
f 4027 3771 3755
f 3181 4028 3182
f 3182 4028 4027
f 3182 4027 3754
f 3754 4027 3755
f 3181 3808 4028
f 4028 3808 3807
f 4028 3807 4029
f 3807 3806 4029
f 4029 3806 3790
f 4029 3790 4030
f 4030 3790 3789
f 4030 3789 4031
f 4031 3789 3179
f 3179 3178 4031
f 4031 3178 3176
f 4031 3176 4032
f 3176 3175 4032
f 4032 3175 3857
f 4032 3857 4033
f 3857 3856 4033
f 4033 3856 3855
f 4033 3855 4034
f 4034 3855 3839
f 3172 4035 3173
f 3173 4035 4034
f 3173 4034 3838
f 3838 4034 3839
f 3172 3892 4035
f 4035 3892 3891
f 4035 3891 4036
f 3891 3890 4036
f 4036 3890 3874
f 4036 3874 4037
f 3894 4038 3895
f 3895 4038 4037
f 3895 4037 3873
f 3873 4037 3874
f 3894 3893 4038
f 4038 3893 3608
f 4038 3608 4039
f 3608 3609 4039
f 4039 3609 3170
f 4039 3170 4040
f 4040 3170 3169
f 4040 3169 4041
f 4041 3169 3167
f 3167 3166 4041
f 4041 3166 3164
f 4041 3164 4042
f 3164 3163 4042
f 4042 3163 3958
f 4042 3958 4043
f 3958 3957 4043
f 4043 3957 3956
f 4043 3956 4044
f 4044 3956 3940
f 3160 4045 3161
f 3161 4045 4044
f 3161 4044 3939
f 3939 4044 3940
f 3160 3993 4045
f 4045 3993 3992
f 4045 3992 4046
f 3992 3991 4046
f 4046 3991 3975
f 4046 3975 4047
f 3975 3974 4047
f 4047 3974 3994
f 4047 3994 4048
f 3994 3997 4048
f 4048 3997 3996
f 4048 3996 4012
f 4012 3996 3675
f 4012 3675 3674
f 4012 4013 4049
f 4014 4050 4013
f 4013 4050 4051
f 4013 4051 4049
f 4015 4052 4014
f 4014 4052 4053
f 4014 4053 4050
f 4016 4054 4015
f 4015 4054 4055
f 4015 4055 4052
f 4056 4057 4017
f 4017 4057 4058
f 4017 4058 4016
f 4016 4058 4059
f 4016 4059 4054
f 4056 4017 4060
f 4060 4017 4018
f 4060 4018 4061
f 4061 4018 4062
f 4062 4018 4019
f 4062 4019 4063
f 4063 4019 4064
f 4064 4019 4020
f 4064 4020 4065
f 4065 4020 4066
f 4066 4020 4021
f 4066 4021 4067
f 4067 4021 4068
f 4068 4021 4022
f 4068 4022 4069
f 4023 4070 4022
f 4022 4070 4071
f 4022 4071 4069
f 4024 4072 4023
f 4023 4072 4073
f 4023 4073 4070
f 4025 4074 4024
f 4024 4074 4075
f 4024 4075 4072
f 4076 4077 4026
f 4026 4077 4078
f 4026 4078 4025
f 4025 4078 4079
f 4025 4079 4074
f 4076 4026 4080
f 4080 4026 4027
f 4080 4027 4081
f 4081 4027 4082
f 4082 4027 4028
f 4082 4028 4083
f 4083 4028 4084
f 4084 4028 4029
f 4084 4029 4085
f 4085 4029 4086
f 4086 4029 4030
f 4086 4030 4087
f 4087 4030 4088
f 4088 4030 4031
f 4088 4031 4089
f 4032 4090 4031
f 4031 4090 4091
f 4031 4091 4089
f 4033 4092 4032
f 4032 4092 4093
f 4032 4093 4090
f 4034 4094 4033
f 4033 4094 4095
f 4033 4095 4092
f 4035 4096 4034
f 4034 4096 4097
f 4034 4097 4094
f 4098 4099 4036
f 4036 4099 4100
f 4036 4100 4035
f 4035 4100 4101
f 4035 4101 4096
f 4098 4036 4102
f 4102 4036 4037
f 4102 4037 4103
f 4039 4104 4038
f 4038 4104 4105
f 4038 4105 4037
f 4037 4105 4106
f 4037 4106 4103
f 4107 4108 4040
f 4040 4108 4109
f 4040 4109 4039
f 4039 4109 4110
f 4039 4110 4104
f 4107 4040 4111
f 4111 4040 4041
f 4111 4041 4112
f 4112 4041 4113
f 4113 4041 4042
f 4113 4042 4114
f 4114 4042 4115
f 4115 4042 4043
f 4115 4043 4116
f 4116 4043 4117
f 4117 4043 4044
f 4117 4044 4118
f 4118 4044 4119
f 4119 4044 4045
f 4119 4045 4120
f 4046 4121 4045
f 4045 4121 4122
f 4045 4122 4120
f 4047 4123 4046
f 4046 4123 4124
f 4046 4124 4121
f 4048 4125 4047
f 4047 4125 4126
f 4047 4126 4123
f 4049 4127 4012
f 4012 4127 4128
f 4012 4128 4048
f 4048 4128 4129
f 4048 4129 4125
f 4130 4131 4132
f 4133 4134 4135
f 4136 4137 4138
f 4139 4140 4141
f 4142 4143 4144
f 4145 4146 4147
f 4148 4149 4150
f 4151 4152 4153
f 4154 4155 4156
f 4157 4158 4159
f 4160 4161 4162
f 4129 4128 4163
f 4126 4125 4164
f 4124 4123 4165
f 4118 4119 4166
f 4114 4115 4167
f 4110 4109 4168
f 4105 4104 4169
f 4091 4090 4170
f 4088 4089 4171
f 4081 4082 4172
f 4076 4080 4173
f 4078 4077 4174
f 4071 4070 4175
f 4068 4069 4176
f 4065 4066 4177
f 4056 4060 4178
f 4058 4057 4179
f 4051 4050 4180
f 4127 4049 4181
f 4052 4055 4182
f 4054 4059 4183
f 4062 4063 4184
f 4065 4177 4064
f 4072 4075 4185
f 4074 4079 4186
f 4084 4085 4187
f 4086 4087 4188
f 4092 4095 4189
f 4094 4097 4160
f 4100 4161 4101
f 4101 4161 4160
f 4101 4160 4096
f 4096 4160 4097
f 4190 4099 4098
f 4191 4102 4103
f 4192 4108 4107
f 4193 4111 4112
f 4112 4113 4194
f 4194 4113 4114
f 4115 4116 4195
f 4195 4116 4117
f 4195 4117 4118
f 4119 4120 4196
f 4196 4120 4122
f 4122 4121 4197
f 4197 4121 4124
f 4126 4164 4123
f 4129 4163 4125
f 4198 4162 4199
f 4199 4162 4161
f 4199 4161 4190
f 4190 4161 4100
f 4190 4100 4099
f 4200 4198 4201
f 4201 4198 4199
f 4201 4199 4202
f 4202 4199 4190
f 4202 4190 4191
f 4191 4190 4098
f 4191 4098 4102
f 4203 4200 4204
f 4204 4200 4201
f 4204 4201 4205
f 4205 4201 4202
f 4205 4202 4206
f 4206 4202 4191
f 4206 4191 4207
f 4207 4191 4103
f 4207 4103 4106
f 4208 4203 4209
f 4209 4203 4204
f 4209 4204 4210
f 4210 4204 4205
f 4210 4205 4211
f 4211 4205 4206
f 4211 4206 4212
f 4212 4206 4207
f 4212 4207 4169
f 4169 4207 4106
f 4169 4106 4105
f 4213 4214 4215
f 4216 4208 4217
f 4217 4208 4209
f 4217 4209 4218
f 4218 4209 4210
f 4218 4210 4219
f 4219 4210 4211
f 4219 4211 4220
f 4220 4211 4212
f 4220 4212 4221
f 4221 4212 4169
f 4221 4169 4168
f 4168 4169 4104
f 4168 4104 4110
f 4055 4054 4182
f 4182 4054 4183
f 4182 4183 4222
f 4222 4183 4223
f 4222 4223 4224
f 4224 4223 4225
f 4224 4225 4226
f 4226 4225 4227
f 4226 4227 4228
f 4228 4227 4229
f 4228 4229 4230
f 4230 4229 4231
f 4230 4231 4232
f 4232 4231 4233
f 4232 4233 4234
f 4075 4074 4185
f 4185 4074 4186
f 4185 4186 4235
f 4235 4186 4236
f 4235 4236 4237
f 4237 4236 4238
f 4237 4238 4239
f 4239 4238 4240
f 4239 4240 4241
f 4241 4240 4242
f 4241 4242 4243
f 4243 4242 4244
f 4243 4244 4245
f 4245 4244 4246
f 4245 4246 4247
f 4085 4086 4187
f 4187 4086 4188
f 4187 4188 4248
f 4248 4188 4249
f 4248 4249 4250
f 4250 4249 4251
f 4250 4251 4252
f 4252 4251 4253
f 4252 4253 4254
f 4254 4253 4255
f 4254 4255 4256
f 4256 4255 4257
f 4256 4257 4258
f 4258 4257 4259
f 4258 4259 4260
f 4261 4216 4262
f 4262 4216 4217
f 4262 4217 4263
f 4263 4217 4218
f 4263 4218 4264
f 4264 4218 4219
f 4264 4219 4265
f 4265 4219 4220
f 4265 4220 4266
f 4266 4220 4221
f 4266 4221 4267
f 4267 4221 4168
f 4267 4168 4192
f 4192 4168 4109
f 4192 4109 4108
f 4053 4052 4268
f 4268 4052 4182
f 4268 4182 4269
f 4269 4182 4222
f 4269 4222 4270
f 4270 4222 4224
f 4270 4224 4271
f 4271 4224 4226
f 4271 4226 4272
f 4272 4226 4228
f 4272 4228 4273
f 4273 4228 4230
f 4273 4230 4274
f 4274 4230 4232
f 4274 4232 4275
f 4275 4232 4234
f 4275 4234 4276
f 4073 4072 4277
f 4277 4072 4185
f 4277 4185 4278
f 4278 4185 4235
f 4278 4235 4279
f 4279 4235 4237
f 4279 4237 4280
f 4280 4237 4239
f 4280 4239 4281
f 4281 4239 4241
f 4281 4241 4282
f 4282 4241 4243
f 4282 4243 4283
f 4283 4243 4245
f 4283 4245 4284
f 4284 4245 4247
f 4284 4247 4285
f 4083 4084 4286
f 4286 4084 4187
f 4286 4187 4287
f 4287 4187 4248
f 4287 4248 4288
f 4288 4248 4250
f 4288 4250 4289
f 4289 4250 4252
f 4289 4252 4290
f 4290 4252 4254
f 4290 4254 4291
f 4291 4254 4256
f 4291 4256 4292
f 4292 4256 4258
f 4292 4258 4293
f 4293 4258 4260
f 4293 4260 4294
f 4141 4261 4295
f 4295 4261 4262
f 4295 4262 4296
f 4296 4262 4263
f 4296 4263 4297
f 4297 4263 4264
f 4297 4264 4298
f 4298 4264 4265
f 4298 4265 4299
f 4299 4265 4266
f 4299 4266 4300
f 4300 4266 4267
f 4300 4267 4301
f 4301 4267 4192
f 4301 4192 4193
f 4193 4192 4107
f 4193 4107 4111
f 4302 4303 4304
f 4305 4306 4307
f 4307 4306 4308
f 4307 4308 4309
f 4309 4308 4310
f 4309 4310 4311
f 4311 4310 4213
f 4311 4213 4312
f 4312 4213 4215
f 4312 4215 4313
f 4314 4315 4316
f 4316 4315 4305
f 4316 4305 4317
f 4317 4305 4307
f 4317 4307 4318
f 4318 4307 4309
f 4318 4309 4319
f 4319 4309 4311
f 4319 4311 4320
f 4320 4311 4312
f 4320 4312 4321
f 4321 4312 4313
f 4321 4313 4322
f 4159 4323 4324
f 4324 4323 4325
f 4324 4325 4326
f 4326 4325 4327
f 4326 4327 4328
f 4328 4327 4329
f 4328 4329 4330
f 4330 4329 4331
f 4330 4331 4332
f 4332 4331 4333
f 4332 4333 4334
f 4334 4333 4335
f 4334 4335 4336
f 4336 4335 4337
f 4336 4337 4338
f 4339 4340 4341
f 4060 4061 4178
f 4178 4061 4342
f 4178 4342 4343
f 4343 4342 4344
f 4343 4344 4345
f 4345 4344 4346
f 4345 4346 4347
f 4347 4346 4348
f 4347 4348 4349
f 4349 4348 4350
f 4349 4350 4351
f 4351 4350 4352
f 4351 4352 4353
f 4353 4352 4354
f 4353 4354 4355
f 4355 4354 4356
f 4355 4356 4357
f 4357 4356 4358
f 4061 4062 4342
f 4342 4062 4184
f 4342 4184 4344
f 4344 4184 4359
f 4344 4359 4346
f 4346 4359 4360
f 4346 4360 4348
f 4348 4360 4361
f 4348 4361 4350
f 4350 4361 4362
f 4350 4362 4352
f 4352 4362 4363
f 4352 4363 4354
f 4354 4363 4364
f 4354 4364 4356
f 4356 4364 4365
f 4356 4365 4358
f 4358 4365 4366
f 4358 4366 4367
f 4367 4366 4368
f 4066 4067 4177
f 4177 4067 4369
f 4177 4369 4370
f 4370 4369 4371
f 4370 4371 4372
f 4372 4371 4373
f 4372 4373 4374
f 4374 4373 4375
f 4374 4375 4376
f 4376 4375 4377
f 4376 4377 4378
f 4378 4377 4379
f 4378 4379 4380
f 4380 4379 4381
f 4380 4381 4382
f 4382 4381 4383
f 4382 4383 4384
f 4384 4383 4385
f 4386 4387 4388
f 4389 4390 4391
f 4090 4093 4170
f 4170 4093 4392
f 4170 4392 4393
f 4393 4392 4394
f 4393 4394 4395
f 4395 4394 4396
f 4395 4396 4397
f 4397 4396 4398
f 4397 4398 4399
f 4399 4398 4400
f 4399 4400 4401
f 4401 4400 4402
f 4401 4402 4403
f 4403 4402 4404
f 4403 4404 4405
f 4405 4404 4406
f 4405 4406 4407
f 4407 4406 4408
f 4093 4092 4392
f 4392 4092 4189
f 4392 4189 4394
f 4394 4189 4409
f 4394 4409 4396
f 4396 4409 4410
f 4396 4410 4398
f 4398 4410 4411
f 4398 4411 4400
f 4400 4411 4412
f 4400 4412 4402
f 4402 4412 4413
f 4402 4413 4404
f 4404 4413 4414
f 4404 4414 4406
f 4406 4414 4415
f 4406 4415 4408
f 4408 4415 4416
f 4408 4416 4417
f 4417 4416 4418
f 4419 4304 4420
f 4420 4304 4303
f 4420 4303 4421
f 4421 4303 4422
f 4421 4422 4423
f 4424 4425 4426
f 4426 4425 4302
f 4426 4302 4427
f 4427 4302 4304
f 4427 4304 4428
f 4428 4304 4419
f 4428 4419 4214
f 4425 4429 4302
f 4302 4429 4430
f 4302 4430 4303
f 4303 4430 4431
f 4303 4431 4422
f 4214 4213 4428
f 4428 4213 4310
f 4428 4310 4427
f 4427 4310 4308
f 4427 4308 4426
f 4426 4308 4306
f 4426 4306 4424
f 4315 4432 4305
f 4305 4432 4433
f 4305 4433 4306
f 4306 4433 4434
f 4306 4434 4424
f 4435 4314 4323
f 4323 4314 4316
f 4323 4316 4325
f 4325 4316 4317
f 4325 4317 4327
f 4327 4317 4318
f 4327 4318 4329
f 4329 4318 4319
f 4329 4319 4331
f 4331 4319 4320
f 4331 4320 4333
f 4333 4320 4321
f 4333 4321 4335
f 4335 4321 4322
f 4335 4322 4337
f 4159 4158 4323
f 4323 4158 4436
f 4323 4436 4435
f 4155 4157 4156
f 4156 4157 4159
f 4156 4159 4437
f 4437 4159 4324
f 4437 4324 4438
f 4438 4324 4326
f 4438 4326 4439
f 4439 4326 4328
f 4439 4328 4440
f 4440 4328 4330
f 4440 4330 4441
f 4441 4330 4332
f 4441 4332 4442
f 4442 4332 4334
f 4442 4334 4443
f 4443 4334 4336
f 4443 4336 4181
f 4181 4336 4338
f 4181 4338 4127
f 4127 4338 4128
f 4152 4154 4153
f 4153 4154 4156
f 4153 4156 4444
f 4444 4156 4437
f 4444 4437 4445
f 4445 4437 4438
f 4445 4438 4446
f 4446 4438 4439
f 4446 4439 4447
f 4447 4439 4440
f 4447 4440 4448
f 4448 4440 4441
f 4448 4441 4449
f 4449 4441 4442
f 4449 4442 4450
f 4450 4442 4443
f 4450 4443 4180
f 4180 4443 4181
f 4180 4181 4051
f 4051 4181 4049
f 4451 4151 4276
f 4276 4151 4153
f 4276 4153 4275
f 4275 4153 4444
f 4275 4444 4274
f 4274 4444 4445
f 4274 4445 4273
f 4273 4445 4446
f 4273 4446 4272
f 4272 4446 4447
f 4272 4447 4271
f 4271 4447 4448
f 4271 4448 4270
f 4270 4448 4449
f 4270 4449 4269
f 4269 4449 4450
f 4269 4450 4268
f 4268 4450 4180
f 4268 4180 4053
f 4053 4180 4050
f 4233 4341 4234
f 4234 4341 4340
f 4234 4340 4276
f 4276 4340 4452
f 4276 4452 4451
f 4453 4454 4455
f 4455 4454 4339
f 4455 4339 4456
f 4456 4339 4341
f 4456 4341 4457
f 4457 4341 4233
f 4457 4233 4458
f 4458 4233 4231
f 4458 4231 4459
f 4459 4231 4229
f 4459 4229 4460
f 4460 4229 4227
f 4460 4227 4461
f 4461 4227 4225
f 4461 4225 4462
f 4462 4225 4223
f 4462 4223 4179
f 4179 4223 4183
f 4179 4183 4058
f 4058 4183 4059
f 4454 4463 4339
f 4339 4463 4464
f 4339 4464 4340
f 4340 4464 4465
f 4340 4465 4452
f 4057 4056 4179
f 4179 4056 4178
f 4179 4178 4462
f 4462 4178 4343
f 4462 4343 4461
f 4461 4343 4345
f 4461 4345 4460
f 4460 4345 4347
f 4460 4347 4459
f 4459 4347 4349
f 4459 4349 4458
f 4458 4349 4351
f 4458 4351 4457
f 4457 4351 4353
f 4457 4353 4456
f 4456 4353 4355
f 4456 4355 4455
f 4455 4355 4357
f 4455 4357 4453
f 4367 4466 4358
f 4358 4466 4467
f 4358 4467 4357
f 4357 4467 4468
f 4357 4468 4453
f 4469 4368 4384
f 4384 4368 4366
f 4384 4366 4382
f 4382 4366 4365
f 4382 4365 4380
f 4380 4365 4364
f 4380 4364 4378
f 4378 4364 4363
f 4378 4363 4376
f 4376 4363 4362
f 4376 4362 4374
f 4374 4362 4361
f 4374 4361 4372
f 4372 4361 4360
f 4372 4360 4370
f 4370 4360 4359
f 4370 4359 4177
f 4177 4359 4184
f 4177 4184 4064
f 4064 4184 4063
f 4470 4471 4472
f 4472 4471 4385
f 4472 4385 4473
f 4473 4385 4383
f 4473 4383 4474
f 4474 4383 4381
f 4474 4381 4475
f 4475 4381 4379
f 4475 4379 4476
f 4476 4379 4377
f 4476 4377 4477
f 4477 4377 4375
f 4477 4375 4478
f 4478 4375 4373
f 4478 4373 4479
f 4479 4373 4371
f 4479 4371 4176
f 4176 4371 4369
f 4176 4369 4068
f 4068 4369 4067
f 4471 4480 4385
f 4385 4480 4481
f 4385 4481 4384
f 4384 4481 4482
f 4384 4482 4469
f 4149 4470 4150
f 4150 4470 4472
f 4150 4472 4483
f 4483 4472 4473
f 4483 4473 4484
f 4484 4473 4474
f 4484 4474 4485
f 4485 4474 4475
f 4485 4475 4486
f 4486 4475 4476
f 4486 4476 4487
f 4487 4476 4477
f 4487 4477 4488
f 4488 4477 4478
f 4488 4478 4489
f 4489 4478 4479
f 4489 4479 4175
f 4175 4479 4176
f 4175 4176 4071
f 4071 4176 4069
f 4490 4148 4285
f 4285 4148 4150
f 4285 4150 4284
f 4284 4150 4483
f 4284 4483 4283
f 4283 4483 4484
f 4283 4484 4282
f 4282 4484 4485
f 4282 4485 4281
f 4281 4485 4486
f 4281 4486 4280
f 4280 4486 4487
f 4280 4487 4279
f 4279 4487 4488
f 4279 4488 4278
f 4278 4488 4489
f 4278 4489 4277
f 4277 4489 4175
f 4277 4175 4073
f 4073 4175 4070
f 4246 4388 4247
f 4247 4388 4387
f 4247 4387 4285
f 4285 4387 4491
f 4285 4491 4490
f 4492 4493 4494
f 4494 4493 4386
f 4494 4386 4495
f 4495 4386 4388
f 4495 4388 4496
f 4496 4388 4246
f 4496 4246 4497
f 4497 4246 4244
f 4497 4244 4498
f 4498 4244 4242
f 4498 4242 4499
f 4499 4242 4240
f 4499 4240 4500
f 4500 4240 4238
f 4500 4238 4501
f 4501 4238 4236
f 4501 4236 4174
f 4174 4236 4186
f 4174 4186 4078
f 4078 4186 4079
f 4493 4502 4386
f 4386 4502 4503
f 4386 4503 4387
f 4387 4503 4504
f 4387 4504 4491
f 4146 4492 4147
f 4147 4492 4494
f 4147 4494 4505
f 4505 4494 4495
f 4505 4495 4506
f 4506 4495 4496
f 4506 4496 4507
f 4507 4496 4497
f 4507 4497 4508
f 4508 4497 4498
f 4508 4498 4509
f 4509 4498 4499
f 4509 4499 4510
f 4510 4499 4500
f 4510 4500 4511
f 4511 4500 4501
f 4511 4501 4173
f 4173 4501 4174
f 4173 4174 4076
f 4076 4174 4077
f 4143 4145 4144
f 4144 4145 4147
f 4144 4147 4512
f 4512 4147 4505
f 4512 4505 4513
f 4513 4505 4506
f 4513 4506 4514
f 4514 4506 4507
f 4514 4507 4515
f 4515 4507 4508
f 4515 4508 4516
f 4516 4508 4509
f 4516 4509 4517
f 4517 4509 4510
f 4517 4510 4518
f 4518 4510 4511
f 4518 4511 4172
f 4172 4511 4173
f 4172 4173 4081
f 4081 4173 4080
f 4519 4142 4294
f 4294 4142 4144
f 4294 4144 4293
f 4293 4144 4512
f 4293 4512 4292
f 4292 4512 4513
f 4292 4513 4291
f 4291 4513 4514
f 4291 4514 4290
f 4290 4514 4515
f 4290 4515 4289
f 4289 4515 4516
f 4289 4516 4288
f 4288 4516 4517
f 4288 4517 4287
f 4287 4517 4518
f 4287 4518 4286
f 4286 4518 4172
f 4286 4172 4083
f 4083 4172 4082
f 4259 4391 4260
f 4260 4391 4390
f 4260 4390 4294
f 4294 4390 4520
f 4294 4520 4519
f 4521 4522 4523
f 4523 4522 4389
f 4523 4389 4524
f 4524 4389 4391
f 4524 4391 4525
f 4525 4391 4259
f 4525 4259 4526
f 4526 4259 4257
f 4526 4257 4527
f 4527 4257 4255
f 4527 4255 4528
f 4528 4255 4253
f 4528 4253 4529
f 4529 4253 4251
f 4529 4251 4530
f 4530 4251 4249
f 4530 4249 4171
f 4171 4249 4188
f 4171 4188 4088
f 4088 4188 4087
f 4522 4531 4389
f 4389 4531 4532
f 4389 4532 4390
f 4390 4532 4533
f 4390 4533 4520
f 4089 4091 4171
f 4171 4091 4170
f 4171 4170 4530
f 4530 4170 4393
f 4530 4393 4529
f 4529 4393 4395
f 4529 4395 4528
f 4528 4395 4397
f 4528 4397 4527
f 4527 4397 4399
f 4527 4399 4526
f 4526 4399 4401
f 4526 4401 4525
f 4525 4401 4403
f 4525 4403 4524
f 4524 4403 4405
f 4524 4405 4523
f 4523 4405 4407
f 4523 4407 4521
f 4417 4534 4408
f 4408 4534 4535
f 4408 4535 4407
f 4407 4535 4536
f 4407 4536 4521
f 4140 4418 4141
f 4141 4418 4416
f 4141 4416 4261
f 4261 4416 4415
f 4261 4415 4216
f 4216 4415 4414
f 4216 4414 4208
f 4208 4414 4413
f 4208 4413 4203
f 4203 4413 4412
f 4203 4412 4200
f 4200 4412 4411
f 4200 4411 4198
f 4198 4411 4410
f 4198 4410 4162
f 4162 4410 4409
f 4162 4409 4160
f 4160 4409 4189
f 4160 4189 4094
f 4094 4189 4095
f 4112 4194 4193
f 4193 4194 4537
f 4193 4537 4301
f 4301 4537 4538
f 4301 4538 4300
f 4300 4538 4539
f 4300 4539 4299
f 4299 4539 4540
f 4299 4540 4298
f 4298 4540 4541
f 4298 4541 4297
f 4297 4541 4542
f 4297 4542 4296
f 4296 4542 4543
f 4296 4543 4295
f 4295 4543 4138
f 4295 4138 4141
f 4141 4138 4137
f 4141 4137 4139
f 4114 4167 4194
f 4194 4167 4544
f 4194 4544 4537
f 4537 4544 4545
f 4537 4545 4538
f 4538 4545 4546
f 4538 4546 4539
f 4539 4546 4547
f 4539 4547 4540
f 4540 4547 4548
f 4540 4548 4541
f 4541 4548 4549
f 4541 4549 4542
f 4542 4549 4550
f 4542 4550 4543
f 4543 4550 4551
f 4543 4551 4138
f 4138 4551 4552
f 4138 4552 4136
f 4553 4554 4555
f 4115 4195 4167
f 4167 4195 4556
f 4167 4556 4544
f 4544 4556 4557
f 4544 4557 4545
f 4545 4557 4558
f 4545 4558 4546
f 4546 4558 4559
f 4546 4559 4547
f 4547 4559 4560
f 4547 4560 4548
f 4548 4560 4561
f 4548 4561 4549
f 4549 4561 4562
f 4549 4562 4550
f 4550 4562 4553
f 4550 4553 4551
f 4551 4553 4555
f 4551 4555 4552
f 4563 4564 4565
f 4118 4166 4195
f 4195 4166 4566
f 4195 4566 4556
f 4556 4566 4567
f 4556 4567 4557
f 4557 4567 4568
f 4557 4568 4558
f 4558 4568 4569
f 4558 4569 4559
f 4559 4569 4570
f 4559 4570 4560
f 4560 4570 4571
f 4560 4571 4561
f 4561 4571 4572
f 4561 4572 4562
f 4562 4572 4563
f 4562 4563 4553
f 4553 4563 4565
f 4553 4565 4554
f 4119 4196 4166
f 4166 4196 4573
f 4166 4573 4566
f 4566 4573 4574
f 4566 4574 4567
f 4567 4574 4575
f 4567 4575 4568
f 4568 4575 4576
f 4568 4576 4569
f 4569 4576 4577
f 4569 4577 4570
f 4570 4577 4578
f 4570 4578 4571
f 4571 4578 4579
f 4571 4579 4572
f 4572 4579 4135
f 4572 4135 4563
f 4563 4135 4134
f 4563 4134 4564
f 4122 4197 4196
f 4196 4197 4580
f 4196 4580 4573
f 4573 4580 4581
f 4573 4581 4574
f 4574 4581 4582
f 4574 4582 4575
f 4575 4582 4583
f 4575 4583 4576
f 4576 4583 4584
f 4576 4584 4577
f 4577 4584 4585
f 4577 4585 4578
f 4578 4585 4586
f 4578 4586 4579
f 4579 4586 4132
f 4579 4132 4135
f 4135 4132 4131
f 4135 4131 4133
f 4124 4165 4197
f 4197 4165 4587
f 4197 4587 4580
f 4580 4587 4588
f 4580 4588 4581
f 4581 4588 4589
f 4581 4589 4582
f 4582 4589 4590
f 4582 4590 4583
f 4583 4590 4591
f 4583 4591 4584
f 4584 4591 4592
f 4584 4592 4585
f 4585 4592 4593
f 4585 4593 4586
f 4586 4593 4594
f 4586 4594 4132
f 4132 4594 4595
f 4132 4595 4130
f 4596 4597 4598
f 4123 4164 4165
f 4165 4164 4599
f 4165 4599 4587
f 4587 4599 4600
f 4587 4600 4588
f 4588 4600 4601
f 4588 4601 4589
f 4589 4601 4602
f 4589 4602 4590
f 4590 4602 4603
f 4590 4603 4591
f 4591 4603 4604
f 4591 4604 4592
f 4592 4604 4605
f 4592 4605 4593
f 4593 4605 4596
f 4593 4596 4594
f 4594 4596 4598
f 4594 4598 4595
f 4606 4607 4608
f 4125 4163 4164
f 4164 4163 4609
f 4164 4609 4599
f 4599 4609 4610
f 4599 4610 4600
f 4600 4610 4611
f 4600 4611 4601
f 4601 4611 4612
f 4601 4612 4602
f 4602 4612 4613
f 4602 4613 4603
f 4603 4613 4614
f 4603 4614 4604
f 4604 4614 4615
f 4604 4615 4605
f 4605 4615 4606
f 4605 4606 4596
f 4596 4606 4608
f 4596 4608 4597
f 4128 4338 4163
f 4163 4338 4337
f 4163 4337 4609
f 4609 4337 4322
f 4609 4322 4610
f 4610 4322 4313
f 4610 4313 4611
f 4611 4313 4215
f 4611 4215 4612
f 4612 4215 4214
f 4612 4214 4613
f 4613 4214 4419
f 4613 4419 4614
f 4614 4419 4420
f 4614 4420 4615
f 4615 4420 4421
f 4615 4421 4606
f 4606 4421 4423
f 4606 4423 4607
f 4616 4607 4617
f 4617 4607 4423
f 4617 4423 4618
f 4618 4423 4422
f 4618 4422 4619
f 4619 4422 4431
f 4619 4431 4620
f 4620 4431 4430
f 4620 4430 4621
f 4621 4430 4429
f 4621 4429 4622
f 4622 4429 4425
f 4622 4425 4623
f 4623 4425 4424
f 4623 4424 4624
f 4624 4424 4434
f 4624 4434 4625
f 4625 4434 4433
f 4625 4433 4626
f 4626 4433 4432
f 4626 4432 4627
f 4627 4432 4315
f 4627 4315 4628
f 4628 4315 4314
f 4628 4314 4629
f 4629 4314 4435
f 4629 4435 4630
f 4630 4435 4436
f 4630 4436 4631
f 4631 4436 4158
f 4631 4158 4632
f 4632 4158 4157
f 4632 4157 4633
f 4633 4157 4155
f 4633 4155 4634
f 4634 4155 4154
f 4634 4154 4635
f 4635 4154 4152
f 4635 4152 4636
f 4636 4152 4151
f 4636 4151 4637
f 4637 4151 4451
f 4637 4451 4638
f 4638 4451 4452
f 4638 4452 4639
f 4639 4452 4465
f 4639 4465 4640
f 4640 4465 4464
f 4640 4464 4641
f 4641 4464 4463
f 4641 4463 4642
f 4642 4463 4454
f 4642 4454 4643
f 4643 4454 4453
f 4643 4453 4644
f 4644 4453 4468
f 4644 4468 4645
f 4645 4468 4467
f 4645 4467 4646
f 4646 4467 4466
f 4646 4466 4647
f 4647 4466 4367
f 4647 4367 4648
f 4648 4367 4368
f 4648 4368 4649
f 4649 4368 4469
f 4649 4469 4650
f 4650 4469 4482
f 4650 4482 4651
f 4651 4482 4481
f 4651 4481 4652
f 4652 4481 4480
f 4652 4480 4653
f 4653 4480 4471
f 4653 4471 4654
f 4654 4471 4470
f 4654 4470 4655
f 4655 4470 4149
f 4655 4149 4656
f 4656 4149 4148
f 4656 4148 4657
f 4657 4148 4490
f 4657 4490 4658
f 4658 4490 4491
f 4658 4491 4659
f 4659 4491 4504
f 4659 4504 4660
f 4660 4504 4503
f 4660 4503 4661
f 4661 4503 4502
f 4661 4502 4662
f 4662 4502 4493
f 4662 4493 4663
f 4663 4493 4492
f 4663 4492 4664
f 4664 4492 4146
f 4664 4146 4665
f 4665 4146 4145
f 4665 4145 4666
f 4666 4145 4143
f 4666 4143 4667
f 4667 4143 4142
f 4667 4142 4668
f 4668 4142 4519
f 4668 4519 4669
f 4669 4519 4520
f 4669 4520 4670
f 4670 4520 4533
f 4670 4533 4671
f 4671 4533 4532
f 4671 4532 4672
f 4672 4532 4531
f 4672 4531 4673
f 4673 4531 4522
f 4673 4522 4674
f 4674 4522 4521
f 4674 4521 4675
f 4675 4521 4536
f 4675 4536 4676
f 4676 4536 4535
f 4676 4535 4677
f 4677 4535 4534
f 4677 4534 4678
f 4678 4534 4417
f 4678 4417 4679
f 4679 4417 4418
f 4679 4418 4680
f 4680 4418 4140
f 4680 4140 4681
f 4681 4140 4139
f 4681 4139 4682
f 4682 4139 4137
f 4682 4137 4683
f 4683 4137 4136
f 4683 4136 4684
f 4684 4136 4552
f 4684 4552 4685
f 4685 4552 4555
f 4685 4555 4686
f 4686 4555 4554
f 4686 4554 4687
f 4687 4554 4565
f 4687 4565 4688
f 4688 4565 4564
f 4688 4564 4689
f 4689 4564 4134
f 4689 4134 4690
f 4690 4134 4133
f 4690 4133 4691
f 4691 4133 4131
f 4691 4131 4692
f 4692 4131 4130
f 4692 4130 4693
f 4693 4130 4595
f 4693 4595 4694
f 4694 4595 4598
f 4694 4598 4695
f 4695 4598 4597
f 4695 4597 4696
f 4696 4597 4608
f 4696 4608 4616
f 4616 4608 4607
f 1025 1015 4697
f 1014 1013 4698
f 1012 1011 4699
f 1010 1009 4700
f 1008 1007 4701
f 1006 1005 4702
f 1004 1003 4703
f 1002 1001 4704
f 1000 999 4705
f 998 997 4706
f 996 995 4707
f 994 993 4708
f 992 991 4709
f 990 989 4710
f 988 987 4711
f 986 985 4712
f 984 983 4713
f 982 981 4714
f 980 979 4715
f 978 977 4716
f 976 975 4717
f 974 973 4718
f 972 971 4719
f 970 969 4720
f 968 967 4721
f 966 965 4722
f 964 963 4723
f 962 961 4724
f 960 959 4725
f 958 957 4726
f 956 955 4727
f 954 953 4728
f 952 951 4729
f 950 949 4730
f 948 947 4731
f 946 945 4732
f 944 943 4733
f 942 941 4734
f 940 939 4735
f 938 937 4736
f 936 935 4737
f 934 933 4738
f 4739 4740 4741
f 4696 4616 4742
f 4694 4695 4743
f 4692 4693 4744
f 4687 4688 4745
f 4683 4684 4746
f 4676 4677 4747
f 4674 4675 4748
f 4672 4673 4749
f 4667 4668 4750
f 4663 4664 4751
f 4656 4657 4752
f 4654 4655 4753
f 4645 4646 4754
f 4643 4644 4755
f 4630 4631 4739
f 4628 4629 4756
f 4626 4627 4757
f 4619 4620 4758
f 4617 4618 4759
f 4622 4623 4760
f 4624 4625 4761
f 4739 4631 4740
f 4740 4631 4632
f 4740 4632 4633
f 4634 4635 4762
f 4762 4635 4636
f 4763 4638 4639
f 4764 4640 4641
f 4765 4647 4648
f 4766 4649 4650
f 4767 4651 4652
f 4768 4658 4659
f 4769 4660 4661
f 4663 4751 4662
f 4664 4665 4770
f 4770 4665 4666
f 4770 4666 4667
f 4668 4669 4771
f 4771 4669 4670
f 4670 4671 4772
f 4772 4671 4672
f 4674 4748 4673
f 4676 4747 4675
f 4677 4678 4773
f 4773 4678 4679
f 4679 4680 4774
f 4774 4680 4681
f 4681 4682 4775
f 4775 4682 4683
f 4684 4685 4776
f 4776 4685 4686
f 4776 4686 4687
f 4688 4689 4777
f 4777 4689 4690
f 4690 4691 4778
f 4778 4691 4692
f 4694 4743 4693
f 4696 4742 4695
f 4779 4741 4780
f 4780 4741 4740
f 4780 4740 4762
f 4762 4740 4633
f 4762 4633 4634
f 4781 4779 4782
f 4782 4779 4780
f 4782 4780 4783
f 4783 4780 4762
f 4783 4762 4784
f 4784 4762 4636
f 4784 4636 4637
f 4785 4781 4786
f 4786 4781 4782
f 4786 4782 4787
f 4787 4782 4783
f 4787 4783 4788
f 4788 4783 4784
f 4788 4784 4763
f 4763 4784 4637
f 4763 4637 4638
f 4789 4785 4790
f 4790 4785 4786
f 4790 4786 4791
f 4791 4786 4787
f 4791 4787 4792
f 4792 4787 4788
f 4792 4788 4793
f 4793 4788 4763
f 4793 4763 4764
f 4764 4763 4639
f 4764 4639 4640
f 4794 4789 4795
f 4795 4789 4790
f 4795 4790 4796
f 4796 4790 4791
f 4796 4791 4797
f 4797 4791 4792
f 4797 4792 4798
f 4798 4792 4793
f 4798 4793 4799
f 4799 4793 4764
f 4799 4764 4800
f 4800 4764 4641
f 4800 4641 4642
f 4801 4794 4802
f 4802 4794 4795
f 4802 4795 4803
f 4803 4795 4796
f 4803 4796 4804
f 4804 4796 4797
f 4804 4797 4805
f 4805 4797 4798
f 4805 4798 4806
f 4806 4798 4799
f 4806 4799 4807
f 4807 4799 4800
f 4807 4800 4755
f 4755 4800 4642
f 4755 4642 4643
f 4808 4801 4809
f 4809 4801 4802
f 4809 4802 4810
f 4810 4802 4803
f 4810 4803 4811
f 4811 4803 4804
f 4811 4804 4812
f 4812 4804 4805
f 4812 4805 4813
f 4813 4805 4806
f 4813 4806 4814
f 4814 4806 4807
f 4814 4807 4815
f 4815 4807 4755
f 4815 4755 4754
f 4754 4755 4644
f 4754 4644 4645
f 4816 4808 4817
f 4817 4808 4809
f 4817 4809 4818
f 4818 4809 4810
f 4818 4810 4819
f 4819 4810 4811
f 4819 4811 4820
f 4820 4811 4812
f 4820 4812 4821
f 4821 4812 4813
f 4821 4813 4822
f 4822 4813 4814
f 4822 4814 4823
f 4823 4814 4815
f 4823 4815 4824
f 4824 4815 4754
f 4824 4754 4765
f 4765 4754 4646
f 4765 4646 4647
f 4825 4816 4826
f 4826 4816 4817
f 4826 4817 4827
f 4827 4817 4818
f 4827 4818 4828
f 4828 4818 4819
f 4828 4819 4829
f 4829 4819 4820
f 4829 4820 4830
f 4830 4820 4821
f 4830 4821 4831
f 4831 4821 4822
f 4831 4822 4832
f 4832 4822 4823
f 4832 4823 4833
f 4833 4823 4824
f 4833 4824 4834
f 4834 4824 4765
f 4834 4765 4766
f 4766 4765 4648
f 4766 4648 4649
f 4835 4825 4836
f 4836 4825 4826
f 4836 4826 4837
f 4837 4826 4827
f 4837 4827 4838
f 4838 4827 4828
f 4838 4828 4839
f 4839 4828 4829
f 4839 4829 4840
f 4840 4829 4830
f 4840 4830 4841
f 4841 4830 4831
f 4841 4831 4842
f 4842 4831 4832
f 4842 4832 4843
f 4843 4832 4833
f 4843 4833 4844
f 4844 4833 4834
f 4844 4834 4845
f 4845 4834 4766
f 4845 4766 4767
f 4767 4766 4650
f 4767 4650 4651
f 4846 4835 4847
f 4847 4835 4836
f 4847 4836 4848
f 4848 4836 4837
f 4848 4837 4849
f 4849 4837 4838
f 4849 4838 4850
f 4850 4838 4839
f 4850 4839 4851
f 4851 4839 4840
f 4851 4840 4852
f 4852 4840 4841
f 4852 4841 4853
f 4853 4841 4842
f 4853 4842 4854
f 4854 4842 4843
f 4854 4843 4855
f 4855 4843 4844
f 4855 4844 4856
f 4856 4844 4845
f 4856 4845 4857
f 4857 4845 4767
f 4857 4767 4858
f 4858 4767 4652
f 4858 4652 4653
f 4859 4846 4860
f 4860 4846 4847
f 4860 4847 4861
f 4861 4847 4848
f 4861 4848 4862
f 4862 4848 4849
f 4862 4849 4863
f 4863 4849 4850
f 4863 4850 4864
f 4864 4850 4851
f 4864 4851 4865
f 4865 4851 4852
f 4865 4852 4866
f 4866 4852 4853
f 4866 4853 4867
f 4867 4853 4854
f 4867 4854 4868
f 4868 4854 4855
f 4868 4855 4869
f 4869 4855 4856
f 4869 4856 4870
f 4870 4856 4857
f 4870 4857 4871
f 4871 4857 4858
f 4871 4858 4753
f 4753 4858 4653
f 4753 4653 4654
f 4872 4859 4873
f 4873 4859 4860
f 4873 4860 4874
f 4874 4860 4861
f 4874 4861 4875
f 4875 4861 4862
f 4875 4862 4876
f 4876 4862 4863
f 4876 4863 4877
f 4877 4863 4864
f 4877 4864 4878
f 4878 4864 4865
f 4878 4865 4879
f 4879 4865 4866
f 4879 4866 4880
f 4880 4866 4867
f 4880 4867 4881
f 4881 4867 4868
f 4881 4868 4882
f 4882 4868 4869
f 4882 4869 4883
f 4883 4869 4870
f 4883 4870 4884
f 4884 4870 4871
f 4884 4871 4885
f 4885 4871 4753
f 4885 4753 4752
f 4752 4753 4655
f 4752 4655 4656
f 4886 4872 4887
f 4887 4872 4873
f 4887 4873 4888
f 4888 4873 4874
f 4888 4874 4889
f 4889 4874 4875
f 4889 4875 4890
f 4890 4875 4876
f 4890 4876 4891
f 4891 4876 4877
f 4891 4877 4892
f 4892 4877 4878
f 4892 4878 4893
f 4893 4878 4879
f 4893 4879 4894
f 4894 4879 4880
f 4894 4880 4895
f 4895 4880 4881
f 4895 4881 4896
f 4896 4881 4882
f 4896 4882 4897
f 4897 4882 4883
f 4897 4883 4898
f 4898 4883 4884
f 4898 4884 4899
f 4899 4884 4885
f 4899 4885 4900
f 4900 4885 4752
f 4900 4752 4768
f 4768 4752 4657
f 4768 4657 4658
f 4901 4886 4902
f 4902 4886 4887
f 4902 4887 4903
f 4903 4887 4888
f 4903 4888 4904
f 4904 4888 4889
f 4904 4889 4905
f 4905 4889 4890
f 4905 4890 4906
f 4906 4890 4891
f 4906 4891 4907
f 4907 4891 4892
f 4907 4892 4908
f 4908 4892 4893
f 4908 4893 4909
f 4909 4893 4894
f 4909 4894 4910
f 4910 4894 4895
f 4910 4895 4911
f 4911 4895 4896
f 4911 4896 4912
f 4912 4896 4897
f 4912 4897 4913
f 4913 4897 4898
f 4913 4898 4914
f 4914 4898 4899
f 4914 4899 4915
f 4915 4899 4900
f 4915 4900 4916
f 4916 4900 4768
f 4916 4768 4769
f 4769 4768 4659
f 4769 4659 4660
f 4716 4901 4917
f 4917 4901 4902
f 4917 4902 4918
f 4918 4902 4903
f 4918 4903 4919
f 4919 4903 4904
f 4919 4904 4920
f 4920 4904 4905
f 4920 4905 4921
f 4921 4905 4906
f 4921 4906 4922
f 4922 4906 4907
f 4922 4907 4923
f 4923 4907 4908
f 4923 4908 4924
f 4924 4908 4909
f 4924 4909 4925
f 4925 4909 4910
f 4925 4910 4926
f 4926 4910 4911
f 4926 4911 4927
f 4927 4911 4912
f 4927 4912 4928
f 4928 4912 4913
f 4928 4913 4929
f 4929 4913 4914
f 4929 4914 4930
f 4930 4914 4915
f 4930 4915 4931
f 4931 4915 4916
f 4931 4916 4932
f 4932 4916 4769
f 4932 4769 4933
f 4933 4769 4661
f 4933 4661 4662
f 4934 4935 4936
f 4937 4936 4938
f 4938 4936 4935
f 4938 4935 4939
f 4939 4935 928
f 4939 928 918
f 932 931 4934
f 4934 931 930
f 4934 930 4935
f 4935 930 929
f 4935 929 928
f 933 932 4738
f 4738 932 4934
f 4738 4934 4940
f 4940 4934 4936
f 4940 4936 4941
f 4941 4936 4937
f 4941 4937 4942
f 935 934 4737
f 4737 934 4738
f 4737 4738 4943
f 4943 4738 4940
f 4943 4940 4944
f 4944 4940 4941
f 4944 4941 4945
f 4945 4941 4942
f 4945 4942 4946
f 937 936 4736
f 4736 936 4737
f 4736 4737 4947
f 4947 4737 4943
f 4947 4943 4948
f 4948 4943 4944
f 4948 4944 4949
f 4949 4944 4945
f 4949 4945 4950
f 4950 4945 4946
f 4950 4946 4951
f 939 938 4735
f 4735 938 4736
f 4735 4736 4952
f 4952 4736 4947
f 4952 4947 4953
f 4953 4947 4948
f 4953 4948 4954
f 4954 4948 4949
f 4954 4949 4955
f 4955 4949 4950
f 4955 4950 4956
f 4956 4950 4951
f 4956 4951 4957
f 941 940 4734
f 4734 940 4735
f 4734 4735 4958
f 4958 4735 4952
f 4958 4952 4959
f 4959 4952 4953
f 4959 4953 4960
f 4960 4953 4954
f 4960 4954 4961
f 4961 4954 4955
f 4961 4955 4962
f 4962 4955 4956
f 4962 4956 4963
f 4963 4956 4957
f 4963 4957 4964
f 943 942 4733
f 4733 942 4734
f 4733 4734 4965
f 4965 4734 4958
f 4965 4958 4966
f 4966 4958 4959
f 4966 4959 4967
f 4967 4959 4960
f 4967 4960 4968
f 4968 4960 4961
f 4968 4961 4969
f 4969 4961 4962
f 4969 4962 4970
f 4970 4962 4963
f 4970 4963 4971
f 4971 4963 4964
f 4971 4964 4972
f 945 944 4732
f 4732 944 4733
f 4732 4733 4973
f 4973 4733 4965
f 4973 4965 4974
f 4974 4965 4966
f 4974 4966 4975
f 4975 4966 4967
f 4975 4967 4976
f 4976 4967 4968
f 4976 4968 4977
f 4977 4968 4969
f 4977 4969 4978
f 4978 4969 4970
f 4978 4970 4979
f 4979 4970 4971
f 4979 4971 4980
f 4980 4971 4972
f 4980 4972 4981
f 947 946 4731
f 4731 946 4732
f 4731 4732 4982
f 4982 4732 4973
f 4982 4973 4983
f 4983 4973 4974
f 4983 4974 4984
f 4984 4974 4975
f 4984 4975 4985
f 4985 4975 4976
f 4985 4976 4986
f 4986 4976 4977
f 4986 4977 4987
f 4987 4977 4978
f 4987 4978 4988
f 4988 4978 4979
f 4988 4979 4989
f 4989 4979 4980
f 4989 4980 4990
f 4990 4980 4981
f 4990 4981 4991
f 949 948 4730
f 4730 948 4731
f 4730 4731 4992
f 4992 4731 4982
f 4992 4982 4993
f 4993 4982 4983
f 4993 4983 4994
f 4994 4983 4984
f 4994 4984 4995
f 4995 4984 4985
f 4995 4985 4996
f 4996 4985 4986
f 4996 4986 4997
f 4997 4986 4987
f 4997 4987 4998
f 4998 4987 4988
f 4998 4988 4999
f 4999 4988 4989
f 4999 4989 5000
f 5000 4989 4990
f 5000 4990 5001
f 5001 4990 4991
f 5001 4991 5002
f 951 950 4729
f 4729 950 4730
f 4729 4730 5003
f 5003 4730 4992
f 5003 4992 5004
f 5004 4992 4993
f 5004 4993 5005
f 5005 4993 4994
f 5005 4994 5006
f 5006 4994 4995
f 5006 4995 5007
f 5007 4995 4996
f 5007 4996 5008
f 5008 4996 4997
f 5008 4997 5009
f 5009 4997 4998
f 5009 4998 5010
f 5010 4998 4999
f 5010 4999 5011
f 5011 4999 5000
f 5011 5000 5012
f 5012 5000 5001
f 5012 5001 5013
f 5013 5001 5002
f 5013 5002 5014
f 953 952 4728
f 4728 952 4729
f 4728 4729 5015
f 5015 4729 5003
f 5015 5003 5016
f 5016 5003 5004
f 5016 5004 5017
f 5017 5004 5005
f 5017 5005 5018
f 5018 5005 5006
f 5018 5006 5019
f 5019 5006 5007
f 5019 5007 5020
f 5020 5007 5008
f 5020 5008 5021
f 5021 5008 5009
f 5021 5009 5022
f 5022 5009 5010
f 5022 5010 5023
f 5023 5010 5011
f 5023 5011 5024
f 5024 5011 5012
f 5024 5012 5025
f 5025 5012 5013
f 5025 5013 5026
f 5026 5013 5014
f 5026 5014 5027
f 955 954 4727
f 4727 954 4728
f 4727 4728 5028
f 5028 4728 5015
f 5028 5015 5029
f 5029 5015 5016
f 5029 5016 5030
f 5030 5016 5017
f 5030 5017 5031
f 5031 5017 5018
f 5031 5018 5032
f 5032 5018 5019
f 5032 5019 5033
f 5033 5019 5020
f 5033 5020 5034
f 5034 5020 5021
f 5034 5021 5035
f 5035 5021 5022
f 5035 5022 5036
f 5036 5022 5023
f 5036 5023 5037
f 5037 5023 5024
f 5037 5024 5038
f 5038 5024 5025
f 5038 5025 5039
f 5039 5025 5026
f 5039 5026 5040
f 5040 5026 5027
f 5040 5027 5041
f 957 956 4726
f 4726 956 4727
f 4726 4727 5042
f 5042 4727 5028
f 5042 5028 5043
f 5043 5028 5029
f 5043 5029 5044
f 5044 5029 5030
f 5044 5030 5045
f 5045 5030 5031
f 5045 5031 5046
f 5046 5031 5032
f 5046 5032 5047
f 5047 5032 5033
f 5047 5033 5048
f 5048 5033 5034
f 5048 5034 5049
f 5049 5034 5035
f 5049 5035 5050
f 5050 5035 5036
f 5050 5036 5051
f 5051 5036 5037
f 5051 5037 5052
f 5052 5037 5038
f 5052 5038 5053
f 5053 5038 5039
f 5053 5039 5054
f 5054 5039 5040
f 5054 5040 5055
f 5055 5040 5041
f 5055 5041 5056
f 959 958 4725
f 4725 958 4726
f 4725 4726 5057
f 5057 4726 5042
f 5057 5042 5058
f 5058 5042 5043
f 5058 5043 5059
f 5059 5043 5044
f 5059 5044 5060
f 5060 5044 5045
f 5060 5045 5061
f 5061 5045 5046
f 5061 5046 5062
f 5062 5046 5047
f 5062 5047 5063
f 5063 5047 5048
f 5063 5048 5064
f 5064 5048 5049
f 5064 5049 5065
f 5065 5049 5050
f 5065 5050 5066
f 5066 5050 5051
f 5066 5051 5067
f 5067 5051 5052
f 5067 5052 5068
f 5068 5052 5053
f 5068 5053 5069
f 5069 5053 5054
f 5069 5054 5070
f 5070 5054 5055
f 5070 5055 5071
f 5071 5055 5056
f 5071 5056 5072
f 961 960 4724
f 4724 960 4725
f 4724 4725 5073
f 5073 4725 5057
f 5073 5057 5074
f 5074 5057 5058
f 5074 5058 5075
f 5075 5058 5059
f 5075 5059 5076
f 5076 5059 5060
f 5076 5060 5077
f 5077 5060 5061
f 5077 5061 5078
f 5078 5061 5062
f 5078 5062 5079
f 5079 5062 5063
f 5079 5063 5080
f 5080 5063 5064
f 5080 5064 5081
f 5081 5064 5065
f 5081 5065 5082
f 5082 5065 5066
f 5082 5066 5083
f 5083 5066 5067
f 5083 5067 5084
f 5084 5067 5068
f 5084 5068 5085
f 5085 5068 5069
f 5085 5069 5086
f 5086 5069 5070
f 5086 5070 5087
f 5087 5070 5071
f 5087 5071 5088
f 5088 5071 5072
f 5088 5072 5089
f 963 962 4723
f 4723 962 4724
f 4723 4724 5090
f 5090 4724 5073
f 5090 5073 5091
f 5091 5073 5074
f 5091 5074 5092
f 5092 5074 5075
f 5092 5075 5093
f 5093 5075 5076
f 5093 5076 5094
f 5094 5076 5077
f 5094 5077 5095
f 5095 5077 5078
f 5095 5078 5096
f 5096 5078 5079
f 5096 5079 5097
f 5097 5079 5080
f 5097 5080 5098
f 5098 5080 5081
f 5098 5081 5099
f 5099 5081 5082
f 5099 5082 5100
f 5100 5082 5083
f 5100 5083 5101
f 5101 5083 5084
f 5101 5084 5102
f 5102 5084 5085
f 5102 5085 5103
f 5103 5085 5086
f 5103 5086 5104
f 5104 5086 5087
f 5104 5087 5105
f 5105 5087 5088
f 5105 5088 4759
f 4759 5088 5089
f 4759 5089 4617
f 4617 5089 4616
f 965 964 4722
f 4722 964 4723
f 4722 4723 5106
f 5106 4723 5090
f 5106 5090 5107
f 5107 5090 5091
f 5107 5091 5108
f 5108 5091 5092
f 5108 5092 5109
f 5109 5092 5093
f 5109 5093 5110
f 5110 5093 5094
f 5110 5094 5111
f 5111 5094 5095
f 5111 5095 5112
f 5112 5095 5096
f 5112 5096 5113
f 5113 5096 5097
f 5113 5097 5114
f 5114 5097 5098
f 5114 5098 5115
f 5115 5098 5099
f 5115 5099 5116
f 5116 5099 5100
f 5116 5100 5117
f 5117 5100 5101
f 5117 5101 5118
f 5118 5101 5102
f 5118 5102 5119
f 5119 5102 5103
f 5119 5103 5120
f 5120 5103 5104
f 5120 5104 5121
f 5121 5104 5105
f 5121 5105 4758
f 4758 5105 4759
f 4758 4759 4619
f 4619 4759 4618
f 967 966 4721
f 4721 966 4722
f 4721 4722 5122
f 5122 4722 5106
f 5122 5106 5123
f 5123 5106 5107
f 5123 5107 5124
f 5124 5107 5108
f 5124 5108 5125
f 5125 5108 5109
f 5125 5109 5126
f 5126 5109 5110
f 5126 5110 5127
f 5127 5110 5111
f 5127 5111 5128
f 5128 5111 5112
f 5128 5112 5129
f 5129 5112 5113
f 5129 5113 5130
f 5130 5113 5114
f 5130 5114 5131
f 5131 5114 5115
f 5131 5115 5132
f 5132 5115 5116
f 5132 5116 5133
f 5133 5116 5117
f 5133 5117 5134
f 5134 5117 5118
f 5134 5118 5135
f 5135 5118 5119
f 5135 5119 5136
f 5136 5119 5120
f 5136 5120 5137
f 5137 5120 5121
f 5137 5121 5138
f 5138 5121 4758
f 5138 4758 4621
f 4621 4758 4620
f 969 968 4720
f 4720 968 4721
f 4720 4721 5139
f 5139 4721 5122
f 5139 5122 5140
f 5140 5122 5123
f 5140 5123 5141
f 5141 5123 5124
f 5141 5124 5142
f 5142 5124 5125
f 5142 5125 5143
f 5143 5125 5126
f 5143 5126 5144
f 5144 5126 5127
f 5144 5127 5145
f 5145 5127 5128
f 5145 5128 5146
f 5146 5128 5129
f 5146 5129 5147
f 5147 5129 5130
f 5147 5130 5148
f 5148 5130 5131
f 5148 5131 5149
f 5149 5131 5132
f 5149 5132 5150
f 5150 5132 5133
f 5150 5133 5151
f 5151 5133 5134
f 5151 5134 5152
f 5152 5134 5135
f 5152 5135 5153
f 5153 5135 5136
f 5153 5136 5154
f 5154 5136 5137
f 5154 5137 4760
f 4760 5137 5138
f 4760 5138 4622
f 4622 5138 4621
f 971 970 4719
f 4719 970 4720
f 4719 4720 5155
f 5155 4720 5139
f 5155 5139 5156
f 5156 5139 5140
f 5156 5140 5157
f 5157 5140 5141
f 5157 5141 5158
f 5158 5141 5142
f 5158 5142 5159
f 5159 5142 5143
f 5159 5143 5160
f 5160 5143 5144
f 5160 5144 5161
f 5161 5144 5145
f 5161 5145 5162
f 5162 5145 5146
f 5162 5146 5163
f 5163 5146 5147
f 5163 5147 5164
f 5164 5147 5148
f 5164 5148 5165
f 5165 5148 5149
f 5165 5149 5166
f 5166 5149 5150
f 5166 5150 5167
f 5167 5150 5151
f 5167 5151 5168
f 5168 5151 5152
f 5168 5152 5169
f 5169 5152 5153
f 5169 5153 5170
f 5170 5153 5154
f 5170 5154 4761
f 4761 5154 4760
f 4761 4760 4624
f 4624 4760 4623
f 973 972 4718
f 4718 972 4719
f 4718 4719 5171
f 5171 4719 5155
f 5171 5155 5172
f 5172 5155 5156
f 5172 5156 5173
f 5173 5156 5157
f 5173 5157 5174
f 5174 5157 5158
f 5174 5158 5175
f 5175 5158 5159
f 5175 5159 5176
f 5176 5159 5160
f 5176 5160 5177
f 5177 5160 5161
f 5177 5161 5178
f 5178 5161 5162
f 5178 5162 5179
f 5179 5162 5163
f 5179 5163 5180
f 5180 5163 5164
f 5180 5164 5181
f 5181 5164 5165
f 5181 5165 5182
f 5182 5165 5166
f 5182 5166 5183
f 5183 5166 5167
f 5183 5167 5184
f 5184 5167 5168
f 5184 5168 5185
f 5185 5168 5169
f 5185 5169 5186
f 5186 5169 5170
f 5186 5170 4757
f 4757 5170 4761
f 4757 4761 4626
f 4626 4761 4625
f 4627 4628 4757
f 4757 4628 4756
f 4757 4756 5186
f 5186 4756 5187
f 5186 5187 5185
f 5185 5187 5188
f 5185 5188 5184
f 5184 5188 5189
f 5184 5189 5183
f 5183 5189 5190
f 5183 5190 5182
f 5182 5190 5191
f 5182 5191 5181
f 5181 5191 5192
f 5181 5192 5180
f 5180 5192 5193
f 5180 5193 5179
f 5179 5193 5194
f 5179 5194 5178
f 5178 5194 5195
f 5178 5195 5177
f 5177 5195 5196
f 5177 5196 5176
f 5176 5196 5197
f 5176 5197 5175
f 5175 5197 5198
f 5175 5198 5174
f 5174 5198 5199
f 5174 5199 5173
f 5173 5199 5200
f 5173 5200 5172
f 5172 5200 5201
f 5172 5201 5171
f 5171 5201 5202
f 5171 5202 4718
f 4718 5202 4717
f 4718 4717 974
f 974 4717 975
f 4629 4630 4756
f 4756 4630 4739
f 4756 4739 5187
f 5187 4739 4741
f 5187 4741 5188
f 5188 4741 4779
f 5188 4779 5189
f 5189 4779 4781
f 5189 4781 5190
f 5190 4781 4785
f 5190 4785 5191
f 5191 4785 4789
f 5191 4789 5192
f 5192 4789 4794
f 5192 4794 5193
f 5193 4794 4801
f 5193 4801 5194
f 5194 4801 4808
f 5194 4808 5195
f 5195 4808 4816
f 5195 4816 5196
f 5196 4816 4825
f 5196 4825 5197
f 5197 4825 4835
f 5197 4835 5198
f 5198 4835 4846
f 5198 4846 5199
f 5199 4846 4859
f 5199 4859 5200
f 5200 4859 4872
f 5200 4872 5201
f 5201 4872 4886
f 5201 4886 5202
f 5202 4886 4901
f 5202 4901 4717
f 4717 4901 4716
f 4717 4716 976
f 976 4716 977
f 4662 4751 4933
f 4933 4751 5203
f 4933 5203 4932
f 4932 5203 5204
f 4932 5204 4931
f 4931 5204 5205
f 4931 5205 4930
f 4930 5205 5206
f 4930 5206 4929
f 4929 5206 5207
f 4929 5207 4928
f 4928 5207 5208
f 4928 5208 4927
f 4927 5208 5209
f 4927 5209 4926
f 4926 5209 5210
f 4926 5210 4925
f 4925 5210 5211
f 4925 5211 4924
f 4924 5211 5212
f 4924 5212 4923
f 4923 5212 5213
f 4923 5213 4922
f 4922 5213 5214
f 4922 5214 4921
f 4921 5214 5215
f 4921 5215 4920
f 4920 5215 5216
f 4920 5216 4919
f 4919 5216 5217
f 4919 5217 4918
f 4918 5217 5218
f 4918 5218 4917
f 4917 5218 4715
f 4917 4715 4716
f 4716 4715 979
f 4716 979 978
f 4664 4770 4751
f 4751 4770 5219
f 4751 5219 5203
f 5203 5219 5220
f 5203 5220 5204
f 5204 5220 5221
f 5204 5221 5205
f 5205 5221 5222
f 5205 5222 5206
f 5206 5222 5223
f 5206 5223 5207
f 5207 5223 5224
f 5207 5224 5208
f 5208 5224 5225
f 5208 5225 5209
f 5209 5225 5226
f 5209 5226 5210
f 5210 5226 5227
f 5210 5227 5211
f 5211 5227 5228
f 5211 5228 5212
f 5212 5228 5229
f 5212 5229 5213
f 5213 5229 5230
f 5213 5230 5214
f 5214 5230 5231
f 5214 5231 5215
f 5215 5231 5232
f 5215 5232 5216
f 5216 5232 5233
f 5216 5233 5217
f 5217 5233 5234
f 5217 5234 5218
f 5218 5234 4714
f 5218 4714 4715
f 4715 4714 981
f 4715 981 980
f 4667 4750 4770
f 4770 4750 5235
f 4770 5235 5219
f 5219 5235 5236
f 5219 5236 5220
f 5220 5236 5237
f 5220 5237 5221
f 5221 5237 5238
f 5221 5238 5222
f 5222 5238 5239
f 5222 5239 5223
f 5223 5239 5240
f 5223 5240 5224
f 5224 5240 5241
f 5224 5241 5225
f 5225 5241 5242
f 5225 5242 5226
f 5226 5242 5243
f 5226 5243 5227
f 5227 5243 5244
f 5227 5244 5228
f 5228 5244 5245
f 5228 5245 5229
f 5229 5245 5246
f 5229 5246 5230
f 5230 5246 5247
f 5230 5247 5231
f 5231 5247 5248
f 5231 5248 5232
f 5232 5248 5249
f 5232 5249 5233
f 5233 5249 5250
f 5233 5250 5234
f 5234 5250 4713
f 5234 4713 4714
f 4714 4713 983
f 4714 983 982
f 4668 4771 4750
f 4750 4771 5251
f 4750 5251 5235
f 5235 5251 5252
f 5235 5252 5236
f 5236 5252 5253
f 5236 5253 5237
f 5237 5253 5254
f 5237 5254 5238
f 5238 5254 5255
f 5238 5255 5239
f 5239 5255 5256
f 5239 5256 5240
f 5240 5256 5257
f 5240 5257 5241
f 5241 5257 5258
f 5241 5258 5242
f 5242 5258 5259
f 5242 5259 5243
f 5243 5259 5260
f 5243 5260 5244
f 5244 5260 5261
f 5244 5261 5245
f 5245 5261 5262
f 5245 5262 5246
f 5246 5262 5263
f 5246 5263 5247
f 5247 5263 5264
f 5247 5264 5248
f 5248 5264 5265
f 5248 5265 5249
f 5249 5265 5266
f 5249 5266 5250
f 5250 5266 4712
f 5250 4712 4713
f 4713 4712 985
f 4713 985 984
f 4670 4772 4771
f 4771 4772 5267
f 4771 5267 5251
f 5251 5267 5268
f 5251 5268 5252
f 5252 5268 5269
f 5252 5269 5253
f 5253 5269 5270
f 5253 5270 5254
f 5254 5270 5271
f 5254 5271 5255
f 5255 5271 5272
f 5255 5272 5256
f 5256 5272 5273
f 5256 5273 5257
f 5257 5273 5274
f 5257 5274 5258
f 5258 5274 5275
f 5258 5275 5259
f 5259 5275 5276
f 5259 5276 5260
f 5260 5276 5277
f 5260 5277 5261
f 5261 5277 5278
f 5261 5278 5262
f 5262 5278 5279
f 5262 5279 5263
f 5263 5279 5280
f 5263 5280 5264
f 5264 5280 5281
f 5264 5281 5265
f 5265 5281 5282
f 5265 5282 5266
f 5266 5282 4711
f 5266 4711 4712
f 4712 4711 987
f 4712 987 986
f 4672 4749 4772
f 4772 4749 5283
f 4772 5283 5267
f 5267 5283 5284
f 5267 5284 5268
f 5268 5284 5285
f 5268 5285 5269
f 5269 5285 5286
f 5269 5286 5270
f 5270 5286 5287
f 5270 5287 5271
f 5271 5287 5288
f 5271 5288 5272
f 5272 5288 5289
f 5272 5289 5273
f 5273 5289 5290
f 5273 5290 5274
f 5274 5290 5291
f 5274 5291 5275
f 5275 5291 5292
f 5275 5292 5276
f 5276 5292 5293
f 5276 5293 5277
f 5277 5293 5294
f 5277 5294 5278
f 5278 5294 5295
f 5278 5295 5279
f 5279 5295 5296
f 5279 5296 5280
f 5280 5296 5297
f 5280 5297 5281
f 5281 5297 5298
f 5281 5298 5282
f 5282 5298 4710
f 5282 4710 4711
f 4711 4710 989
f 4711 989 988
f 4673 4748 4749
f 4749 4748 5299
f 4749 5299 5283
f 5283 5299 5300
f 5283 5300 5284
f 5284 5300 5301
f 5284 5301 5285
f 5285 5301 5302
f 5285 5302 5286
f 5286 5302 5303
f 5286 5303 5287
f 5287 5303 5304
f 5287 5304 5288
f 5288 5304 5305
f 5288 5305 5289
f 5289 5305 5306
f 5289 5306 5290
f 5290 5306 5307
f 5290 5307 5291
f 5291 5307 5308
f 5291 5308 5292
f 5292 5308 5309
f 5292 5309 5293
f 5293 5309 5310
f 5293 5310 5294
f 5294 5310 5311
f 5294 5311 5295
f 5295 5311 5312
f 5295 5312 5296
f 5296 5312 5313
f 5296 5313 5297
f 5297 5313 5314
f 5297 5314 5298
f 5298 5314 4709
f 5298 4709 4710
f 4710 4709 991
f 4710 991 990
f 4675 4747 4748
f 4748 4747 5315
f 4748 5315 5299
f 5299 5315 5316
f 5299 5316 5300
f 5300 5316 5317
f 5300 5317 5301
f 5301 5317 5318
f 5301 5318 5302
f 5302 5318 5319
f 5302 5319 5303
f 5303 5319 5320
f 5303 5320 5304
f 5304 5320 5321
f 5304 5321 5305
f 5305 5321 5322
f 5305 5322 5306
f 5306 5322 5323
f 5306 5323 5307
f 5307 5323 5324
f 5307 5324 5308
f 5308 5324 5325
f 5308 5325 5309
f 5309 5325 5326
f 5309 5326 5310
f 5310 5326 5327
f 5310 5327 5311
f 5311 5327 5328
f 5311 5328 5312
f 5312 5328 5329
f 5312 5329 5313
f 5313 5329 5330
f 5313 5330 5314
f 5314 5330 4708
f 5314 4708 4709
f 4709 4708 993
f 4709 993 992
f 4677 4773 4747
f 4747 4773 5331
f 4747 5331 5315
f 5315 5331 5332
f 5315 5332 5316
f 5316 5332 5333
f 5316 5333 5317
f 5317 5333 5334
f 5317 5334 5318
f 5318 5334 5335
f 5318 5335 5319
f 5319 5335 5336
f 5319 5336 5320
f 5320 5336 5337
f 5320 5337 5321
f 5321 5337 5338
f 5321 5338 5322
f 5322 5338 5339
f 5322 5339 5323
f 5323 5339 5340
f 5323 5340 5324
f 5324 5340 5341
f 5324 5341 5325
f 5325 5341 5342
f 5325 5342 5326
f 5326 5342 5343
f 5326 5343 5327
f 5327 5343 5344
f 5327 5344 5328
f 5328 5344 5345
f 5328 5345 5329
f 5329 5345 5346
f 5329 5346 5330
f 5330 5346 4707
f 5330 4707 4708
f 4708 4707 995
f 4708 995 994
f 4679 4774 4773
f 4773 4774 5347
f 4773 5347 5331
f 5331 5347 5348
f 5331 5348 5332
f 5332 5348 5349
f 5332 5349 5333
f 5333 5349 5350
f 5333 5350 5334
f 5334 5350 5351
f 5334 5351 5335
f 5335 5351 5352
f 5335 5352 5336
f 5336 5352 5353
f 5336 5353 5337
f 5337 5353 5354
f 5337 5354 5338
f 5338 5354 5355
f 5338 5355 5339
f 5339 5355 5356
f 5339 5356 5340
f 5340 5356 5357
f 5340 5357 5341
f 5341 5357 5358
f 5341 5358 5342
f 5342 5358 5359
f 5342 5359 5343
f 5343 5359 5360
f 5343 5360 5344
f 5344 5360 5361
f 5344 5361 5345
f 5345 5361 5362
f 5345 5362 5346
f 5346 5362 4706
f 5346 4706 4707
f 4707 4706 997
f 4707 997 996
f 4681 4775 4774
f 4774 4775 5363
f 4774 5363 5347
f 5347 5363 5364
f 5347 5364 5348
f 5348 5364 5365
f 5348 5365 5349
f 5349 5365 5366
f 5349 5366 5350
f 5350 5366 5367
f 5350 5367 5351
f 5351 5367 5368
f 5351 5368 5352
f 5352 5368 5369
f 5352 5369 5353
f 5353 5369 5370
f 5353 5370 5354
f 5354 5370 5371
f 5354 5371 5355
f 5355 5371 5372
f 5355 5372 5356
f 5356 5372 5373
f 5356 5373 5357
f 5357 5373 5374
f 5357 5374 5358
f 5358 5374 5375
f 5358 5375 5359
f 5359 5375 5376
f 5359 5376 5360
f 5360 5376 5377
f 5360 5377 5361
f 5361 5377 5378
f 5361 5378 5362
f 5362 5378 4705
f 5362 4705 4706
f 4706 4705 999
f 4706 999 998
f 4683 4746 4775
f 4775 4746 5379
f 4775 5379 5363
f 5363 5379 5380
f 5363 5380 5364
f 5364 5380 5381
f 5364 5381 5365
f 5365 5381 5382
f 5365 5382 5366
f 5366 5382 5383
f 5366 5383 5367
f 5367 5383 5384
f 5367 5384 5368
f 5368 5384 5385
f 5368 5385 5369
f 5369 5385 5386
f 5369 5386 5370
f 5370 5386 5387
f 5370 5387 5371
f 5371 5387 5388
f 5371 5388 5372
f 5372 5388 5389
f 5372 5389 5373
f 5373 5389 5390
f 5373 5390 5374
f 5374 5390 5391
f 5374 5391 5375
f 5375 5391 5392
f 5375 5392 5376
f 5376 5392 5393
f 5376 5393 5377
f 5377 5393 5394
f 5377 5394 5378
f 5378 5394 4704
f 5378 4704 4705
f 4705 4704 1001
f 4705 1001 1000
f 4684 4776 4746
f 4746 4776 5395
f 4746 5395 5379
f 5379 5395 5396
f 5379 5396 5380
f 5380 5396 5397
f 5380 5397 5381
f 5381 5397 5398
f 5381 5398 5382
f 5382 5398 5399
f 5382 5399 5383
f 5383 5399 5400
f 5383 5400 5384
f 5384 5400 5401
f 5384 5401 5385
f 5385 5401 5402
f 5385 5402 5386
f 5386 5402 5403
f 5386 5403 5387
f 5387 5403 5404
f 5387 5404 5388
f 5388 5404 5405
f 5388 5405 5389
f 5389 5405 5406
f 5389 5406 5390
f 5390 5406 5407
f 5390 5407 5391
f 5391 5407 5408
f 5391 5408 5392
f 5392 5408 5409
f 5392 5409 5393
f 5393 5409 5410
f 5393 5410 5394
f 5394 5410 4703
f 5394 4703 4704
f 4704 4703 1003
f 4704 1003 1002
f 4687 4745 4776
f 4776 4745 5411
f 4776 5411 5395
f 5395 5411 5412
f 5395 5412 5396
f 5396 5412 5413
f 5396 5413 5397
f 5397 5413 5414
f 5397 5414 5398
f 5398 5414 5415
f 5398 5415 5399
f 5399 5415 5416
f 5399 5416 5400
f 5400 5416 5417
f 5400 5417 5401
f 5401 5417 5418
f 5401 5418 5402
f 5402 5418 5419
f 5402 5419 5403
f 5403 5419 5420
f 5403 5420 5404
f 5404 5420 5421
f 5404 5421 5405
f 5405 5421 5422
f 5405 5422 5406
f 5406 5422 5423
f 5406 5423 5407
f 5407 5423 5424
f 5407 5424 5408
f 5408 5424 5425
f 5408 5425 5409
f 5409 5425 5426
f 5409 5426 5410
f 5410 5426 4702
f 5410 4702 4703
f 4703 4702 1005
f 4703 1005 1004
f 4688 4777 4745
f 4745 4777 5427
f 4745 5427 5411
f 5411 5427 5428
f 5411 5428 5412
f 5412 5428 5429
f 5412 5429 5413
f 5413 5429 5430
f 5413 5430 5414
f 5414 5430 5431
f 5414 5431 5415
f 5415 5431 5432
f 5415 5432 5416
f 5416 5432 5433
f 5416 5433 5417
f 5417 5433 5434
f 5417 5434 5418
f 5418 5434 5435
f 5418 5435 5419
f 5419 5435 5436
f 5419 5436 5420
f 5420 5436 5437
f 5420 5437 5421
f 5421 5437 5438
f 5421 5438 5422
f 5422 5438 5439
f 5422 5439 5423
f 5423 5439 5440
f 5423 5440 5424
f 5424 5440 5441
f 5424 5441 5425
f 5425 5441 5442
f 5425 5442 5426
f 5426 5442 4701
f 5426 4701 4702
f 4702 4701 1007
f 4702 1007 1006
f 4690 4778 4777
f 4777 4778 5443
f 4777 5443 5427
f 5427 5443 5444
f 5427 5444 5428
f 5428 5444 5445
f 5428 5445 5429
f 5429 5445 5446
f 5429 5446 5430
f 5430 5446 5447
f 5430 5447 5431
f 5431 5447 5448
f 5431 5448 5432
f 5432 5448 5449
f 5432 5449 5433
f 5433 5449 5450
f 5433 5450 5434
f 5434 5450 5451
f 5434 5451 5435
f 5435 5451 5452
f 5435 5452 5436
f 5436 5452 5453
f 5436 5453 5437
f 5437 5453 5454
f 5437 5454 5438
f 5438 5454 5455
f 5438 5455 5439
f 5439 5455 5456
f 5439 5456 5440
f 5440 5456 5457
f 5440 5457 5441
f 5441 5457 5458
f 5441 5458 5442
f 5442 5458 4700
f 5442 4700 4701
f 4701 4700 1009
f 4701 1009 1008
f 4692 4744 4778
f 4778 4744 5459
f 4778 5459 5443
f 5443 5459 5460
f 5443 5460 5444
f 5444 5460 5461
f 5444 5461 5445
f 5445 5461 5462
f 5445 5462 5446
f 5446 5462 5463
f 5446 5463 5447
f 5447 5463 5464
f 5447 5464 5448
f 5448 5464 5465
f 5448 5465 5449
f 5449 5465 5466
f 5449 5466 5450
f 5450 5466 5467
f 5450 5467 5451
f 5451 5467 5468
f 5451 5468 5452
f 5452 5468 5469
f 5452 5469 5453
f 5453 5469 5470
f 5453 5470 5454
f 5454 5470 5471
f 5454 5471 5455
f 5455 5471 5472
f 5455 5472 5456
f 5456 5472 5473
f 5456 5473 5457
f 5457 5473 5474
f 5457 5474 5458
f 5458 5474 4699
f 5458 4699 4700
f 4700 4699 1011
f 4700 1011 1010
f 4693 4743 4744
f 4744 4743 5475
f 4744 5475 5459
f 5459 5475 5476
f 5459 5476 5460
f 5460 5476 5477
f 5460 5477 5461
f 5461 5477 5478
f 5461 5478 5462
f 5462 5478 5479
f 5462 5479 5463
f 5463 5479 5480
f 5463 5480 5464
f 5464 5480 5481
f 5464 5481 5465
f 5465 5481 5482
f 5465 5482 5466
f 5466 5482 5483
f 5466 5483 5467
f 5467 5483 5484
f 5467 5484 5468
f 5468 5484 5485
f 5468 5485 5469
f 5469 5485 5486
f 5469 5486 5470
f 5470 5486 5487
f 5470 5487 5471
f 5471 5487 5488
f 5471 5488 5472
f 5472 5488 5489
f 5472 5489 5473
f 5473 5489 5490
f 5473 5490 5474
f 5474 5490 4698
f 5474 4698 4699
f 4699 4698 1013
f 4699 1013 1012
f 4695 4742 4743
f 4743 4742 5491
f 4743 5491 5475
f 5475 5491 5492
f 5475 5492 5476
f 5476 5492 5493
f 5476 5493 5477
f 5477 5493 5494
f 5477 5494 5478
f 5478 5494 5495
f 5478 5495 5479
f 5479 5495 5496
f 5479 5496 5480
f 5480 5496 5497
f 5480 5497 5481
f 5481 5497 5498
f 5481 5498 5482
f 5482 5498 5499
f 5482 5499 5483
f 5483 5499 5500
f 5483 5500 5484
f 5484 5500 5501
f 5484 5501 5485
f 5485 5501 5502
f 5485 5502 5486
f 5486 5502 5503
f 5486 5503 5487
f 5487 5503 5504
f 5487 5504 5488
f 5488 5504 5505
f 5488 5505 5489
f 5489 5505 5506
f 5489 5506 5490
f 5490 5506 4697
f 5490 4697 4698
f 4698 4697 1015
f 4698 1015 1014
f 4616 5089 4742
f 4742 5089 5072
f 4742 5072 5491
f 5491 5072 5056
f 5491 5056 5492
f 5492 5056 5041
f 5492 5041 5493
f 5493 5041 5027
f 5493 5027 5494
f 5494 5027 5014
f 5494 5014 5495
f 5495 5014 5002
f 5495 5002 5496
f 5496 5002 4991
f 5496 4991 5497
f 5497 4991 4981
f 5497 4981 5498
f 5498 4981 4972
f 5498 4972 5499
f 5499 4972 4964
f 5499 4964 5500
f 5500 4964 4957
f 5500 4957 5501
f 5501 4957 4951
f 5501 4951 5502
f 5502 4951 4946
f 5502 4946 5503
f 5503 4946 4942
f 5503 4942 5504
f 5504 4942 4937
f 5504 4937 5505
f 5505 4937 4938
f 5505 4938 5506
f 5506 4938 4939
f 5506 4939 4697
f 4697 4939 918
f 4697 918 1025
f 5507 5508 5509
f 5507 5509 5510
f 5511 5510 5509
f 5512 5511 5509
f 5513 5512 5509
f 5514 5513 5509
f 5515 5514 5509
f 5516 5515 5509
f 5517 5516 5509
f 5518 5517 5509
f 5519 5518 5509
f 5520 5519 5509
f 5521 5520 5509
f 5522 5521 5509
f 5523 5522 5509
f 5524 5523 5509
f 5525 5524 5509
f 5526 5525 5509
f 5527 5526 5509
f 5528 5527 5509
f 5529 5528 5509
f 5530 5529 5509
f 5531 5530 5509
f 5532 5531 5509
f 5533 5532 5509
f 5534 5533 5509
f 5535 5534 5509
f 5536 5535 5509
f 5537 5536 5509
f 5538 5537 5509
f 5539 5538 5509
f 5540 5539 5509
f 5541 5540 5509
f 5542 5541 5509
f 5543 5542 5509
f 5544 5543 5509
f 5508 5544 5509
f 5545 443 5546
f 5546 443 442
f 442 340 5546
f 5546 340 345
f 5546 345 5547
f 345 344 5547
f 5547 344 348
f 5547 348 5548
f 5548 348 347
f 5548 347 5549
f 347 17 5549
f 5549 17 16
f 5549 16 5550
f 5550 16 350
f 350 349 5550
f 5550 349 353
f 5550 353 5551
f 353 352 5551
f 5551 352 356
f 5551 356 5552
f 356 355 5552
f 5552 355 359
f 5552 359 5553
f 359 14 5553
f 5553 14 13
f 5553 13 5554
f 5554 13 361
f 361 360 5554
f 5554 360 364
f 5554 364 5555
f 364 363 5555
f 5555 363 367
f 5555 367 5556
f 367 370 5556
f 5556 370 369
f 5556 369 5557
f 369 371 5557
f 5557 371 375
f 5557 375 5558
f 5558 375 373
f 373 372 5558
f 5558 372 377
f 5558 377 5559
f 377 381 5559
f 5559 381 379
f 5559 379 5560
f 379 378 5560
f 5560 378 383
f 5560 383 5561
f 383 11 5561
f 5561 11 10
f 5561 10 5562
f 10 385 5562
f 5562 385 389
f 5562 389 5563
f 5563 389 387
f 387 386 5563
f 5563 386 391
f 5563 391 5564
f 391 394 5564
f 5564 394 393
f 5564 393 5565
f 393 395 5565
f 5565 395 399
f 5565 399 5566
f 399 397 5566
f 5566 397 396
f 5566 396 5567
f 5567 396 401
f 401 405 5567
f 5567 405 403
f 5567 403 5568
f 403 402 5568
f 5568 402 407
f 5568 407 5569
f 407 8 5569
f 5569 8 7
f 5569 7 5570
f 7 409 5570
f 5570 409 413
f 5570 413 5571
f 5571 413 411
f 411 410 5571
f 5571 410 415
f 5571 415 5572
f 415 414 5572
f 5572 414 418
f 5572 418 5573
f 418 419 5573
f 5573 419 422
f 5573 422 5574
f 422 421 5574
f 5574 421 425
f 5574 425 5575
f 5575 425 424
f 424 428 5575
f 5575 428 427
f 5575 427 5576
f 427 431 5576
f 5576 431 430
f 5576 430 5577
f 5577 430 432
f 5577 432 5578
f 432 474 5578
f 5578 474 433
f 5578 433 5579
f 5579 433 438
f 438 437 5579
f 5579 437 441
f 5579 441 5580
f 441 440 5580
f 5580 440 448
f 5580 448 5581
f 5581 448 447
f 5581 447 5545
f 5545 447 445
f 5545 445 443
f 5580 5582 5579
f 5579 5582 5583
f 5579 5583 5578
f 5578 5583 5584
f 5578 5584 5577
f 5577 5584 5585
f 5577 5585 5576
f 5576 5585 5586
f 5576 5586 5575
f 5575 5586 5587
f 5575 5587 5574
f 5574 5587 5588
f 5574 5588 5573
f 5573 5588 5589
f 5573 5589 5572
f 5572 5589 5590
f 5572 5590 5571
f 5571 5590 5591
f 5571 5591 5570
f 5570 5591 5592
f 5570 5592 5569
f 5569 5592 5593
f 5569 5593 5568
f 5568 5593 5594
f 5568 5594 5567
f 5567 5594 5595
f 5567 5595 5566
f 5566 5595 5596
f 5566 5596 5565
f 5565 5596 5597
f 5565 5597 5564
f 5564 5597 5598
f 5564 5598 5563
f 5563 5598 5599
f 5563 5599 5562
f 5562 5599 5600
f 5562 5600 5561
f 5561 5600 5601
f 5561 5601 5560
f 5560 5601 5602
f 5560 5602 5559
f 5559 5602 5603
f 5559 5603 5558
f 5558 5603 5604
f 5558 5604 5557
f 5557 5604 5605
f 5557 5605 5556
f 5556 5605 5606
f 5556 5606 5555
f 5555 5606 5607
f 5555 5607 5554
f 5554 5607 5608
f 5554 5608 5553
f 5553 5608 5609
f 5553 5609 5552
f 5552 5609 5610
f 5552 5610 5551
f 5551 5610 5611
f 5551 5611 5550
f 5550 5611 5612
f 5550 5612 5549
f 5549 5612 5613
f 5549 5613 5548
f 5548 5613 5614
f 5548 5614 5547
f 5547 5614 5615
f 5547 5615 5546
f 5546 5615 5616
f 5546 5616 5545
f 5545 5616 5617
f 5545 5617 5581
f 5581 5617 5618
f 5581 5618 5580
f 5580 5618 5582
f 5582 5619 5583
f 5583 5619 5620
f 5583 5620 5584
f 5584 5620 5621
f 5584 5621 5585
f 5585 5621 5622
f 5585 5622 5586
f 5586 5622 5623
f 5586 5623 5587
f 5587 5623 5624
f 5587 5624 5588
f 5588 5624 5625
f 5588 5625 5589
f 5589 5625 5626
f 5589 5626 5590
f 5590 5626 5627
f 5590 5627 5591
f 5591 5627 5628
f 5591 5628 5592
f 5592 5628 5629
f 5592 5629 5593
f 5593 5629 5630
f 5593 5630 5594
f 5594 5630 5631
f 5594 5631 5595
f 5595 5631 5632
f 5595 5632 5596
f 5596 5632 5633
f 5596 5633 5597
f 5597 5633 5634
f 5597 5634 5598
f 5598 5634 5635
f 5598 5635 5599
f 5599 5635 5636
f 5599 5636 5600
f 5600 5636 5637
f 5600 5637 5601
f 5601 5637 5638
f 5601 5638 5602
f 5602 5638 5639
f 5602 5639 5603
f 5603 5639 5640
f 5603 5640 5604
f 5604 5640 5641
f 5604 5641 5605
f 5605 5641 5642
f 5605 5642 5606
f 5606 5642 5643
f 5606 5643 5607
f 5607 5643 5644
f 5607 5644 5608
f 5608 5644 5645
f 5608 5645 5609
f 5609 5645 5646
f 5609 5646 5610
f 5610 5646 5647
f 5610 5647 5611
f 5611 5647 5648
f 5611 5648 5612
f 5612 5648 5649
f 5612 5649 5613
f 5613 5649 5650
f 5613 5650 5614
f 5614 5650 5651
f 5614 5651 5615
f 5615 5651 5652
f 5615 5652 5616
f 5616 5652 5653
f 5616 5653 5617
f 5617 5653 5654
f 5617 5654 5618
f 5618 5654 5655
f 5618 5655 5582
f 5582 5655 5619
f 5619 5656 5620
f 5620 5656 5657
f 5620 5657 5621
f 5621 5657 5658
f 5621 5658 5622
f 5622 5658 5659
f 5622 5659 5623
f 5623 5659 5660
f 5623 5660 5624
f 5624 5660 5661
f 5624 5661 5625
f 5625 5661 5662
f 5625 5662 5626
f 5626 5662 5663
f 5626 5663 5627
f 5627 5663 5664
f 5627 5664 5628
f 5628 5664 5665
f 5628 5665 5629
f 5629 5665 5666
f 5629 5666 5630
f 5630 5666 5667
f 5630 5667 5631
f 5631 5667 5668
f 5631 5668 5632
f 5632 5668 5669
f 5632 5669 5633
f 5633 5669 5670
f 5633 5670 5634
f 5634 5670 5671
f 5634 5671 5635
f 5635 5671 5672
f 5635 5672 5636
f 5636 5672 5673
f 5636 5673 5637
f 5637 5673 5674
f 5637 5674 5638
f 5638 5674 5675
f 5638 5675 5639
f 5639 5675 5676
f 5639 5676 5640
f 5640 5676 5677
f 5640 5677 5641
f 5641 5677 5678
f 5641 5678 5642
f 5642 5678 5679
f 5642 5679 5643
f 5643 5679 5680
f 5643 5680 5644
f 5644 5680 5681
f 5644 5681 5645
f 5645 5681 5682
f 5645 5682 5646
f 5646 5682 5683
f 5646 5683 5647
f 5647 5683 5684
f 5647 5684 5648
f 5648 5684 5685
f 5648 5685 5649
f 5649 5685 5686
f 5649 5686 5650
f 5650 5686 5687
f 5650 5687 5651
f 5651 5687 5688
f 5651 5688 5652
f 5652 5688 5689
f 5652 5689 5653
f 5653 5689 5690
f 5653 5690 5654
f 5654 5690 5691
f 5654 5691 5655
f 5655 5691 5692
f 5655 5692 5619
f 5619 5692 5656
f 5656 5693 5657
f 5657 5693 5694
f 5657 5694 5658
f 5658 5694 5695
f 5658 5695 5659
f 5659 5695 5696
f 5659 5696 5660
f 5660 5696 5697
f 5660 5697 5661
f 5661 5697 5698
f 5661 5698 5662
f 5662 5698 5699
f 5662 5699 5663
f 5663 5699 5700
f 5663 5700 5664
f 5664 5700 5701
f 5664 5701 5665
f 5665 5701 5702
f 5665 5702 5666
f 5666 5702 5703
f 5666 5703 5667
f 5667 5703 5704
f 5667 5704 5668
f 5668 5704 5705
f 5668 5705 5669
f 5669 5705 5706
f 5669 5706 5670
f 5670 5706 5707
f 5670 5707 5671
f 5671 5707 5708
f 5671 5708 5672
f 5672 5708 5709
f 5672 5709 5673
f 5673 5709 5710
f 5673 5710 5674
f 5674 5710 5711
f 5674 5711 5675
f 5675 5711 5712
f 5675 5712 5676
f 5676 5712 5713
f 5676 5713 5677
f 5677 5713 5714
f 5677 5714 5678
f 5678 5714 5715
f 5678 5715 5679
f 5679 5715 5716
f 5679 5716 5680
f 5680 5716 5717
f 5680 5717 5681
f 5681 5717 5718
f 5681 5718 5682
f 5682 5718 5719
f 5682 5719 5683
f 5683 5719 5720
f 5683 5720 5684
f 5684 5720 5721
f 5684 5721 5685
f 5685 5721 5722
f 5685 5722 5686
f 5686 5722 5723
f 5686 5723 5687
f 5687 5723 5724
f 5687 5724 5688
f 5688 5724 5725
f 5688 5725 5689
f 5689 5725 5726
f 5689 5726 5690
f 5690 5726 5727
f 5690 5727 5691
f 5691 5727 5728
f 5691 5728 5692
f 5692 5728 5729
f 5692 5729 5656
f 5656 5729 5693
f 5693 5730 5694
f 5694 5730 5731
f 5694 5731 5695
f 5695 5731 5732
f 5695 5732 5696
f 5696 5732 5733
f 5696 5733 5697
f 5697 5733 5734
f 5697 5734 5698
f 5698 5734 5735
f 5698 5735 5699
f 5699 5735 5736
f 5699 5736 5700
f 5700 5736 5737
f 5700 5737 5701
f 5701 5737 5738
f 5701 5738 5702
f 5702 5738 5739
f 5702 5739 5703
f 5703 5739 5740
f 5703 5740 5704
f 5704 5740 5741
f 5704 5741 5705
f 5705 5741 5742
f 5705 5742 5706
f 5706 5742 5743
f 5706 5743 5707
f 5707 5743 5744
f 5707 5744 5708
f 5708 5744 5745
f 5708 5745 5709
f 5709 5745 5746
f 5709 5746 5710
f 5710 5746 5747
f 5710 5747 5711
f 5711 5747 5748
f 5711 5748 5712
f 5712 5748 5749
f 5712 5749 5713
f 5713 5749 5750
f 5713 5750 5714
f 5714 5750 5751
f 5714 5751 5715
f 5715 5751 5752
f 5715 5752 5716
f 5716 5752 5753
f 5716 5753 5717
f 5717 5753 5754
f 5717 5754 5718
f 5718 5754 5755
f 5718 5755 5719
f 5719 5755 5756
f 5719 5756 5720
f 5720 5756 5757
f 5720 5757 5721
f 5721 5757 5758
f 5721 5758 5722
f 5722 5758 5759
f 5722 5759 5723
f 5723 5759 5760
f 5723 5760 5724
f 5724 5760 5761
f 5724 5761 5725
f 5725 5761 5762
f 5725 5762 5726
f 5726 5762 5763
f 5726 5763 5727
f 5727 5763 5764
f 5727 5764 5728
f 5728 5764 5765
f 5728 5765 5729
f 5729 5765 5766
f 5729 5766 5693
f 5693 5766 5730
f 5730 5767 5731
f 5731 5767 5768
f 5731 5768 5732
f 5732 5768 5769
f 5732 5769 5733
f 5733 5769 5770
f 5733 5770 5734
f 5734 5770 5771
f 5734 5771 5735
f 5735 5771 5772
f 5735 5772 5736
f 5736 5772 5773
f 5736 5773 5737
f 5737 5773 5774
f 5737 5774 5738
f 5738 5774 5775
f 5738 5775 5739
f 5739 5775 5776
f 5739 5776 5740
f 5740 5776 5777
f 5740 5777 5741
f 5741 5777 5778
f 5741 5778 5742
f 5742 5778 5779
f 5742 5779 5743
f 5743 5779 5780
f 5743 5780 5744
f 5744 5780 5781
f 5744 5781 5745
f 5745 5781 5782
f 5745 5782 5746
f 5746 5782 5783
f 5746 5783 5747
f 5747 5783 5784
f 5747 5784 5748
f 5748 5784 5785
f 5748 5785 5749
f 5749 5785 5786
f 5749 5786 5750
f 5750 5786 5787
f 5750 5787 5751
f 5751 5787 5788
f 5751 5788 5752
f 5752 5788 5789
f 5752 5789 5753
f 5753 5789 5790
f 5753 5790 5754
f 5754 5790 5791
f 5754 5791 5755
f 5755 5791 5792
f 5755 5792 5756
f 5756 5792 5793
f 5756 5793 5757
f 5757 5793 5794
f 5757 5794 5758
f 5758 5794 5795
f 5758 5795 5759
f 5759 5795 5796
f 5759 5796 5760
f 5760 5796 5797
f 5760 5797 5761
f 5761 5797 5798
f 5761 5798 5762
f 5762 5798 5799
f 5762 5799 5763
f 5763 5799 5800
f 5763 5800 5764
f 5764 5800 5801
f 5764 5801 5765
f 5765 5801 5802
f 5765 5802 5766
f 5766 5802 5803
f 5766 5803 5730
f 5730 5803 5767
f 5767 5804 5768
f 5768 5804 5805
f 5768 5805 5769
f 5769 5805 5806
f 5769 5806 5770
f 5770 5806 5807
f 5770 5807 5771
f 5771 5807 5808
f 5771 5808 5772
f 5772 5808 5809
f 5772 5809 5773
f 5773 5809 5810
f 5773 5810 5774
f 5774 5810 5811
f 5774 5811 5775
f 5775 5811 5812
f 5775 5812 5776
f 5776 5812 5813
f 5776 5813 5777
f 5777 5813 5814
f 5777 5814 5778
f 5778 5814 5815
f 5778 5815 5779
f 5779 5815 5816
f 5779 5816 5780
f 5780 5816 5817
f 5780 5817 5781
f 5781 5817 5818
f 5781 5818 5782
f 5782 5818 5819
f 5782 5819 5783
f 5783 5819 5820
f 5783 5820 5784
f 5784 5820 5821
f 5784 5821 5785
f 5785 5821 5822
f 5785 5822 5786
f 5786 5822 5823
f 5786 5823 5787
f 5787 5823 5824
f 5787 5824 5788
f 5788 5824 5825
f 5788 5825 5789
f 5789 5825 5826
f 5789 5826 5790
f 5790 5826 5827
f 5790 5827 5791
f 5791 5827 5828
f 5791 5828 5792
f 5792 5828 5829
f 5792 5829 5793
f 5793 5829 5830
f 5793 5830 5794
f 5794 5830 5831
f 5794 5831 5795
f 5795 5831 5832
f 5795 5832 5796
f 5796 5832 5833
f 5796 5833 5797
f 5797 5833 5834
f 5797 5834 5798
f 5798 5834 5835
f 5798 5835 5799
f 5799 5835 5836
f 5799 5836 5800
f 5800 5836 5837
f 5800 5837 5801
f 5801 5837 5838
f 5801 5838 5802
f 5802 5838 5839
f 5802 5839 5803
f 5803 5839 5840
f 5803 5840 5767
f 5767 5840 5804
f 5804 5841 5805
f 5805 5841 5842
f 5805 5842 5806
f 5806 5842 5843
f 5806 5843 5807
f 5807 5843 5844
f 5807 5844 5808
f 5808 5844 5845
f 5808 5845 5809
f 5809 5845 5846
f 5809 5846 5810
f 5810 5846 5847
f 5810 5847 5811
f 5811 5847 5848
f 5811 5848 5812
f 5812 5848 5849
f 5812 5849 5813
f 5813 5849 5850
f 5813 5850 5814
f 5814 5850 5851
f 5814 5851 5815
f 5815 5851 5852
f 5815 5852 5816
f 5816 5852 5853
f 5816 5853 5817
f 5817 5853 5854
f 5817 5854 5818
f 5818 5854 5855
f 5818 5855 5819
f 5819 5855 5856
f 5819 5856 5820
f 5820 5856 5857
f 5820 5857 5821
f 5821 5857 5858
f 5821 5858 5822
f 5822 5858 5859
f 5822 5859 5823
f 5823 5859 5860
f 5823 5860 5824
f 5824 5860 5861
f 5824 5861 5825
f 5825 5861 5862
f 5825 5862 5826
f 5826 5862 5863
f 5826 5863 5827
f 5827 5863 5864
f 5827 5864 5828
f 5828 5864 5865
f 5828 5865 5829
f 5829 5865 5866
f 5829 5866 5830
f 5830 5866 5867
f 5830 5867 5831
f 5831 5867 5868
f 5831 5868 5832
f 5832 5868 5869
f 5832 5869 5833
f 5833 5869 5870
f 5833 5870 5834
f 5834 5870 5871
f 5834 5871 5835
f 5835 5871 5872
f 5835 5872 5836
f 5836 5872 5873
f 5836 5873 5837
f 5837 5873 5874
f 5837 5874 5838
f 5838 5874 5875
f 5838 5875 5839
f 5839 5875 5876
f 5839 5876 5840
f 5840 5876 5877
f 5840 5877 5804
f 5804 5877 5841
f 5841 5878 5842
f 5842 5878 5879
f 5842 5879 5843
f 5843 5879 5880
f 5843 5880 5844
f 5844 5880 5881
f 5844 5881 5845
f 5845 5881 5882
f 5845 5882 5846
f 5846 5882 5883
f 5846 5883 5847
f 5847 5883 5884
f 5847 5884 5848
f 5848 5884 5885
f 5848 5885 5849
f 5849 5885 5886
f 5849 5886 5850
f 5850 5886 5887
f 5850 5887 5851
f 5851 5887 5888
f 5851 5888 5852
f 5852 5888 5889
f 5852 5889 5853
f 5853 5889 5890
f 5853 5890 5854
f 5854 5890 5891
f 5854 5891 5855
f 5855 5891 5892
f 5855 5892 5856
f 5856 5892 5893
f 5856 5893 5857
f 5857 5893 5894
f 5857 5894 5858
f 5858 5894 5895
f 5858 5895 5859
f 5859 5895 5896
f 5859 5896 5860
f 5860 5896 5897
f 5860 5897 5861
f 5861 5897 5898
f 5861 5898 5862
f 5862 5898 5899
f 5862 5899 5863
f 5863 5899 5900
f 5863 5900 5864
f 5864 5900 5901
f 5864 5901 5865
f 5865 5901 5902
f 5865 5902 5866
f 5866 5902 5903
f 5866 5903 5867
f 5867 5903 5904
f 5867 5904 5868
f 5868 5904 5905
f 5868 5905 5869
f 5869 5905 5906
f 5869 5906 5870
f 5870 5906 5907
f 5870 5907 5871
f 5871 5907 5908
f 5871 5908 5872
f 5872 5908 5909
f 5872 5909 5873
f 5873 5909 5910
f 5873 5910 5874
f 5874 5910 5911
f 5874 5911 5875
f 5875 5911 5912
f 5875 5912 5876
f 5876 5912 5913
f 5876 5913 5877
f 5877 5913 5914
f 5877 5914 5841
f 5841 5914 5878
f 5878 5915 5879
f 5879 5915 5916
f 5879 5916 5880
f 5880 5916 5917
f 5880 5917 5881
f 5881 5917 5918
f 5881 5918 5882
f 5882 5918 5919
f 5882 5919 5883
f 5883 5919 5920
f 5883 5920 5884
f 5884 5920 5921
f 5884 5921 5885
f 5885 5921 5922
f 5885 5922 5886
f 5886 5922 5923
f 5886 5923 5887
f 5887 5923 5924
f 5887 5924 5888
f 5888 5924 5925
f 5888 5925 5889
f 5889 5925 5926
f 5889 5926 5890
f 5890 5926 5927
f 5890 5927 5891
f 5891 5927 5928
f 5891 5928 5892
f 5892 5928 5929
f 5892 5929 5893
f 5893 5929 5930
f 5893 5930 5894
f 5894 5930 5931
f 5894 5931 5895
f 5895 5931 5932
f 5895 5932 5896
f 5896 5932 5933
f 5896 5933 5897
f 5897 5933 5934
f 5897 5934 5898
f 5898 5934 5935
f 5898 5935 5899
f 5899 5935 5936
f 5899 5936 5900
f 5900 5936 5937
f 5900 5937 5901
f 5901 5937 5938
f 5901 5938 5902
f 5902 5938 5939
f 5902 5939 5903
f 5903 5939 5940
f 5903 5940 5904
f 5904 5940 5941
f 5904 5941 5905
f 5905 5941 5942
f 5905 5942 5906
f 5906 5942 5943
f 5906 5943 5907
f 5907 5943 5944
f 5907 5944 5908
f 5908 5944 5945
f 5908 5945 5909
f 5909 5945 5946
f 5909 5946 5910
f 5910 5946 5947
f 5910 5947 5911
f 5911 5947 5948
f 5911 5948 5912
f 5912 5948 5949
f 5912 5949 5913
f 5913 5949 5950
f 5913 5950 5914
f 5914 5950 5951
f 5914 5951 5878
f 5878 5951 5915
f 5915 5508 5916
f 5916 5508 5507
f 5916 5507 5917
f 5917 5507 5510
f 5917 5510 5918
f 5918 5510 5511
f 5918 5511 5919
f 5919 5511 5512
f 5919 5512 5920
f 5920 5512 5513
f 5920 5513 5921
f 5921 5513 5514
f 5921 5514 5922
f 5922 5514 5515
f 5922 5515 5923
f 5923 5515 5516
f 5923 5516 5924
f 5924 5516 5517
f 5924 5517 5925
f 5925 5517 5518
f 5925 5518 5926
f 5926 5518 5519
f 5926 5519 5927
f 5927 5519 5520
f 5927 5520 5928
f 5928 5520 5521
f 5928 5521 5929
f 5929 5521 5522
f 5929 5522 5930
f 5930 5522 5523
f 5930 5523 5931
f 5931 5523 5524
f 5931 5524 5932
f 5932 5524 5525
f 5932 5525 5933
f 5933 5525 5526
f 5933 5526 5934
f 5934 5526 5527
f 5934 5527 5935
f 5935 5527 5528
f 5935 5528 5936
f 5936 5528 5529
f 5936 5529 5937
f 5937 5529 5530
f 5937 5530 5938
f 5938 5530 5531
f 5938 5531 5939
f 5939 5531 5532
f 5939 5532 5940
f 5940 5532 5533
f 5940 5533 5941
f 5941 5533 5534
f 5941 5534 5942
f 5942 5534 5535
f 5942 5535 5943
f 5943 5535 5536
f 5943 5536 5944
f 5944 5536 5537
f 5944 5537 5945
f 5945 5537 5538
f 5945 5538 5946
f 5946 5538 5539
f 5946 5539 5947
f 5947 5539 5540
f 5947 5540 5948
f 5948 5540 5541
f 5948 5541 5949
f 5949 5541 5542
f 5949 5542 5950
f 5950 5542 5543
f 5950 5543 5951
f 5951 5543 5544
f 5951 5544 5915
f 5915 5544 5508
f 295 296 227
f 188 211 322
f 322 211 210
f 210 32 322
f 322 32 31
f 322 31 214
f 296 319 227
f 227 319 321
f 227 321 322
f 214 213 322
f 322 213 29
f 322 29 28
f 28 217 322
f 322 217 216
f 322 216 222
f 222 221 322
f 322 221 219
f 322 219 227
f 281 251 250
f 283 285 251
f 251 285 287
f 251 287 252
f 290 291 227
f 227 291 293
f 227 293 295
f 226 287 227
f 227 287 289
f 227 289 290
f 226 224 287
f 287 224 223
f 287 223 232
f 232 231 287
f 287 231 229
f 287 229 26
f 281 280 251
f 251 280 279
f 251 279 278
f 26 25 287
f 287 25 233
f 287 233 234
f 234 236 287
f 287 236 237
f 287 237 240
f 287 247 246
f 250 23 281
f 281 23 22
f 281 22 253
f 270 274 257
f 257 274 273
f 257 273 272
f 272 271 257
f 257 271 277
f 257 277 276
f 253 255 281
f 281 255 257
f 281 257 275
f 275 257 276
f 283 251 284
f 284 251 278
f 284 278 486
f 246 244 287
f 287 244 243
f 287 243 252
f 270 257 269
f 269 257 258
f 269 258 260
f 20 19 262
f 240 241 287
f 287 241 248
f 287 248 247
f 262 264 20
f 20 264 265
f 20 265 267
f 260 261 269
f 269 261 20
f 269 20 268
f 268 20 267
f 332 331 177
f 337 336 208
f 189 188 322
f 322 318 189
f 189 318 317
f 189 317 191
f 191 317 316
f 191 316 315
f 195 314 196
f 196 314 313
f 195 194 314
f 314 194 193
f 314 193 315
f 315 193 192
f 315 192 191
f 313 312 196
f 196 312 311
f 196 311 197
f 197 311 198
f 311 310 198
f 198 310 309
f 198 309 199
f 199 309 307
f 199 307 200
f 201 303 202
f 202 303 203
f 307 306 200
f 200 306 305
f 200 305 201
f 201 305 304
f 201 304 303
f 203 303 204
f 204 303 302
f 204 302 205
f 302 301 205
f 205 301 300
f 205 300 206
f 174 35 336
f 336 35 34
f 336 34 208
f 300 298 206
f 206 298 297
f 206 297 207
f 207 297 339
f 207 339 208
f 208 339 338
f 208 338 337
f 334 176 175
f 174 336 175
f 175 336 335
f 175 335 334
f 176 334 177
f 177 334 333
f 177 333 332
f 184 183 329
f 329 183 182
f 329 182 330
f 330 182 181
f 330 181 323
f 323 181 180
f 323 180 324
f 324 180 179
f 324 179 331
f 331 179 178
f 331 178 177
f 184 329 185
f 185 329 328
f 185 328 186
f 79 158 38
f 328 327 186
f 186 327 326
f 186 326 187
f 187 326 79
f 187 79 37
f 37 79 38
f 79 78 158
f 158 78 77
f 158 77 159
f 159 77 75
f 159 75 160
f 75 74 160
f 160 74 73
f 160 73 161
f 161 73 72
f 161 72 163
f 163 72 164
f 164 72 71
f 164 71 165
f 165 71 67
f 165 67 166
f 169 168 82
f 82 168 167
f 82 167 70
f 70 167 166
f 70 166 69
f 69 166 67
f 171 169 82
f 171 82 172
f 46 150 57
f 57 150 149
f 57 149 55
f 149 101 99
f 146 44 82
f 59 149 95
f 95 149 96
f 99 98 149
f 149 98 107
f 149 107 105
f 44 43 82
f 82 43 154
f 82 154 153
f 153 151 82
f 82 151 40
f 82 40 42
f 65 149 80
f 80 149 81
f 59 58 149
f 149 58 103
f 149 103 101
f 132 138 57
f 57 138 137
f 57 137 50
f 140 139 57
f 57 139 143
f 81 149 82
f 82 149 147
f 82 147 146
f 42 155 82
f 82 155 157
f 82 157 172
f 65 64 149
f 149 64 84
f 149 84 86
f 105 104 149
f 149 104 109
f 149 109 55
f 125 124 57
f 124 122 57
f 57 122 121
f 57 121 127
f 135 134 57
f 57 134 133
f 57 133 132
f 143 145 57
f 57 145 47
f 57 47 46
f 86 87 149
f 149 87 88
f 149 88 90
f 127 130 57
f 57 130 129
f 57 129 135
f 50 49 57
f 57 49 142
f 57 142 140
f 57 113 117
f 117 113 111
f 117 111 115
f 115 111 110
f 117 116 57
f 57 116 53
f 57 53 52
f 90 91 149
f 149 91 62
f 149 62 61
f 52 118 57
f 57 118 120
f 57 120 125
f 61 93 149
f 149 93 94
f 149 94 96

