# https://github.com/mikedh/trimesh
v 11.22386551 67.00000000 14.69674873
v 11.24678326 67.00000000 14.40554810
v 10.84910488 66.98043060 14.34256268
v 18.77613449 67.00000000 15.30325031
v 18.75321579 67.00000000 15.59445095
v 19.15089417 66.98043060 15.65743637
v 11.88719463 67.00000000 17.26158524
v 11.71300697 67.00000000 17.00000000
v 11.25542355 66.98043060 16.90795708
v 11.59999561 66.98043060 17.47024727
v 12.02828693 66.98043060 17.97171402
v 12.27930832 67.00000000 17.72069168
v 12.52975178 66.98043060 18.40000343
v 12.73841381 67.00000000 18.11280441
v 13.09204292 66.98043060 18.74457741
v 13.25320816 67.00000000 18.42827225
v 13.70131397 66.98043060 18.99694443
v 13.81101322 67.00000000 18.65932083
v 14.34256268 66.98043060 19.15089417
v 14.39809608 67.00000000 18.80026817
v 15.00000000 66.98043060 19.20263672
v 15.00000000 67.00000000 18.84763908
v 15.65743637 66.98043060 19.15089417
v 15.60190296 67.00000000 18.80026817
v 16.29868507 66.98043060 18.99694443
v 16.18898392 67.00000000 18.65932083
v 16.90795708 66.98043060 18.74457741
v 16.74679184 67.00000000 18.42827225
v 17.47024727 66.98043060 18.40000343
v 17.26158524 67.00000000 18.11280441
v 17.97171402 66.98043060 17.97171402
v 17.72069168 67.00000000 17.72069168
v 18.40000343 66.98043060 17.47024727
v 18.11280441 67.00000000 17.26158524
v 18.38582420 67.00000000 16.72516441
v 18.23109818 67.00000000 17.00000000
v 18.28699303 67.00000000 17.00000000
v 18.74457741 66.98043060 16.90795708
v 18.99694443 66.98043060 16.29868507
v 18.67938232 67.00000000 15.90198994
v 18.61401367 67.00000000 16.17426491
v 18.48835564 67.00000000 16.47763443
v 18.79999924 67.00000000 15.00000000
v 19.20263672 66.98043060 15.00000000
v 18.77613449 67.00000000 14.69674873
v 19.15089417 66.98043060 14.34256268
v 18.75321579 67.00000000 14.40554810
v 18.67938232 67.00000000 14.09801006
v 18.99694443 66.98043060 13.70131397
v 18.61401367 67.00000000 13.82573509
v 18.11280441 67.00000000 12.73841381
v 18.28699303 67.00000000 12.99999905
v 18.74457741 66.98043060 13.09204292
v 18.48835564 67.00000000 13.52236462
v 18.38582420 67.00000000 13.27483559
v 18.23109818 67.00000000 12.99999905
v 18.40000343 66.98043060 12.52975178
v 17.97171402 66.98043060 12.02828693
v 17.72069168 67.00000000 12.27930832
v 17.47024727 66.98043060 11.59999561
v 17.26158524 67.00000000 11.88719463
v 16.90795708 66.98043060 11.25542355
v 16.74679184 67.00000000 11.57172871
v 16.29868507 66.98043060 11.00305462
v 16.18898392 67.00000000 11.34067726
v 15.65743637 66.98043060 10.84910488
v 15.60190296 67.00000000 11.19973183
v 15.00000000 66.98043060 10.79736233
v 15.00000000 67.00000000 11.15236092
v 14.34256268 66.98043060 10.84910488
v 14.39809608 67.00000000 11.19973183
v 13.70131397 66.98043060 11.00305462
v 13.81101322 67.00000000 11.34067726
v 13.09204292 66.98043060 11.25542355
v 13.25320816 67.00000000 11.57172871
v 12.52975178 66.98043060 11.59999561
v 12.73841381 67.00000000 11.88719463
v 12.02828693 66.98043060 12.02828693
v 12.27930832 67.00000000 12.27930832
v 11.59999561 66.98043060 12.52975178
v 11.88719463 67.00000000 12.73841381
v 11.61417484 67.00000000 13.27483559
v 11.76890087 67.00000000 12.99999905
v 11.71300697 67.00000000 12.99999905
v 11.25542355 66.98043060 13.09204292
v 11.00305462 66.98043060 13.70131397
v 11.32061672 67.00000000 14.09801006
v 11.38598442 67.00000000 13.82573509
v 11.51164532 67.00000000 13.52236462
v 11.19999981 67.00000000 15.00000000
v 10.79736233 66.98043060 15.00000000
v 11.22386551 67.00000000 15.30325031
v 10.84910488 66.98043060 15.65743637
v 11.24678326 67.00000000 15.59445095
v 11.32061672 67.00000000 15.90198994
v 11.00305462 66.98043060 16.29868507
v 11.38598442 67.00000000 16.17426491
v 11.51164532 67.00000000 16.47763443
v 11.61417484 67.00000000 16.72516441
v 11.76890087 67.00000000 17.00000000
v 15.00000000 66.11662292 8.79093552
v 13.98317528 65.83760071 8.58002567
v 14.02868843 66.11662292 8.86737919
v 12.99138927 65.83760071 8.81813240
v 13.08129311 66.11662292 9.09482861
v 12.04906082 65.83760071 9.20845795
v 12.18114281 66.11662292 9.46768284
v 11.17939472 65.83760071 9.74138927
v 11.35040283 66.11662292 9.97676182
v 10.40380573 65.83760071 10.40380573
v 10.60952759 66.11662292 10.60952759
v 9.74138927 65.83760071 11.17939472
v 9.97676182 66.11662292 11.35040283
v 9.20845795 65.83760071 12.04906082
v 9.46768284 66.11662292 12.18114281
v 8.81813240 65.83760071 12.99138927
v 9.09482861 66.11662292 13.08129311
v 8.58002567 65.83760071 13.98317528
v 8.86737919 66.11662292 14.02868843
v 8.50000000 65.83760071 15.00000000
v 8.79093552 66.11662292 15.00000000
v 8.58002567 65.83760071 16.01682472
v 8.86737919 66.11662292 15.97131062
v 8.81813240 65.83760071 17.00860977
v 9.09482861 66.11662292 16.91870499
v 9.20845795 65.83760071 17.95093727
v 9.46768284 66.11662292 17.81885719
v 9.74138927 65.83760071 18.82060432
v 9.97676182 66.11662292 18.64959717
v 10.40380573 65.83760071 19.59619331
v 10.60952759 66.11662292 19.39047050
v 11.17939472 65.83760071 20.25860977
v 11.35040283 66.11662292 20.02323723
v 12.04906082 65.83760071 20.79154205
v 12.18114281 66.11662292 20.53231812
v 12.99138927 65.83760071 21.18186569
v 13.08129311 66.11662292 20.90517044
v 13.98317528 65.83760071 21.41997337
v 14.02868843 66.11662292 21.13261986
v 15.00000000 65.83760071 21.49999809
v 15.00000000 66.11662292 21.20906448
v 16.01682472 65.83760071 21.41997337
v 15.97131062 66.11662292 21.13261986
v 17.00860977 65.83760071 21.18186569
v 16.91870499 66.11662292 20.90517044
v 17.95093727 65.83760071 20.79154205
v 17.81885719 66.11662292 20.53231812
v 18.82060432 65.83760071 20.25860977
v 18.64959717 66.11662292 20.02323723
v 19.59619331 65.83760071 19.59619331
v 19.39047050 66.11662292 19.39047050
v 20.25860977 65.83760071 18.82060432
v 20.02323723 66.11662292 18.64959717
v 20.79154205 65.83760071 17.95093727
v 20.53231812 66.11662292 17.81885719
v 21.18186569 65.83760071 17.00860977
v 20.90517044 66.11662292 16.91870499
v 21.41997337 65.83760071 16.01682472
v 21.13261986 66.11662292 15.97131062
v 21.49999809 65.83760071 15.00000000
v 21.20906448 66.11662292 15.00000000
v 21.41997337 65.83760071 13.98317528
v 21.13261986 66.11662292 14.02868843
v 21.18186569 65.83760071 12.99138927
v 20.90517044 66.11662292 13.08129311
v 20.79154205 65.83760071 12.04906082
v 20.53231812 66.11662292 12.18114281
v 20.25860977 65.83760071 11.17939472
v 20.02323723 66.11662292 11.35040283
v 19.59619331 65.83760071 10.40380573
v 19.39047050 66.11662292 10.60952759
v 18.82060432 65.83760071 9.74138927
v 18.64959717 66.11662292 9.97676182
v 17.95093727 65.83760071 9.20845795
v 17.81885719 66.11662292 9.46768284
v 17.00860977 65.83760071 8.81813240
v 16.91870499 66.11662292 9.09482861
v 16.01682472 65.83760071 8.58002567
v 15.97131062 66.11662292 8.86737919
v 15.00000000 65.83760071 8.50000000
v 15.90147018 66.44468689 9.30833912
v 16.78074265 66.44468689 9.51943398
v 17.61616898 66.44468689 9.86547852
v 18.38717651 66.44468689 10.33795261
v 19.07477951 66.44468689 10.92522049
v 19.66204643 66.44468689 11.61282444
v 20.13451958 66.44468689 12.38383102
v 20.48056602 66.44468689 13.21925640
v 20.69165993 66.44468689 14.09852886
v 20.76260757 66.44468689 15.00000000
v 20.69165993 66.44468689 15.90147018
v 20.48056602 66.44468689 16.78074265
v 20.13451958 66.44468689 17.61616898
v 19.66204643 66.44468689 18.38717651
v 19.07477951 66.44468689 19.07477951
v 18.38717651 66.44468689 19.66204643
v 17.61616898 66.44468689 20.13451958
v 16.78074265 66.44468689 20.48056602
v 15.90147018 66.44468689 20.69165993
v 15.00000000 66.44468689 20.76260757
v 14.09852886 66.44468689 20.69165993
v 13.21925640 66.44468689 20.48056602
v 12.38383102 66.44468689 20.13451958
v 11.61282444 66.44468689 19.66204643
v 10.92522049 66.44468689 19.07477951
v 10.33795261 66.44468689 18.38717651
v 9.86547852 66.44468689 17.61616898
v 9.51943398 66.44468689 16.78074265
v 9.30833912 66.44468689 15.90147018
v 9.23739147 66.44468689 15.00000000
v 9.30833912 66.44468689 14.09852886
v 9.51943398 66.44468689 13.21925640
v 9.86547852 66.44468689 12.38383102
v 10.33795261 66.44468689 11.61282444
v 10.92522049 66.44468689 10.92522049
v 11.61282444 66.44468689 10.33795261
v 12.38383102 66.44468689 9.86547852
v 13.21925640 66.44468689 9.51943398
v 14.09852886 66.44468689 9.30833912
v 15.00000000 66.44468689 9.23739147
v 15.82468510 66.70163727 9.79313850
v 16.62906456 66.70163727 9.98625183
v 17.39333153 66.70163727 10.30282116
v 18.09866524 66.70163727 10.73505211
v 18.72770119 66.70163727 11.27229786
v 19.26494789 66.70163727 11.90133286
v 19.69717789 66.70163727 12.60666752
v 20.01374817 66.70163727 13.37093353
v 20.20686150 66.70163727 14.17531395
v 20.27176666 66.70163727 15.00000000
v 20.20686150 66.70163727 15.82468510
v 20.01374817 66.70163727 16.62906456
v 19.69717789 66.70163727 17.39333153
v 19.26494789 66.70163727 18.09866524
v 18.72770119 66.70163727 18.72770119
v 18.09866524 66.70163727 19.26494789
v 17.39333153 66.70163727 19.69717789
v 16.62906456 66.70163727 20.01374817
v 15.82468510 66.70163727 20.20686150
v 15.00000000 66.70163727 20.27176666
v 14.17531395 66.70163727 20.20686150
v 13.37093353 66.70163727 20.01374817
v 12.60666752 66.70163727 19.69717789
v 11.90133286 66.70163727 19.26494789
v 11.27229786 66.70163727 18.72770119
v 10.73505211 66.70163727 18.09866524
v 10.30282116 66.70163727 17.39333153
v 9.98625183 66.70163727 16.62906456
v 9.79313850 66.70163727 15.82468510
v 9.72823334 66.70163727 15.00000000
v 9.79313850 66.70163727 14.17531395
v 9.98625183 66.70163727 13.37093353
v 10.30282116 66.70163727 12.60666752
v 10.73505211 66.70163727 11.90133286
v 11.27229786 66.70163727 11.27229786
v 11.90133286 66.70163727 10.73505211
v 12.60666752 66.70163727 10.30282116
v 13.37093353 66.70163727 9.98625183
v 14.17531395 66.70163727 9.79313850
v 15.00000000 66.70163727 9.72823334
v 15.74271584 66.88159180 10.31067562
v 16.46714211 66.88159180 10.48459530
v 17.15544701 66.88159180 10.76969910
v 17.79067421 66.88159180 11.15896702
v 18.35718536 66.88159180 11.64281368
v 18.84103203 66.88159180 12.20932579
v 19.23030090 66.88159180 12.84455395
v 19.51540375 66.88159180 13.53285599
v 19.68932343 66.88159180 14.25728416
v 19.74777603 66.88159180 15.00000000
v 19.68932343 66.88159180 15.74271584
v 19.51540375 66.88159180 16.46714211
v 19.23030090 66.88159180 17.15544701
v 18.84103203 66.88159180 17.79067421
v 18.35718536 66.88159180 18.35718536
v 17.79067421 66.88159180 18.84103203
v 17.15544701 66.88159180 19.23030090
v 16.46714211 66.88159180 19.51540375
v 15.74271584 66.88159180 19.68932343
v 15.00000000 66.88159180 19.74777603
v 14.25728416 66.88159180 19.68932343
v 13.53285599 66.88159180 19.51540375
v 12.84455395 66.88159180 19.23030090
v 12.20932579 66.88159180 18.84103203
v 11.64281368 66.88159180 18.35718536
v 11.15896702 66.88159180 17.79067421
v 10.76969910 66.88159180 17.15544701
v 10.48459530 66.88159180 16.46714211
v 10.31067562 66.88159180 15.74271584
v 10.25222206 66.88159180 15.00000000
v 10.31067562 66.88159180 14.25728416
v 10.48459530 66.88159180 13.53285599
v 10.76969910 66.88159180 12.84455395
v 11.15896702 66.88159180 12.20932579
v 11.64281368 66.88159180 11.64281368
v 12.20932579 66.88159180 11.15896702
v 12.84455395 66.88159180 10.76969910
v 13.53285599 66.88159180 10.48459530
v 14.25728416 66.88159180 10.31067562
v 15.00000000 66.88159180 10.25222206
v 10.24537182 67.78584290 17.00000000
v 10.14538479 67.83742523 17.00000000
v 9.90168571 67.83742523 16.24966431
v 10.24537182 67.78584290 12.99999905
v 9.90168571 67.83742523 13.75033474
v 10.14538479 67.83742523 12.99999905
v 9.76681137 67.83742523 15.42020416
v 9.89666557 67.83742523 16.23421097
v 9.89666557 67.83742523 13.76578903
v 9.76681137 67.83742523 14.57979488
v 9.76595879 67.83742523 14.58514309
v 9.76595879 67.83742523 15.41485596
v 19.75462723 67.78584290 12.99999905
v 19.85461426 67.83742523 12.99999905
v 20.09831429 67.83742523 13.75033474
v 19.75462723 67.78584290 17.00000000
v 20.09831429 67.83742523 16.24966431
v 19.85461426 67.83742523 17.00000000
v 20.23318863 67.83742523 14.57979488
v 20.10333443 67.83742523 13.76578903
v 20.10333443 67.83742523 16.23421097
v 20.23318863 67.83742523 15.42020416
v 20.23404121 67.83742523 15.41485596
v 20.23404121 67.83742523 14.58514309
v 19.26788712 69.29198456 16.79528427
v 20.04050255 68.26930237 16.78190804
v 20.09254074 68.26930237 16.60659409
v 19.26784897 69.29203796 13.20471382
v 18.71405983 70.00543213 13.19246101
v 18.92703247 70.00543213 13.71943378
v 18.71405983 70.00543213 16.80753899
v 18.92726707 70.00543213 16.27984428
v 18.93638420 70.00543213 16.24197388
v 20.19639778 68.26930237 16.25671768
v 19.07944107 70.00543213 15.64775753
v 20.26749229 68.26930237 15.81104279
v 19.08095741 70.00543213 15.62853146
v 20.32948685 68.26930237 15.42242146
v 19.13051796 70.00543213 14.99999714
v 20.32948685 68.26930237 15.00000000
v 19.13054848 70.00543213 14.99962044
v 20.32948685 68.26930237 14.57757759
v 19.08090210 70.00543213 14.37147236
v 20.26749229 68.26930237 14.18895626
v 19.07932281 70.00543213 14.35149479
v 20.19639778 68.26930237 13.74328232
v 18.93633461 70.00543213 13.75803947
v 20.09254074 68.26930237 13.39340591
v 20.04050255 68.26930237 13.21809196
v 10.73211288 69.29198456 13.20471382
v 9.95949650 68.26930237 13.21809196
v 9.90745831 68.26930237 13.39340591
v 10.73215008 69.29203796 16.79528618
v 11.28594017 70.00543213 16.80753899
v 11.07296753 70.00543213 16.28056526
v 11.28594017 70.00543213 13.19246101
v 11.07273293 70.00543213 13.72015476
v 11.06361485 70.00543213 13.75802612
v 9.80360317 68.26930237 13.74328232
v 10.92055798 70.00543213 14.35224247
v 9.73250675 68.26930237 14.18895626
v 10.91904163 70.00543213 14.37146759
v 9.67051315 68.26930237 14.57757759
v 10.86948109 70.00543213 15.00000286
v 9.67051315 68.26930237 15.00000000
v 10.86945057 70.00543213 15.00037861
v 9.67051315 68.26930237 15.42242146
v 10.91909790 70.00543213 15.62852764
v 9.73250675 68.26930237 15.81104279
v 10.92067719 70.00543213 15.64850426
v 9.80360317 68.26930237 16.25671768
v 11.06366539 70.00543213 16.24196053
v 9.90745831 68.26930237 16.60659409
v 9.95949650 68.26930237 16.78190804
v 9.10932350 70.47750854 13.30000019
v 10.96738911 70.47750854 13.30000019
v 10.83908081 70.47750854 13.64401054
v 8.92932224 70.47750854 14.14154243
v 10.67785263 70.47750854 14.31370449
v 8.86892509 70.47750854 15.00000000
v 10.62370491 70.47750854 15.00040150
v 8.92932224 70.47750854 15.85845661
v 10.67797852 70.47750854 15.68708801
v 9.10932350 70.47750854 16.69999886
v 10.83932877 70.47750854 16.35675049
v 10.96738911 70.47750854 16.69999886
v 19.16066933 70.47750854 13.64324665
v 19.03260994 70.47750854 13.30000019
v 20.89067459 70.47750854 13.30000019
v 19.32202148 70.47750854 14.31291199
v 21.07067871 70.47750854 14.14154243
v 19.37629509 70.47750854 14.99959850
v 21.13107491 70.47750854 15.00000000
v 19.32214546 70.47750854 15.68629551
v 21.07067871 70.47750854 15.85845661
v 19.16091919 70.47750854 16.35598946
v 20.89067459 70.47750854 16.69999886
v 19.03260994 70.47750854 16.69999886
v 21.17891312 74.17750549 16.78318214
v 21.17891312 70.77750397 16.78318214
v 21.36772156 70.77750397 15.90046120
v 21.36772156 74.17750549 15.90046120
v 21.43107414 70.77750397 15.00000000
v 21.43107414 74.17750549 15.00000000
v 21.36772156 70.77750397 14.09953880
v 21.36772156 74.17750549 14.09953880
v 21.17891312 70.77750397 13.21681690
v 21.17891312 74.17750549 13.21681690
v 8.82108593 74.17750549 13.21681690
v 8.82108593 70.77750397 13.21681690
v 8.63227844 70.77750397 14.09953880
v 8.63227844 74.17750549 14.09953880
v 8.56892586 70.77750397 15.00000000
v 8.56892586 74.17750549 15.00000000
v 8.63227844 70.77750397 15.90046120
v 8.63227844 74.17750549 15.90046120
v 8.82108593 70.77750397 16.78318214
v 8.82108593 74.17750549 16.78318214
v 20.89067459 74.47750854 13.30000019
v 19.03260994 74.47750854 13.30000019
v 19.16091919 74.47750854 13.64401054
v 21.07067871 74.47750854 14.14154243
v 19.32214546 74.47750854 14.31370449
v 21.13107491 74.47750854 15.00000000
v 19.37629509 74.47750854 15.00040150
v 21.07067871 74.47750854 15.85845661
v 19.32202148 74.47750854 15.68708801
v 20.89067459 74.47750854 16.69999886
v 19.16066933 74.47750854 16.35675049
v 19.03260994 74.47750854 16.69999886
v 9.10932350 74.47750854 16.69999886
v 10.96738911 74.47750854 16.69999886
v 10.83908081 74.47750854 16.35598946
v 8.92932224 74.47750854 15.85845661
v 10.67785263 74.47750854 15.68629551
v 8.86892509 74.47750854 15.00000000
v 10.62370491 74.47750854 14.99959850
v 8.92932224 74.47750854 14.14154243
v 10.67797852 74.47750854 14.31291199
v 9.10932350 74.47750854 13.30000019
v 10.83932877 74.47750854 13.64324665
v 10.96738911 74.47750854 13.30000019
v 9.75682354 76.63751221 15.80789280
v 9.68754673 76.63751221 15.00000000
v 10.86948109 74.94957733 14.99999714
v 10.73211288 75.66302490 16.79528427
v 9.99550056 76.63751221 16.78245354
v 9.94628716 76.63751221 16.59490395
v 10.73215008 75.66297913 13.20471382
v 11.28594017 74.94957733 13.19246101
v 11.07296753 74.94957733 13.71943378
v 9.99550056 76.63751221 13.21754646
v 11.28594017 74.94957733 16.80753899
v 11.07273293 74.94957733 16.27984428
v 11.06361485 74.94957733 16.24197388
v 9.76510143 76.63751221 15.90443039
v 10.92055798 74.94957733 15.64775753
v 10.91904163 74.94957733 15.62853146
v 9.94628716 76.63751221 13.40509701
v 11.06366539 74.94957733 13.75803947
v 9.76510143 76.63751221 14.09556866
v 10.92067719 74.94957733 14.35149479
v 9.75682354 76.63751221 14.19210529
v 10.91909790 74.94957733 14.37147236
v 10.86945057 74.94957733 14.99962044
v 20.24317551 76.63751221 14.19210529
v 20.31245232 76.63751221 15.00000000
v 19.13051796 74.94957733 15.00000286
v 19.26788712 75.66302490 13.20471382
v 20.00449944 76.63751221 13.21754646
v 20.05371284 76.63751221 13.40509701
v 19.26784897 75.66297913 16.79528618
v 18.71405983 74.94957733 16.80753899
v 18.92703247 74.94957733 16.28056526
v 20.00449944 76.63751221 16.78245354
v 18.71405983 74.94957733 13.19246101
v 18.92726707 74.94957733 13.72015476
v 18.93638420 74.94957733 13.75802612
v 20.23489761 76.63751221 14.09556866
v 19.07944107 74.94957733 14.35224247
v 19.08095741 74.94957733 14.37146759
v 20.05371284 76.63751221 16.59490395
v 18.93633461 74.94957733 16.24196053
v 20.23489761 76.63751221 15.90443039
v 19.07932281 74.94957733 15.64850426
v 20.24317551 76.63751221 15.80789280
v 19.08090210 74.94957733 15.62852764
v 19.13054848 74.94957733 15.00037861
v 15.43875504 77.94268799 13.75820255
v 15.22257900 77.94268799 13.70191383
v 15.00000000 78.00000000 15.00000000
v 16.12148857 77.94268799 14.30947113
v 15.98865700 77.94268799 14.12987137
v 16.28746796 77.94268799 14.72252846
v 16.22205734 77.94268799 14.50893688
v 16.31584167 77.94268799 14.94410324
v 16.30636215 77.94268799 15.16728592
v 16.25930023 77.94268799 15.38565540
v 16.17601013 77.94268799 15.59293175
v 16.05888748 77.94268799 15.78314972
v 15.73750401 77.94268799 16.09117126
v 15.91130352 77.94268799 15.95083809
v 15.54248619 77.94268799 16.20011330
v 15.11169147 77.94268799 16.31228447
v 15.33186245 77.94268799 16.27453232
v 14.88830757 77.94268799 16.31228447
v 14.66813660 77.94268799 16.27453232
v 13.82398987 77.94268799 15.59293175
v 13.94111061 77.94268799 15.78314972
v 13.69363689 77.94268799 15.16728592
v 13.74069977 77.94268799 15.38565540
v 13.68415642 77.94268799 14.94410324
v 13.71253014 77.94268799 14.72252846
v 13.77794266 77.94268799 14.50893688
v 13.87851048 77.94268799 14.30947113
v 14.01134205 77.94268799 14.12987137
v 14.35769081 77.94268799 13.85021400
v 14.17261505 77.94268799 13.97530365
v 14.77742004 77.94268799 13.70191383
v 14.56124401 77.94268799 13.75820255
v 15.00000000 77.94268799 13.68297005
v 11.49080849 77.48595428 16.73431969
v 11.49457359 77.48667145 16.73431969
v 11.26011276 77.48677063 16.14532661
v 18.50918961 77.48595428 16.73431969
v 19.86935425 77.09161377 16.73431969
v 19.92824745 77.09161377 16.50988007
v 12.99137878 77.76113129 13.26568031
v 13.03402615 77.76803589 13.29683876
v 13.08297539 77.76976013 13.26568031
v 12.07604408 77.59737396 13.26568031
v 11.49457359 77.48667145 13.26568031
v 11.37071705 77.48677063 13.54163456
v 10.60094929 77.22796631 13.26568031
v 10.13064575 77.09161377 13.26568031
v 9.96039009 77.09161377 13.91450691
v 11.49080849 77.48595428 13.26568031
v 11.17645550 77.48677063 14.17596245
v 12.76550102 77.77117920 13.62416458
v 13.50424099 77.80950928 13.26568031
v 14.37592888 77.88381958 13.26568031
v 14.29191208 77.88381958 13.26568031
v 13.98287868 77.85466003 13.26568031
v 15.70808697 77.88381958 13.26568031
v 15.62407017 77.88381958 13.26568031
v 15.31658840 77.88381958 13.26568031
v 15.00000000 77.88381958 13.26568031
v 14.68341064 77.88381958 13.26568031
v 15.64230728 77.94268799 13.85021400
v 16.01712036 77.85466003 13.26568031
v 16.49575806 77.80950928 13.26568031
v 15.82738400 77.94268799 13.97530365
v 16.91702461 77.76976013 13.26568031
v 17.00862122 77.76113129 13.26568031
v 16.96597290 77.76803589 13.29683876
v 17.11800194 77.75080872 13.26568031
v 17.23449898 77.77117920 13.62416458
v 17.92395401 77.59737396 13.26568031
v 17.43487549 77.77117920 14.02158642
v 18.50542641 77.48667145 13.26568031
v 18.82354355 77.48677063 14.17596245
v 19.39904976 77.22796631 13.26568031
v 18.62928200 77.48677063 13.54163456
v 18.50918961 77.48595428 13.26568031
v 18.45842361 77.49562073 16.73431969
v 18.50542641 77.48667145 16.73431969
v 18.73988724 77.48677063 16.14532661
v 16.91702461 77.76976013 16.73431969
v 17.11800194 77.75080872 16.73431969
v 17.10976982 77.77117920 16.56037712
v 17.40675545 77.69583130 16.73431969
v 16.25060844 77.83264160 16.73431969
v 16.74951363 77.78556824 16.73431969
v 15.47203064 77.88381958 16.73431969
v 15.70808697 77.88381958 16.73431969
v 15.79812145 77.87532043 16.73431969
v 14.29191208 77.88381958 16.73431969
v 14.52796936 77.88381958 16.73431969
v 14.84113312 77.88381958 16.73431969
v 15.15886688 77.88381958 16.73431969
v 14.20187664 77.87532043 16.73431969
v 14.45751381 77.94268799 16.20011330
v 14.26249695 77.94268799 16.09117126
v 13.74939156 77.83264160 16.73431969
v 13.25048447 77.78556824 16.73431969
v 14.08869553 77.94268799 15.95083809
v 13.08297539 77.76976013 16.73431969
v 12.49092102 77.77117920 15.76839542
v 11.54157543 77.49562073 16.73431969
v 12.65687084 77.77117920 16.18137932
v 12.59324360 77.69583130 16.73431969
v 12.89022923 77.77117920 16.56037712
v 12.88199806 77.75080872 16.73431969
v 10.13064575 77.09161377 16.73431969
v 9.90646935 77.09161377 14.11999416
v 11.09219170 77.48677063 14.83399773
v 9.84971714 77.09161377 14.78182602
v 9.83100891 77.09161377 15.00000000
v 11.12034702 77.48677063 15.49680901
v 9.88720226 77.09161377 15.65532589
v 9.90646935 77.09161377 15.88000584
v 10.07175159 77.09161377 16.50988007
v 20.09353065 77.09161377 15.88000584
v 18.87965202 77.48677063 15.49680901
v 20.11279678 77.09161377 15.65532589
v 20.16898918 77.09161377 15.00000000
v 18.90780830 77.48677063 14.83399773
v 19.86935425 77.09161377 13.26568031
v 20.03960991 77.09161377 13.91450691
v 20.09353065 77.09161377 14.11999416
v 20.15028191 77.09161377 14.78182602
v 12.39715195 77.77117920 15.33330727
v 12.37826252 77.77117920 14.88862896
v 12.43479538 77.77117920 14.44715500
v 12.56512451 77.77117920 14.02158642
v 12.88199806 77.75080872 13.26568031
v 17.56520462 77.77117920 14.44715500
v 17.62173653 77.77117920 14.88862896
v 17.60284805 77.77117920 15.33330727
v 17.50907898 77.77117920 15.76839542
v 17.34312820 77.77117920 16.18137932
v 25.20259094 0.00000000 25.99577713
v 23.44980049 0.00000000 27.39358139
v 23.44980049 0.00000000 2.60641789
v 12.76436520 0.00000000 0.16753748
v 15.00000000 0.00000000 0.00000000
v 10.57867146 0.00000000 29.33359146
v 21.50825691 0.00000000 1.48546696
v 17.23563385 0.00000000 0.16753748
v 19.42132759 0.00000000 0.66640788
v 12.76436520 0.00000000 29.83246231
v 10.57867146 0.00000000 0.66640788
v 8.49174309 0.00000000 28.51453209
v 6.55019855 0.00000000 27.39358139
v 4.79740858 0.00000000 4.00422144
v 6.55019855 0.00000000 2.60641789
v 3.27252793 0.00000000 24.35234642
v 21.50825691 0.00000000 28.51453209
v 19.42132759 0.00000000 29.33359146
v 17.23563385 0.00000000 29.83246231
v 15.00000000 0.00000000 30.00000000
v 4.79740858 0.00000000 25.99577713
v 8.49174309 0.00000000 1.48546696
v 25.20259094 0.00000000 4.00422144
v 26.72747231 0.00000000 5.64765263
v 27.99038124 0.00000000 22.49999809
v 27.99038124 0.00000000 7.50000000
v 26.72747231 0.00000000 24.35234642
v 1.03689361 0.00000000 20.48011589
v 0.37608111 0.00000000 18.33781433
v 3.27252793 0.00000000 5.64765263
v 0.04194304 0.00000000 16.12095070
v 0.04194304 0.00000000 13.87904835
v 0.37608111 0.00000000 11.66218567
v 1.03689361 0.00000000 9.51988411
v 2.00961900 0.00000000 7.50000000
v 2.00961900 0.00000000 22.49999809
v 28.96310616 0.00000000 9.51988411
v 29.62391853 0.00000000 11.66218567
v 29.95805550 0.00000000 13.87904835
v 29.95805550 0.00000000 16.12095070
v 29.62391853 0.00000000 18.33781433
v 28.96310616 0.00000000 20.48011589
v 17.23563385 3.00000000 0.16753748
v 15.00000000 3.00000000 0.00000000
v 12.76436520 3.00000000 0.16753748
v 10.57867146 3.00000000 0.66640788
v 8.49174309 3.00000000 1.48546696
v 6.55019855 3.00000000 2.60641789
v 4.79740858 3.00000000 4.00422144
v 3.27252793 3.00000000 5.64765263
v 2.00961900 3.00000000 7.50000000
v 1.03689361 3.00000000 9.51988411
v 0.37608111 3.00000000 11.66218567
v 0.04194304 3.00000000 13.87904835
v 0.04194304 3.00000000 16.12095070
v 0.37608111 3.00000000 18.33781433
v 1.03689361 3.00000000 20.48011589
v 2.00961900 3.00000000 22.49999809
v 3.27252793 3.00000000 24.35234642
v 4.79740858 3.00000000 25.99577713
v 6.55019855 3.00000000 27.39358139
v 8.49174309 3.00000000 28.51453209
v 10.57867146 3.00000000 29.33359146
v 12.76436520 3.00000000 29.83246231
v 15.00000000 3.00000000 30.00000000
v 17.23563385 3.00000000 29.83246231
v 19.42132759 3.00000000 29.33359146
v 21.50825691 3.00000000 28.51453209
v 23.44980049 3.00000000 27.39358139
v 25.20259094 3.00000000 25.99577713
v 26.72747231 3.00000000 24.35234642
v 27.99038124 3.00000000 22.49999809
v 28.96310616 3.00000000 20.48011589
v 29.62391853 3.00000000 18.33781433
v 29.95805550 3.00000000 16.12095070
v 29.95805550 3.00000000 13.87904835
v 29.62391853 3.00000000 11.66218567
v 28.96310616 3.00000000 9.51988411
v 27.99038124 3.00000000 7.50000000
v 26.72747231 3.00000000 5.64765263
v 25.20259094 3.00000000 4.00422144
v 23.44980049 3.00000000 2.60641789
v 21.50825691 3.00000000 1.48546696
v 19.42132759 3.00000000 0.66640788
v 24.49636459 4.00000000 4.71316195
v 24.52109718 4.00000000 4.73855972
v 28.95536613 4.00000000 13.88299465
v 28.95725441 4.00000000 13.95387363
v 26.01172066 4.00000000 23.64534569
v 25.94167900 4.00000000 23.72539139
v 17.22688866 4.00000000 28.82175636
v 17.08586502 4.00000000 28.83683205
v 7.26079893 4.00000000 26.66639519
v 7.11848211 4.00000000 26.56066132
v 1.39998090 4.00000000 18.32257462
v 1.36055803 4.00000000 18.11349297
v 2.75331640 4.00000000 8.21628761
v 2.88498783 4.00000000 8.00584602
v 12.04064274 4.00000000 1.31635177
v 10.87664604 4.00000000 1.63378656
v 10.60292625 4.00000000 1.70843303
v 9.21502876 4.00000000 2.25111294
v 8.93178844 4.00000000 2.39829254
v 7.89267826 4.00000000 2.93824267
v 7.12386608 4.00000000 3.44825435
v 5.47890282 4.00000000 4.73855972
v 5.50363398 4.00000000 4.71316195
v 6.65085649 4.00000000 3.76203656
v 4.46400881 4.00000000 5.78084040
v 4.06964779 4.00000000 6.28314543
v 3.54376054 4.00000000 6.95297575
v 2.10163188 4.00000000 9.55646133
v 1.98131061 4.00000000 9.89010906
v 1.59609127 4.00000000 10.95831203
v 1.36871076 4.00000000 11.88903141
v 1.04274416 4.00000000 13.95387363
v 1.04463196 4.00000000 13.88299465
v 1.24242163 4.00000000 12.40595818
v 1.00496137 4.00000000 15.37268734
v 1.05874610 4.00000000 16.04465294
v 1.12386048 4.00000000 16.85815620
v 1.83019602 4.00000000 19.74934387
v 1.98190188 4.00000000 20.10880852
v 2.40962958 4.00000000 21.12230301
v 2.89107203 4.00000000 21.99145317
v 4.05832005 4.00000000 23.72539139
v 3.98827815 4.00000000 23.64534569
v 3.13171744 4.00000000 22.42589188
v 4.96960545 4.00000000 24.76683998
v 5.49100971 4.00000000 25.24817848
v 6.06458092 4.00000000 25.77767563
v 8.54470444 4.00000000 27.42292786
v 8.93232059 4.00000000 27.59881401
v 9.90175152 4.00000000 28.03870583
v 10.87875462 4.00000000 28.36191559
v 12.91413498 4.00000000 28.83683205
v 12.77311039 4.00000000 28.82175636
v 11.31656361 4.00000000 28.50675011
v 14.25488949 4.00000000 28.98015785
v 15.00000000 4.00000000 28.98015785
v 15.74511051 4.00000000 28.98015785
v 18.68343544 4.00000000 28.50675011
v 19.12124443 4.00000000 28.36191559
v 22.88151741 4.00000000 26.56066132
v 22.73920059 4.00000000 26.66639519
v 21.45529556 4.00000000 27.42292786
v 21.06767845 4.00000000 27.59881401
v 20.09824753 4.00000000 28.03870583
v 23.93541908 4.00000000 25.77767563
v 24.50899124 4.00000000 25.24817848
v 25.03039360 4.00000000 24.76683998
v 26.86828232 4.00000000 22.42589188
v 27.10892677 4.00000000 21.99145317
v 28.63944054 4.00000000 18.11349297
v 28.60001755 4.00000000 18.32257462
v 28.16980362 4.00000000 19.74934387
v 28.01809883 4.00000000 20.10880852
v 27.59037018 4.00000000 21.12230301
v 28.87613869 4.00000000 16.85815620
v 28.94125366 4.00000000 16.04465294
v 28.99503708 4.00000000 15.37268734
v 28.75757790 4.00000000 12.40595818
v 28.63128853 4.00000000 11.88903141
v 27.11501122 4.00000000 8.00584602
v 27.24668312 4.00000000 8.21628761
v 27.89836693 4.00000000 9.55646133
v 28.01868820 4.00000000 9.89010906
v 28.40390778 4.00000000 10.95831203
v 26.45623779 4.00000000 6.95297575
v 25.93035316 4.00000000 6.28314543
v 25.53598976 4.00000000 5.78084040
v 23.34914398 4.00000000 3.76203656
v 22.87613297 4.00000000 3.44825435
v 19.12335396 4.00000000 1.63378656
v 19.39707184 4.00000000 1.70843303
v 20.78497124 4.00000000 2.25111294
v 21.06821251 4.00000000 2.39829254
v 22.10732269 4.00000000 2.93824267
v 17.95935631 4.00000000 1.31635177
v 17.08354950 4.00000000 1.17524719
v 12.91644955 4.00000000 1.17524719
v 13.51189041 4.00000000 1.07931256
v 15.00000000 4.00000000 0.99999923
v 16.48810959 4.00000000 1.07931256
v 28.65176201 8.45888233 16.13121605
v 28.55690193 8.45888233 16.81530952
v 28.95364952 8.17562771 16.86853600
v 28.44446373 8.45888233 17.62615776
v 28.28748703 8.45888233 18.24604416
v 28.67598534 8.17562771 18.34113312
v 28.07396698 8.45888233 19.08922005
v 27.86769676 8.45888233 19.64014053
v 28.24336624 8.17562771 19.77587318
v 27.54476738 8.45888233 20.50264549
v 27.30225372 8.45888233 20.98186302
v 27.66069794 8.17562771 21.15650177
v 26.86329269 8.45888233 21.84927368
v 26.59752655 8.45888233 22.25606155
v 26.93457603 8.17562771 22.46737099
v 26.03781319 8.45888233 23.11276436
v 25.76144409 8.45888233 23.44834518
v 26.07323265 8.17562771 23.69363594
v 25.07835197 8.45888233 24.27777672
v 24.80341911 8.45888233 24.54523277
v 25.08642197 8.17562771 24.82139778
v 23.99655151 8.45888233 25.33016777
v 23.73424149 8.45888233 25.53433228
v 23.98533058 8.17562771 25.83787727
v 22.80554581 8.45888233 26.25716400
v 22.56595230 8.45888233 26.40444183
v 22.78243065 8.17562771 26.73156166
v 21.51978874 8.45888233 27.04751587
v 21.31171036 8.45888233 27.14571190
v 21.49135208 8.17562771 27.49232292
v 20.15489388 8.45888233 27.69162560
v 19.98564720 8.45888233 27.74972916
v 20.12672615 8.17562771 28.11153793
v 18.72742271 8.45888233 28.18167686
v 18.60271263 8.45888233 28.20962715
v 18.70401001 8.17562771 28.58219719
v 17.25470734 8.45888233 28.51172256
v 17.17849731 8.45888233 28.52015495
v 17.23932838 8.17562771 28.89896202
v 15.75462151 8.45888233 28.67774963
v 15.72906590 8.45888233 28.67774963
v 15.74927235 8.17562771 29.05824852
v 1.30664933 8.45888233 14.62254524
v 1.36579573 8.45888233 13.90875912
v 0.96667933 8.17562771 13.87675476
v 1.43128169 8.45888233 13.11845493
v 1.55877876 8.45888233 12.46574402
v 1.16557443 8.17562771 12.39146805
v 1.72062027 8.45888233 11.63720417
v 1.90386736 8.45888233 11.05133152
v 1.52121949 8.17562771 10.93573666
v 2.17115235 8.45888233 10.19677353
v 2.39717770 8.45888233 9.68148708
v 2.02958369 8.17562771 9.52605438
v 2.77740884 8.45888233 8.81464672
v 3.03315830 8.45888233 8.37167645
v 2.68490887 8.17562771 8.17839432
v 3.53203154 8.45888233 7.50760221
v 3.80465007 8.45888233 7.13669157
v 3.47976851 8.17562771 6.90802670
v 4.42585993 8.45888233 6.29150486
v 4.70296860 8.45888233 5.99048471
v 4.40515661 8.17562771 5.72934389
v 5.44804335 8.45888233 5.18111801
v 5.71799946 8.45888233 4.94601297
v 5.45058870 8.17562771 4.65570116
v 6.58617544 8.45888233 4.18991804
v 6.83831167 8.45888233 4.01509094
v 6.60421991 8.17562771 3.69926357
v 7.82643986 8.45888233 3.32993817
v 8.05128765 8.45888233 3.20825624
v 7.85297823 8.17562771 2.87086797
v 9.15378094 8.45888233 2.61161661
v 9.34326077 8.45888233 2.53465676
v 9.18271542 8.17562771 2.17989922
v 10.55208778 8.45888233 2.04367375
v 10.69967175 8.45888233 2.00194120
v 10.57836437 8.17562771 1.63418889
v 12.00438595 8.45888233 1.63300240
v 12.10522938 8.45888233 1.61617529
v 12.02411175 8.17562771 1.23991728
v 13.49304581 8.45888233 1.38458884
v 13.54408264 8.45888233 1.38177347
v 13.50357819 8.17562771 1.00155365
v 15.00000000 4.33177757 0.66192913
v 16.52404213 4.33177757 0.74315721
v 18.03081894 4.33177757 0.98592138
v 20.92466545 4.33177757 1.94325387
v 22.27894783 4.33177757 2.64697719
v 24.72568321 4.33177757 4.46475649
v 26.73288155 4.33177757 6.75865746
v 28.20983505 4.33177757 9.42501163
v 28.72758293 4.33177757 10.86071396
v 29.29236031 4.33177757 13.85602093
v 29.21121979 4.33177757 16.90302849
v 28.48782539 4.33177757 19.86403084
v 27.89439964 4.33177757 21.27014351
v 26.27763176 4.33177757 23.85411072
v 24.15118980 4.33177757 26.03793335
v 21.61117554 4.33177757 27.72291565
v 20.22135925 4.33177757 28.35356522
v 17.28066254 4.33177757 29.15552330
v 14.23689651 4.33177757 29.31774712
v 11.22761726 4.33177757 28.83290863
v 9.77863884 4.33177757 28.35356522
v 7.07391357 4.33177757 26.94811249
v 2.84512424 4.33177757 22.60521317
v 2.10559916 4.33177757 21.27014351
v 1.07156956 4.33177757 18.40280724
v 0.91020578 4.33177757 12.34331703
v 1.27241480 4.33177757 10.86071396
v 2.45758510 4.33177757 8.05247593
v 6.44924307 4.33177757 3.49066401
v 7.72105169 4.33177757 2.64697719
v 10.49674606 4.33177757 1.38747036
v 11.96918106 4.33177757 0.98592138
v 13.47595596 4.33177757 0.74315721
v 9.07533455 4.33177757 1.94325387
v 5.27431726 4.33177757 4.46475649
v 4.20958757 4.33177757 5.55821705
v 3.26711679 4.33177757 6.75865746
v 1.79016399 4.33177757 9.42501163
v 0.70763940 4.33177757 13.85602093
v 0.66701043 4.33177757 15.38168621
v 0.78878087 4.33177757 16.90302849
v 1.51217353 4.33177757 19.86403084
v 3.72236776 4.33177757 23.85411072
v 4.72739267 4.33177757 25.00268745
v 5.84881020 4.33177757 26.03793335
v 8.38882256 4.33177757 27.72291565
v 12.71933556 4.33177757 29.15552330
v 15.76310253 4.33177757 29.31774712
v 18.77238274 4.33177757 28.83290863
v 22.92608452 4.33177757 26.94811249
v 25.27260780 4.33177757 25.00268745
v 27.15487480 4.33177757 22.60521317
v 28.92842865 4.33177757 18.40280724
v 29.33298874 4.33177757 15.38168621
v 29.08979416 4.33177757 12.34331703
v 27.54241371 4.33177757 8.05247593
v 25.79041290 4.33177757 5.55821705
v 23.55075645 4.33177757 3.49066401
v 19.50325394 4.33177757 1.38747036
v 13.44660664 4.71664858 0.46860147
v 15.00000000 4.71664858 0.38580877
v 13.42471218 5.14319420 0.26378965
v 15.00000000 5.14319420 0.17983094
v 13.41092300 5.59875870 0.13479963
v 15.00000000 5.59875870 0.05010515
v 13.40564919 6.06982708 0.08545723
v 15.00000000 6.06982708 0.00048149
v 13.40904427 6.54242325 0.11722650
v 15.00000000 6.54242325 0.03243238
v 13.42101097 7.00252581 0.22916496
v 15.00000000 7.00252581 0.14500879
v 13.44119167 7.43648434 0.41795242
v 15.00000000 7.43648434 0.33487195
v 13.46898937 7.83142471 0.67798698
v 15.00000000 7.83142471 0.59638733
v 15.00000000 8.17562771 0.92179793
v 15.00000000 8.45888233 1.30144882
v 11.91081429 4.71664858 0.71603990
v 11.86727333 5.14319420 0.51471591
v 11.83985138 5.59875870 0.38792193
v 11.82936192 6.06982708 0.33942050
v 11.83611584 6.54242325 0.37064868
v 11.85991287 7.00252581 0.48068166
v 11.90004730 7.43648434 0.66625422
v 11.95532608 7.83142471 0.92186034
v 10.41002274 4.71664858 1.12532175
v 10.34532928 5.14319420 0.92976636
v 10.30458641 5.59875870 0.80660546
v 10.28900051 6.06982708 0.75949359
v 10.29903507 6.54242325 0.78982675
v 10.33439255 7.00252581 0.89670718
v 10.39402485 7.43648434 1.07696187
v 10.47616100 7.83142471 1.32524502
v 8.96123791 4.71664858 1.69180989
v 8.87612534 5.14319420 1.50423872
v 8.82252121 5.59875870 1.38610601
v 8.80201626 6.06982708 1.34091735
v 8.81521797 6.54242325 1.37001276
v 8.86173630 7.00252581 1.47252810
v 8.94019032 7.43648434 1.64542437
v 9.04825115 7.83142471 1.88357008
v 7.58087492 4.71664858 2.40908384
v 7.47630644 5.14319420 2.23162293
v 7.41044950 5.59875870 2.11985683
v 7.38525772 6.06982708 2.07710361
v 7.40147734 6.54242325 2.10463071
v 7.45862913 7.00252581 2.20162153
v 7.55501604 7.43648434 2.36519885
v 7.68777800 7.83142471 2.59050918
v 6.28457308 4.71664858 3.26901865
v 6.16173458 5.14319420 3.10367727
v 6.08437061 5.59875870 2.99954510
v 6.05477667 6.06982708 2.95971251
v 6.07383060 6.54242325 2.98535919
v 6.14096785 7.00252581 3.07572532
v 6.25419617 7.43648434 3.22813082
v 6.41015530 7.83142471 3.43805265
v 5.08702087 4.71664858 4.26186991
v 4.94730377 5.14319420 4.11052275
v 4.85930967 5.59875870 4.01520348
v 4.82564878 6.06982708 3.97874141
v 4.84732151 6.54242325 4.00221825
v 4.92368364 7.00252581 4.08493614
v 5.05246973 7.43648434 4.22444296
v 5.22985888 7.83142471 4.41659784
v 4.00178671 4.71664858 5.37638903
v 3.84677386 5.14319420 5.24074936
v 3.74914622 5.59875870 5.15532398
v 3.71180105 6.06982708 5.12264681
v 3.73584580 6.54242325 5.14368629
v 3.82056737 7.00252581 5.21781969
v 3.96345282 7.43648434 5.34284592
v 4.16026258 7.83142471 5.51505756
v 3.04116678 4.71664858 6.59994698
v 2.87261415 5.14319420 6.48155355
v 2.76645923 5.59875870 6.40698910
v 2.72585273 6.06982708 6.37846518
v 2.75199771 6.54242325 6.39683008
v 2.84411955 7.00252581 6.46153831
v 2.99948454 7.43648434 6.57066870
v 3.21348381 7.83142471 6.72098446
v 2.21604490 4.71664858 7.91868114
v 2.03586268 5.14319420 7.81887388
v 1.92238390 5.59875870 7.75601530
v 1.87897491 6.06982708 7.73197031
v 1.90692401 6.54242325 7.74745178
v 2.00540209 7.00252581 7.80200052
v 2.17148662 7.43648434 7.89399910
v 2.40025115 7.83142471 8.02071667
v 1.53577054 4.71664858 9.31764984
v 1.34600043 5.14319420 9.23755932
v 1.22648287 5.59875870 9.18711948
v 1.18076432 6.06982708 9.16782379
v 1.21020055 6.54242325 9.18024826
v 1.31391919 7.00252581 9.22402000
v 1.48884118 7.43648434 9.29784393
v 1.72977901 7.83142471 9.39952755
v 1.00805140 4.71664858 10.78100014
v 0.81084299 5.14319420 10.72153664
v 0.68664181 5.59875870 10.68408585
v 0.63913035 6.06982708 10.66975975
v 0.66972059 6.54242325 10.67898369
v 0.77750438 7.00252581 10.71148396
v 0.95928276 7.43648434 10.76629543
v 1.20966411 7.83142471 10.84179211
v 0.63886678 4.71664858 12.29215527
v 0.43645501 5.14319420 12.25398922
v 0.30897558 5.59875870 12.22995281
v 0.26021153 6.06982708 12.22075844
v 0.29160920 6.54242325 12.22667885
v 0.40223634 7.00252581 12.24753761
v 0.58881098 7.43648434 12.28271675
v 0.84579831 7.83142471 12.33117294
v 0.43239909 4.71664858 13.83399010
v 0.22707693 5.14319420 13.81755638
v 0.09776559 5.59875870 13.80720520
v 0.04830025 6.06982708 13.80324650
v 0.08014869 6.54242325 13.80579567
v 0.19236654 7.00252581 13.81477833
v 0.38162434 7.43648434 13.82992649
v 0.64230615 7.83142471 13.85079098
v 0.39098784 4.71664858 15.38903713
v 0.18508267 5.14319420 15.39451981
v 0.05540345 5.59875870 15.39797306
v 0.00579748 6.06982708 15.39929485
v 0.03773626 6.54242325 15.39844322
v 0.15027356 7.00252581 15.39544773
v 0.34006870 7.43648434 15.39039326
v 0.60149187 7.83142471 15.38343143
v 0.92678702 8.17562771 15.37476826
v 1.32709002 8.45888233 15.36408901
v 1.04635024 8.17562771 16.86853600
v 1.44309735 8.45888233 16.81530952
v 1.34823561 8.45888233 16.13121605
v 0.51510334 4.71664858 16.93967628
v 0.31094718 5.14319420 16.96701431
v 0.18236972 5.59875870 16.98423195
v 0.13318472 6.06982708 16.99081802
v 0.16485247 6.54242325 16.98657799
v 0.27643329 7.00252581 16.97163582
v 0.46461636 7.43648434 16.94643593
v 0.72381926 7.83142471 16.91172600
v 1.32401383 8.17562771 18.34113312
v 1.71251225 8.45888233 18.24604416
v 1.55553591 8.45888233 17.62615776
v 0.80333835 4.71664858 18.46833801
v 0.60324466 5.14319420 18.51722145
v 0.47722551 5.59875870 18.54800797
v 0.42901933 6.06982708 18.55978584
v 0.46005753 6.54242325 18.55220222
v 0.56941712 7.00252581 18.52548409
v 0.75385624 7.43648434 18.48042488
v 1.00790060 7.83142471 18.41835976
v 1.75663173 8.17562771 19.77587318
v 2.13230300 8.45888233 19.64014053
v 1.92603374 8.45888233 19.08922005
v 1.25242674 4.71664858 19.95770073
v 1.05866325 5.14319420 20.02757835
v 0.93663019 5.59875870 20.07158470
v 0.88994950 6.06982708 20.08841896
v 0.92000514 6.54242325 20.07758141
v 1.02590585 7.00252581 20.03939056
v 1.20451021 7.43648434 19.97498131
v 1.45051813 7.83142471 19.88626480
v 2.33930254 8.17562771 21.15650177
v 2.69774437 8.45888233 20.98186302
v 2.45523167 8.45888233 20.50264549
v 1.85728073 4.71664858 21.39089203
v 1.67204165 5.14319420 21.48096848
v 1.55537856 5.59875870 21.53769875
v 1.51075149 6.06982708 21.55939865
v 1.53948462 6.54242325 21.54542732
v 1.64072585 7.00252581 21.49619484
v 1.81147182 7.43648434 21.41316795
v 2.04665685 7.83142471 21.29880524
v 3.06542301 8.17562771 22.46737099
v 3.40247345 8.45888233 22.25606155
v 3.13670659 8.45888233 21.84927368
v 2.61104751 4.71664858 22.75167274
v 2.43643212 5.14319420 22.86092758
v 2.32645965 5.59875870 22.92973518
v 2.28439188 6.06982708 22.95605850
v 2.31147742 6.54242325 22.93910980
v 2.40691280 7.00252581 22.87939835
v 2.56786585 7.43648434 22.77869034
v 2.78956175 7.83142471 22.63997650
v 3.92676806 8.17562771 23.69363594
v 4.23855591 8.45888233 23.44834518
v 3.96218514 8.45888233 23.11276436
v 3.50518513 4.71664858 24.02462196
v 3.34317231 5.14319420 24.15181923
v 3.24113655 5.59875870 24.23192787
v 3.20210576 6.06982708 24.26256943
v 3.22723675 6.54242325 24.24283981
v 3.31578302 7.00252581 24.17332268
v 3.46512079 7.43648434 24.05607605
v 3.67081642 7.83142471 23.89458656
v 4.91357708 8.17562771 24.82139778
v 5.19657993 8.45888233 24.54523277
v 4.92164755 8.45888233 24.27777672
v 4.52956486 4.71664858 25.19532013
v 4.38198996 5.14319420 25.33901596
v 4.28904676 5.59875870 25.42951775
v 4.25349379 6.06982708 25.46413612
v 4.27638531 6.54242325 25.44184685
v 4.35704184 7.00252581 25.36330986
v 4.49306965 7.43648434 25.23085403
v 4.68043518 7.83142471 25.04841232
v 6.01466942 8.17562771 25.83787727
v 6.26575756 8.45888233 25.53433228
v 6.00344896 8.45888233 25.33016777
v 5.67257786 4.71664858 26.25049973
v 5.54111338 5.14319420 26.40906906
v 5.45831680 5.59875870 26.50893593
v 5.42664433 6.06982708 26.54713821
v 5.44703674 6.54242325 26.52254105
v 5.51888800 7.00252581 26.43587685
v 5.64006710 7.43648434 26.28971291
v 5.80697775 7.83142471 26.08839035
v 7.21756887 8.17562771 26.73156166
v 7.43404770 8.45888233 26.40444183
v 7.19445467 8.45888233 26.25716400
v 6.92127466 4.71664858 27.17820930
v 6.80740929 5.14319420 27.34985161
v 6.73569727 5.59875870 27.45795441
v 6.70826530 6.06982708 27.49930763
v 6.72592783 6.54242325 27.47268295
v 6.78815985 7.00252581 27.37887001
v 6.89311600 7.43648434 27.22065544
v 7.03768158 7.83142471 27.00272942
v 8.50864697 8.17562771 27.49232292
v 8.68828964 8.45888233 27.14571190
v 8.48021030 8.45888233 27.04751587
v 8.26150513 4.71664858 27.96793175
v 8.16653156 5.14319420 28.15070724
v 8.10671616 5.59875870 28.26581955
v 8.08383465 6.06982708 28.30985260
v 8.09856701 6.54242325 28.28150177
v 8.15047550 7.00252581 28.18160629
v 8.23801899 7.43648434 28.01313210
v 8.35860157 7.83142471 27.78107452
v 9.87327385 8.17562771 28.11153793
v 10.01435184 8.45888233 27.74972916
v 9.84510612 8.45888233 27.69162560
v 9.67808819 4.71664858 28.61072540
v 9.60307884 5.14319420 28.80255890
v 9.55583668 5.59875870 28.92337799
v 9.53776646 6.06982708 28.96959305
v 9.54940128 6.54242325 28.93983650
v 9.59039783 7.00252581 28.83499146
v 9.65953827 7.43648434 28.65816307
v 9.75477123 7.83142471 28.41460419
v 11.29598904 8.17562771 28.58219719
v 11.39728737 8.45888233 28.20962715
v 11.27257633 8.45888233 28.18167686
v 11.15496826 4.71664858 29.09930038
v 11.10077477 5.14319420 29.29802322
v 11.06664371 5.59875870 29.42317772
v 11.05358791 6.06982708 29.47105217
v 11.06199455 6.54242325 29.44022751
v 11.09161377 7.00252581 29.33161736
v 11.14156628 7.43648434 29.14844513
v 11.21037292 7.83142471 28.89614105
v 12.76067162 8.17562771 28.89896202
v 12.82150173 8.45888233 28.52015495
v 12.74529171 8.45888233 28.51172256
v 12.67541599 4.71664858 29.42812729
v 12.64265156 5.14319420 29.63148499
v 12.62201786 5.59875870 29.75955582
v 12.61412334 6.06982708 29.80854988
v 12.61920547 6.54242325 29.77700615
v 12.63711357 7.00252581 29.66586113
v 12.66731358 7.43648434 29.47841644
v 12.70891094 7.83142471 29.22023010
v 14.25072765 8.17562771 29.05824852
v 14.27093315 8.45888233 28.67774963
v 14.24537659 8.45888233 28.67774963
v 14.22220135 4.71664858 29.59347725
v 14.21123791 5.14319420 29.79916382
v 14.20433331 5.59875870 29.92870712
v 14.20169258 6.06982708 29.97825813
v 14.20339298 6.54242325 29.94635391
v 14.20938492 7.00252581 29.83393478
v 14.21949005 7.43648434 29.64434433
v 14.23340893 7.83142471 29.38319778
v 15.77779865 4.71664858 29.59347725
v 15.78876209 5.14319420 29.79916382
v 15.79566479 5.59875870 29.92870712
v 15.79830647 6.06982708 29.97825813
v 15.79660511 6.54242325 29.94635391
v 15.79061508 7.00252581 29.83393478
v 15.78050995 7.43648434 29.64434433
v 15.76659107 7.83142471 29.38319778
v 17.32458305 4.71664858 29.42812729
v 17.35734749 5.14319420 29.63148499
v 17.37798119 5.59875870 29.75955582
v 17.38587570 6.06982708 29.80854988
v 17.38079262 6.54242325 29.77700615
v 17.36288643 7.00252581 29.66586113
v 17.33268547 7.43648434 29.47841644
v 17.29108810 7.83142471 29.22023010
v 18.84503174 4.71664858 29.09930038
v 18.89922523 5.14319420 29.29802322
v 18.93335533 5.59875870 29.42317772
v 18.94641113 6.06982708 29.47105217
v 18.93800545 6.54242325 29.44022751
v 18.90838432 7.00252581 29.33161736
v 18.85843277 7.43648434 29.14844513
v 18.78962708 7.83142471 28.89614105
v 20.32191086 4.71664858 28.61072540
v 20.39692116 5.14319420 28.80255890
v 20.44416237 5.59875870 28.92337799
v 20.46223450 6.06982708 28.96959305
v 20.45059776 6.54242325 28.93983650
v 20.40960312 7.00252581 28.83499146
v 20.34046173 7.43648434 28.65816307
v 20.24522781 7.83142471 28.41460419
v 21.73849297 4.71664858 27.96793175
v 21.83346748 5.14319420 28.15070724
v 21.89328384 5.59875870 28.26581955
v 21.91616631 6.06982708 28.30985260
v 21.90143204 6.54242325 28.28150177
v 21.84952354 7.00252581 28.18160629
v 21.76198006 7.43648434 28.01313210
v 21.64139748 7.83142471 27.78107452
v 23.07872391 4.71664858 27.17820930
v 23.19259071 5.14319420 27.34985161
v 23.26430130 5.59875870 27.45795441
v 23.29173279 6.06982708 27.49930763
v 23.27407074 6.54242325 27.47268295
v 23.21183968 7.00252581 27.37887001
v 23.10688400 7.43648434 27.22065544
v 22.96231651 7.83142471 27.00272942
v 24.32742119 4.71664858 26.25049973
v 24.45888519 5.14319420 26.40906906
v 24.54168320 5.59875870 26.50893593
v 24.57335663 6.06982708 26.54713821
v 24.55296326 6.54242325 26.52254105
v 24.48110962 7.00252581 26.43587685
v 24.35993195 7.43648434 26.28971291
v 24.19302177 7.83142471 26.08839035
v 25.47043610 4.71664858 25.19532013
v 25.61800957 5.14319420 25.33901596
v 25.71095085 5.59875870 25.42951775
v 25.74650574 6.06982708 25.46413612
v 25.72361374 6.54242325 25.44184685
v 25.64295769 7.00252581 25.36330986
v 25.50692940 7.43648434 25.23085403
v 25.31956482 7.83142471 25.04841232
v 26.49481392 4.71664858 24.02462196
v 26.65682602 5.14319420 24.15181923
v 26.75886345 5.59875870 24.23192787
v 26.79789352 6.06982708 24.26256943
v 26.77276421 6.54242325 24.24283981
v 26.68421745 7.00252581 24.17332268
v 26.53487778 7.43648434 24.05607605
v 26.32918167 7.83142471 23.89458656
v 27.38895226 4.71664858 22.75167274
v 27.56356812 5.14319420 22.86092758
v 27.67353821 5.59875870 22.92973518
v 27.71560860 6.06982708 22.95605850
v 27.68852234 6.54242325 22.93910980
v 27.59308815 7.00252581 22.87939835
v 27.43213272 7.43648434 22.77869034
v 27.21043587 7.83142471 22.63997650
v 28.14271927 4.71664858 21.39089203
v 28.32795715 5.14319420 21.48096848
v 28.44462204 5.59875870 21.53769875
v 28.48924637 6.06982708 21.55939865
v 28.46051407 6.54242325 21.54542732
v 28.35927391 7.00252581 21.49619484
v 28.18852615 7.43648434 21.41316795
v 27.95334244 7.83142471 21.29880524
v 28.74757385 4.71664858 19.95770073
v 28.94133759 5.14319420 20.02757835
v 29.06336975 5.59875870 20.07158470
v 29.11005020 6.06982708 20.08841896
v 29.07999420 6.54242325 20.07758141
v 28.97409439 7.00252581 20.03939056
v 28.79548836 7.43648434 19.97498131
v 28.54948044 7.83142471 19.88626480
v 29.19666100 4.71664858 18.46833801
v 29.39675331 5.14319420 18.51722145
v 29.52277374 5.59875870 18.54800797
v 29.57098007 6.06982708 18.55978584
v 29.53994370 6.54242325 18.55220222
v 29.43058395 7.00252581 18.52548409
v 29.24614334 7.43648434 18.48042488
v 28.99209785 7.83142471 18.41835976
v 29.48489571 4.71664858 16.93967628
v 29.68905067 5.14319420 16.96701431
v 29.81762886 5.59875870 16.98423195
v 29.86681366 6.06982708 16.99081802
v 29.83514595 6.54242325 16.98657799
v 29.72356606 7.00252581 16.97163582
v 29.53538322 7.43648434 16.94643593
v 29.27618027 7.83142471 16.91172600
v 29.60901070 4.71664858 15.38903713
v 29.81491852 5.14319420 15.39451981
v 29.94459534 5.59875870 15.39797306
v 29.99420166 6.06982708 15.39929485
v 29.96226311 6.54242325 15.39844322
v 29.84972763 7.00252581 15.39544773
v 29.65993118 7.43648434 15.39039326
v 29.39850807 7.83142471 15.38343143
v 29.07321167 8.17562771 15.37476826
v 28.67290878 8.45888233 15.36408901
v 29.03331947 8.17562771 13.87675476
v 28.63420296 8.45888233 13.90875912
v 28.69334984 8.45888233 14.62254524
v 29.56760025 4.71664858 13.83399010
v 29.77292252 5.14319420 13.81755638
v 29.90223503 5.59875870 13.80720520
v 29.95169830 6.06982708 13.80324650
v 29.91985130 6.54242325 13.80579567
v 29.80763245 7.00252581 13.81477833
v 29.61837578 7.43648434 13.82992649
v 29.35769463 7.83142471 13.85079098
v 28.83442497 8.17562771 12.39146805
v 28.44122124 8.45888233 12.46574402
v 28.56871796 8.45888233 13.11845493
v 29.36113167 4.71664858 12.29215527
v 29.56354523 5.14319420 12.25398922
v 29.69102287 5.59875870 12.22995281
v 29.73978806 6.06982708 12.22075844
v 29.70838928 6.54242325 12.22667885
v 29.59776306 7.00252581 12.24753761
v 29.41119003 7.43648434 12.28271675
v 29.15419960 7.83142471 12.33117294
v 28.47877884 8.17562771 10.93573666
v 28.09613228 8.45888233 11.05133152
v 28.27937889 8.45888233 11.63720417
v 28.99194908 4.71664858 10.78100014
v 29.18915558 5.14319420 10.72153664
v 29.31335831 5.59875870 10.68408585
v 29.36086845 6.06982708 10.66975975
v 29.33028030 6.54242325 10.67898369
v 29.22249603 7.00252581 10.71148396
v 29.04071617 7.43648434 10.76629543
v 28.79033661 7.83142471 10.84179211
v 27.97041512 8.17562771 9.52605438
v 27.60282135 8.45888233 9.68148708
v 27.82884598 8.45888233 10.19677353
v 28.46422768 4.71664858 9.31764984
v 28.65399742 5.14319420 9.23755932
v 28.77351570 5.59875870 9.18711948
v 28.81923485 6.06982708 9.16782379
v 28.78979874 6.54242325 9.18024826
v 28.68608093 7.00252581 9.22402000
v 28.51115990 7.43648434 9.29784393
v 28.27021980 7.83142471 9.39952755
v 27.31509209 8.17562771 8.17839432
v 26.96684074 8.45888233 8.37167645
v 27.22259140 8.45888233 8.81464672
v 27.78395462 4.71664858 7.91868114
v 27.96413803 5.14319420 7.81887388
v 28.07761574 5.59875870 7.75601530
v 28.12102509 6.06982708 7.73197031
v 28.09307480 6.54242325 7.74745178
v 27.99459648 7.00252581 7.80200052
v 27.82851219 7.43648434 7.89399910
v 27.59974861 7.83142471 8.02071667
v 26.52022934 8.17562771 6.90802670
v 26.19534874 8.45888233 7.13669157
v 26.46796799 8.45888233 7.50760221
v 26.95883179 4.71664858 6.59994698
v 27.12738419 5.14319420 6.48155355
v 27.23354149 5.59875870 6.40698910
v 27.27414703 6.06982708 6.37846518
v 27.24800301 6.54242325 6.39683008
v 27.15587997 7.00252581 6.46153831
v 27.00051498 7.43648434 6.57066870
v 26.78651619 7.83142471 6.72098446
v 25.59484100 8.17562771 5.72934389
v 25.29703140 8.45888233 5.99048471
v 25.57414055 8.45888233 6.29150486
v 25.99821281 4.71664858 5.37638903
v 26.15322495 5.14319420 5.24074936
v 26.25085449 5.59875870 5.15532398
v 26.28819847 6.06982708 5.12264681
v 26.26415253 6.54242325 5.14368629
v 26.17943192 7.00252581 5.21781969
v 26.03654480 7.43648434 5.34284592
v 25.83973694 7.83142471 5.51505756
v 24.54940987 8.17562771 4.65570116
v 24.28200150 8.45888233 4.94601297
v 24.55195618 8.45888233 5.18111801
v 24.91297913 4.71664858 4.26186991
v 25.05269623 5.14319420 4.11052275
v 25.14068985 5.59875870 4.01520348
v 25.17434883 6.06982708 3.97874141
v 25.15267754 6.54242325 4.00221825
v 25.07631493 7.00252581 4.08493614
v 24.94752884 7.43648434 4.22444296
v 24.77014160 7.83142471 4.41659784
v 23.39578056 8.17562771 3.69926357
v 23.16168785 8.45888233 4.01509094
v 23.41382408 8.45888233 4.18991804
v 23.71542549 4.71664858 3.26901865
v 23.83826447 5.14319420 3.10367727
v 23.91563034 5.59875870 2.99954510
v 23.94522285 6.06982708 2.95971251
v 23.92616844 6.54242325 2.98535919
v 23.85903168 7.00252581 3.07572532
v 23.74580383 7.43648434 3.22813082
v 23.58984375 7.83142471 3.43805265
v 22.14702225 8.17562771 2.87086797
v 21.94871140 8.45888233 3.20825624
v 22.17355919 8.45888233 3.32993817
v 22.41912460 4.71664858 2.40908384
v 22.52369308 5.14319420 2.23162293
v 22.58955002 5.59875870 2.11985683
v 22.61474228 6.06982708 2.07710361
v 22.59852219 6.54242325 2.10463071
v 22.54137039 7.00252581 2.20162153
v 22.44498444 7.43648434 2.36519885
v 22.31221962 7.83142471 2.59050918
v 20.81728363 8.17562771 2.17989922
v 20.65673828 8.45888233 2.53465676
v 20.84621811 8.45888233 2.61161661
v 21.03876114 4.71664858 1.69180989
v 21.12387466 5.14319420 1.50423872
v 21.17747879 5.59875870 1.38610601
v 21.19798279 6.06982708 1.34091735
v 21.18478203 6.54242325 1.37001276
v 21.13826180 7.00252581 1.47252810
v 21.05980873 7.43648434 1.64542437
v 20.95174789 7.83142471 1.88357008
v 19.42163467 8.17562771 1.63418889
v 19.30032730 8.45888233 2.00194120
v 19.44791222 8.45888233 2.04367375
v 19.58997536 4.71664858 1.12532175
v 19.65466881 5.14319420 0.92976636
v 19.69541168 5.59875870 0.80660546
v 19.71099854 6.06982708 0.75949359
v 19.70096397 6.54242325 0.78982675
v 19.66560555 7.00252581 0.89670718
v 19.60597610 7.43648434 1.07696187
v 19.52383804 7.83142471 1.32524502
v 17.97588730 8.17562771 1.23991728
v 17.89477158 8.45888233 1.61617529
v 17.99561501 8.45888233 1.63300240
v 18.08918571 4.71664858 0.71603990
v 18.13272667 5.14319420 0.51471591
v 18.16014671 5.59875870 0.38792193
v 18.17063522 6.06982708 0.33942050
v 18.16388321 6.54242325 0.37064868
v 18.14008713 7.00252581 0.48068166
v 18.09995270 7.43648434 0.66625422
v 18.04467201 7.83142471 0.92186034
v 16.49641991 8.17562771 1.00155365
v 16.45591736 8.45888233 1.38177347
v 16.50695229 8.45888233 1.38458884
v 16.55339241 4.71664858 0.46860147
v 16.57528877 5.14319420 0.26378965
v 16.58907509 5.59875870 0.13479963
v 16.59435081 6.06982708 0.08545723
v 16.59095383 6.54242325 0.11722650
v 16.57898903 7.00252581 0.22916496
v 16.55880737 7.43648434 0.41795242
v 16.53100967 7.83142471 0.67798698
v 13.59398270 9.11152840 2.29655862
v 15.00000000 9.11152840 2.21898675
v 12.20503330 9.11152840 2.52833319
v 10.85001183 9.11152840 2.91149688
v 9.54536438 9.11152840 3.44139886
v 8.30692959 9.11152840 4.11160660
v 7.14973927 9.11152840 4.91398478
v 6.08784056 9.11152840 5.83879280
v 5.13412237 9.11152840 6.87480640
v 4.30016422 9.11152840 8.00944901
v 3.59608698 9.11152840 9.22894573
v 3.03043699 9.11152840 10.51849651
v 2.61008191 9.11152840 11.86244678
v 2.34012389 9.11152840 13.24448204
v 2.22383904 9.11152840 14.64782715
v 2.26263976 9.11152840 16.05544853
v 2.45605493 9.11152840 17.45025635
v 2.80173683 9.11152840 18.81532097
v 3.29548860 9.11152840 20.13407516
v 3.93131757 9.11152840 21.39050484
v 4.70150518 9.11152840 22.56936646
v 5.59670305 9.11152840 23.65634346
v 6.60604334 9.11152840 24.63824654
v 7.71727562 9.11152840 25.50315285
v 8.91691017 9.11152840 26.24056435
v 10.19038486 9.11152840 26.84153175
v 11.52224159 9.11152840 27.29875946
v 12.89631462 9.11152840 27.60669518
v 14.29592228 9.11152840 27.76160431
v 15.70407677 9.11152840 27.76160431
v 17.10368538 9.11152840 27.60669518
v 18.47775841 9.11152840 27.29875946
v 19.80961418 9.11152840 26.84153175
v 21.08308983 9.11152840 26.24056435
v 22.28272247 9.11152840 25.50315285
v 23.39395523 9.11152840 24.63824654
v 24.40329552 9.11152840 23.65634346
v 25.29849434 9.11152840 22.56936646
v 26.06868172 9.11152840 21.39050484
v 26.70450974 9.11152840 20.13407516
v 27.19826317 9.11152840 18.81532097
v 27.54394341 9.11152840 17.45025635
v 27.73736000 9.11152840 16.05544853
v 27.77615929 9.11152840 14.64782715
v 27.65987396 9.11152840 13.24448204
v 27.38991737 9.11152840 11.86244678
v 26.96956253 9.11152840 10.51849651
v 26.40391159 9.11152840 9.22894573
v 25.69983482 9.11152840 8.00944901
v 24.86587715 9.11152840 6.87480640
v 23.91215706 9.11152840 5.83879280
v 22.85025978 9.11152840 4.91398478
v 21.69306946 9.11152840 4.11160660
v 20.45463371 9.11152840 3.44139886
v 19.14998817 9.11152840 2.91149688
v 17.79496574 9.11152840 2.52833319
v 16.40601730 9.11152840 2.29655862
v 16.31498718 9.87513351 3.11901879
v 17.61400986 9.87513351 3.33578801
v 18.88130379 9.87513351 3.69414496
v 20.10148430 9.87513351 4.18973923
v 21.25974083 9.87513351 4.81655550
v 22.34200859 9.87513351 5.56698418
v 23.33515930 9.87513351 6.43191862
v 24.22712708 9.87513351 7.40085649
v 25.00709534 9.87513351 8.46203804
v 25.66558838 9.87513351 9.60258198
v 26.19461441 9.87513351 10.80864334
v 26.58775520 9.87513351 12.06558228
v 26.84023666 9.87513351 13.35813904
v 26.94899178 9.87513351 14.67062855
v 26.91270256 9.87513351 15.98711491
v 26.73180962 9.87513351 17.29161835
v 26.40850830 9.87513351 18.56830597
v 25.94672585 9.87513351 19.80167770
v 25.35206032 9.87513351 20.97676468
v 24.63173866 9.87513351 22.07930183
v 23.79449844 9.87513351 23.09590530
v 22.85050583 9.87513351 24.01423454
v 21.81121635 9.87513351 24.82314682
v 20.68925095 9.87513351 25.51281357
v 19.49822617 9.87513351 26.07487488
v 18.25259590 9.87513351 26.50249863
v 16.96748734 9.87513351 26.79050064
v 15.65849209 9.87513351 26.93537903
v 14.34150600 9.87513351 26.93537903
v 13.03251266 9.87513351 26.79050064
v 11.74740314 9.87513351 26.50249863
v 10.50177383 9.87513351 26.07487488
v 9.31074810 9.87513351 25.51281357
v 8.18878269 9.87513351 24.82314682
v 7.14949417 9.87513351 24.01423454
v 6.20550203 9.87513351 23.09590530
v 5.36826181 9.87513351 22.07930183
v 4.64793873 9.87513351 20.97676468
v 4.05327511 9.87513351 19.80167770
v 3.59149098 9.87513351 18.56830597
v 3.26818967 9.87513351 17.29161835
v 3.08729696 9.87513351 15.98711491
v 3.05100799 9.87513351 14.67062855
v 3.15976429 9.87513351 13.35813904
v 3.41224384 9.87513351 12.06558228
v 3.80538416 9.87513351 10.80864334
v 4.33441162 9.87513351 9.60258198
v 4.99290514 9.87513351 8.46203804
v 5.77287102 9.87513351 7.40085649
v 6.66484165 9.87513351 6.43191862
v 7.65798950 9.87513351 5.56698418
v 8.74025917 9.87513351 4.81655550
v 9.89851475 9.87513351 4.18973923
v 11.11869526 9.87513351 3.69414496
v 12.38598824 9.87513351 3.33578801
v 13.68501282 9.87513351 3.11901879
v 15.00000000 9.87513351 3.04646969
v 16.23532867 10.73740005 3.83872271
v 17.45566368 10.73740005 4.04235983
v 18.64619064 10.73740005 4.37900877
v 19.79245567 10.73740005 4.84458160
v 20.88055038 10.73740005 5.43342829
v 21.89726067 10.73740005 6.13839912
v 22.83024788 10.73740005 6.95093918
v 23.66818428 10.73740005 7.86118317
v 24.40090561 10.73740005 8.85808277
v 25.01950836 10.73740005 9.92953587
v 25.51648903 10.73740005 11.06253910
v 25.88581467 10.73740005 12.24333668
v 26.12300110 10.73740005 13.45759678
v 26.22516823 10.73740005 14.69057941
v 26.19107819 10.73740005 15.92731857
v 26.02114105 10.73740005 17.15280151
v 25.71742630 10.73740005 18.35214996
v 25.28361511 10.73740005 19.51081085
v 24.72497368 10.73740005 20.61471558
v 24.04828453 10.73740005 21.65046501
v 23.26176071 10.73740005 22.60548592
v 22.37495232 10.73740005 23.46818924
v 21.39862061 10.73740005 24.22809792
v 20.34461784 10.73740005 24.87599182
v 19.22574043 10.73740005 25.40400314
v 18.05556679 10.73740005 25.80572319
v 16.84830284 10.73740005 26.07627678
v 15.61860371 10.73740005 26.21237946
v 14.38139534 10.73740005 26.21237946
v 13.15169621 10.73740005 26.07627678
v 11.94443226 10.73740005 25.80572319
v 10.77425861 10.73740005 25.40400314
v 9.65538025 10.73740005 24.87599182
v 8.60137844 10.73740005 24.22809792
v 7.62504721 10.73740005 23.46818924
v 6.73823786 10.73740005 22.60548592
v 5.95171452 10.73740005 21.65046501
v 5.27502584 10.73740005 20.61471558
v 4.71638536 10.73740005 19.51081085
v 4.28257322 10.73740005 18.35214996
v 3.97885680 10.73740005 17.15280151
v 3.80892110 10.73740005 15.92731857
v 3.77483106 10.73740005 14.69057941
v 3.87699890 10.73740005 13.45759678
v 4.11418438 10.73740005 12.24333668
v 4.48351002 10.73740005 11.06253910
v 4.98049164 10.73740005 9.92953587
v 5.59909534 10.73740005 8.85808277
v 6.33181334 10.73740005 7.86118317
v 7.16975260 10.73740005 6.95093918
v 8.10273933 10.73740005 6.13839912
v 9.11945057 10.73740005 5.43342829
v 10.20754337 10.73740005 4.84458160
v 11.35380936 10.73740005 4.37900877
v 12.54433441 10.73740005 4.04235983
v 13.76467037 10.73740005 3.83872271
v 15.00000000 10.73740005 3.77056742
v 16.16832924 11.68443775 4.44407463
v 17.32247734 11.68443775 4.63666868
v 18.44843292 11.68443775 4.95505810
v 19.53252983 11.68443775 5.39538002
v 20.56160545 11.68443775 5.95228910
v 21.52317429 11.68443775 6.61902523
v 22.40555954 11.68443775 7.38749456
v 23.19804955 11.68443775 8.24837017
v 23.89102745 11.68443775 9.19120026
v 24.47608185 11.68443775 10.20454216
v 24.94610786 11.68443775 11.27609444
v 25.29540253 11.68443775 12.39284992
v 25.51972580 11.68443775 13.54125214
v 25.61635208 11.68443775 14.70736217
v 25.58410835 11.68443775 15.87702370
v 25.42339134 11.68443775 17.03603935
v 25.13614655 11.68443775 18.17034149
v 24.72586441 11.68443775 19.26615906
v 24.19752312 11.68443775 20.31019211
v 23.55753326 11.68443775 21.28976631
v 22.81367111 11.68443775 22.19298935
v 21.97495842 11.68443775 23.00890160
v 21.05158043 11.68443775 23.72759628
v 20.05474281 11.68443775 24.34034920
v 18.99654961 11.68443775 24.83972168
v 17.88984299 11.68443775 25.21965408
v 16.74805832 11.68443775 25.47553635
v 15.58505249 11.68443775 25.60425568
v 14.41494656 11.68443775 25.60425568
v 13.25194168 11.68443775 25.47553635
v 12.11015701 11.68443775 25.21965408
v 11.00344944 11.68443775 24.83972168
v 9.94525623 11.68443775 24.34034920
v 8.94841957 11.68443775 23.72759628
v 8.02504063 11.68443775 23.00890160
v 7.18632984 11.68443775 22.19298935
v 6.44246578 11.68443775 21.28976631
v 5.80247784 11.68443775 20.31019211
v 5.27413559 11.68443775 19.26615906
v 4.86385250 11.68443775 18.17034149
v 4.57660866 11.68443775 17.03603935
v 4.41589022 11.68443775 15.87702370
v 4.38364887 11.68443775 14.70736217
v 4.48027515 11.68443775 13.54125214
v 4.70459747 11.68443775 12.39284992
v 5.05389166 11.68443775 11.27609444
v 5.52391720 11.68443775 10.20454216
v 6.10897112 11.68443775 9.19120026
v 6.80194902 11.68443775 8.24837017
v 7.59444046 11.68443775 7.38749456
v 8.47682571 11.68443775 6.61902523
v 9.43839264 11.68443775 5.95228910
v 10.46747017 11.68443775 5.39538002
v 11.55156612 11.68443775 4.95505810
v 12.67752266 11.68443775 4.63666868
v 13.83167076 11.68443775 4.44407463
v 15.00000000 11.68443775 4.37961626
v 16.11506462 12.70099258 4.92532539
v 17.21659279 12.70099258 5.10913897
v 18.29121590 12.70099258 5.41301346
v 19.32588768 12.70099258 5.83326054
v 20.30805016 12.70099258 6.36477947
v 21.22577858 12.70099258 7.00111866
v 22.06793404 12.70099258 7.73455334
v 22.82429504 12.70099258 8.55618095
v 23.48568153 12.70099258 9.45602703
v 24.04406166 12.70099258 10.42317009
v 24.49265862 12.70099258 11.44586945
v 24.82602692 12.70099258 12.51171112
v 25.04012299 12.70099258 13.60775757
v 25.13234329 12.70099258 14.72070312
v 25.10157204 12.70099258 15.83703995
v 24.94818115 12.70099258 16.94321632
v 24.67403412 12.70099258 18.02580452
v 24.28245544 12.70099258 19.07166290
v 23.77820015 12.70099258 20.06809616
v 23.16739082 12.70099258 21.00301170
v 22.45743942 12.70099258 21.86505699
v 21.65696526 12.70099258 22.64377022
v 20.77568436 12.70099258 23.32969666
v 19.82429504 12.70099258 23.91451645
v 18.81434441 12.70099258 24.39112282
v 17.75809288 12.70099258 24.75373459
v 16.66836166 12.70099258 24.99794960
v 15.55838013 12.70099258 25.12080193
v 14.44161987 12.70099258 25.12080193
v 13.33163643 12.70099258 24.99794960
v 12.24190617 12.70099258 24.75373459
v 11.18565559 12.70099258 24.39112282
v 10.17570496 12.70099258 23.91451645
v 9.22431469 12.70099258 23.32969666
v 8.34303379 12.70099258 22.64377022
v 7.54256010 12.70099258 21.86505699
v 6.83260918 12.70099258 21.00301170
v 6.22179842 12.70099258 20.06809616
v 5.71754408 12.70099258 19.07166290
v 5.32596540 12.70099258 18.02580452
v 5.05181789 12.70099258 16.94321632
v 4.89842606 12.70099258 15.83703995
v 4.86765528 12.70099258 14.72070312
v 4.95987558 12.70099258 13.60775757
v 5.17397118 12.70099258 12.51171112
v 5.50734043 12.70099258 11.44586945
v 5.95593834 12.70099258 10.42317009
v 6.51431847 12.70099258 9.45602703
v 7.17570353 12.70099258 8.55618095
v 7.93206406 12.70099258 7.73455334
v 8.77422142 12.70099258 7.00111866
v 9.69194984 12.70099258 6.36477947
v 10.67411137 12.70099258 5.83326054
v 11.70878315 12.70099258 5.41301346
v 12.78340626 12.70099258 5.10913897
v 13.88493538 12.70099258 4.92532539
v 15.00000000 12.70099258 4.86380625
v 16.07639313 13.77068806 5.27472305
v 17.13971901 13.77068806 5.45216084
v 18.17707253 13.77068806 5.74549675
v 19.17586327 13.77068806 6.15116978
v 20.12396240 13.77068806 6.66425562
v 21.00986481 13.77068806 7.27852583
v 21.82281303 13.77068806 7.98652506
v 22.55294418 13.77068806 8.77965736
v 23.19139290 13.77068806 9.64829731
v 23.73040581 13.77068806 10.58189774
v 24.16344643 13.77068806 11.56912899
v 24.48525429 13.77068806 12.59800720
v 24.69192505 13.77068806 13.65604115
v 24.78094864 13.77068806 14.73039055
v 24.75124168 13.77068806 15.80801010
v 24.60317039 13.77068806 16.87582397
v 24.33852959 13.77068806 17.92086601
v 23.96053314 13.77068806 18.93045425
v 23.47376633 13.77068806 19.89233208
v 22.88414001 13.77068806 20.79482269
v 22.19881058 13.77068806 21.62697220
v 21.42609596 13.77068806 22.37867928
v 20.57538033 13.77068806 23.04081726
v 19.65698433 13.77068806 23.60535431
v 18.68206024 13.77068806 24.06543159
v 17.66243935 13.77068806 24.41546631
v 16.61050415 13.77068806 24.65121269
v 15.53901482 13.77068806 24.76980591
v 14.46098423 13.77068806 24.76980591
v 13.38949680 13.77068806 24.65121269
v 12.33755875 13.77068806 24.41546631
v 11.31793976 13.77068806 24.06543159
v 10.34301567 13.77068806 23.60535431
v 9.42461967 13.77068806 23.04081726
v 8.57390308 13.77068806 22.37867928
v 7.80118895 13.77068806 21.62697220
v 7.11585951 13.77068806 20.79482269
v 6.52623272 13.77068806 19.89233208
v 6.03946686 13.77068806 18.93045425
v 5.66146898 13.77068806 17.92086601
v 5.39682817 13.77068806 16.87582397
v 5.24875593 13.77068806 15.80801010
v 5.21905231 13.77068806 14.73039055
v 5.30807495 13.77068806 13.65604115
v 5.51474476 13.77068806 12.59800720
v 5.83655310 13.77068806 11.56912899
v 6.26959276 13.77068806 10.58189774
v 6.80860806 13.77068806 9.64829731
v 7.44705534 13.77068806 8.77965736
v 8.17718506 13.77068806 7.98652506
v 8.99013519 13.77068806 7.27852583
v 9.87603664 13.77068806 6.66425562
v 10.82413673 13.77068806 6.15116978
v 11.82292461 13.77068806 5.74549675
v 12.86027813 13.77068806 5.45216084
v 13.92360592 13.77068806 5.27472305
v 15.00000000 13.77068806 5.21533680
v 16.05293846 14.87629414 5.48663807
v 17.09309578 14.87629414 5.66020966
v 18.10784721 14.87629414 5.94715405
v 19.08487129 14.87629414 6.34398699
v 20.01231194 14.87629414 6.84589243
v 20.87890816 14.87629414 7.44677782
v 21.67414284 14.87629414 8.13934994
v 22.38836288 14.87629414 8.91519928
v 23.01289940 14.87629414 9.76491070
v 23.54016876 14.87629414 10.67816925
v 23.96377373 14.87629414 11.64388847
v 24.27857018 14.87629414 12.65034676
v 24.48073578 14.87629414 13.68532562
v 24.56781960 14.87629414 14.73626518
v 24.53876305 14.87629414 15.79040432
v 24.39391708 14.87629414 16.83494759
v 24.13504219 14.87629414 17.85721970
v 23.76528168 14.87629414 18.84480858
v 23.28912163 14.87629414 19.78572655
v 22.71234322 14.87629414 20.66855049
v 22.04194641 14.87629414 21.48256874
v 21.28606987 14.87629414 22.21789551
v 20.45388985 14.87629414 22.86560822
v 19.55550957 14.87629414 23.41784096
v 18.60182762 14.87629414 23.86789322
v 17.60442543 14.87629414 24.21030426
v 16.57540894 14.87629414 24.44091034
v 15.52726936 14.87629414 24.55691910
v 14.47272968 14.87629414 24.55691910
v 13.42459011 14.87629414 24.44091034
v 12.39557362 14.87629414 24.21030426
v 11.39817238 14.87629414 23.86789322
v 10.44449139 14.87629414 23.41784096
v 9.54610825 14.87629414 22.86560822
v 8.71392822 14.87629414 22.21789551
v 7.95805264 14.87629414 21.48256874
v 7.28765631 14.87629414 20.66855049
v 6.71087742 14.87629414 19.78572655
v 6.23471737 14.87629414 18.84480858
v 5.86495638 14.87629414 17.85721970
v 5.60608244 14.87629414 16.83494759
v 5.46123743 14.87629414 15.79040432
v 5.43217993 14.87629414 14.73626518
v 5.51926327 14.87629414 13.68532562
v 5.72143030 14.87629414 12.65034676
v 6.03622580 14.87629414 11.64388847
v 6.45982933 14.87629414 10.67816925
v 6.98709965 14.87629414 9.76491070
v 7.61163568 14.87629414 8.91519928
v 8.32585621 14.87629414 8.13934994
v 9.12109089 14.87629414 7.44677782
v 9.98768902 14.87629414 6.84589243
v 10.91512871 14.87629414 6.34398699
v 11.89215374 14.87629414 5.94715405
v 12.90690327 14.87629414 5.66020966
v 13.94706154 14.87629414 5.48663807
v 15.00000000 14.87629414 5.42854595
v 16.04507828 16.00000000 5.55765820
v 17.07747078 16.00000000 5.72993422
v 18.08464432 16.00000000 6.01473522
v 19.05437469 16.00000000 6.40860653
v 19.97489357 16.00000000 6.90676546
v 20.83502007 16.00000000 7.50316477
v 21.62431908 16.00000000 8.19056606
v 22.33320808 16.00000000 8.96062469
v 22.95308113 16.00000000 9.80399132
v 23.47641373 16.00000000 10.71043301
v 23.89685631 16.00000000 11.66894245
v 24.20930099 16.00000000 12.66788769
v 24.40995979 16.00000000 13.69514084
v 24.49639130 16.00000000 14.73823357
v 24.46755219 16.00000000 15.78450394
v 24.32378769 16.00000000 16.82125092
v 24.06684685 16.00000000 17.83589172
v 23.69984627 16.00000000 18.81610680
v 23.22724152 16.00000000 19.75000000
v 22.65476799 16.00000000 20.62623405
v 21.98937798 16.00000000 21.43417549
v 21.23914337 16.00000000 22.16401291
v 20.41317558 16.00000000 22.80688858
v 19.52150154 16.00000000 23.35499954
v 18.57493782 16.00000000 23.80169296
v 17.58498383 16.00000000 24.14154625
v 16.56364822 16.00000000 24.37043190
v 15.52333355 16.00000000 24.48557281
v 14.47666645 16.00000000 24.48557281
v 13.43635082 16.00000000 24.37043190
v 12.41501713 16.00000000 24.14154625
v 11.42506123 16.00000000 23.80169296
v 10.47849941 16.00000000 23.35499954
v 9.58682346 16.00000000 22.80688858
v 8.76085567 16.00000000 22.16401291
v 8.01062202 16.00000000 21.43417549
v 7.34523106 16.00000000 20.62623405
v 6.77275848 16.00000000 19.75000000
v 6.30015326 16.00000000 18.81610680
v 5.93315268 16.00000000 17.83589172
v 5.67621088 16.00000000 16.82125092
v 5.53244734 16.00000000 15.78450394
v 5.50360680 16.00000000 14.73823357
v 5.59004021 16.00000000 13.69514084
v 5.79069757 16.00000000 12.66788769
v 6.10314322 16.00000000 11.66894245
v 6.52358389 16.00000000 10.71043301
v 7.04691839 16.00000000 9.80399132
v 7.66679144 16.00000000 8.96062469
v 8.37567997 16.00000000 8.19056606
v 9.16497898 16.00000000 7.50316477
v 10.02510643 16.00000000 6.90676546
v 10.94562340 16.00000000 6.40860653
v 11.91535473 16.00000000 6.01473522
v 12.92252922 16.00000000 5.72993422
v 13.95492172 16.00000000 5.55765820
v 15.00000000 16.00000000 5.50000000
v 12.09282875 16.00000000 22.98738861
v 13.23274994 16.00000000 23.31425476
v 14.40706921 16.00000000 23.47929382
v 15.59292984 16.00000000 23.47929382
v 16.76724815 16.00000000 23.31425476
v 8.30190849 16.00000000 20.23312187
v 9.09540367 16.00000000 21.11438942
v 10.00382519 16.00000000 21.87664413
v 11.00949192 16.00000000 22.50505447
v 6.75248623 16.00000000 17.05633545
v 7.11893654 16.00000000 18.18415451
v 7.63878345 16.00000000 19.25000000
v 6.91601896 16.00000000 12.37335491
v 6.62913370 16.00000000 13.52399063
v 6.50517750 16.00000000 14.70335388
v 6.54656363 16.00000000 15.88849163
v 9.53630543 16.00000000 8.48862171
v 8.68326759 16.00000000 9.31238937
v 7.95317984 16.00000000 10.24685955
v 7.36025000 16.00000000 11.27384472
v 13.81702805 16.00000000 6.58272123
v 12.65708160 16.00000000 6.82927465
v 11.54273796 16.00000000 7.23486328
v 10.49568558 16.00000000 7.79159069
v 17.34291840 16.00000000 6.82927465
v 16.18297005 16.00000000 6.58272123
v 15.00000000 16.00000000 6.49999905
v 17.90717125 16.00000000 22.98738861
v 18.99050713 16.00000000 22.50505447
v 19.99617386 16.00000000 21.87664413
v 20.90459633 16.00000000 21.11438942
v 21.31673050 16.00000000 9.31238937
v 20.46369362 16.00000000 8.48862171
v 19.50431252 16.00000000 7.79159069
v 18.45726204 16.00000000 7.23486328
v 23.37086487 16.00000000 13.52399063
v 23.08398056 16.00000000 12.37335491
v 22.63974953 16.00000000 11.27384472
v 22.04681969 16.00000000 10.24685955
v 22.88106346 16.00000000 18.18415451
v 23.24751472 16.00000000 17.05633545
v 23.45343590 16.00000000 15.88849163
v 23.49482155 16.00000000 14.70335388
v 21.69809151 16.00000000 20.23312187
v 22.36121559 16.00000000 19.25000000
v 15.38089752 40.00000000 10.52663517
v 15.62627792 40.00000000 10.54379368
v 15.63774014 36.50958252 10.46223164
v 17.51496887 40.00000000 11.27847481
v 17.89254379 40.00000000 11.55279922
v 17.94548798 36.50958252 11.48970509
v 18.10613251 40.00000000 11.75905991
v 18.34415054 40.00000000 11.98891163
v 18.40535927 36.50958252 11.93379974
v 18.61058617 40.00000000 12.32993221
v 18.73066902 40.00000000 12.48363113
v 18.79895020 36.50958252 12.43757439
v 19.45379829 40.00000000 14.42944431
v 19.49725914 40.00000000 14.84295177
v 19.57957077 36.50958252 14.84007740
v 19.48511696 40.00000000 15.19060707
v 19.47534752 40.00000000 15.47037792
v 19.55726051 36.50958252 15.47898769
v 19.39135742 40.00000000 15.94670868
v 19.36633110 40.00000000 16.08864784
v 19.44624710 36.50958252 16.10857391
v 18.37009430 40.00000000 17.96589470
v 18.12596321 40.00000000 18.23702812
v 18.18317795 36.50958252 18.29627609
v 17.82045937 40.00000000 18.49337578
v 17.64503288 40.00000000 18.64057541
v 17.69344521 36.50958252 18.70721054
v 15.75926304 40.00000000 19.42644691
v 15.31390381 40.00000000 19.48903847
v 15.31964874 36.50958252 19.57119942
v 15.00000000 40.00000000 19.48903847
v 14.68609524 40.00000000 19.48903847
v 14.68035030 36.50958252 19.57119942
v 14.24073601 40.00000000 19.42644691
v 14.06439686 40.00000000 19.40166473
v 14.04727268 36.50958252 19.48222733
v 12.17954063 40.00000000 18.49337578
v 11.87403679 40.00000000 18.23702812
v 11.81682205 36.50958252 18.29627609
v 11.62990665 40.00000000 17.96589470
v 11.45395088 40.00000000 17.77047729
v 11.38904762 36.50958252 17.82118607
v 10.60864162 40.00000000 15.94670868
v 10.52465057 40.00000000 15.47037792
v 10.44273949 36.50958252 15.47898769
v 10.51488113 40.00000000 15.19060707
v 10.50274086 40.00000000 14.84295177
v 10.42042732 36.50958252 14.84007740
v 10.54620171 40.00000000 14.42944431
v 10.56836510 40.00000000 14.21858311
v 10.48725319 36.50958252 14.20428085
v 11.38941383 40.00000000 12.32993221
v 11.65584850 40.00000000 11.98891163
v 11.59463978 36.50958252 11.93379974
v 11.89386749 40.00000000 11.75905991
v 12.10745525 40.00000000 11.55279922
v 12.05451298 36.50958252 11.48970509
v 12.48503113 40.00000000 11.27847481
v 12.61536312 40.00000000 11.18378353
v 12.57171631 36.50958252 11.11393547
v 14.61910152 40.00000000 10.52663517
v 15.00000000 40.00000000 10.50000000
v 15.00000000 36.50958252 10.41763687
v 18.94571686 19.32846069 8.68553162
v 18.02851295 19.32846069 8.19784546
v 17.66409874 22.70293617 9.01633453
v 16.80540657 22.70293617 8.70379639
v 16.60259819 26.11591721 9.41107655
v 15.80917263 26.11591721 9.24242878
v 15.72929096 29.55980492 9.81082439
v 15.00000000 29.55980492 9.75982666
v 15.00000000 33.02693176 10.17072773
v 14.32789516 33.02693176 10.21772575
v 14.36225796 36.50958252 10.46223164
v 13.73692894 36.50958252 10.59514809
v 17.05236435 19.32846069 7.84255743
v 15.91157532 22.70293617 8.51380634
v 15.00000000 26.11591721 9.18584633
v 14.27070904 29.55980492 9.81082439
v 13.66887283 33.02693176 10.35780621
v 13.13618469 36.50958252 10.81380272
v 13.16968441 40.00000000 10.88904476
v 13.14724445 40.00000000 10.90097618
v 12.94763565 19.32846069 7.84255743
v 11.97148609 19.32846069 8.19784546
v 12.33590031 22.70293617 9.01633453
v 11.52906227 22.70293617 9.44533825
v 11.91896725 26.11591721 10.06931782
v 11.26273346 26.11591721 10.54609966
v 11.63168144 29.55980492 10.98579407
v 11.10579300 29.55980492 11.49363995
v 11.41115189 33.02693176 11.76858711
v 10.99635315 33.02693176 12.29950619
v 11.20104790 36.50958252 12.43757439
v 10.88139820 36.50958252 12.99122334
v 11.05428314 19.32846069 8.68553162
v 10.78978157 22.70293617 9.98245716
v 10.67924118 26.11591721 11.10957146
v 10.65569973 29.55980492 12.06973171
v 10.65947914 33.02693176 12.88298702
v 10.64191246 36.50958252 13.58397102
v 10.72024536 40.00000000 13.60942364
v 10.70179367 40.00000000 13.68342972
v 7.91854429 19.32846069 12.69909573
v 7.66723537 19.32846069 13.70703506
v 8.54957104 22.70293617 13.86261559
v 8.45405293 22.70293617 14.77140999
v 9.18938732 26.11591721 14.79708862
v 9.21769619 26.11591721 15.60774422
v 9.78853321 29.55980492 15.54774666
v 9.91548252 29.55980492 16.26771164
v 10.31417847 33.02693176 16.16830635
v 10.52237797 33.02693176 16.80907631
v 10.75130653 36.50958252 16.71658325
v 11.03155708 36.50958252 17.29118156
v 11.10288525 40.00000000 17.25000000
v 11.17399216 40.00000000 17.35541916
v 7.77529049 19.32846069 16.80132103
v 8.09629631 19.32846069 17.78927612
v 8.92700481 22.70293617 17.45364761
v 9.32758904 22.70293617 18.27496910
v 9.96479511 26.11591721 17.90707588
v 10.41838360 26.11591721 18.57954979
v 10.87068748 29.55980492 18.22617340
v 11.35987091 29.55980492 18.76946449
v 11.64530563 33.02693176 18.47388649
v 12.16142559 33.02693176 18.90696144
v 12.30655384 36.50958252 18.70721054
v 12.84871101 36.50958252 19.04598618
v 8.55167580 19.32846069 18.72294235
v 9.83857918 22.70293617 19.03254318
v 10.96114922 26.11591721 19.18235207
v 11.91990376 29.55980492 19.23938751
v 12.73279476 33.02693176 19.26399422
v 13.43273926 36.50958252 19.30601311
v 13.46090889 40.00000000 19.22861671
v 13.50163174 40.00000000 19.24029350
v 11.50436878 19.32846069 21.57432365
v 12.45335770 19.32846069 21.99684143
v 12.75978947 22.70293617 21.15492630
v 13.63819122 22.70293617 21.40680504
v 13.79116917 26.11591721 20.68709946
v 14.59442425 26.11591721 20.79999161
v 14.63446426 29.55980492 20.22740746
v 15.36553574 29.55980492 20.22740746
v 15.33687305 33.02693176 19.81750679
v 16.00406075 33.02693176 19.72373962
v 15.95272636 36.50958252 19.48222733
v 16.56726074 36.50958252 19.30601311
v 13.45191383 19.32846069 22.28317261
v 14.54309940 22.70293617 21.53398132
v 15.40557480 26.11591721 20.79999161
v 16.08949280 29.55980492 20.12566185
v 16.65170670 33.02693176 19.53803062
v 17.15128899 36.50958252 19.04598618
v 17.11262131 40.00000000 18.97326469
v 17.19168854 40.00000000 18.92385864
v 16.54808617 19.32846069 22.28317261
v 17.54664230 19.32846069 21.99684143
v 17.24020958 22.70293617 21.15492630
v 18.07500839 22.70293617 20.78325081
v 17.72957993 26.11591721 20.13359261
v 18.41747475 26.11591721 19.70374870
v 18.08009720 29.55980492 19.23938751
v 18.64012909 29.55980492 18.76946449
v 18.35469437 33.02693176 18.47388649
v 18.80551720 33.02693176 17.97319603
v 18.61095047 36.50958252 17.82118607
v 18.96844292 36.50958252 17.29118156
v 18.49563026 19.32846069 21.57432365
v 18.84995651 22.70293617 20.29900932
v 19.03885078 26.11591721 19.18235207
v 19.12931252 29.55980492 18.22617340
v 19.18227005 33.02693176 17.41463470
v 19.24869347 36.50958252 16.71658325
v 19.17232704 40.00000000 16.68572998
v 19.17494392 40.00000000 16.67767334
v 21.44832420 19.32846069 18.72294235
v 21.90370369 19.32846069 17.78927612
v 21.07299423 22.70293617 17.45364761
v 21.35537529 22.70293617 16.58457375
v 20.64144707 26.11591721 16.40657234
v 20.78230286 26.11591721 15.60774422
v 20.21146584 29.55980492 15.54774666
v 20.23698044 29.55980492 14.81712055
v 19.82632828 33.02693176 14.83146000
v 19.75590324 33.02693176 14.16140556
v 19.51274681 36.50958252 14.20428085
v 19.35808754 36.50958252 13.58397102
v 22.22470856 19.32846069 16.80132103
v 21.51405525 22.70293617 15.68465519
v 20.81061172 26.11591721 14.79708862
v 20.16056252 29.55980492 14.09005260
v 19.59290886 33.02693176 13.50767231
v 19.11860085 36.50958252 12.99122334
v 19.04457283 40.00000000 13.02732944
v 19.01491356 40.00000000 12.97595978
v 22.08145523 19.32846069 12.69909573
v 21.69231606 19.32846069 11.73593903
v 20.88704300 22.70293617 12.12869549
v 20.43014336 22.70293617 11.33732128
v 19.82015228 26.11591721 11.74876690
v 19.32075882 26.11591721 11.10957146
v 18.89420700 29.55980492 11.49363995
v 18.36831856 29.55980492 10.98579407
v 18.10419464 33.02693176 11.30056381
v 17.55912399 33.02693176 10.90454483
v 17.42828178 36.50958252 11.11393547
v 16.86381531 36.50958252 10.81380272
v 21.17291641 19.32846069 10.83631420
v 19.86754990 22.70293617 10.61723614
v 18.73726654 26.11591721 10.54609966
v 17.77686691 29.55980492 10.55608177
v 16.96424103 33.02693176 10.58824158
v 16.26306915 36.50958252 10.59514809
v 16.24036789 40.00000000 10.67432213
v 16.13258171 40.00000000 10.65141106
v 19.78612137 19.32846069 9.29612160
v 18.47093773 22.70293617 9.44533825
v 17.36483002 26.11591721 9.68850613
v 16.44438744 29.55980492 9.96282196
v 15.67210484 33.02693176 10.21772575
v 13.75963211 40.00000000 10.67432213
v 13.86741829 40.00000000 10.65141106
v 14.37372017 40.00000000 10.54379368
v 13.03575802 33.02693176 10.58824158
v 13.55561256 29.55980492 9.96282196
v 14.19082546 26.11591721 9.24242878
v 15.00000000 22.70293617 8.45006275
v 16.03626633 19.32846069 7.62657881
v 12.44087601 33.02693176 10.90454483
v 12.86862946 29.55980492 10.21286392
v 13.39740086 26.11591721 9.41107655
v 14.08842468 22.70293617 8.51380634
v 15.00000000 19.32846069 7.55411625
v 11.89580345 33.02693176 11.30056381
v 12.22313118 29.55980492 10.55608177
v 12.63517094 26.11591721 9.68850613
v 13.19459248 22.70293617 8.70379639
v 13.96373272 19.32846069 7.62657881
v 10.95542717 40.00000000 13.02732944
v 10.98508453 40.00000000 12.97595978
v 11.26933098 40.00000000 12.48363113
v 10.40709019 33.02693176 13.50767231
v 10.29016399 29.55980492 12.70285892
v 10.17984772 26.11591721 11.74876690
v 10.13244915 22.70293617 10.61723614
v 10.21387768 19.32846069 9.29612160
v 10.24409580 33.02693176 14.16140556
v 10.01630020 29.55980492 13.38069725
v 9.77427292 26.11591721 12.45124245
v 9.56985569 22.70293617 11.33732128
v 9.46662903 19.32846069 10.01773167
v 10.17367077 33.02693176 14.83146000
v 9.83943653 29.55980492 14.09005260
v 9.47041035 26.11591721 13.20332718
v 9.11295605 22.70293617 12.12869549
v 8.82708263 19.32846069 10.83631420
v 8.30768394 19.32846069 11.73593903
v 8.77063942 22.70293617 12.97595787
v 9.27417564 26.11591721 13.99038219
v 9.76301956 29.55980492 14.81712055
v 10.19718361 33.02693176 15.50479603
v 10.55375195 36.50958252 16.10857391
v 10.82767200 40.00000000 16.68572998
v 10.82505512 40.00000000 16.67767334
v 10.63366890 40.00000000 16.08864784
v 10.81772900 33.02693176 17.41463470
v 10.14139652 29.55980492 16.96300316
v 9.35855103 26.11591721 16.40657234
v 8.48594379 22.70293617 15.68465519
v 7.55865192 19.32846069 14.74014187
v 11.19448280 33.02693176 17.97319603
v 10.46187687 29.55980492 17.62008667
v 9.60921001 26.11591721 17.17801857
v 8.64462376 22.70293617 16.58457375
v 7.59490538 19.32846069 15.77830696
v 12.88737774 40.00000000 18.97326469
v 12.80831242 40.00000000 18.92385864
v 12.35496616 40.00000000 18.64057541
v 13.34829140 33.02693176 19.53803062
v 12.53988743 29.55980492 19.62679863
v 11.58252525 26.11591721 19.70374870
v 10.45003128 22.70293617 19.71162987
v 9.13256359 19.32846069 19.58414268
v 13.99593830 33.02693176 19.72373962
v 13.20775509 29.55980492 19.92415047
v 12.27042007 26.11591721 20.13359261
v 11.15004349 22.70293617 20.29900932
v 9.82765484 19.32846069 20.35612106
v 14.66312599 33.02693176 19.81750679
v 13.91050720 29.55980492 20.12566185
v 13.01144218 26.11591721 20.46351624
v 11.92499065 22.70293617 20.78325081
v 10.62341976 19.32846069 21.02384758
v 16.53908920 40.00000000 19.22861671
v 16.49836731 40.00000000 19.24029350
v 15.93560123 40.00000000 19.40166473
v 17.26720428 33.02693176 19.26399422
v 16.79224586 29.55980492 19.92415047
v 16.20882988 26.11591721 20.68709946
v 15.45689964 22.70293617 21.53398132
v 14.48060131 19.32846069 22.42774582
v 17.83857536 33.02693176 18.90696144
v 17.46011162 29.55980492 19.62679863
v 16.98855591 26.11591721 20.46351624
v 16.36180878 22.70293617 21.40680504
v 15.51939869 19.32846069 22.42774582
v 18.89711380 40.00000000 17.25000000
v 18.82600784 40.00000000 17.35541916
v 18.54604912 40.00000000 17.77047729
v 19.47762108 33.02693176 16.80907631
v 19.53812408 29.55980492 17.62008667
v 19.58161545 26.11591721 18.57954979
v 19.54996681 22.70293617 19.71162987
v 19.37657928 19.32846069 21.02384758
v 19.68581963 33.02693176 16.16830635
v 19.85860252 29.55980492 16.96300316
v 20.03520393 26.11591721 17.90707588
v 20.16142082 22.70293617 19.03254318
v 20.17234421 19.32846069 20.35612106
v 19.80281639 33.02693176 15.50479603
v 20.08451653 29.55980492 16.26771164
v 20.39078903 26.11591721 17.17801857
v 20.67241096 22.70293617 18.27496910
v 20.86743736 19.32846069 19.58414268
v 19.27975464 40.00000000 13.60942364
v 19.29820633 40.00000000 13.68342972
v 19.43163300 40.00000000 14.21858311
v 19.34051895 33.02693176 12.88298702
v 19.98369980 29.55980492 13.38069725
v 20.72582436 26.11591721 13.99038219
v 21.54594612 22.70293617 14.77140999
v 22.40509415 19.32846069 15.77830696
v 19.00364685 33.02693176 12.29950619
v 19.70983696 29.55980492 12.70285892
v 20.52958870 26.11591721 13.20332718
v 21.45042801 22.70293617 13.86261559
v 22.44134712 19.32846069 14.74014187
v 18.58884811 33.02693176 11.76858711
v 19.34429932 29.55980492 12.06973171
v 20.22572517 26.11591721 12.45124245
v 21.22936058 22.70293617 12.97595787
v 22.33276367 19.32846069 13.70703506
v 16.83031464 40.00000000 10.88904476
v 16.85275459 40.00000000 10.90097618
v 17.38463783 40.00000000 11.18378353
v 16.33112717 33.02693176 10.35780621
v 17.13136864 29.55980492 10.21286392
v 18.08103180 26.11591721 10.06931782
v 19.21021843 22.70293617 9.98245716
v 20.53336906 19.32846069 10.01773167
v 15.52622414 40.53668976 22.52535629
v 15.00000000 40.53668976 22.52535629
v 14.47377586 40.53668976 22.52535629
v 13.72718143 40.53668976 22.42042923
v 13.43156910 40.53668976 22.37888336
v 12.48815823 40.53668976 22.10836411
v 12.41989040 40.53668976 22.08879089
v 11.45843124 40.53668976 21.66072083
v 11.32588768 40.53668976 21.57789803
v 10.56590462 40.53668976 21.10300827
v 10.27182484 40.53668976 20.85624695
v 9.75968266 40.53668976 20.42650795
v 9.35042477 40.53668976 19.97198105
v 9.05545712 40.53668976 19.64438438
v 8.58613873 40.53668976 18.94859314
v 8.46693516 40.53668976 18.77186584
v 8.00557232 40.53668976 17.82593155
v 8.00118446 40.53668976 17.81242752
v 7.68034744 40.53668976 16.82499504
v 7.63839197 40.53668976 16.58704948
v 7.49759197 40.53668976 15.78853512
v 7.48121405 40.53668976 15.31953049
v 7.46086216 40.53668976 14.73672676
v 7.53372002 40.53668976 14.04352951
v 7.57087278 40.53668976 13.69004440
v 7.79455042 40.53668976 12.79292297
v 7.82548285 40.53668976 12.66885853
v 8.21973801 40.53668976 11.69304466
v 8.26945591 40.53668976 11.60692978
v 8.74596214 40.53668976 10.78159714
v 8.94726658 40.53668976 10.52393913
v 9.39391327 40.53668976 9.95225620
v 9.79292583 40.53668976 9.56693554
v 10.15098190 40.53668976 9.22116470
v 10.78394318 40.53668976 8.76129150
v 11.00243092 40.53668976 8.60255146
v 11.89406872 40.53668976 8.12845898
v 11.93168736 40.53668976 8.10845661
v 12.92066479 40.53668976 7.74849796
v 13.10135746 40.53668976 7.71009064
v 13.95011520 40.53668976 7.52968216
v 14.36146832 40.53668976 7.50091696
v 15.00000000 40.53668976 7.45626688
v 15.63853073 40.53668976 7.50091696
v 16.04988480 40.53668976 7.52968216
v 16.89864159 40.53668976 7.71009064
v 17.07933426 40.53668976 7.74849796
v 18.06831169 40.53668976 8.10845661
v 18.10593224 40.53668976 8.12845898
v 18.99756813 40.53668976 8.60255146
v 19.21605682 40.53668976 8.76129150
v 19.84901810 40.53668976 9.22116470
v 20.20707321 40.53668976 9.56693554
v 20.60608482 40.53668976 9.95225620
v 21.05273247 40.53668976 10.52393913
v 21.25403595 40.53668976 10.78159714
v 21.73054123 40.53668976 11.60692978
v 21.78026199 40.53668976 11.69304466
v 22.17451668 40.53668976 12.66885853
v 22.20545006 40.53668976 12.79292297
v 22.42912674 40.53668976 13.69004440
v 22.46627998 40.53668976 14.04352951
v 22.53913689 40.53668976 14.73672676
v 22.51878548 40.53668976 15.31953049
v 22.50240707 40.53668976 15.78853512
v 22.36160660 40.53668976 16.58704948
v 22.31965256 40.53668976 16.82499504
v 21.99881554 40.53668976 17.81242752
v 21.99442673 40.53668976 17.82593155
v 21.53306389 40.53668976 18.77186584
v 21.41386032 40.53668976 18.94859314
v 20.94454384 40.53668976 19.64438438
v 20.64957428 40.53668976 19.97198105
v 20.24031830 40.53668976 20.42650795
v 19.72817421 40.53668976 20.85624695
v 19.43409348 40.53668976 21.10300827
v 18.67411041 40.53668976 21.57789803
v 18.54156685 40.53668976 21.66072083
v 17.58010864 40.53668976 22.08879089
v 17.51184082 40.53668976 22.10836411
v 16.56842995 40.53668976 22.37888336
v 16.27281761 40.53668976 22.42042923
v 18.67117500 42.81595993 8.42900467
v 18.99756813 42.81595993 8.60255146
v 19.09489250 42.76776123 8.44680023
v 19.73407555 42.81595993 9.13765430
v 19.84901810 42.81595993 9.22116470
v 19.96707153 42.76776123 9.08047485
v 21.98272133 42.81595993 12.19414902
v 22.17451668 42.81595993 12.66885853
v 22.34918404 42.76776123 12.61210442
v 22.36035156 42.81595993 13.41419888
v 22.42912674 42.81595993 13.69004440
v 22.60999298 42.76776123 13.65815163
v 20.21855927 42.81595993 20.44476318
v 19.43409348 42.81595993 21.10300827
v 19.54204559 42.76776123 21.25158882
v 19.21713066 42.81595993 21.23858261
v 18.54156685 42.81595993 21.66072083
v 18.62778854 42.76776123 21.82288170
v 14.36123276 42.81595993 22.50953865
v 13.43156910 42.81595993 22.37888336
v 13.39338398 42.76776123 22.55852890
v 7.46680069 42.81595993 14.68022728
v 7.57087278 42.81595993 13.69004440
v 7.39000559 42.76776123 13.65815163
v 7.63964939 42.81595993 13.41419888
v 7.82548285 42.81595993 12.66885853
v 7.65081453 42.76776123 12.61210442
v 8.01727867 42.81595993 12.19414902
v 8.21973801 42.81595993 11.69304466
v 8.05466747 42.76776123 11.61253452
v 12.35707664 40.58489609 22.26137161
v 13.39338398 40.58489609 22.55852890
v 13.35735321 40.66247940 22.72804451
v 18.14301300 40.58489609 7.94067717
v 19.96707153 40.58489609 9.08047485
v 20.74256897 40.58489609 9.82936668
v 22.34918404 40.58489609 12.61210442
v 22.60999298 40.58489609 13.65815163
v 21.69211578 40.58489609 18.86369514
v 21.08926773 40.58489609 19.75745773
v 8.91073227 40.58489609 19.75745773
v 8.30788326 40.58489609 18.86369514
v 7.50214577 40.58489609 16.86942482
v 7.39000559 40.58489609 13.65815163
v 7.65081453 40.58489609 12.61210442
v 10.03292847 40.58489609 9.08047485
v 10.90510654 40.58489609 8.44680023
v 11.85698605 40.58489609 7.94067717
v 13.92455482 40.58489609 7.34781170
v 12.87004185 40.58489609 7.57195520
v 8.59370232 40.58489609 10.67889786
v 8.05466747 40.58489609 11.61253452
v 7.31494045 40.58489609 15.80773067
v 10.45795345 40.58489609 21.25158882
v 11.37220955 40.58489609 21.82288170
v 14.46096420 40.58489609 22.70856667
v 16.60661316 40.58489609 22.55852890
v 18.62778854 40.58489609 21.82288170
v 19.54204559 40.58489609 21.25158882
v 22.16471100 40.58489609 17.89473152
v 22.49785233 40.58489609 16.86942482
v 22.68505859 40.58489609 15.80773067
v 21.94533157 40.58489609 11.61253452
v 21.40629578 40.58489609 10.67889786
v 19.09489250 40.58489609 8.44680023
v 17.12995720 40.58489609 7.57195520
v 16.07544518 40.58489609 7.34781170
v 13.90043545 40.66247940 7.17619514
v 15.00000000 40.66247940 7.09930611
v 15.00000000 40.58489609 7.27260923
v 14.43783379 40.76736069 23.03934479
v 14.44887543 40.66247940 22.88144875
v 15.57186127 40.89671707 23.17800713
v 15.56216526 40.76736069 23.03934479
v 15.55112362 40.66247940 22.88144875
v 15.53903484 40.58489609 22.70856667
v 13.85906124 40.89671707 6.88180494
v 15.00000000 40.89671707 6.80202246
v 15.00000000 40.76736069 6.94102335
v 16.72856712 41.04705811 23.13227463
v 16.70445442 40.89671707 23.01883125
v 16.67555428 40.76736069 22.88286781
v 16.64264679 40.66247940 22.72804451
v 13.84292030 41.04705811 6.76695728
v 15.00000000 41.04705811 6.68604565
v 17.87426376 41.21434402 22.89697266
v 17.84353828 41.04705811 22.81256104
v 17.80387306 40.89671707 22.70357895
v 17.75633240 40.76736069 22.57295990
v 17.70219612 40.66247940 22.42422295
v 17.64292336 40.58489609 22.26137161
v 18.97410011 41.39406586 22.47419357
v 18.94533539 41.21434402 22.42010117
v 18.90316391 41.04705811 22.34078598
v 18.84871674 40.89671707 22.23838425
v 18.78345871 40.76736069 22.11565399
v 18.70915031 40.66247940 21.97589684
v 19.99388123 41.58139038 21.87348938
v 19.97562981 41.39406586 21.84836769
v 19.93962097 41.21434402 21.79880524
v 19.88681984 41.04705811 21.72612953
v 19.81864929 40.89671707 21.63230324
v 19.73694801 40.76736069 21.51984978
v 19.64390945 40.66247940 21.39179420
v 20.90188408 41.77126694 21.11158180
v 20.90188408 41.58139038 21.11158180
v 20.88031578 41.39406586 21.08924675
v 20.83775711 41.21434402 21.04517555
v 20.77535820 41.04705811 20.98055649
v 20.69479179 40.89671707 20.89713097
v 20.59823418 40.76736069 20.79714203
v 20.48828316 40.66247940 20.68328285
v 20.36789703 40.58489609 20.55862045
v 21.67054939 41.95858765 20.21160316
v 21.69501877 41.77126694 20.23072052
v 21.69501877 41.58139038 20.23072052
v 21.67054939 41.39406586 20.21160316
v 21.62227249 41.21434402 20.17388535
v 21.55148506 41.04705811 20.11858177
v 21.46009445 40.89671707 20.04717827
v 21.35055923 40.76736069 19.96160126
v 21.22583199 40.66247940 19.86415291
v 22.27788925 42.13831329 19.20189095
v 22.33094788 41.95858765 19.23252487
v 22.35783577 41.77126694 19.24804878
v 22.35783577 41.58139038 19.24804878
v 22.33094788 41.39406586 19.23252487
v 22.27788925 41.21434402 19.20189095
v 22.20009422 41.04705811 19.15697670
v 22.09965515 40.89671707 19.09898758
v 21.97927856 40.76736069 19.02948761
v 21.84220123 40.66247940 18.95034599
v 22.70856285 42.30559540 18.11446190
v 22.79185104 42.13831329 18.14811325
v 22.84865570 41.95858765 18.17106247
v 22.87744522 41.77126694 18.18269539
v 22.87744522 41.58139038 18.18269539
v 22.84865570 41.39406586 18.17106247
v 22.79185104 41.21434402 18.14811325
v 22.70856285 41.04705811 18.11446190
v 22.60103035 40.89671707 18.07101631
v 22.47215271 40.76736069 18.01894569
v 22.32539558 40.66247940 17.95965004
v 22.95446205 42.45593643 16.98327065
v 23.06699371 42.30559540 17.01132774
v 23.15415382 42.13831329 17.03306007
v 23.21359825 41.95858765 17.04788017
v 23.24372864 41.77126694 17.05539322
v 23.24372864 41.58139038 17.05539322
v 23.21359825 41.39406586 17.04788017
v 23.15415382 41.21434402 17.03306007
v 23.06699371 41.04705811 17.01132774
v 22.95446205 40.89671707 16.98327065
v 22.81958961 40.76736069 16.94964218
v 22.66600990 40.66247940 16.91135025
v 13.85906124 42.45593643 6.88180494
v 15.00000000 42.45593643 6.80202246
v 15.00000000 42.30559540 6.68604565
v 23.01482773 42.58529282 15.84239101
v 23.15306664 42.45593643 15.85692215
v 23.26840973 42.30559540 15.86904335
v 23.35774612 42.13831329 15.87843323
v 23.41867638 41.95858765 15.88483906
v 23.44955444 41.77126694 15.88808346
v 23.44955444 41.58139038 15.88808346
v 23.41867638 41.39406586 15.88483906
v 23.35774612 41.21434402 15.87843323
v 23.26840973 41.04705811 15.86904335
v 23.15306664 40.89671707 15.85692215
v 23.01482773 40.76736069 15.84239101
v 22.85741234 40.66247940 15.82584763
v 12.70836353 41.04705811 7.00811481
v 12.68360329 41.21434402 6.92176437
v 11.58187294 41.21434402 7.32276106
v 11.55695438 41.39406586 7.26679277
v 10.51420689 41.39406586 7.82123137
v 10.49775219 41.58139038 7.79489899
v 9.53881264 41.58139038 8.49161053
v 9.53881264 41.77126694 8.49161053
v 8.68616772 41.77126694 9.31499958
v 8.70924282 41.95858765 9.33577633
v 7.98215628 41.95858765 10.26640415
v 8.03294754 42.13831329 10.30066299
v 7.44672918 42.13831329 11.31602383
v 7.52746773 42.30559540 11.35540199
v 7.09296036 42.30559540 12.43084717
v 7.20325994 42.45593643 12.46668625
v 6.92656803 42.45593643 13.57643604
v 7.06345701 42.58529282 13.60057259
v 6.94593239 42.58529282 14.71874619
v 7.10411835 42.69017410 14.72426987
v 7.48599339 40.66247940 12.55855179
v 7.21933508 40.66247940 13.62805843
v 7.06345701 40.76736069 13.60057259
v 6.94593239 40.76736069 14.71874619
v 6.80701637 40.89671707 14.71389484
v 6.84693193 40.89671707 15.85692215
v 6.73159122 41.04705811 15.86904335
v 6.93300533 41.04705811 17.01132774
v 6.84584379 41.21434402 17.03306007
v 7.20814705 41.21434402 18.14811325
v 7.15134287 41.39406586 18.17106247
v 7.66905260 41.39406586 19.23252487
v 7.64216185 41.58139038 19.24804878
v 8.30498219 41.58139038 20.23072052
v 8.30498219 41.77126694 20.23072052
v 9.09811306 41.77126694 21.11158180
v 9.11968327 41.95858765 21.08924675
v 10.02436829 41.95858765 21.84836769
v 10.06037903 42.13831329 21.79880524
v 11.05466175 42.13831329 22.42010117
v 11.09683514 42.30559540 22.34078598
v 12.15646076 42.30559540 22.81256104
v 12.19612598 42.45593643 22.70357895
v 13.29554462 42.45593643 23.01883125
v 13.32444382 42.58529282 22.88286781
v 14.43783379 42.58529282 23.03934479
v 14.44887543 42.69017410 22.88144875
v 7.83528757 40.58489609 17.89473152
v 8.15779781 40.66247940 18.95034599
v 8.77416801 40.66247940 19.86415291
v 8.64943981 40.76736069 19.96160126
v 9.40176487 40.76736069 20.79714203
v 9.30520630 40.89671707 20.89713097
v 10.18134975 40.89671707 21.63230324
v 10.11318016 41.04705811 21.72612953
v 11.09683514 41.04705811 22.34078598
v 11.05466175 41.21434402 22.42010117
v 12.12573624 41.21434402 22.89697266
v 12.10478210 41.39406586 22.95454216
v 13.24001694 41.39406586 23.28006554
v 13.23356152 41.58139038 23.31043816
v 14.40734100 41.58139038 23.47540283
v 14.40734100 41.77126694 23.47540283
v 15.59265804 41.77126694 23.47540283
v 15.59049129 41.95858765 23.44442940
v 16.75998306 41.95858765 23.28006554
v 16.74724388 42.13831329 23.22014046
v 17.87426376 42.13831329 22.89697266
v 17.84353828 42.30559540 22.81256104
v 18.90316391 42.30559540 22.34078598
v 18.84871674 42.45593643 22.23838425
v 19.81864929 42.45593643 21.63230324
v 19.73694801 42.58529282 21.51984978
v 20.59823418 42.58529282 20.79714203
v 20.48828316 42.69017410 20.68328285
v 22.89587975 42.69017410 14.72426987
v 23.05406761 42.58529282 14.71874619
v 23.19298363 42.45593643 14.71389484
v 23.30888748 42.30559540 14.70984745
v 23.39866447 42.13831329 14.70671177
v 23.45989227 41.95858765 14.70457363
v 23.49092484 41.77126694 14.70349026
v 23.49092484 41.58139038 14.70349026
v 23.45989227 41.39406586 14.70457363
v 23.39866447 41.21434402 14.70671177
v 23.30888748 41.04705811 14.70984745
v 23.19298363 40.89671707 14.71389484
v 23.05406761 40.76736069 14.71874619
v 22.89587975 40.66247940 14.72426987
v 22.72268295 40.58489609 14.73031712
v 13.83041859 41.21434402 6.67800093
v 12.66671658 41.39406586 6.86287212
v 11.54432487 41.58139038 7.23842716
v 10.49775219 41.77126694 7.79489899
v 9.55877113 41.95858765 8.51539612
v 8.75477123 42.13831329 9.37677097
v 8.10741997 42.30559540 10.35089588
v 7.63170671 42.45593643 11.40624237
v 7.33545732 42.58529282 12.50963879
v 7.21933508 42.69017410 13.62805843
v 7.27731657 42.76776123 14.73031712
v 7.89890242 40.66247940 11.53656387
v 7.33545732 40.76736069 12.50963879
v 6.92656803 40.89671707 13.57643604
v 6.69111013 41.04705811 14.70984745
v 6.64225292 41.21434402 15.87843323
v 6.78639936 41.39406586 17.04788017
v 7.12255383 41.58139038 18.18269539
v 7.64216185 41.77126694 19.24804878
v 8.32945061 41.95858765 20.21160316
v 9.16224194 42.13831329 21.04517555
v 10.11318016 42.30559540 21.72612953
v 11.15128231 42.45593643 22.23838425
v 12.24366760 42.58529282 22.57295990
v 13.35735321 42.69017410 22.72804451
v 14.46096420 42.76776123 22.70856667
v 7.67460442 40.66247940 17.95965004
v 8.02072144 40.76736069 19.02948761
v 8.53990555 40.89671707 20.04717827
v 9.22464180 41.04705811 20.98055649
v 10.06037903 41.21434402 21.79880524
v 11.02589989 41.39406586 22.47419357
v 12.09416199 41.58139038 22.98372269
v 13.23356152 41.77126694 23.31043816
v 14.40950775 41.95858765 23.44442940
v 15.58621788 42.13831329 23.38331223
v 16.72856712 42.30559540 23.13227463
v 17.80387306 42.45593643 22.70357895
v 18.78345871 42.58529282 22.11565399
v 19.64390945 42.69017410 21.39179420
v 20.36789703 42.76776123 20.55862045
v 22.78066444 42.69017410 13.62805843
v 22.93654251 42.58529282 13.60057259
v 23.07343102 42.45593643 13.57643604
v 23.18764496 42.30559540 13.55629730
v 23.27611160 42.13831329 13.54069805
v 23.33644485 41.95858765 13.53005981
v 23.36702538 41.77126694 13.52466774
v 23.36702538 41.58139038 13.52466774
v 23.33644485 41.39406586 13.53005981
v 23.27611160 41.21434402 13.54069805
v 23.18764496 41.04705811 13.55629730
v 23.07343102 40.89671707 13.57643604
v 22.93654251 40.76736069 13.60057259
v 22.78066444 40.66247940 13.62805843
v 12.87004185 42.76776123 7.57195520
v 13.92455482 42.76776123 7.34781170
v 13.90043545 42.69017410 7.17619514
v 10.03292847 42.76776123 9.08047485
v 10.90510654 42.76776123 8.44680023
v 10.81326962 42.69017410 8.29983139
v 11.78649807 42.69017410 7.78235674
v 11.72211838 42.58529282 7.63775826
v 12.77864456 42.58529282 7.25321436
v 12.74033070 42.45593643 7.11959791
v 13.84292030 42.30559540 6.76695728
v 15.00000000 42.13831329 6.59621620
v 9.34144306 42.81595993 10.01941681
v 9.39391327 42.81595993 9.95225620
v 9.25742912 42.76776123 9.82936668
v 9.92153168 42.69017410 8.94771671
v 10.72939301 42.58529282 8.16559982
v 11.66558170 42.45593643 7.51077461
v 12.70836353 42.30559540 7.00811481
v 13.83041859 42.13831329 6.67800093
v 15.00000000 41.95858765 6.53495073
v 8.59370232 42.76776123 10.67889786
v 8.45002747 42.69017410 10.58198833
v 9.12863922 42.69017410 9.71340370
v 9.01101303 42.58529282 9.60749245
v 9.81978893 42.58529282 8.82646656
v 9.73044109 42.45593643 8.71998405
v 10.65573406 42.45593643 8.04771996
v 10.59427452 42.30559540 7.94936705
v 11.61841011 42.30559540 7.40482521
v 11.58187294 42.13831329 7.32276106
v 12.68360329 42.13831329 6.92176437
v 12.66671658 41.95858765 6.86287212
v 13.82189274 41.95858765 6.61733294
v 13.81757069 41.77126694 6.58658409
v 15.00000000 41.77126694 6.50390053
v 15.00000000 41.58139038 6.50390053
v 7.50214577 42.76776123 16.86942482
v 7.31494045 42.76776123 15.80773067
v 7.14258671 42.69017410 15.82584763
v 12.82227325 40.66247940 7.40536547
v 12.77864456 40.76736069 7.25321436
v 11.72211838 40.76736069 7.63775826
v 11.66558170 40.89671707 7.51077461
v 10.65573406 40.89671707 8.04771996
v 10.59427452 41.04705811 7.94936705
v 9.65589333 41.04705811 8.63114166
v 9.59815216 41.21434402 8.56232834
v 8.75477123 41.21434402 9.37677097
v 8.70924282 41.39406586 9.33577633
v 7.98215628 41.39406586 10.26640415
v 7.95641470 41.58139038 10.24904060
v 7.36375666 41.58139038 11.27555466
v 7.36375666 41.77126694 11.27555466
v 6.91972971 41.77126694 12.37456036
v 6.94925976 41.95858765 12.38415623
v 6.66355419 41.95858765 13.53005981
v 6.72388840 42.13831329 13.54069805
v 6.60133553 42.13831329 14.70671177
v 6.69111013 42.30559540 14.70984745
v 6.73159122 42.30559540 15.86904335
v 6.84693193 42.45593643 15.85692215
v 7.04553699 42.45593643 16.98327065
v 7.18040943 42.58529282 16.94964218
v 7.52784681 42.58529282 18.01894569
v 7.67460442 42.69017410 17.95965004
v 8.15779781 42.69017410 18.95034599
v 8.30788326 42.76776123 18.86369514
v 8.91073227 42.76776123 19.75745773
v 11.78649807 40.66247940 7.78235674
v 10.72939301 40.76736069 8.16559982
v 9.73044109 40.89671707 8.71998405
v 8.82152843 41.04705811 9.43687916
v 8.03294754 41.21434402 10.30066299
v 7.39166403 41.39406586 11.28916645
v 6.91972971 41.58139038 12.37456036
v 6.63297510 41.77126694 13.52466774
v 6.54010773 41.95858765 14.70457363
v 6.64225292 42.13831329 15.87843323
v 6.93300533 42.30559540 17.01132774
v 7.39896774 42.45593643 18.07101631
v 8.02072144 42.58529282 19.02948761
v 8.77416801 42.69017410 19.86415291
v 9.63210297 42.76776123 20.55862045
v 9.75968266 42.81595993 20.42650795
v 9.78143978 42.81595993 20.44476318
v 10.81326962 40.66247940 8.29983139
v 9.92153168 40.66247940 8.94771671
v 9.81978893 40.76736069 8.82646656
v 9.01101303 40.76736069 9.60749245
v 8.90771484 40.89671707 9.51448250
v 8.20356846 40.89671707 10.41574955
v 8.10741997 41.04705811 10.35089588
v 7.52746773 41.04705811 11.35540199
v 7.44672918 41.21434402 11.31602383
v 7.00752640 41.21434402 12.40308762
v 6.94925976 41.39406586 12.38415623
v 6.66355419 41.39406586 13.53005981
v 6.63297510 41.58139038 13.52466774
v 6.50907564 41.58139038 14.70349026
v 6.50907564 41.77126694 14.70349026
v 6.55044317 41.77126694 15.88808346
v 6.58132315 41.95858765 15.88483906
v 6.78639936 41.95858765 17.04788017
v 6.84584379 42.13831329 17.03306007
v 7.20814705 42.13831329 18.14811325
v 7.29143620 42.30559540 18.11446190
v 7.79990482 42.30559540 19.15697670
v 7.90034342 42.45593643 19.09898758
v 8.53990555 42.45593643 20.04717827
v 8.64943981 42.58529282 19.96160126
v 9.40176487 42.58529282 20.79714203
v 9.51171684 42.69017410 20.68328285
v 10.35608864 42.69017410 21.39179420
v 10.45795345 42.76776123 21.25158882
v 11.37220955 42.76776123 21.82288170
v 16.60661316 42.76776123 22.55852890
v 15.53903484 42.76776123 22.70856667
v 15.55112362 42.69017410 22.88144875
v 21.69211578 42.76776123 18.86369514
v 21.08926773 42.76776123 19.75745773
v 21.22583199 42.69017410 19.86415291
v 9.63210297 40.58489609 20.55862045
v 10.35608864 40.66247940 21.39179420
v 11.29084778 40.66247940 21.97589684
v 11.21654034 40.76736069 22.11565399
v 12.24366760 40.76736069 22.57295990
v 12.19612598 40.89671707 22.70357895
v 13.29554462 40.89671707 23.01883125
v 13.27143097 41.04705811 23.13227463
v 14.42004776 41.04705811 23.29369926
v 14.41378117 41.21434402 23.38331223
v 15.58621788 41.21434402 23.38331223
v 15.59049129 41.39406586 23.44442940
v 16.75998306 41.39406586 23.28006554
v 16.76643753 41.58139038 23.31043816
v 17.90583611 41.58139038 22.98372269
v 17.90583611 41.77126694 22.98372269
v 18.98867607 41.77126694 22.50160980
v 18.97410011 41.95858765 22.47419357
v 19.97562981 41.95858765 21.84836769
v 19.93962097 42.13831329 21.79880524
v 20.83775711 42.13831329 21.04517555
v 20.77535820 42.30559540 20.98055649
v 21.55148506 42.30559540 20.11858177
v 21.46009445 42.45593643 20.04717827
v 22.09965515 42.45593643 19.09898758
v 21.97927856 42.58529282 19.02948761
v 22.47215271 42.58529282 18.01894569
v 22.32539558 42.69017410 17.95965004
v 22.66600990 42.69017410 16.91135025
v 22.49785233 42.76776123 16.86942482
v 22.68505859 42.76776123 15.80773067
v 12.29780388 40.66247940 22.42422295
v 13.32444382 40.76736069 22.88286781
v 14.42813778 40.89671707 23.17800713
v 15.57995224 41.04705811 23.29369926
v 16.74724388 41.21434402 23.22014046
v 17.89521599 41.39406586 22.95454216
v 18.98867607 41.58139038 22.50160980
v 19.99388123 41.77126694 21.87348938
v 20.88031578 41.95858765 21.08924675
v 21.62227249 42.13831329 20.17388535
v 22.20009422 42.30559540 19.15697670
v 22.60103035 42.45593643 18.07101631
v 22.81958961 42.58529282 16.94964218
v 22.85741234 42.69017410 15.82584763
v 22.72268295 42.76776123 14.73031712
v 22.53913689 42.81595993 14.73672676
v 22.53319931 42.81595993 14.68022728
v 15.00000000 42.58529282 6.94102335
v 15.00000000 42.69017410 7.09930611
v 15.00000000 42.76776123 7.27260923
v 13.95011520 42.81595993 7.52968216
v 15.00000000 42.81595993 7.45626688
v 11.32882404 42.81595993 8.42900467
v 11.93168736 42.81595993 8.10845661
v 11.85698605 42.76776123 7.94067717
v 12.82227325 42.69017410 7.40536547
v 13.87840652 42.58529282 7.01945257
v 12.49305248 42.81595993 7.90413666
v 12.92066479 42.81595993 7.74849796
v 13.72769165 42.81595993 7.57695913
v 10.15098190 42.81595993 9.22116470
v 10.26592445 42.81595993 9.13765430
v 11.00243092 42.81595993 8.60255146
v 8.74596214 42.81595993 10.78159714
v 8.58958912 42.81595993 11.05244255
v 7.89890242 42.69017410 11.53656387
v 8.31880569 42.58529282 10.49347782
v 8.90771484 42.45593643 9.51448250
v 9.65589333 42.30559540 8.63114166
v 10.54667282 42.13831329 7.87318707
v 11.55695438 41.95858765 7.26679277
v 12.65815735 41.77126694 6.83302546
v 13.81757069 41.58139038 6.58658409
v 15.00000000 41.39406586 6.53495073
v 7.48599339 42.69017410 12.55855179
v 7.75663996 42.58529282 11.46717739
v 8.20356846 42.45593643 10.41574955
v 8.82152843 42.30559540 9.43687916
v 9.59815216 42.13831329 8.56232834
v 10.51420689 41.95858765 7.82123137
v 11.54432487 41.77126694 7.23842716
v 12.65815735 41.58139038 6.83302546
v 13.82189274 41.39406586 6.61733294
v 15.00000000 41.21434402 6.59621620
v 7.46086216 42.81595993 14.73672676
v 7.49759197 42.81595993 15.78853512
v 8.27993107 42.81595993 18.38845062
v 8.00557232 42.81595993 17.82593155
v 7.83528757 42.76776123 17.89473152
v 7.33399010 42.69017410 16.91135025
v 6.98517084 42.58529282 15.84239101
v 6.80701637 42.45593643 14.71389484
v 6.81235361 42.30559540 13.55629730
v 7.00752640 42.13831329 12.40308762
v 7.39166403 41.95858765 11.28916645
v 7.95641470 41.77126694 10.24904060
v 8.68616772 41.58139038 9.31499958
v 9.55877113 41.39406586 8.51539612
v 10.54667282 41.21434402 7.87318707
v 11.61841011 41.04705811 7.40482521
v 12.74033070 40.89671707 7.11959791
v 13.87840652 40.76736069 7.01945257
v 7.80337524 42.81595993 17.20363426
v 7.68034744 42.81595993 16.82499504
v 7.52720118 42.81595993 15.95645428
v 9.05545712 42.81595993 19.64438438
v 8.94420624 42.81595993 19.47945023
v 8.46693516 42.81595993 18.77186584
v 10.56590462 42.81595993 21.10300827
v 13.10358429 42.81595993 22.28483582
v 12.41989040 42.81595993 22.08879089
v 12.35707664 42.76776123 22.26137161
v 11.29084778 42.69017410 21.97589684
v 10.26305199 42.58529282 21.51984978
v 9.30520630 42.45593643 20.89713097
v 8.44851494 42.30559540 20.11858177
v 7.72210979 42.13831329 19.20189095
v 7.15134287 41.95858765 18.17106247
v 6.75627136 41.77126694 17.05539322
v 6.55044317 41.58139038 15.88808346
v 6.54010773 41.39406586 14.70457363
v 6.72388840 41.21434402 13.54069805
v 7.09296036 41.04705811 12.43084717
v 7.63170671 40.89671707 11.40624237
v 8.31880569 40.76736069 10.49347782
v 9.12863922 40.66247940 9.71340370
v 11.90015221 42.81595993 21.85738564
v 11.45843124 42.81595993 21.66072083
v 10.78286839 42.81595993 21.23858261
v 12.29780388 42.69017410 22.42422295
v 11.21654034 42.58529282 22.11565399
v 10.18134975 42.45593643 21.63230324
v 9.22464180 42.30559540 20.98055649
v 8.37772751 42.13831329 20.17388535
v 7.66905260 41.95858765 19.23252487
v 7.12255383 41.77126694 18.18269539
v 6.75627136 41.58139038 17.05539322
v 6.58132315 41.39406586 15.88483906
v 6.60133553 41.21434402 14.70671177
v 6.81235361 41.04705811 13.55629730
v 7.20325994 40.89671707 12.46668625
v 7.75663996 40.76736069 11.46717739
v 8.45002747 40.66247940 10.58198833
v 9.25742912 40.58489609 9.82936668
v 14.47377586 42.81595993 22.52535629
v 15.52622414 42.81595993 22.52535629
v 18.09984779 42.81595993 21.85738564
v 17.58010864 42.81595993 22.08879089
v 17.64292336 42.76776123 22.26137161
v 16.64264679 42.69017410 22.72804451
v 15.56216526 42.58529282 23.03934479
v 14.42813778 42.45593643 23.17800713
v 13.27143097 42.30559540 23.13227463
v 12.12573624 42.13831329 22.89697266
v 11.02589989 41.95858765 22.47419357
v 10.00611877 41.77126694 21.87348938
v 9.09811306 41.58139038 21.11158180
v 8.32945061 41.39406586 20.21160316
v 7.72210979 41.21434402 19.20189095
v 7.29143620 41.04705811 18.11446190
v 7.04553699 40.89671707 16.98327065
v 6.98517084 40.76736069 15.84239101
v 7.10411835 40.66247940 14.72426987
v 16.89641571 42.81595993 22.28483582
v 16.56842995 42.81595993 22.37888336
v 15.63876724 42.81595993 22.50953865
v 17.70219612 42.69017410 22.42422295
v 16.67555428 42.58529282 22.88286781
v 15.57186127 42.45593643 23.17800713
v 14.42004776 42.30559540 23.29369926
v 13.25275517 42.13831329 23.22014046
v 12.10478210 41.95858765 22.95454216
v 11.01132298 41.77126694 22.50160980
v 10.00611877 41.58139038 21.87348938
v 9.11968327 41.39406586 21.08924675
v 8.37772751 41.21434402 20.17388535
v 7.79990482 41.04705811 19.15697670
v 7.39896774 40.89671707 18.07101631
v 7.18040943 40.76736069 16.94964218
v 7.14258671 40.66247940 15.82584763
v 7.27731657 40.58489609 14.73031712
v 18.70915031 42.69017410 21.97589684
v 17.75633240 42.58529282 22.57295990
v 16.70445442 42.45593643 23.01883125
v 15.57995224 42.30559540 23.29369926
v 14.41378117 42.13831329 23.38331223
v 13.24001694 41.95858765 23.28006554
v 12.09416199 41.77126694 22.98372269
v 11.01132298 41.58139038 22.50160980
v 10.02436829 41.39406586 21.84836769
v 9.16224194 41.21434402 21.04517555
v 8.44851494 41.04705811 20.11858177
v 7.90034342 40.89671707 19.09898758
v 7.52784681 40.76736069 18.01894569
v 7.33399010 40.66247940 16.91135025
v 20.24031830 42.81595993 20.42650795
v 20.94454384 42.81595993 19.64438438
v 22.19662476 42.81595993 17.20363426
v 21.99442673 42.81595993 17.82593155
v 22.16471100 42.76776123 17.89473152
v 21.84220123 42.69017410 18.95034599
v 21.35055923 42.58529282 19.96160126
v 20.69479179 42.45593643 20.89713097
v 19.88681984 42.30559540 21.72612953
v 18.94533539 42.13831329 22.42010117
v 17.89521599 41.95858765 22.95454216
v 16.76643753 41.77126694 23.31043816
v 15.59265804 41.58139038 23.47540283
v 14.40950775 41.39406586 23.44442940
v 13.25275517 41.21434402 23.22014046
v 12.15646076 41.04705811 22.81256104
v 11.15128231 40.89671707 22.23838425
v 10.26305199 40.76736069 21.51984978
v 9.51171684 40.66247940 20.68328285
v 21.72006798 42.81595993 18.38845062
v 21.53306389 42.81595993 18.77186584
v 21.05579376 42.81595993 19.47945023
v 22.50240707 42.81595993 15.78853512
v 22.47279930 42.81595993 15.95645428
v 22.31965256 42.81595993 16.82499504
v 22.51400566 40.66247940 12.55855179
v 22.66454124 40.76736069 12.50963879
v 22.79673958 40.89671707 12.46668625
v 22.90703964 41.04705811 12.43084717
v 22.99247360 41.21434402 12.40308762
v 23.05074120 41.39406586 12.38415623
v 23.08027077 41.58139038 12.37456036
v 23.08027077 41.77126694 12.37456036
v 23.05074120 41.95858765 12.38415623
v 22.99247360 42.13831329 12.40308762
v 22.90703964 42.30559540 12.43084717
v 22.79673958 42.45593643 12.46668625
v 22.66454124 42.58529282 12.50963879
v 22.51400566 42.69017410 12.55855179
v 22.10109711 40.66247940 11.53656387
v 22.24336052 40.76736069 11.46717739
v 22.36829376 40.89671707 11.40624237
v 22.47253036 41.04705811 11.35540199
v 22.55327034 41.21434402 11.31602383
v 22.60833549 41.39406586 11.28916645
v 22.63624191 41.58139038 11.27555466
v 22.63624191 41.77126694 11.27555466
v 22.60833549 41.95858765 11.28916645
v 22.55327034 42.13831329 11.31602383
v 22.47253036 42.30559540 11.35540199
v 22.36829376 42.45593643 11.40624237
v 22.24336052 42.58529282 11.46717739
v 22.10109711 42.69017410 11.53656387
v 21.94533157 42.76776123 11.61253452
v 21.78026199 42.81595993 11.69304466
v 21.40629578 42.76776123 10.67889786
v 21.25403595 42.81595993 10.78159714
v 21.41040993 42.81595993 11.05244255
v 21.54997253 40.66247940 10.58198833
v 21.68119240 40.76736069 10.49347782
v 21.79643059 40.89671707 10.41574955
v 21.89258003 41.04705811 10.35089588
v 21.96705246 41.21434402 10.30066299
v 22.01784325 41.39406586 10.26640415
v 22.04358673 41.58139038 10.24904060
v 22.04358673 41.77126694 10.24904060
v 22.01784325 41.95858765 10.26640415
v 21.96705246 42.13831329 10.30066299
v 21.89258003 42.30559540 10.35089588
v 21.79643059 42.45593643 10.41574955
v 21.68119240 42.58529282 10.49347782
v 21.54997253 42.69017410 10.58198833
v 20.74256897 42.76776123 9.82936668
v 20.60608482 42.81595993 9.95225620
v 20.65855598 42.81595993 10.01941681
v 20.87136078 40.66247940 9.71340370
v 20.98898506 40.76736069 9.60749245
v 21.09228516 40.89671707 9.51448250
v 21.17847061 41.04705811 9.43687916
v 21.24522781 41.21434402 9.37677097
v 21.29075623 41.39406586 9.33577633
v 21.31383133 41.58139038 9.31499958
v 21.31383133 41.77126694 9.31499958
v 21.29075623 41.95858765 9.33577633
v 21.24522781 42.13831329 9.37677097
v 21.17847061 42.30559540 9.43687916
v 21.09228516 42.45593643 9.51448250
v 20.98898506 42.58529282 9.60749245
v 20.87136078 42.69017410 9.71340370
v 20.07846642 40.66247940 8.94771671
v 20.18021011 40.76736069 8.82646656
v 20.26955795 40.89671707 8.71998405
v 20.34410667 41.04705811 8.63114166
v 20.40184593 41.21434402 8.56232834
v 20.44122887 41.39406586 8.51539612
v 20.46118736 41.58139038 8.49161053
v 20.46118736 41.77126694 8.49161053
v 20.44122887 41.95858765 8.51539612
v 20.40184593 42.13831329 8.56232834
v 20.34410667 42.30559540 8.63114166
v 20.26955795 42.45593643 8.71998405
v 20.18021011 42.58529282 8.82646656
v 20.07846642 42.69017410 8.94771671
v 19.18672943 40.66247940 8.29983139
v 19.27060699 40.76736069 8.16559982
v 19.34426689 40.89671707 8.04771996
v 19.40572357 41.04705811 7.94936705
v 19.45332718 41.21434402 7.87318707
v 19.48579216 41.39406586 7.82123137
v 19.50224686 41.58139038 7.79489899
v 19.50224686 41.77126694 7.79489899
v 19.48579216 41.95858765 7.82123137
v 19.45332718 42.13831329 7.87318707
v 19.40572357 42.30559540 7.94936705
v 19.34426689 42.45593643 8.04771996
v 19.27060699 42.58529282 8.16559982
v 19.18672943 42.69017410 8.29983139
v 18.21350098 40.66247940 7.78235674
v 18.27787971 40.76736069 7.63775826
v 18.33441734 40.89671707 7.51077461
v 18.38158989 41.04705811 7.40482521
v 18.41812515 41.21434402 7.32276106
v 18.44304466 41.39406586 7.26679277
v 18.45567513 41.58139038 7.23842716
v 18.45567513 41.77126694 7.23842716
v 18.44304466 41.95858765 7.26679277
v 18.41812515 42.13831329 7.32276106
v 18.38158989 42.30559540 7.40482521
v 18.33441734 42.45593643 7.51077461
v 18.27787971 42.58529282 7.63775826
v 18.21350098 42.69017410 7.78235674
v 18.14301300 42.76776123 7.94067717
v 18.06831169 42.81595993 8.10845661
v 17.12995720 42.76776123 7.57195520
v 17.07933426 42.81595993 7.74849796
v 17.50694847 42.81595993 7.90413666
v 17.17772484 40.66247940 7.40536547
v 17.22135353 40.76736069 7.25321436
v 17.25966835 40.89671707 7.11959791
v 17.29163551 41.04705811 7.00811481
v 17.31639671 41.21434402 6.92176437
v 17.33328438 41.39406586 6.86287212
v 17.34184074 41.58139038 6.83302546
v 17.34184074 41.77126694 6.83302546
v 17.33328438 41.95858765 6.86287212
v 17.31639671 42.13831329 6.92176437
v 17.29163551 42.30559540 7.00811481
v 17.25966835 42.45593643 7.11959791
v 17.22135353 42.58529282 7.25321436
v 17.17772484 42.69017410 7.40536547
v 16.07544518 42.76776123 7.34781170
v 16.04988480 42.81595993 7.52968216
v 16.27230644 42.81595993 7.57695913
v 16.09956360 40.66247940 7.17619514
v 16.12159157 40.76736069 7.01945257
v 16.14093781 40.89671707 6.88180494
v 16.15707779 41.04705811 6.76695728
v 16.16958046 41.21434402 6.67800093
v 16.17810631 41.39406586 6.61733294
v 16.18242836 41.58139038 6.58658409
v 16.18242836 41.77126694 6.58658409
v 16.17810631 41.95858765 6.61733294
v 16.16958046 42.13831329 6.67800093
v 16.15707779 42.30559540 6.76695728
v 16.14093781 42.45593643 6.88180494
v 16.12159157 42.58529282 7.01945257
v 16.09956360 42.69017410 7.17619514
v 15.00000000 43.00000000 8.50000000
v 13.95732594 43.00000000 8.58417320
v 13.90252495 43.00000000 8.59767914
v 12.94165802 43.00000000 8.83451271
v 12.83777618 43.00000000 8.87877274
v 11.97929859 43.00000000 9.24453545
v 11.83610344 43.00000000 9.33508778
v 11.09517574 43.00000000 9.80362129
v 10.92604256 43.00000000 9.95345974
v 10.31218338 43.00000000 10.49729156
v 10.13350868 43.00000000 10.71612930
v 9.65060520 43.00000000 11.30757809
v 9.48105907 43.00000000 11.60123920
v 9.12757206 43.00000000 12.21349812
v 8.98726177 43.00000000 12.58346462
v 8.75663185 43.00000000 13.19158649
v 8.66616535 43.00000000 13.63472366
v 8.54739189 43.00000000 14.21651173
v 8.52690125 43.00000000 14.72498035
v 8.50527191 43.00000000 15.26172829
v 8.57343292 43.00000000 15.82309246
v 8.63136005 43.00000000 16.30016518
v 8.80443668 43.00000000 16.89769363
v 8.92239475 43.00000000 17.30493164
v 9.21333981 43.00000000 17.91808701
v 9.37083435 43.00000000 18.25000000
v 9.78851318 43.00000000 18.85511017
v 9.96506786 43.00000000 19.11089516
v 10.51358795 43.00000000 19.68196487
v 10.68970203 43.00000000 19.86531830
v 11.36793137 43.00000000 20.37497520
v 11.52597141 43.00000000 20.49373436
v 12.32721901 43.00000000 20.91426277
v 12.45221710 43.00000000 20.97986603
v 13.36413097 43.00000000 21.28430748
v 13.44444752 43.00000000 21.31112099
v 14.44911671 43.00000000 21.47439575
v 14.47696686 43.00000000 21.47892189
v 15.52303219 43.00000000 21.47892189
v 15.55088234 43.00000000 21.47439575
v 16.55555153 43.00000000 21.31112099
v 16.63586807 43.00000000 21.28430748
v 17.54778290 43.00000000 20.97986603
v 17.67278099 43.00000000 20.91426277
v 18.47402763 43.00000000 20.49373436
v 18.63206673 43.00000000 20.37497520
v 19.31029701 43.00000000 19.86531830
v 19.48641205 43.00000000 19.68196487
v 20.03493118 43.00000000 19.11089516
v 20.21148682 43.00000000 18.85511017
v 20.62916374 43.00000000 18.25000000
v 20.78665924 43.00000000 17.91808701
v 21.07760429 43.00000000 17.30493164
v 21.19556236 43.00000000 16.89769363
v 21.36863899 43.00000000 16.30016518
v 21.42656517 43.00000000 15.82309246
v 21.49472809 43.00000000 15.26172829
v 21.47309875 43.00000000 14.72498035
v 21.45260811 43.00000000 14.21651173
v 21.33383369 43.00000000 13.63472366
v 21.24336815 43.00000000 13.19158649
v 21.01273918 43.00000000 12.58346462
v 20.87242699 43.00000000 12.21349812
v 20.51893997 43.00000000 11.60123920
v 20.34939384 43.00000000 11.30757809
v 19.86649132 43.00000000 10.71612930
v 19.68781662 43.00000000 10.49729156
v 19.07395554 43.00000000 9.95345974
v 18.90482330 43.00000000 9.80362129
v 18.16389656 43.00000000 9.33508778
v 18.02070045 43.00000000 9.24453545
v 17.16222191 43.00000000 8.87877274
v 17.05834007 43.00000000 8.83451271
v 16.09747314 43.00000000 8.59767914
v 16.04267120 43.00000000 8.58417320
v 20.43786240 46.00000000 15.69646263
v 20.38884926 46.00000000 16.10013962
v 20.80907631 45.32053375 16.18593216
v 20.24240112 46.00000000 16.60573959
v 20.14258957 46.00000000 16.95032692
v 20.54361534 45.32053375 17.10241508
v 19.89640236 46.00000000 17.46915054
v 19.76313972 46.00000000 17.74999809
v 20.13457489 45.32053375 17.96444893
v 19.40971947 46.00000000 18.26201820
v 19.26032639 46.00000000 18.47844887
v 19.59255409 45.32053375 18.74970245
v 18.79619408 46.00000000 18.96166229
v 18.64717484 46.00000000 19.11680794
v 18.93158722 45.32053375 19.43784142
v 18.07328796 46.00000000 19.54805756
v 17.93956184 46.00000000 19.64854431
v 18.16879272 45.32053375 20.01104546
v 17.26158333 46.00000000 20.00437737
v 17.15581703 46.00000000 20.05988693
v 17.32393074 45.32053375 20.45446205
v 16.38419533 46.00000000 20.31749153
v 16.31623459 46.00000000 20.34017944
v 16.41887856 45.32053375 20.75661278
v 9.52276230 46.00000000 14.76729107
v 9.54010105 46.00000000 14.33704758
v 9.11433125 45.32053375 14.28534985
v 9.64060020 46.00000000 13.84476566
v 9.71714973 46.00000000 13.46980381
v 9.30518627 45.32053375 13.35047722
v 9.91229916 46.00000000 12.95523930
v 10.03102207 46.00000000 12.64219093
v 9.64353561 45.32053375 12.45832634
v 10.33012772 46.00000000 12.12412548
v 10.47358894 46.00000000 11.87564373
v 10.12061310 45.32053375 11.63200283
v 10.88219833 46.00000000 11.37518597
v 11.03338623 46.00000000 11.19001579
v 10.72406483 45.32053375 10.89290905
v 11.55280495 46.00000000 10.72985077
v 11.69591808 46.00000000 10.60306454
v 11.43826103 45.32053375 10.26018620
v 12.32285595 46.00000000 10.20661163
v 12.44402218 46.00000000 10.12999153
v 12.24470425 45.32053375 9.75022316
v 21.01723862 43.80091095 17.28203773
v 21.30537987 43.80091095 16.28725243
v 21.11724091 44.58113861 16.24884224
v 9.18590069 43.80091095 12.24117565
v 8.81864548 43.80091095 13.20954895
v 9.00308514 44.58113861 13.26297188
v 16.03231621 43.80091095 8.64789963
v 20.57325172 43.80091095 18.21771812
v 19.98492050 43.80091095 19.07006264
v 19.26748466 43.80091095 19.81699371
v 18.43951988 43.80091095 20.43916702
v 17.52247620 43.80091095 20.92047119
v 16.54010010 43.80091095 21.24843407
v 15.51783752 43.80091095 21.41456795
v 13.45989895 43.80091095 21.24843407
v 8.56978130 43.80091095 15.25912857
v 9.70373821 43.80091095 11.34425449
v 10.35874748 43.80091095 10.54201508
v 11.13396072 43.80091095 9.85523605
v 12.00930309 43.80091095 9.30170345
v 12.96210289 43.80091095 8.89575291
v 13.96768284 43.80091095 8.64789963
v 8.61148357 43.80091095 14.22429371
v 8.69461918 43.80091095 16.28725243
v 8.98276043 43.80091095 17.28203773
v 9.42674732 43.80091095 18.21771812
v 10.01507759 43.80091095 19.07006264
v 10.73251438 43.80091095 19.81699371
v 11.56047821 43.80091095 20.43916702
v 12.47752285 43.80091095 20.92047119
v 21.38851547 43.80091095 14.22429371
v 21.18135452 43.80091095 13.20954895
v 20.81409836 43.80091095 12.24117565
v 20.29626083 43.80091095 11.34425449
v 19.64125252 43.80091095 10.54201508
v 18.86603928 43.80091095 9.85523605
v 17.99069786 43.80091095 9.30170345
v 17.03789711 43.80091095 8.89575291
v 15.00000000 43.80091095 8.56456280
v 8.80210495 44.58113861 14.24743843
v 20.92408752 45.32053375 15.23873234
v 21.23835373 44.58113861 15.25139618
v 21.43021584 43.80091095 15.25912857
v 16.00151253 44.58113861 8.83743382
v 15.00000000 44.58113861 8.75658321
v 13.99848557 44.58113861 8.83743382
v 14.52292156 45.32053375 20.90966988
v 13.58112144 45.32053375 20.75661278
v 13.50585175 44.58113861 21.06199455
v 15.46613121 46.00000000 20.47833443
v 15.44256592 46.00000000 20.48216438
v 15.47707844 45.32053375 20.90966988
v 14.49761391 44.58113861 21.22317123
v 15.95106125 45.32053375 9.14788055
v 15.00000000 45.32053375 9.07110310
v 14.04893780 45.32053375 9.14788055
v 13.12250805 45.32053375 9.37622547
v 13.17042542 46.00000000 9.82050037
v 13.02290916 44.58113861 9.07789135
v 12.09853935 44.58113861 9.47172928
v 11.24931526 44.58113861 10.00874519
v 10.49723244 44.58113861 10.67503357
v 9.86176872 44.58113861 11.45333481
v 9.35938168 44.58113861 12.32349300
v 8.76164627 44.58113861 15.25139618
v 9.07591152 45.32053375 15.23873234
v 9.50445938 46.00000000 15.22146225
v 9.19092274 45.32053375 16.18593216
v 9.61115074 46.00000000 16.10013962
v 9.56213570 46.00000000 15.69646263
v 8.88275909 44.58113861 16.24884224
v 9.45638466 45.32053375 17.10241508
v 9.85741043 46.00000000 16.95032692
v 9.75759983 46.00000000 16.60573959
v 9.16230392 44.58113861 17.21394539
v 9.86542416 45.32053375 17.96444893
v 10.23685932 46.00000000 17.74999809
v 10.10359573 46.00000000 17.46915054
v 9.59304237 44.58113861 18.12170792
v 10.40744686 45.32053375 18.74970245
v 10.73967266 46.00000000 18.47844887
v 10.59027958 46.00000000 18.26201820
v 10.16381836 44.58113861 18.94861984
v 11.06841373 45.32053375 19.43784142
v 11.35282516 46.00000000 19.11680794
v 11.20380497 46.00000000 18.96166229
v 10.85984898 44.58113861 19.67326355
v 11.83120728 45.32053375 20.01104546
v 12.06043720 46.00000000 19.64854431
v 11.92671013 46.00000000 19.54805756
v 11.66310692 44.58113861 20.27687454
v 12.67607021 45.32053375 20.45446205
v 12.84418392 46.00000000 20.05988693
v 12.73841572 46.00000000 20.00437737
v 12.55278873 44.58113861 20.74381256
v 13.61580276 46.00000000 20.31749153
v 14.55743313 46.00000000 20.48216438
v 14.53386784 46.00000000 20.47833443
v 13.68376350 46.00000000 20.34017944
v 15.50238609 44.58113861 21.22317123
v 14.48216152 43.80091095 21.41456795
v 16.49414825 44.58113861 21.06199455
v 17.44721031 44.58113861 20.74381256
v 18.33689117 44.58113861 20.27687454
v 19.14015007 44.58113861 19.67326355
v 19.83617973 44.58113861 18.94861984
v 20.40695763 44.58113861 18.12170792
v 20.83769417 44.58113861 17.21394539
v 20.49553871 46.00000000 15.22146225
v 20.88566780 45.32053375 14.28534985
v 20.45989799 46.00000000 14.33704758
v 20.47723770 46.00000000 14.76729107
v 21.19789505 44.58113861 14.24743843
v 20.69481277 45.32053375 13.35047722
v 20.28285027 46.00000000 13.46980381
v 20.35939789 46.00000000 13.84476566
v 20.99691391 44.58113861 13.26297188
v 20.35646248 45.32053375 12.45832634
v 19.96897697 46.00000000 12.64219093
v 20.08769989 46.00000000 12.95523930
v 20.64061737 44.58113861 12.32349300
v 19.87938499 45.32053375 11.63200283
v 19.52641106 46.00000000 11.87564373
v 19.66987228 46.00000000 12.12412548
v 20.13822937 44.58113861 11.45333481
v 19.27593422 45.32053375 10.89290905
v 18.96661377 46.00000000 11.19001579
v 19.11779976 46.00000000 11.37518597
v 19.50276566 44.58113861 10.67503357
v 18.56173706 45.32053375 10.26018620
v 18.30408096 46.00000000 10.60306454
v 18.44719505 46.00000000 10.72985077
v 18.75068474 44.58113861 10.00874519
v 17.75529671 45.32053375 9.75022316
v 17.55597878 46.00000000 10.12999153
v 17.67714310 46.00000000 10.20661163
v 17.90146065 44.58113861 9.47172928
v 16.87749100 45.32053375 9.37622547
v 16.74167442 46.00000000 9.78304958
v 16.82957268 46.00000000 9.82050037
v 16.97709084 44.58113861 9.07789135
v 15.92863178 46.00000000 9.58265209
v 13.25832558 46.00000000 9.78304958
v 14.07136726 46.00000000 9.58265209
v 14.11773777 46.00000000 9.57122231
v 15.00000000 46.00000000 9.50000000
v 15.88226128 46.00000000 9.57122231
v 15.88226128 48.00000000 9.57122231
v 15.00000000 48.00000000 9.50000000
v 14.11773777 48.00000000 9.57122231
v 14.07136726 48.00000000 9.58265209
v 13.25832558 48.00000000 9.78304958
v 13.17042542 48.00000000 9.82050037
v 12.44402218 48.00000000 10.12999153
v 12.32285595 48.00000000 10.20661163
v 11.69591808 48.00000000 10.60306454
v 11.55280495 48.00000000 10.72985077
v 11.03338623 48.00000000 11.19001579
v 10.88219833 48.00000000 11.37518597
v 10.47358894 48.00000000 11.87564373
v 10.33012772 48.00000000 12.12412548
v 10.03102207 48.00000000 12.64219093
v 9.91229916 48.00000000 12.95523930
v 9.71714973 48.00000000 13.46980381
v 9.64060020 48.00000000 13.84476566
v 9.54010105 48.00000000 14.33704758
v 9.52276230 48.00000000 14.76729107
v 9.50445938 48.00000000 15.22146225
v 9.56213570 48.00000000 15.69646263
v 9.61115074 48.00000000 16.10013962
v 9.75759983 48.00000000 16.60573959
v 9.85741043 48.00000000 16.95032692
v 10.10359573 48.00000000 17.46915054
v 10.23685932 48.00000000 17.74999809
v 10.59027958 48.00000000 18.26201820
v 10.73967266 48.00000000 18.47844887
v 11.20380497 48.00000000 18.96166229
v 11.35282516 48.00000000 19.11680794
v 11.92671013 48.00000000 19.54805756
v 12.06043720 48.00000000 19.64854431
v 12.73841572 48.00000000 20.00437737
v 12.84418392 48.00000000 20.05988693
v 13.61580276 48.00000000 20.31749153
v 13.68376350 48.00000000 20.34017944
v 14.53386784 48.00000000 20.47833443
v 14.55743313 48.00000000 20.48216438
v 15.44256592 48.00000000 20.48216438
v 15.46613121 48.00000000 20.47833443
v 16.31623459 48.00000000 20.34017944
v 16.38419533 48.00000000 20.31749153
v 17.15581703 48.00000000 20.05988693
v 17.26158333 48.00000000 20.00437737
v 17.93956184 48.00000000 19.64854431
v 18.07328796 48.00000000 19.54805756
v 18.64717484 48.00000000 19.11680794
v 18.79619408 48.00000000 18.96166229
v 19.26032639 48.00000000 18.47844887
v 19.40971947 48.00000000 18.26201820
v 19.76313972 48.00000000 17.74999809
v 19.89640236 48.00000000 17.46915054
v 20.14258957 48.00000000 16.95032692
v 20.24240112 48.00000000 16.60573959
v 20.38884926 48.00000000 16.10013962
v 20.43786240 48.00000000 15.69646263
v 20.49553871 48.00000000 15.22146225
v 20.47723770 48.00000000 14.76729107
v 20.45989799 48.00000000 14.33704758
v 20.35939789 48.00000000 13.84476566
v 20.28285027 48.00000000 13.46980381
v 20.08769989 48.00000000 12.95523930
v 19.96897697 48.00000000 12.64219093
v 19.66987228 48.00000000 12.12412548
v 19.52641106 48.00000000 11.87564373
v 19.11779976 48.00000000 11.37518597
v 18.96661377 48.00000000 11.19001579
v 18.44719505 48.00000000 10.72985077
v 18.30408096 48.00000000 10.60306454
v 17.67714310 48.00000000 10.20661163
v 17.55597878 48.00000000 10.12999153
v 16.82957268 48.00000000 9.82050037
v 16.74167442 48.00000000 9.78304958
v 15.92863178 48.00000000 9.58265209
v 15.74891663 50.00000000 9.55122757
v 15.88072395 50.00000000 9.57861710
v 15.90866375 49.98636246 9.40876007
v 16.48388290 50.00000000 9.70395470
v 16.73772240 50.00000000 9.79416943
v 16.79379463 49.98636246 9.62692451
v 17.19120598 50.00000000 9.95533752
v 17.55011177 50.00000000 10.14130878
v 17.63246727 49.98636246 9.98425007
v 17.85771179 50.00000000 10.30069351
v 18.29809380 50.00000000 10.61154938
v 18.40295982 49.98636246 10.47148037
v 18.47098351 50.00000000 10.73358727
v 18.96339226 50.00000000 11.19346523
v 19.08531952 49.98636246 11.07599735
v 20.18243408 50.00000000 13.15816212
v 20.27070618 50.00000000 13.47320652
v 20.44094467 49.98636246 13.42401123
v 20.38496208 50.00000000 13.88099098
v 20.44787216 50.00000000 14.33870125
v 20.62329292 49.98636246 14.31720829
v 20.48717880 50.00000000 14.62466621
v 20.48717880 50.00000000 15.22146225
v 20.65999985 49.98636246 15.22809029
v 19.49333382 50.00000000 18.17174149
v 19.25038719 50.00000000 18.47036362
v 19.38782310 49.98636246 18.58254623
v 19.01959801 50.00000000 18.75404358
v 18.63971710 50.00000000 19.10882378
v 18.75632095 49.98636246 19.24001122
v 18.47098351 50.00000000 19.26641083
v 17.93625641 50.00000000 19.64386368
v 18.02753258 49.98636246 19.78765869
v 15.74891663 50.00000000 20.44877243
v 15.44171906 50.00000000 20.46978378
v 15.45581055 49.98636246 20.64622498
v 15.00000000 50.00000000 20.50000000
v 14.55827999 50.00000000 20.46978378
v 14.54418945 49.98636246 20.64622498
v 14.25108337 50.00000000 20.44877243
v 13.68561554 50.00000000 20.33126640
v 13.64437294 49.98636246 20.49999046
v 11.52901649 50.00000000 19.26641083
v 11.36028194 50.00000000 19.10882378
v 11.24367905 49.98636246 19.24001122
v 10.98040104 50.00000000 18.75404358
v 10.74961185 50.00000000 18.47036362
v 10.61217690 49.98636246 18.58254623
v 10.50666523 50.00000000 18.17174149
v 10.24659729 50.00000000 17.74407768
v 10.09431648 49.98636246 17.83229828
v 10.11663151 50.00000000 17.53035736
v 9.86353302 50.00000000 16.94766808
v 9.70351124 49.98636246 17.00869179
v 9.61503792 50.00000000 13.88099098
v 9.72929287 50.00000000 13.47320652
v 9.55905437 49.98636246 13.42401123
v 9.81756496 50.00000000 13.15816212
v 10.03999043 50.00000000 12.64608669
v 9.88231945 49.98636246 12.57163048
v 11.52901649 50.00000000 10.73358727
v 11.70190620 50.00000000 10.61154938
v 11.59703827 49.98636246 10.47148037
v 15.45581055 48.01363754 20.64622498
v 16.35562706 48.01363754 20.49999046
v 16.39393997 48.05418015 20.65544319
v 15.90866375 48.01363754 9.40876007
v 17.63246727 48.01363754 9.98425007
v 18.40295982 48.01363754 10.47148037
v 19.08531952 48.01363754 11.07599735
v 19.66186905 48.01363754 11.78214359
v 20.11767960 48.01363754 12.57163048
v 20.44094467 48.01363754 13.42401123
v 20.62329292 48.01363754 14.31720829
v 13.64437294 48.01363754 20.49999046
v 12.77966785 48.01363754 20.21130943
v 9.37670612 48.01363754 14.31720829
v 9.55905437 48.01363754 13.42401123
v 9.88231945 48.01363754 12.57163048
v 10.33812904 48.01363754 11.78214359
v 10.91467953 48.01363754 11.07599735
v 11.59703827 48.01363754 10.47148037
v 12.36753178 48.01363754 9.98425007
v 13.20620346 48.01363754 9.62692451
v 14.09133530 48.01363754 9.40876007
v 9.44988251 48.01363754 16.13306427
v 9.70351124 48.01363754 17.00869179
v 10.09431648 48.01363754 17.83229828
v 10.61217690 48.01363754 18.58254623
v 11.24367905 48.01363754 19.24001122
v 11.97246742 48.01363754 19.78765869
v 17.22033119 48.01363754 20.21130943
v 18.02753258 48.01363754 19.78765869
v 18.75632095 48.01363754 19.24001122
v 19.38782310 48.01363754 18.58254623
v 19.90568352 48.01363754 17.83229828
v 20.29648781 48.01363754 17.00869179
v 20.55011749 48.01363754 16.13306427
v 16.79379463 48.01363754 9.62692451
v 14.06565189 48.05418015 9.25072861
v 15.00000000 48.05418015 9.17530060
v 15.00000000 48.01363754 9.33540535
v 17.34237099 48.12052536 20.49774933
v 17.28308678 48.05418015 20.35860252
v 14.04139042 48.12052536 9.10143948
v 15.00000000 48.12052536 9.02405167
v 18.26783562 48.21086121 20.16767120
v 18.19393921 48.12052536 20.05080986
v 18.11310196 48.05418015 19.92297745
v 14.01921082 48.21086121 8.96496391
v 15.00000000 48.21086121 8.88578701
v 19.13504982 48.32271957 19.66750717
v 19.05447197 48.21086121 19.57655334
v 18.96278572 48.12052536 19.47306061
v 18.86248970 48.05418015 19.35984993
v 19.90880013 48.45305252 19.00791168
v 19.83022308 48.32271957 18.94375420
v 19.73609924 48.21086121 18.86690521
v 19.62899780 48.12052536 18.77946091
v 19.51184082 48.05418015 18.68380356
v 20.55622292 48.59830475 18.20788574
v 20.48814583 48.45305252 18.16858292
v 20.40029526 48.32271957 18.11786270
v 20.29506302 48.21086121 18.05710602
v 20.17532349 48.12052536 17.98797417
v 20.04433823 48.05418015 17.91234779
v 21.04899216 48.75451279 17.29408073
v 20.99885178 48.59830475 17.27506447
v 20.92535400 48.45305252 17.24718857
v 20.83050346 48.32271957 17.21121788
v 20.71688652 48.21086121 17.16812897
v 20.58760834 48.12052536 17.11910057
v 20.44618797 48.05418015 17.06546783
v 21.36529160 48.91741943 16.29948425
v 21.33865738 48.75451279 16.29404449
v 21.28611565 48.59830475 16.28331757
v 21.20909691 48.45305252 16.26759529
v 21.10970306 48.32271957 16.24730492
v 20.99064827 48.21086121 16.22299767
v 20.85517693 48.12052536 16.19534111
v 20.70698547 48.05418015 16.16508865
v 21.49131584 49.08258057 15.26159096
v 21.49131584 48.91741943 15.26159096
v 21.46415329 48.75451279 15.26049614
v 21.41057014 48.59830475 15.25833607
v 21.33202553 48.45305252 15.25517178
v 21.23066521 48.32271957 15.25108719
v 21.10925293 48.21086121 15.24619389
v 20.97109985 48.12052536 15.24062634
v 20.81997490 48.05418015 15.23453617
v 20.65999985 48.01363754 15.22809029
v 21.42222977 49.24548340 14.22019958
v 21.44921494 49.08258057 14.21692276
v 21.44921494 48.91741943 14.21692276
v 21.42222977 48.75451279 14.22019958
v 21.36899567 48.59830475 14.22666359
v 21.29096222 48.45305252 14.23613930
v 21.19025803 48.32271957 14.24836636
v 21.06963348 48.21086121 14.26301289
v 20.93237686 48.12052536 14.27967834
v 20.78223038 48.05418015 14.29790974
v 21.16246605 49.40169525 13.21501923
v 21.21397400 49.24548340 13.20009995
v 21.24008751 49.08258057 13.19253635
v 21.24008751 48.91741943 13.19253635
v 21.21397400 48.75451279 13.20009995
v 21.16246605 48.59830475 13.21501923
v 21.08696365 48.45305252 13.23688984
v 20.98952675 48.32271957 13.26511288
v 20.87281227 48.21086121 13.29891968
v 20.74000549 48.12052536 13.33738708
v 20.59472847 48.05418015 13.37946701
v 20.72531509 49.54695129 12.28330421
v 20.79633331 49.40169525 12.24960613
v 20.84478188 49.24548340 12.22661591
v 20.86934090 49.08258057 12.21496201
v 20.86934090 48.91741943 12.21496201
v 20.84478188 48.75451279 12.22661591
v 20.79633331 48.59830475 12.24960613
v 20.72531509 48.45305252 12.28330421
v 20.63366699 48.32271957 12.32679081
v 20.52388763 48.21086121 12.37888241
v 20.39897346 48.12052536 12.43815613
v 20.26232719 48.05418015 12.50299454
v 20.13190079 49.67728424 11.45770454
v 20.21538544 49.54695129 11.40007973
v 20.28007889 49.40169525 11.35542488
v 20.32421112 49.24548340 11.32496166
v 20.34658432 49.08258057 11.30951977
v 20.34658432 48.91741943 11.30951977
v 20.32421112 48.75451279 11.32496166
v 20.28007889 48.59830475 11.35542488
v 20.21538544 48.45305252 11.40007973
v 20.13190079 48.32271957 11.45770454
v 20.03189850 48.21086121 11.52673054
v 19.91810799 48.12052536 11.60527515
v 19.79363251 48.05418015 11.69119263
v 19.40958595 49.78914261 10.76453590
v 19.49721909 49.67728424 10.68036175
v 19.57038116 49.54695129 10.61009026
v 19.62707138 49.40169525 10.55563736
v 19.66574860 49.24548340 10.51848888
v 19.68535233 49.08258057 10.49965763
v 19.68535233 48.91741943 10.49965763
v 19.66574860 48.75451279 10.51848888
v 19.62707138 48.59830475 10.55563736
v 19.57038116 48.45305252 10.61009026
v 19.49721909 48.32271957 10.68036175
v 19.40958595 48.21086121 10.76453590
v 19.30986786 48.12052536 10.86031532
v 19.20078659 48.05418015 10.96508884
v 13.10760784 48.12052536 9.33159542
v 13.06382370 48.21086121 9.20044613
v 12.15858364 48.21086121 9.58613300
v 12.10211372 48.32271957 9.47854042
v 11.25393581 48.32271957 10.01489544
v 11.19299603 48.45305252 9.93379784
v 10.42961979 48.45305252 10.61009026
v 10.37292862 48.59830475 10.55563736
v 9.71992111 48.59830475 11.35542488
v 9.67578793 48.75451279 11.32496166
v 9.15521717 48.75451279 12.22661591
v 9.13065720 48.91741943 12.21496201
v 8.75991249 48.91741943 13.19253635
v 8.75991249 49.08258057 13.19253635
v 8.55078316 49.08258057 14.21692276
v 8.57776833 49.24548340 14.22019958
v 8.53584576 49.24548340 15.26049614
v 8.58942986 49.40169525 15.25833607
v 8.71388435 49.40169525 16.28331757
v 8.79090309 49.54695129 16.26759529
v 9.07464600 49.54695129 17.24718857
v 9.16949654 49.67728424 17.21121788
v 9.59970474 49.67728424 18.11786270
v 9.70493603 49.78914261 18.05710602
v 10.26389980 49.78914261 18.86690521
v 10.37100124 49.87947083 18.77946091
v 18.59000397 49.87947083 10.22257233
v 18.67306519 49.78914261 10.11203575
v 18.74606323 49.67728424 10.01489544
v 18.80700302 49.54695129 9.93379784
v 18.85422516 49.40169525 9.87095547
v 18.88644218 49.24548340 9.82808495
v 18.90277290 49.08258057 9.80635166
v 18.90277290 48.91741943 9.80635166
v 18.88644218 48.75451279 9.82808495
v 18.85422516 48.59830475 9.87095547
v 18.80700302 48.45305252 9.93379784
v 18.74606323 48.32271957 10.01489544
v 18.67306519 48.21086121 10.11203575
v 18.59000397 48.12052536 10.22257233
v 18.49914360 48.05418015 10.34348679
v 13.02534485 48.32271957 9.08518791
v 12.05497169 48.45305252 9.38871670
v 11.14577293 48.59830475 9.87095547
v 10.33425236 48.75451279 10.51848888
v 9.65341568 48.91741943 11.30951977
v 9.13065720 49.08258057 12.21496201
v 8.78602314 49.24548340 13.20009995
v 8.63100433 49.40169525 14.22666359
v 8.66797256 49.54695129 15.25517178
v 8.89029503 49.67728424 16.24730492
v 9.28311157 49.78914261 17.16812897
v 9.82467747 49.87947083 17.98797417
v 10.48815823 49.94581604 18.68380356
v 10.79921246 48.05418015 10.96508884
v 10.20636559 48.05418015 11.69119263
v 10.08189106 48.12052536 11.60527515
v 9.60102654 48.12052536 12.43815613
v 9.47611237 48.21086121 12.37888241
v 9.12718773 48.21086121 13.29891968
v 9.01047325 48.32271957 13.26511288
v 8.80974197 48.32271957 14.24836636
v 8.70903778 48.45305252 14.23613930
v 8.66797256 48.45305252 15.25517178
v 8.58942986 48.59830475 15.25833607
v 8.71388435 48.59830475 16.28331757
v 8.66134167 48.75451279 16.29404449
v 8.95100594 48.75451279 17.29408073
v 8.92558765 48.91741943 17.30372047
v 9.37379265 48.91741943 18.24829102
v 9.37379265 49.08258057 18.24829102
v 9.96771240 49.08258057 19.10873413
v 9.98876953 49.24548340 19.09154320
v 10.70999336 49.24548340 19.84241676
v 10.74555492 49.40169525 19.80227661
v 11.57098866 49.40169525 20.42254829
v 11.61299992 49.54695129 20.35610962
v 12.51604176 49.54695129 20.83006287
v 12.55580425 49.67728424 20.73673630
v 13.50769329 49.67728424 21.05452538
v 13.53677273 49.78914261 20.93654442
v 14.50800991 49.78914261 21.09438515
v 14.51913548 49.87947083 20.95656776
v 15.48086357 49.87947083 20.95656776
v 15.46869373 49.94581604 20.80581093
v 11.88689613 48.05418015 19.92297745
v 12.71691132 48.05418015 20.35860252
v 12.65762711 48.12052536 20.49774933
v 13.56986141 48.12052536 20.80229759
v 13.53677273 48.21086121 20.93654442
v 14.50800991 48.21086121 21.09438515
v 14.49823189 48.32271957 21.21550179
v 15.50176716 48.32271957 21.21550179
v 15.50992966 48.45305252 21.31661797
v 16.51658249 48.45305252 21.15301895
v 16.53539467 48.59830475 21.22934151
v 17.51476860 48.59830475 20.90237999
v 17.53578949 48.75451279 20.95171356
v 18.45767403 48.75451279 20.46787453
v 18.47220230 48.91741943 20.49084663
v 19.30803299 48.91741943 19.86276436
v 19.30803299 49.08258057 19.86276436
v 20.03228760 49.08258057 19.10873413
v 20.01122856 49.24548340 19.09154320
v 20.60266304 49.24548340 18.23469925
v 20.55622292 49.40169525 18.20788574
v 20.99885178 49.40169525 17.27506447
v 20.92535400 49.54695129 17.24718857
v 21.20909691 49.54695129 16.26759529
v 21.10970306 49.67728424 16.24730492
v 21.23066521 49.67728424 15.25108719
v 21.10925293 49.78914261 15.24619389
v 21.06963348 49.78914261 14.26301289
v 20.93237686 49.87947083 14.27967834
v 20.74000549 49.87947083 13.33738708
v 20.59472847 49.94581604 13.37946701
v 17.70687294 49.94581604 9.84248447
v 17.77716255 49.87947083 9.70856094
v 17.84141541 49.78914261 9.58613300
v 17.89788437 49.67728424 9.47854042
v 17.94502640 49.54695129 9.38871670
v 17.98155975 49.40169525 9.31911469
v 18.00647926 49.24548340 9.27163029
v 18.01911354 49.08258057 9.24756050
v 18.01911354 48.91741943 9.24756050
v 18.00647926 48.75451279 9.27163029
v 17.98155975 48.59830475 9.31911469
v 17.94502640 48.45305252 9.38871670
v 17.89788437 48.32271957 9.47854042
v 17.84141541 48.21086121 9.58613300
v 17.77716255 48.12052536 9.70856094
v 17.70687294 48.05418015 9.84248447
v 13.99971962 48.32271957 8.84502697
v 12.99322224 48.45305252 8.98896599
v 12.01844120 48.59830475 9.31911469
v 11.11355782 48.75451279 9.82808495
v 10.31464672 48.91741943 10.49965763
v 9.65341568 49.08258057 11.30951977
v 9.15521717 49.24548340 12.22661591
v 8.83753300 49.40169525 13.21501923
v 8.70903778 49.54695129 14.23613930
v 8.76933289 49.67728424 15.25108719
v 9.00935078 49.78914261 16.22299767
v 9.41239071 49.87947083 17.11910057
v 9.95566177 49.94581604 17.91234779
v 11.50085640 48.05418015 10.34348679
v 10.69013214 48.12052536 10.86031532
v 9.96810150 48.21086121 11.52673054
v 9.36633205 48.32271957 12.32679081
v 8.91303635 48.45305252 13.23688984
v 8.63100433 48.59830475 14.22666359
v 8.53584576 48.75451279 15.26049614
v 8.63470650 48.91741943 16.29948425
v 8.92558765 49.08258057 17.30372047
v 9.39733505 49.24548340 18.23469925
v 10.03030968 49.40169525 19.05762672
v 10.79768085 49.54695129 19.74343681
v 11.66721821 49.67728424 20.27037239
v 12.60343170 49.78914261 20.62495041
v 13.56986141 49.87947083 20.80229759
v 14.53130627 49.94581604 20.80581093
v 11.13750935 48.05418015 19.35984993
v 11.80605984 48.12052536 20.05080986
v 12.60343170 48.21086121 20.62495041
v 13.50769329 48.32271957 21.05452538
v 14.49006939 48.45305252 21.31661797
v 15.51625538 48.59830475 21.39496803
v 16.54822731 48.75451279 21.28141022
v 17.54644394 48.91741943 20.97672462
v 18.47220230 49.08258057 20.49084663
v 19.29000664 49.24548340 19.84241676
v 19.96969032 49.40169525 19.05762672
v 20.48814583 49.54695129 18.16858292
v 20.83050346 49.67728424 17.21121788
v 20.99064827 49.78914261 16.22299767
v 20.97109985 49.87947083 15.24062634
v 20.78223038 49.94581604 14.29790974
v 16.84449577 49.94581604 9.47505951
v 16.89239120 49.87947083 9.33159542
v 16.93617630 49.78914261 9.20044613
v 16.97465324 49.67728424 9.08518791
v 17.00677681 49.54695129 8.98896599
v 17.03166962 49.40169525 8.91440582
v 17.04865074 49.24548340 8.86353779
v 17.05726051 49.08258057 8.83775234
v 17.05726051 48.91741943 8.83775234
v 17.04865074 48.75451279 8.86353779
v 17.03166962 48.59830475 8.91440582
v 17.00677681 48.45305252 8.98896599
v 16.97465324 48.32271957 9.08518791
v 16.93617630 48.21086121 9.20044613
v 16.89239120 48.12052536 9.33159542
v 16.84449577 48.05418015 9.47505951
v 10.33812904 49.98636246 11.78214359
v 10.91467953 49.98636246 11.07599735
v 10.79921246 49.94581604 10.96508884
v 9.33999920 49.98636246 15.22809029
v 9.37670612 49.98636246 14.31720829
v 9.21776867 49.94581604 14.29790974
v 9.40527058 49.94581604 13.37946701
v 9.25999451 49.87947083 13.33738708
v 9.60102654 49.87947083 12.43815613
v 9.47611237 49.78914261 12.37888241
v 9.96810150 49.78914261 11.52673054
v 9.86809921 49.67728424 11.45770454
v 10.50277996 49.67728424 10.68036175
v 10.42961979 49.54695129 10.61009026
v 11.19299603 49.54695129 9.93379784
v 11.14577293 49.40169525 9.87095547
v 12.01844120 49.40169525 9.31911469
v 11.99351978 49.24548340 9.27163029
v 12.95134830 49.24548340 8.86353779
v 12.94273853 49.08258057 8.83775234
v 13.95787430 49.08258057 8.58754444
v 13.95787430 48.91741943 8.58754444
v 15.00000000 48.91741943 8.50341511
v 15.00000000 48.75451279 8.53059959
v 12.77966785 49.98636246 20.21130943
v 11.97246742 49.98636246 19.78765869
v 11.88689613 49.94581604 19.92297745
v 17.22033119 49.98636246 20.21130943
v 16.35562706 49.98636246 20.49999046
v 16.39393997 49.94581604 20.65544319
v 9.33999920 48.01363754 15.22809029
v 9.18002415 48.05418015 15.23453617
v 9.29301453 48.05418015 16.16508865
v 9.14482212 48.12052536 16.19534111
v 9.41239071 48.12052536 17.11910057
v 9.28311157 48.21086121 17.16812897
v 9.70493603 48.21086121 18.05710602
v 9.59970474 48.32271957 18.11786270
v 10.16977692 48.32271957 18.94375420
v 10.09119892 48.45305252 19.00791168
v 10.79768085 48.45305252 19.74343681
v 10.74555492 48.59830475 19.80227661
v 11.57098866 48.59830475 20.42254829
v 11.54232597 48.75451279 20.46787453
v 12.46421051 48.75451279 20.95171356
v 12.45355511 48.91741943 20.97672462
v 13.44526577 48.91741943 21.30780602
v 13.44526577 49.08258057 21.30780602
v 14.47724152 49.08258057 21.47551727
v 14.47942924 49.24548340 21.44842148
v 15.52056980 49.24548340 21.44842148
v 15.51625538 49.40169525 21.39496803
v 16.53539467 49.40169525 21.22934151
v 16.51658249 49.54695129 21.15301895
v 17.48395729 49.54695129 20.83006287
v 17.44419479 49.67728424 20.73673630
v 18.33278084 49.67728424 20.27037239
v 18.26783562 49.78914261 20.16767120
v 19.05447197 49.78914261 19.57655334
v 18.96278572 49.87947083 19.47306061
v 19.62899780 49.87947083 18.77946091
v 19.51184082 49.94581604 18.68380356
v 20.04433823 49.94581604 17.91234779
v 19.90568352 49.98636246 17.83229828
v 20.29648781 49.98636246 17.00869179
v 19.66186905 49.98636246 11.78214359
v 20.11767960 49.98636246 12.57163048
v 20.26232719 49.94581604 12.50299454
v 14.09133530 49.98636246 9.40876007
v 14.11927414 50.00000000 9.57861710
v 14.25108337 50.00000000 9.55122757
v 15.00000000 49.40169525 8.58422661
v 13.98344707 49.54695129 8.74489689
v 15.00000000 49.54695129 8.66283321
v 13.99971962 49.67728424 8.84502697
v 15.00000000 49.67728424 8.76427650
v 14.01921082 49.78914261 8.96496391
v 15.00000000 49.78914261 8.88578701
v 14.04139042 49.87947083 9.10143948
v 15.00000000 49.87947083 9.02405167
v 14.06565189 49.94581604 9.25072861
v 15.00000000 49.94581604 9.17530060
v 15.00000000 49.98636246 9.33540535
v 15.00000000 50.00000000 9.50000000
v 13.20620346 49.98636246 9.62692451
v 13.26227760 50.00000000 9.79416943
v 13.51611805 50.00000000 9.70395470
v 13.02534485 49.67728424 9.08518791
v 13.06382370 49.78914261 9.20044613
v 13.10760784 49.87947083 9.33159542
v 13.15550423 49.94581604 9.47505951
v 12.14228725 50.00000000 10.30069351
v 12.44988632 50.00000000 10.14130878
v 12.36753178 49.98636246 9.98425007
v 12.80879402 50.00000000 9.95533752
v 12.15858364 49.78914261 9.58613300
v 12.22283840 49.87947083 9.70856094
v 12.29312611 49.94581604 9.84248447
v 11.40999603 49.87947083 10.22257233
v 11.50085640 49.94581604 10.34348679
v 11.03660774 50.00000000 11.19346523
v 10.11663151 50.00000000 12.46964169
v 10.47669888 50.00000000 11.87753487
v 10.50666523 50.00000000 11.82825756
v 10.98040104 50.00000000 11.24595737
v 10.20636559 49.94581604 11.69119263
v 10.69013214 49.87947083 10.86031532
v 11.32693291 49.78914261 10.11203575
v 12.10211372 49.67728424 9.47854042
v 12.99322224 49.54695129 8.98896599
v 13.97083664 49.40169525 8.66730881
v 15.00000000 49.24548340 8.53059959
v 9.73767185 49.94581604 12.50299454
v 10.08189106 49.87947083 11.60527515
v 10.59041405 49.78914261 10.76453590
v 11.25393581 49.67728424 10.01489544
v 12.05497169 49.54695129 9.38871670
v 12.96832943 49.40169525 8.91440582
v 13.96223545 49.24548340 8.61437607
v 15.00000000 49.08258057 8.50341511
v 9.55212688 50.00000000 14.33870125
v 9.81756496 50.00000000 16.84183884
v 9.61503792 50.00000000 16.11900711
v 9.44988251 49.98636246 16.13306427
v 9.18002415 49.94581604 15.23453617
v 9.06762409 49.87947083 14.27967834
v 9.12718773 49.78914261 13.29891968
v 9.36633205 49.67728424 12.32679081
v 9.78461361 49.54695129 11.40007973
v 10.37292862 49.40169525 10.55563736
v 11.11355782 49.24548340 9.82808495
v 11.98088646 49.08258057 9.24756050
v 12.94273853 48.91741943 8.83775234
v 13.96223545 48.75451279 8.61437607
v 15.00000000 48.59830475 8.58422661
v 9.51282120 50.00000000 15.37533283
v 9.51282120 50.00000000 15.22146225
v 9.51282120 50.00000000 14.62466621
v 9.29301453 49.94581604 16.16508865
v 9.02889824 49.87947083 15.24062634
v 8.93036652 49.78914261 14.26301289
v 9.01047325 49.67728424 13.26511288
v 9.27468395 49.54695129 12.28330421
v 9.71992111 49.40169525 11.35542488
v 10.33425236 49.24548340 10.51848888
v 11.09722614 49.08258057 9.80635166
v 11.98088646 48.91741943 9.24756050
v 12.95134830 48.75451279 8.86353779
v 13.97083664 48.59830475 8.66730881
v 15.00000000 48.45305252 8.66283321
v 9.55381012 49.94581604 17.06546783
v 9.14482212 49.87947083 16.19534111
v 8.89074612 49.78914261 15.24619389
v 8.80974197 49.67728424 14.24836636
v 8.91303635 49.54695129 13.23688984
v 9.20366669 49.40169525 12.24960613
v 9.67578793 49.24548340 11.32496166
v 10.31464672 49.08258057 10.49965763
v 11.09722614 48.91741943 9.80635166
v 11.99351978 48.75451279 9.27163029
v 12.96832943 48.59830475 8.91440582
v 13.98344707 48.45305252 8.74489689
v 15.00000000 48.32271957 8.76427650
v 11.03721333 49.87947083 19.47306061
v 11.13750935 49.94581604 19.35984993
v 12.06374264 50.00000000 19.64386368
v 13.51611805 50.00000000 20.29604530
v 12.84501934 50.00000000 20.05753708
v 12.80879402 50.00000000 20.04466248
v 12.14228725 50.00000000 19.69930458
v 12.71691132 49.94581604 20.35860252
v 11.80605984 49.87947083 20.05080986
v 10.94552708 49.78914261 19.57655334
v 10.16977692 49.67728424 18.94375420
v 9.51185226 49.54695129 18.16858292
v 9.00114727 49.40169525 17.27506447
v 8.66134167 49.24548340 16.29404449
v 8.50868416 49.08258057 15.26159096
v 8.55078316 48.91741943 14.21692276
v 8.78602314 48.75451279 13.20009995
v 9.20366669 48.59830475 12.24960613
v 9.78461361 48.45305252 11.40007973
v 10.50277996 48.32271957 10.68036175
v 11.32693291 48.21086121 10.11203575
v 12.22283840 48.12052536 9.70856094
v 13.15550423 48.05418015 9.47505951
v 13.60605717 49.94581604 20.65544319
v 12.65762711 49.87947083 20.49774933
v 11.73216152 49.78914261 20.16767120
v 10.86495018 49.67728424 19.66750717
v 10.09119892 49.54695129 19.00791168
v 9.44377708 49.40169525 18.20788574
v 8.95100594 49.24548340 17.29408073
v 8.63470650 49.08258057 16.29948425
v 8.50868416 48.91741943 15.26159096
v 8.57776833 48.75451279 14.22019958
v 8.83753300 48.59830475 13.21501923
v 9.27468395 48.45305252 12.28330421
v 9.86809921 48.32271957 11.45770454
v 10.59041405 48.21086121 10.76453590
v 11.40999603 48.12052536 10.22257233
v 12.29312611 48.05418015 9.84248447
v 16.31438446 50.00000000 20.33126640
v 17.85771179 50.00000000 19.69930458
v 17.19120598 50.00000000 20.04466248
v 17.15497971 50.00000000 20.05753708
v 16.48388290 50.00000000 20.29604530
v 17.28308678 49.94581604 20.35860252
v 16.43013763 49.87947083 20.80229759
v 15.49198914 49.78914261 21.09438515
v 14.49823189 49.67728424 21.21550179
v 13.48341656 49.54695129 21.15301895
v 12.48523045 49.40169525 20.90237999
v 11.54232597 49.24548340 20.46787453
v 10.69196701 49.08258057 19.86276436
v 9.96771240 48.91741943 19.10873413
v 9.39733505 48.75451279 18.23469925
v 9.00114727 48.59830475 17.27506447
v 8.79090309 48.45305252 16.26759529
v 8.76933289 48.32271957 15.25108719
v 8.93036652 48.21086121 14.26301289
v 9.25999451 48.12052536 13.33738708
v 9.73767185 48.05418015 12.50299454
v 18.11310196 49.94581604 19.92297745
v 17.34237099 49.87947083 20.49774933
v 16.46322632 49.78914261 20.93654442
v 15.50176716 49.67728424 21.21550179
v 14.49006939 49.54695129 21.31661797
v 13.46460438 49.40169525 21.22934151
v 12.46421051 49.24548340 20.95171356
v 11.52779675 49.08258057 20.49084663
v 10.69196701 48.91741943 19.86276436
v 9.98876953 48.75451279 19.09154320
v 9.44377708 48.59830475 18.20788574
v 9.07464600 48.45305252 17.24718857
v 8.89029503 48.32271957 16.24730492
v 8.89074612 48.21086121 15.24619389
v 9.06762409 48.12052536 14.27967834
v 9.40527058 48.05418015 13.37946701
v 18.86248970 49.94581604 19.35984993
v 18.19393921 49.87947083 20.05080986
v 17.39656830 49.78914261 20.62495041
v 16.49230576 49.67728424 21.05452538
v 15.50992966 49.54695129 21.31661797
v 14.48374462 49.40169525 21.39496803
v 13.45177078 49.24548340 21.28141022
v 12.45355511 49.08258057 20.97672462
v 11.52779675 48.91741943 20.49084663
v 10.70999336 48.75451279 19.84241676
v 10.03030968 48.59830475 19.05762672
v 9.51185226 48.45305252 18.16858292
v 9.16949654 48.32271957 17.21121788
v 9.00935078 48.21086121 16.22299767
v 9.02889824 48.12052536 15.24062634
v 9.21776867 48.05418015 14.29790974
v 19.75340271 50.00000000 17.74407768
v 20.48717880 50.00000000 15.37533283
v 20.38496208 50.00000000 16.11900711
v 20.55011749 49.98636246 16.13306427
v 20.44618797 49.94581604 17.06546783
v 20.17532349 49.87947083 17.98797417
v 19.73609924 49.78914261 18.86690521
v 19.13504982 49.67728424 19.66750717
v 18.38699913 49.54695129 20.35610962
v 17.51476860 49.40169525 20.90237999
v 16.54822731 49.24548340 21.28141022
v 15.52275753 49.08258057 21.47551727
v 14.47724152 48.91741943 21.47551727
v 13.45177078 48.75451279 21.28141022
v 12.48523045 48.59830475 20.90237999
v 11.61299992 48.45305252 20.35610962
v 10.86495018 48.32271957 19.66750717
v 10.26389980 48.21086121 18.86690521
v 9.82467747 48.12052536 17.98797417
v 9.55381012 48.05418015 17.06546783
v 20.18243408 50.00000000 16.84183884
v 20.13646698 50.00000000 16.94766808
v 19.88336754 50.00000000 17.53035736
v 20.70698547 49.94581604 16.16508865
v 20.58760834 49.87947083 17.11910057
v 20.29506302 49.78914261 18.05710602
v 19.83022308 49.67728424 18.94375420
v 19.20231819 49.54695129 19.74343681
v 18.42901039 49.40169525 20.42254829
v 17.53578949 49.24548340 20.95171356
v 16.55473328 49.08258057 21.30780602
v 15.52275753 48.91741943 21.47551727
v 14.47942924 48.75451279 21.44842148
v 13.46460438 48.59830475 21.22934151
v 12.51604176 48.45305252 20.83006287
v 11.66721821 48.32271957 20.27037239
v 10.94552708 48.21086121 19.57655334
v 10.37100124 48.12052536 18.77946091
v 9.95566177 48.05418015 17.91234779
v 20.81997490 49.94581604 15.23453617
v 20.85517693 49.87947083 16.19534111
v 20.71688652 49.78914261 17.16812897
v 20.40029526 49.67728424 18.11786270
v 19.90880013 49.54695129 19.00791168
v 19.25444412 49.40169525 19.80227661
v 18.45767403 49.24548340 20.46787453
v 17.54644394 49.08258057 20.97672462
v 16.55473328 48.91741943 21.30780602
v 15.52056980 48.75451279 21.44842148
v 14.48374462 48.59830475 21.39496803
v 13.48341656 48.45305252 21.15301895
v 12.55580425 48.32271957 20.73673630
v 11.73216152 48.21086121 20.16767120
v 11.03721333 48.12052536 19.47306061
v 10.48815823 48.05418015 18.68380356
v 19.96000862 50.00000000 12.64608669
v 19.01959801 50.00000000 11.24595737
v 19.49333382 50.00000000 11.82825756
v 19.52330017 50.00000000 11.87753487
v 19.88336754 50.00000000 12.46964169
v 19.79363251 49.94581604 11.69119263
v 20.39897346 49.87947083 12.43815613
v 20.87281227 49.78914261 13.29891968
v 21.19025803 49.67728424 14.24836636
v 21.33202553 49.54695129 15.25517178
v 21.28611565 49.40169525 16.28331757
v 21.04899216 49.24548340 17.29408073
v 20.62620544 49.08258057 18.24829102
v 20.03228760 48.91741943 19.10873413
v 19.29000664 48.75451279 19.84241676
v 18.42901039 48.59830475 20.42254829
v 17.48395729 48.45305252 20.83006287
v 16.49230576 48.32271957 21.05452538
v 15.49198914 48.21086121 21.09438515
v 14.51913548 48.12052536 20.95656776
v 13.60605717 48.05418015 20.65544319
v 19.20078659 49.94581604 10.96508884
v 19.91810799 49.87947083 11.60527515
v 20.52388763 49.78914261 12.37888241
v 20.98952675 49.67728424 13.26511288
v 21.29096222 49.54695129 14.23613930
v 21.41057014 49.40169525 15.25833607
v 21.33865738 49.24548340 16.29404449
v 21.07441139 49.08258057 17.30372047
v 20.62620544 48.91741943 18.24829102
v 20.01122856 48.75451279 19.09154320
v 19.25444412 48.59830475 19.80227661
v 18.38699913 48.45305252 20.35610962
v 17.44419479 48.32271957 20.73673630
v 16.46322632 48.21086121 20.93654442
v 15.48086357 48.12052536 20.95656776
v 14.53130627 48.05418015 20.80581093
v 18.49914360 49.94581604 10.34348679
v 19.30986786 49.87947083 10.86031532
v 20.03189850 49.78914261 11.52673054
v 20.63366699 49.67728424 12.32679081
v 21.08696365 49.54695129 13.23688984
v 21.36899567 49.40169525 14.22666359
v 21.46415329 49.24548340 15.26049614
v 21.36529160 49.08258057 16.29948425
v 21.07441139 48.91741943 17.30372047
v 20.60266304 48.75451279 18.23469925
v 19.96969032 48.59830475 19.05762672
v 19.20231819 48.45305252 19.74343681
v 18.33278084 48.32271957 20.27037239
v 17.39656830 48.21086121 20.62495041
v 16.43013763 48.12052536 20.80229759
v 15.46869373 48.05418015 20.80581093
v 14.54418945 48.01363754 20.64622498
v 15.93434811 48.05418015 9.25072861
v 15.95860863 48.12052536 9.10143948
v 15.98078728 48.21086121 8.96496391
v 16.00028038 48.32271957 8.84502697
v 16.01655197 48.45305252 8.74489689
v 16.02916145 48.59830475 8.66730881
v 16.03776360 48.75451279 8.61437607
v 16.04212379 48.91741943 8.58754444
v 16.04212379 49.08258057 8.58754444
v 16.03776360 49.24548340 8.61437607
v 16.02916145 49.40169525 8.66730881
v 16.01655197 49.54695129 8.74489689
v 16.00028038 49.67728424 8.84502697
v 15.98078728 49.78914261 8.96496391
v 15.95860863 49.87947083 9.10143948
v 15.93434811 49.94581604 9.25072861
v 13.49618816 52.23645782 9.63282585
v 14.24102497 52.23645782 9.47804737
v 12.77936459 52.23645782 9.88758564
v 12.10390759 52.23645782 10.23757839
v 11.48239899 52.23645782 10.67628670
v 10.92641640 52.23645782 11.19553852
v 10.44631767 52.23645782 11.78565979
v 10.05104446 52.23645782 12.43565750
v 9.74796200 52.23645782 13.13342571
v 9.54271507 52.23645782 13.86596298
v 9.43912601 52.23645782 14.61962509
v 9.43912601 52.23645782 15.38037395
v 9.54271507 52.23645782 16.13403702
v 9.74796200 52.23645782 16.86657333
v 10.05104446 52.23645782 17.56434059
v 10.44631767 52.23645782 18.21434021
v 10.92641640 52.23645782 18.80446053
v 11.48239899 52.23645782 19.32371140
v 12.10390759 52.23645782 19.76242065
v 12.77936459 52.23645782 20.11241341
v 13.49618816 52.23645782 20.36717415
v 14.24102497 52.23645782 20.52195168
v 15.00000000 52.23645782 20.57386780
v 15.75897408 52.23645782 20.52195168
v 16.50381088 52.23645782 20.36717415
v 17.22063446 52.23645782 20.11241341
v 17.89609146 52.23645782 19.76242065
v 18.51760101 52.23645782 19.32371140
v 19.07358360 52.23645782 18.80446053
v 19.55368233 52.23645782 18.21434021
v 19.94895554 52.23645782 17.56434059
v 20.25203705 52.23645782 16.86657333
v 20.45728493 52.23645782 16.13403702
v 20.56087303 52.23645782 15.38037395
v 20.56087303 52.23645782 14.61962509
v 20.45728493 52.23645782 13.86596298
v 20.25203705 52.23645782 13.13342571
v 19.94895554 52.23645782 12.43565750
v 19.55368233 52.23645782 11.78565979
v 19.07358360 52.23645782 11.19553852
v 18.51760101 52.23645782 10.67628670
v 17.89609146 52.23645782 10.23757839
v 17.22063446 52.23645782 9.88758564
v 16.50381088 52.23645782 9.63282585
v 15.75897408 52.23645782 9.47804737
v 15.00000000 52.23645782 9.42613220
v 15.78910637 54.46316528 9.25882530
v 16.56351280 54.46316528 9.41974831
v 17.30879402 54.46316528 9.68462181
v 18.01106644 54.46316528 10.04851055
v 18.65724754 54.46316528 10.50463581
v 19.23530388 54.46316528 11.04450226
v 19.73446274 54.46316528 11.65805054
v 20.14542770 54.46316528 12.33385277
v 20.46054268 54.46316528 13.05932140
v 20.67393875 54.46316528 13.82094193
v 20.78163910 54.46316528 14.60452461
v 20.78163910 54.46316528 15.39547443
v 20.67393875 54.46316528 16.17905807
v 20.46054268 54.46316528 16.94067764
v 20.14542770 54.46316528 17.66614532
v 19.73446274 54.46316528 18.34194946
v 19.23530388 54.46316528 18.95549774
v 18.65724754 54.46316528 19.49536514
v 18.01106644 54.46316528 19.95148849
v 17.30879402 54.46316528 20.31537628
v 16.56351280 54.46316528 20.58025169
v 15.78910637 54.46316528 20.74117470
v 15.00000000 54.46316528 20.79514885
v 14.21089363 54.46316528 20.74117470
v 13.43648720 54.46316528 20.58025169
v 12.69120502 54.46316528 20.31537628
v 11.98893261 54.46316528 19.95148849
v 11.34274960 54.46316528 19.49536514
v 10.76469612 54.46316528 18.95549774
v 10.26553631 54.46316528 18.34194946
v 9.85457230 54.46316528 17.66614532
v 9.53945637 54.46316528 16.94067764
v 9.32606030 54.46316528 16.17905807
v 9.21835899 54.46316528 15.39547443
v 9.21835899 54.46316528 14.60452461
v 9.32606030 54.46316528 13.82094193
v 9.53945637 54.46316528 13.05932140
v 9.85457230 54.46316528 12.33385277
v 10.26553631 54.46316528 11.65805054
v 10.76469612 54.46316528 11.04450226
v 11.34274960 54.46316528 10.50463581
v 11.98893261 54.46316528 10.04851055
v 12.69120502 54.46316528 9.68462181
v 13.43648720 54.46316528 9.41974831
v 14.21089363 54.46316528 9.25882530
v 15.00000000 54.46316528 9.20484924
v 15.83917809 56.67042542 8.89451885
v 16.66272545 56.67042542 9.06565380
v 17.45529938 56.67042542 9.34733486
v 18.20213318 56.67042542 9.73431396
v 18.88932037 56.67042542 10.21938229
v 19.50405502 56.67042542 10.79350567
v 20.03488922 56.67042542 11.44598675
v 20.47193146 56.67042542 12.16467285
v 20.80704308 56.67042542 12.93617535
v 21.03397942 56.67042542 13.74612331
v 21.14851379 56.67042542 14.57942963
v 21.14851379 56.67042542 15.42057037
v 21.03397942 56.67042542 16.25387573
v 20.80704308 56.67042542 17.06382179
v 20.47193146 56.67042542 17.83532715
v 20.03488922 56.67042542 18.55401230
v 19.50405502 56.67042542 19.20649338
v 18.88932037 56.67042542 19.78061676
v 18.20213318 56.67042542 20.26568604
v 17.45529938 56.67042542 20.65266418
v 16.66272545 56.67042542 20.93434525
v 15.83917809 56.67042542 21.10548019
v 15.00000000 56.67042542 21.16288185
v 14.16082001 56.67042542 21.10548019
v 13.33727455 56.67042542 20.93434525
v 12.54470062 56.67042542 20.65266418
v 11.79786491 56.67042542 20.26568604
v 11.11067963 56.67042542 19.78061676
v 10.49594402 56.67042542 19.20649338
v 9.96511078 56.67042542 18.55401230
v 9.52806664 56.67042542 17.83532715
v 9.19295692 56.67042542 17.06382179
v 8.96601963 56.67042542 16.25387573
v 8.85148430 56.67042542 15.42057037
v 8.85148430 56.67042542 14.57942963
v 8.96601963 56.67042542 13.74612331
v 9.19295692 56.67042542 12.93617535
v 9.52806664 56.67042542 12.16467285
v 9.96511078 56.67042542 11.44598675
v 10.49594402 56.67042542 10.79350567
v 11.11067963 56.67042542 10.21938229
v 11.79786491 56.67042542 9.73431396
v 12.54470062 56.67042542 9.34733486
v 13.33727455 56.67042542 9.06565380
v 14.16082001 56.67042542 8.89451885
v 15.00000000 56.67042542 8.83711720
v 15.90897560 58.84860229 8.38671398
v 16.80101776 58.84860229 8.57208252
v 17.65951157 58.84860229 8.87719154
v 18.46846199 58.84860229 9.29635620
v 19.21280289 58.84860229 9.82176876
v 19.87866592 58.84860229 10.44364262
v 20.45365143 58.84860229 11.15039253
v 20.92704201 58.84860229 11.92885399
v 21.29002571 58.84860229 12.76452351
v 21.53583527 58.84860229 13.64183712
v 21.65989876 58.84860229 14.54444981
v 21.65989876 58.84860229 15.45554924
v 21.53583527 58.84860229 16.35816383
v 21.29002571 58.84860229 17.23547554
v 20.92704201 58.84860229 18.07114410
v 20.45365143 58.84860229 18.84960747
v 19.87866592 58.84860229 19.55635643
v 19.21280289 58.84860229 20.17823029
v 18.46846199 58.84860229 20.70364380
v 17.65951157 58.84860229 21.12280846
v 16.80101776 58.84860229 21.42791557
v 15.90897560 58.84860229 21.61328506
v 15.00000000 58.84860229 21.67546082
v 14.09102440 58.84860229 21.61328506
v 13.19898224 58.84860229 21.42791557
v 12.34048843 58.84860229 21.12280846
v 11.53153706 58.84860229 20.70364380
v 10.78719616 58.84860229 20.17823029
v 10.12133217 58.84860229 19.55635643
v 9.54634857 58.84860229 18.84960747
v 9.07295704 58.84860229 18.07114410
v 8.70997334 58.84860229 17.23547554
v 8.46416187 58.84860229 16.35816383
v 8.34010029 58.84860229 15.45554924
v 8.34010029 58.84860229 14.54444981
v 8.46416187 58.84860229 13.64183712
v 8.70997334 58.84860229 12.76452351
v 9.07295704 58.84860229 11.92885399
v 9.54634857 58.84860229 11.15039253
v 10.12133217 58.84860229 10.44364262
v 10.78719616 58.84860229 9.82176876
v 11.53153706 58.84860229 9.29635620
v 12.34048843 58.84860229 8.87719154
v 13.19898224 58.84860229 8.57208252
v 14.09102440 58.84860229 8.38671398
v 15.00000000 58.84860229 8.32453918
v 15.99818993 60.98820877 7.73762608
v 16.97778511 60.98820877 7.94118834
v 17.92053795 60.98820877 8.27624321
v 18.80888748 60.98820877 8.73654938
v 19.62628555 60.98820877 9.31352997
v 20.35750389 60.98820877 9.99643993
v 20.98892212 60.98820877 10.77255726
v 21.50877762 60.98820877 11.62742233
v 21.90738487 60.98820877 12.54511356
v 22.17732430 60.98820877 13.50853443
v 22.31356049 60.98820877 14.49973774
v 22.31356049 60.98820877 15.50026131
v 22.17732430 60.98820877 16.49146461
v 21.90738487 60.98820877 17.45488548
v 21.50877762 60.98820877 18.37257576
v 20.98892212 60.98820877 19.22744179
v 20.35750389 60.98820877 20.00355911
v 19.62628555 60.98820877 20.68647003
v 18.80888748 60.98820877 21.26345062
v 17.92053795 60.98820877 21.72375679
v 16.97778511 60.98820877 22.05881119
v 15.99818993 60.98820877 22.26237488
v 15.00000000 60.98820877 22.33065033
v 14.00180912 60.98820877 22.26237488
v 13.02221298 60.98820877 22.05881119
v 12.07945919 60.98820877 21.72375679
v 11.19111061 60.98820877 21.26345062
v 10.37371349 60.98820877 20.68647003
v 9.64249516 60.98820877 20.00355911
v 9.01107788 60.98820877 19.22744179
v 8.49122143 60.98820877 18.37257576
v 8.09261322 60.98820877 17.45488548
v 7.82267475 60.98820877 16.49146461
v 7.68643713 60.98820877 15.50026131
v 7.68643713 60.98820877 14.49973774
v 7.82267475 60.98820877 13.50853443
v 8.09261322 60.98820877 12.54511356
v 8.49122143 60.98820877 11.62742233
v 9.01107788 60.98820877 10.77255726
v 9.64249516 60.98820877 9.99643993
v 10.37371349 60.98820877 9.31352997
v 11.19111061 60.98820877 8.73654938
v 12.07945919 60.98820877 8.27624321
v 13.02221298 60.98820877 7.94118834
v 14.00180912 60.98820877 7.73762608
v 15.00000000 60.98820877 7.66934776
v 16.10643578 63.07992172 6.95008230
v 17.19225883 63.07992172 7.17571926
v 18.23724747 63.07992172 7.54710817
v 19.22193146 63.07992172 8.05733013
v 20.12796783 63.07992172 8.69688034
v 20.93848038 63.07992172 9.45384598
v 21.63837051 63.07992172 10.31412601
v 22.21459961 63.07992172 11.26169491
v 22.65643501 63.07992172 12.27890205
v 22.95564461 63.07992172 13.34679794
v 23.10665703 63.07992172 14.44548893
v 23.10665703 63.07992172 15.55451012
v 22.95564461 63.07992172 16.65320206
v 22.65643501 63.07992172 17.72109795
v 22.21459961 63.07992172 18.73830414
v 21.63837051 63.07992172 19.68587303
v 20.93848038 63.07992172 20.54615402
v 20.12796783 63.07992172 21.30311966
v 19.22193146 63.07992172 21.94266891
v 18.23724747 63.07992172 22.45289040
v 17.19225883 63.07992172 22.82427979
v 16.10643578 63.07992172 23.04991722
v 15.00000000 63.07992172 23.12560081
v 13.89356422 63.07992172 23.04991722
v 12.80773926 63.07992172 22.82427979
v 11.76275253 63.07992172 22.45289040
v 10.77806854 63.07992172 21.94266891
v 9.87203217 63.07992172 21.30311966
v 9.06151867 63.07992172 20.54615402
v 8.36162949 63.07992172 19.68587303
v 7.78539991 63.07992172 18.73830414
v 7.34356451 63.07992172 17.72109795
v 7.04435444 63.07992172 16.65320206
v 6.89334249 63.07992172 15.55451012
v 6.89334249 63.07992172 14.44548893
v 7.04435444 63.07992172 13.34679794
v 7.34356451 63.07992172 12.27890205
v 7.78539991 63.07992172 11.26169491
v 8.36162949 63.07992172 10.31412601
v 9.06151867 63.07992172 9.45384598
v 9.87203217 63.07992172 8.69688034
v 10.77806854 63.07992172 8.05733013
v 11.76275253 63.07992172 7.54710817
v 12.80773926 63.07992172 7.17571926
v 13.89356422 63.07992172 6.95008230
v 15.00000000 63.07992172 6.87440014
v 16.23324013 65.11461639 6.02751684
v 17.44350624 65.11461639 6.27901316
v 18.60825348 65.11461639 6.69296455
v 19.70578766 65.11461639 7.26166105
v 20.71566200 65.11461639 7.97450733
v 21.61906242 65.11461639 8.81822586
v 22.39916420 65.11461639 9.77709866
v 23.04143333 65.11461639 10.83326530
v 23.53390503 65.11461639 11.96704865
v 23.86740685 65.11461639 13.15733147
v 24.03572655 65.11461639 14.38193989
v 24.03572655 65.11461639 15.61806011
v 23.86740685 65.11461639 16.84266663
v 23.53390503 65.11461639 18.03294945
v 23.04143333 65.11461639 19.16673470
v 22.39916420 65.11461639 20.22290039
v 21.61906242 65.11461639 21.18177414
v 20.71566200 65.11461639 22.02549171
v 19.70578766 65.11461639 22.73833847
v 18.60825348 65.11461639 23.30703545
v 17.44350624 65.11461639 23.72098732
v 16.23324013 65.11461639 23.97248077
v 15.00000000 65.11461639 24.05683708
v 13.76675987 65.11461639 23.97248077
v 12.55649376 65.11461639 23.72098732
v 11.39174461 65.11461639 23.30703545
v 10.29421234 65.11461639 22.73833847
v 9.28433800 65.11461639 22.02549171
v 8.38093662 65.11461639 21.18177414
v 7.60083485 65.11461639 20.22290039
v 6.95856667 65.11461639 19.16673470
v 6.46609449 65.11461639 18.03294945
v 6.13259315 65.11461639 16.84266663
v 5.96427441 65.11461639 15.61806011
v 5.96427441 65.11461639 14.38193989
v 6.13259315 65.11461639 13.15733147
v 6.46609449 65.11461639 11.96704865
v 6.95856667 65.11461639 10.83326530
v 7.60083485 65.11461639 9.77709866
v 8.38093662 65.11461639 8.81822586
v 9.28433800 65.11461639 7.97450733
v 10.29421234 65.11461639 7.26166105
v 11.39174461 65.11461639 6.69296455
v 12.55649376 65.11461639 6.27901316
v 13.76675987 65.11461639 6.02751684
v 15.00000000 65.11461639 5.94316149
v 16.23748589 65.19327545 5.99661827
v 17.45191956 65.19327545 6.24898052
v 18.62067986 65.19327545 6.66435814
v 19.72199249 65.19327545 7.23501253
v 20.73534393 65.19327545 7.95031452
v 21.64185715 65.19327545 8.79693794
v 22.42464447 65.19327545 9.75911331
v 23.06912422 65.19327545 10.81891537
v 23.56329155 65.19327545 11.95660400
v 23.89794159 65.19327545 13.15098667
v 24.06684113 65.19327545 14.37981033
v 24.06684113 65.19327545 15.62018871
v 23.89794159 65.19327545 16.84901237
v 23.56329155 65.19327545 18.04339600
v 23.06912422 65.19327545 19.18108368
v 22.42464447 65.19327545 20.24088669
v 21.64185715 65.19327545 21.20306206
v 20.73534393 65.19327545 22.04968452
v 19.72199249 65.19327545 22.76498604
v 18.62067986 65.19327545 23.33564186
v 17.45191956 65.19327545 23.75101852
v 16.23748589 65.19327545 24.00338173
v 15.00000000 65.19327545 24.08802605
v 13.76251316 65.19327545 24.00338173
v 12.54807949 65.19327545 23.75101852
v 11.37932014 65.19327545 23.33564186
v 10.27800655 65.19327545 22.76498604
v 9.26465511 65.19327545 22.04968452
v 8.35814190 65.19327545 21.20306206
v 7.57535505 65.19327545 20.24088669
v 6.93087482 65.19327545 19.18108368
v 6.43670654 65.19327545 18.04339600
v 6.10205603 65.19327545 16.84901237
v 5.93315792 65.19327545 15.62018871
v 5.93315792 65.19327545 14.37981033
v 6.10205603 65.19327545 13.15098667
v 6.43670654 65.19327545 11.95660400
v 6.93087482 65.19327545 10.81891537
v 7.57535505 65.19327545 9.75911331
v 8.35814190 65.19327545 8.79693794
v 9.26465511 65.19327545 7.95031452
v 10.27800655 65.19327545 7.23501253
v 11.37932014 65.19327545 6.66435814
v 12.54807949 65.19327545 6.24898052
v 13.76251316 65.19327545 5.99661827
v 15.00000000 65.19327545 5.91197252
v 16.23986626 65.27605438 5.97930050
v 17.45663643 65.27605438 6.23214817
v 18.62764359 65.27605438 6.64832449
v 19.73107529 65.27605438 7.22007656
v 20.74637604 65.27605438 7.93675327
v 21.65463257 65.27605438 8.78500557
v 22.43892479 65.27605438 9.74903297
v 23.08464622 65.27605438 10.81087303
v 23.57976532 65.27605438 11.95075130
v 23.91505814 65.27605438 13.14742947
v 24.08428192 65.27605438 14.37861729
v 24.08428192 65.27605438 15.62138176
v 23.91505814 65.27605438 16.85257149
v 23.57976532 65.27605438 18.04924965
v 23.08464622 65.27605438 19.18912697
v 22.43892479 65.27605438 20.25096703
v 21.65463257 65.27605438 21.21499443
v 20.74637604 65.27605438 22.06324577
v 19.73107529 65.27605438 22.77992249
v 18.62764359 65.27605438 23.35167503
v 17.45663643 65.27605438 23.76785088
v 16.23986626 65.27605438 24.02069855
v 15.00000000 65.27605438 24.10550880
v 13.76013279 65.27605438 24.02069855
v 12.54336262 65.27605438 23.76785088
v 11.37235546 65.27605438 23.35167503
v 10.26892376 65.27605438 22.77992249
v 9.25362301 65.27605438 22.06324577
v 8.34536648 65.27605438 21.21499443
v 7.56107378 65.27605438 20.25096703
v 6.91535330 65.27605438 19.18912697
v 6.42023516 65.27605438 18.04924965
v 6.08494139 65.27605438 16.85257149
v 5.91571808 65.27605438 15.62138176
v 5.91571808 65.27605438 14.37861729
v 6.08494139 65.27605438 13.14742947
v 6.42023516 65.27605438 11.95075130
v 6.91535330 65.27605438 10.81087303
v 7.56107378 65.27605438 9.74903297
v 8.34536648 65.27605438 8.78500557
v 9.25362301 65.27605438 7.93675327
v 10.26892376 65.27605438 7.22007656
v 11.37235546 65.27605438 6.64832449
v 12.54336262 65.27605438 6.23214817
v 13.76013279 65.27605438 5.97930050
v 15.00000000 65.27605438 5.89449167
v 16.24031258 65.36059570 5.97605848
v 17.45751953 65.36059570 6.22899723
v 18.62894821 65.36059570 6.64532280
v 19.73277664 65.36059570 7.21728039
v 20.74844170 65.36059570 7.93421555
v 21.65702438 65.36059570 8.78277206
v 22.44159889 65.36059570 9.74714470
v 23.08755112 65.36059570 10.80936718
v 23.58284760 65.36059570 11.94965458
v 23.91826439 65.36059570 13.14676380
v 24.08754730 65.36059570 14.37839508
v 24.08754730 65.36059570 15.62160397
v 23.91826439 65.36059570 16.85323524
v 23.58284760 65.36059570 18.05034447
v 23.08755112 65.36059570 19.19063187
v 22.44159889 65.36059570 20.25285339
v 21.65702438 65.36059570 21.21722794
v 20.74844170 65.36059570 22.06578445
v 19.73277664 65.36059570 22.78271866
v 18.62894821 65.36059570 23.35467529
v 17.45751953 65.36059570 23.77100372
v 16.24031258 65.36059570 24.02394104
v 15.00000000 65.36059570 24.10877991
v 13.75968742 65.36059570 24.02394104
v 12.54247952 65.36059570 23.77100372
v 11.37105179 65.36059570 23.35467529
v 10.26722336 65.36059570 22.78271866
v 9.25155735 65.36059570 22.06578445
v 8.34297466 65.36059570 21.21722794
v 7.55839968 65.36059570 20.25285339
v 6.91244745 65.36059570 19.19063187
v 6.41715145 65.36059570 18.05034447
v 6.08173656 65.36059570 16.85323524
v 5.91245270 65.36059570 15.62160397
v 5.91245270 65.36059570 14.37839508
v 6.08173656 65.36059570 13.14676380
v 6.41715145 65.36059570 11.94965458
v 6.91244745 65.36059570 10.80936718
v 7.55839968 65.36059570 9.74714470
v 8.34297466 65.36059570 8.78277206
v 9.25155735 65.36059570 7.93421555
v 10.26722336 65.36059570 7.21728039
v 11.37105179 65.36059570 6.64532280
v 12.54247952 65.36059570 6.22899723
v 13.75968742 65.36059570 5.97605848
v 15.00000000 65.36059570 5.89121866
v 16.23880959 65.44448090 5.98698473
v 17.45454407 65.44448090 6.23961735
v 18.62455368 65.44448090 6.65543890
v 19.72704506 65.44448090 7.22670412
v 20.74148178 65.44448090 7.94277143
v 21.64896393 65.44448090 8.79030132
v 22.43258858 65.44448090 9.75350475
v 23.07776070 65.44448090 10.81444263
v 23.57245636 65.44448090 11.95334816
v 23.90746307 65.44448090 13.14900684
v 24.07654381 65.44448090 14.37914753
v 24.07654381 65.44448090 15.62085152
v 23.90746307 65.44448090 16.85099030
v 23.57245636 65.44448090 18.04665184
v 23.07776070 65.44448090 19.18555832
v 22.43258858 65.44448090 20.24649429
v 21.64896393 65.44448090 21.20969772
v 20.74148178 65.44448090 22.05722809
v 19.72704506 65.44448090 22.77329636
v 18.62455368 65.44448090 23.34456062
v 17.45454407 65.44448090 23.76038170
v 16.23880959 65.44448090 24.01301384
v 15.00000000 65.44448090 24.09775162
v 13.76118851 65.44448090 24.01301384
v 12.54545498 65.44448090 23.76038170
v 11.37544632 65.44448090 23.34456062
v 10.27295399 65.44448090 22.77329636
v 9.25851822 65.44448090 22.05722809
v 8.35103512 65.44448090 21.20969772
v 7.56741047 65.44448090 20.24649429
v 6.92224026 65.44448090 19.18555832
v 6.42754412 65.44448090 18.04665184
v 6.09253550 65.44448090 16.85099030
v 5.92345667 65.44448090 15.62085152
v 5.92345667 65.44448090 14.37914753
v 6.09253550 65.44448090 13.14900684
v 6.42754412 65.44448090 11.95334816
v 6.92224026 65.44448090 10.81444263
v 7.56741047 65.44448090 9.75350475
v 8.35103512 65.44448090 8.79030132
v 9.25851822 65.44448090 7.94277143
v 10.27295399 65.44448090 7.22670412
v 11.37544632 65.44448090 6.65543890
v 12.54545498 65.44448090 6.23961735
v 13.76118851 65.44448090 5.98698473
v 15.00000000 65.44448090 5.90224838
v 16.23540306 65.52530670 6.01176739
v 17.44779396 65.52530670 6.26370478
v 18.61458778 65.52530670 6.67838383
v 19.71404839 65.52530670 7.24807787
v 20.72569275 65.52530670 7.96217585
v 21.63068199 65.52530670 8.80737495
v 22.41215134 65.52530670 9.76793098
v 23.05554771 65.52530670 10.82595062
v 23.54888344 65.52530670 11.96172523
v 23.88297081 65.52530670 13.15409660
v 24.05158424 65.52530670 14.38085461
v 24.05158424 65.52530670 15.61914444
v 23.88297081 65.52530670 16.84590149
v 23.54888344 65.52530670 18.03827477
v 23.05554771 65.52530670 19.17404938
v 22.41215134 65.52530670 20.23206902
v 21.63068199 65.52530670 21.19262505
v 20.72569275 65.52530670 22.03782272
v 19.71404839 65.52530670 22.75192261
v 18.61458778 65.52530670 23.32161522
v 17.44779396 65.52530670 23.73629379
v 16.23540306 65.52530670 23.98823166
v 15.00000000 65.52530670 24.07273674
v 13.76459599 65.52530670 23.98823166
v 12.55220413 65.52530670 23.73629379
v 11.38541222 65.52530670 23.32161522
v 10.28595161 65.52530670 22.75192261
v 9.27430534 65.52530670 22.03782272
v 8.36931705 65.52530670 21.19262505
v 7.58784723 65.52530670 20.23206902
v 6.94445133 65.52530670 19.17404938
v 6.45111513 65.52530670 18.03827477
v 6.11702824 65.52530670 16.84590149
v 5.94841433 65.52530670 15.61914444
v 5.94841433 65.52530670 14.38085461
v 6.11702824 65.52530670 13.15409660
v 6.45111513 65.52530670 11.96172523
v 6.94445133 65.52530670 10.82595062
v 7.58784723 65.52530670 9.76793098
v 8.36931705 65.52530670 8.80737495
v 9.27430534 65.52530670 7.96217585
v 10.28595161 65.52530670 7.24807787
v 11.38541222 65.52530670 6.67838383
v 12.55220413 65.52530670 6.26370478
v 13.76459599 65.52530670 6.01176739
v 15.00000000 65.52530670 5.92726374
v 16.23019028 65.60076141 6.04969645
v 17.43746567 65.60076141 6.30057144
v 18.59933472 65.60076141 6.71349955
v 19.69415474 65.60076141 7.28078985
v 20.70153046 65.60076141 7.99187469
v 21.60270119 65.60076141 8.83350754
v 22.38087273 65.60076141 9.79000950
v 23.02155495 65.60076141 10.84356499
v 23.51280975 65.60076141 11.97454643
v 23.84548569 65.60076141 13.16188622
v 24.01338959 65.60076141 14.38346672
v 24.01338959 65.60076141 15.61653233
v 23.84548569 65.60076141 16.83811378
v 23.51280975 65.60076141 18.02545166
v 23.02155495 65.60076141 19.15643311
v 22.38087273 65.60076141 20.20998955
v 21.60270119 65.60076141 21.16649246
v 20.70153046 65.60076141 22.00812531
v 19.69415474 65.60076141 22.71920967
v 18.59933472 65.60076141 23.28649902
v 17.43746567 65.60076141 23.69942856
v 16.23019028 65.60076141 23.95030212
v 15.00000000 65.60076141 24.03445053
v 13.76980877 65.60076141 23.95030212
v 12.56253338 65.60076141 23.69942856
v 11.40066433 65.60076141 23.28649902
v 10.30584431 65.60076141 22.71920967
v 9.29846668 65.60076141 22.00812531
v 8.39729786 65.60076141 21.16649246
v 7.61912584 65.60076141 20.20998955
v 6.97844458 65.60076141 19.15643311
v 6.48718977 65.60076141 18.02545166
v 6.15451288 65.60076141 16.83811378
v 5.98661041 65.60076141 15.61653233
v 5.98661041 65.60076141 14.38346672
v 6.15451288 65.60076141 13.16188622
v 6.48718977 65.60076141 11.97454643
v 6.97844458 65.60076141 10.84356499
v 7.61912584 65.60076141 9.79000950
v 8.39729786 65.60076141 8.83350754
v 9.29846668 65.60076141 7.99187469
v 10.30584431 65.60076141 7.28078985
v 11.40066433 65.60076141 6.71349955
v 12.56253338 65.60076141 6.30057144
v 13.76980877 65.60076141 6.04969645
v 15.00000000 65.60076141 5.96554947
v 16.22331810 65.66867828 6.09968615
v 17.42385101 65.66867828 6.34915924
v 18.57923126 65.66867828 6.75978136
v 19.66793823 65.66867828 7.32390308
v 20.66968727 65.66867828 8.03101635
v 21.56582451 65.66867828 8.86794853
v 22.33964920 65.66867828 9.81910896
v 22.97675323 65.66867828 10.86678028
v 23.46526527 65.66867828 11.99144363
v 23.79608154 65.66867828 13.17215252
v 23.96304703 65.66867828 14.38691044
v 23.96304703 65.66867828 15.61308956
v 23.79608154 65.66867828 16.82784653
v 23.46526527 65.66867828 18.00855637
v 22.97675323 65.66867828 19.13321877
v 22.33964920 65.66867828 20.18089104
v 21.56582451 65.66867828 21.13205147
v 20.66968727 65.66867828 21.96898270
v 19.66793823 65.66867828 22.67609596
v 18.57923126 65.66867828 23.24021721
v 17.42385101 65.66867828 23.65084076
v 16.22331810 65.66867828 23.90031242
v 15.00000000 65.66867828 23.98399162
v 13.77667999 65.66867828 23.90031242
v 12.57614803 65.66867828 23.65084076
v 11.42076778 65.66867828 23.24021721
v 10.33206177 65.66867828 22.67609596
v 9.33031082 65.66867828 21.96898270
v 8.43417549 65.66867828 21.13205147
v 7.66034937 65.66867828 20.18089104
v 7.02324677 65.66867828 19.13321877
v 6.53473568 65.66867828 18.00855637
v 6.20391703 65.66867828 16.82784653
v 6.03695202 65.66867828 15.61308956
v 6.03695202 65.66867828 14.38691044
v 6.20391703 65.66867828 13.17215252
v 6.53473568 65.66867828 11.99144363
v 7.02324677 65.66867828 10.86678028
v 7.66034937 65.66867828 9.81910896
v 8.43417549 65.66867828 8.86794853
v 9.33031082 65.66867828 8.03101635
v 10.33206177 65.66867828 7.32390308
v 11.42076778 65.66867828 6.75978136
v 12.57614803 65.66867828 6.34915924
v 13.77667999 65.66867828 6.09968615
v 15.00000000 65.66867828 6.01600838
v 16.21498680 65.72711182 6.16030407
v 17.40734291 65.72711182 6.40807772
v 18.55485535 65.72711182 6.81590366
v 19.63614464 65.72711182 7.37618351
v 20.63107300 65.72711182 8.07847977
v 21.52110672 65.72711182 8.90971184
v 22.28966141 65.72711182 9.85439491
v 22.92242432 65.72711182 10.89492989
v 23.40760803 65.72711182 12.01193523
v 23.73617554 65.72711182 13.18460178
v 23.90200233 65.72711182 14.39108562
v 23.90200233 65.72711182 15.60891342
v 23.73617554 65.72711182 16.81539726
v 23.40760803 65.72711182 17.98806572
v 22.92242432 65.72711182 19.10507011
v 22.28966141 65.72711182 20.14560509
v 21.52110672 65.72711182 21.09028816
v 20.63107300 65.72711182 21.92151833
v 19.63614464 65.72711182 22.62381744
v 18.55485535 65.72711182 23.18409538
v 17.40734291 65.72711182 23.59192085
v 16.21498680 65.72711182 23.83969498
v 15.00000000 65.72711182 23.92280197
v 13.78501129 65.72711182 23.83969498
v 12.59265614 65.72711182 23.59192085
v 11.44514465 65.72711182 23.18409538
v 10.36385441 65.72711182 22.62381744
v 9.36892605 65.72711182 21.92151833
v 8.47889423 65.72711182 21.09028816
v 7.71033812 65.72711182 20.14560509
v 7.07757473 65.72711182 19.10507011
v 6.59239101 65.72711182 17.98806572
v 6.26382494 65.72711182 16.81539726
v 6.09799767 65.72711182 15.60891342
v 6.09799767 65.72711182 14.39108562
v 6.26382494 65.72711182 13.18460178
v 6.59239101 65.72711182 12.01193523
v 7.07757473 65.72711182 10.89492989
v 7.71033812 65.72711182 9.85439491
v 8.47889423 65.72711182 8.90971184
v 9.36892605 65.72711182 8.07847977
v 10.36385441 65.72711182 7.37618351
v 11.44514465 65.72711182 6.81590366
v 12.59265614 65.72711182 6.40807772
v 13.78501129 65.72711182 6.16030407
v 15.00000000 65.72711182 6.07719660
v 16.20543289 65.77439880 6.22981501
v 17.38841248 65.77439880 6.47564030
v 18.52690125 65.77439880 6.88025904
v 19.59968948 65.77439880 7.43613338
v 20.58679199 65.77439880 8.13290787
v 21.46982574 65.77439880 8.95760345
v 22.23233795 65.77439880 9.89485741
v 22.86012650 65.77439880 10.92720985
v 23.34149551 65.77439880 12.03543091
v 23.66747665 65.77439880 13.19887638
v 23.83200073 65.77439880 14.39587402
v 23.83200073 65.77439880 15.60412502
v 23.66747665 65.77439880 16.80112267
v 23.34149551 65.77439880 17.96456718
v 22.86012650 65.77439880 19.07279015
v 22.23233795 65.77439880 20.10514259
v 21.46982574 65.77439880 21.04239464
v 20.58679199 65.77439880 21.86709213
v 19.59968948 65.77439880 22.56386566
v 18.52690125 65.77439880 23.11973953
v 17.38841248 65.77439880 23.52435875
v 16.20543289 65.77439880 23.77018356
v 15.00000000 65.77439880 23.85263824
v 13.79456520 65.77439880 23.77018356
v 12.61158657 65.77439880 23.52435875
v 11.47309875 65.77439880 23.11973953
v 10.40031052 65.77439880 22.56386566
v 9.41320610 65.77439880 21.86709213
v 8.53017330 65.77439880 21.04239464
v 7.76766014 65.77439880 20.10514259
v 7.13987255 65.77439880 19.07279015
v 6.65850401 65.77439880 17.96456718
v 6.33252239 65.77439880 16.80112267
v 6.16799831 65.77439880 15.60412502
v 6.16799831 65.77439880 14.39587402
v 6.33252239 65.77439880 13.19887638
v 6.65850401 65.77439880 12.03543091
v 7.13987255 65.77439880 10.92720985
v 7.76766014 65.77439880 9.89485741
v 8.53017330 65.77439880 8.95760345
v 9.41320610 65.77439880 8.13290787
v 10.40031052 65.77439880 7.43613338
v 11.47309875 65.77439880 6.88025904
v 12.61158657 65.77439880 6.47564030
v 13.79456520 65.77439880 6.22981501
v 15.00000000 65.77439880 6.14736032
v 16.19493103 65.80916595 6.30622816
v 17.36760330 65.80916595 6.54991245
v 18.49617004 65.80916595 6.95100594
v 19.55961227 65.80916595 7.50203657
v 20.53811646 65.80916595 8.19274044
v 21.41345596 65.80916595 9.01025009
v 22.16932487 65.80916595 9.93933678
v 22.79164314 65.80916595 10.96269608
v 23.26881790 65.80916595 12.06126118
v 23.59195709 65.80916595 13.21457005
v 23.75504684 65.80916595 14.40113831
v 23.75504684 65.80916595 15.59886169
v 23.59195709 65.80916595 16.78542900
v 23.26881790 65.80916595 17.93873787
v 22.79164314 65.80916595 19.03730202
v 22.16932487 65.80916595 20.06066132
v 21.41345596 65.80916595 20.98974991
v 20.53811646 65.80916595 21.80725861
v 19.55961227 65.80916595 22.49796295
v 18.49617004 65.80916595 23.04899406
v 17.36760330 65.80916595 23.45008850
v 16.19493103 65.80916595 23.69376945
v 15.00000000 65.80916595 23.77550697
v 13.80506802 65.80916595 23.69376945
v 12.63239574 65.80916595 23.45008850
v 11.50382900 65.80916595 23.04899406
v 10.44038677 65.80916595 22.49796295
v 9.46188354 65.80916595 21.80725861
v 8.58654404 65.80916595 20.98974991
v 7.83067465 65.80916595 20.06066132
v 7.20835733 65.80916595 19.03730202
v 6.73118210 65.80916595 17.93873787
v 6.40804052 65.80916595 16.78542900
v 6.24495077 65.80916595 15.59886169
v 6.24495077 65.80916595 14.40113831
v 6.40804052 65.80916595 13.21457005
v 6.73118210 65.80916595 12.06126118
v 7.20835733 65.80916595 10.96269608
v 7.83067465 65.80916595 9.93933678
v 8.58654404 65.80916595 9.01025009
v 9.46188354 65.80916595 8.19274044
v 10.44038677 65.80916595 7.50203657
v 11.50382900 65.80916595 6.95100594
v 12.63239574 65.80916595 6.54991245
v 13.80506802 65.80916595 6.30622816
v 15.00000000 65.80916595 6.22449255
v 16.18378067 65.83043671 6.38735676
v 17.34550858 65.83043671 6.62876654
v 18.46354485 65.83043671 7.02611732
v 19.51706314 65.83043671 7.57200575
v 20.48643684 65.83043671 8.25626373
v 21.35360527 65.83043671 9.06614494
v 22.10242081 65.83043671 9.98656273
v 22.71893311 65.83043671 11.00037098
v 23.19165230 65.83043671 12.08868504
v 23.51177979 65.83043671 13.23123074
v 23.67334747 65.83043671 14.40672684
v 23.67334747 65.83043671 15.59327221
v 23.51177979 65.83043671 16.76876831
v 23.19165230 65.83043671 17.91131592
v 22.71893311 65.83043671 18.99962807
v 22.10242081 65.83043671 20.01343727
v 21.35360527 65.83043671 20.93385506
v 20.48643684 65.83043671 21.74373436
v 19.51706314 65.83043671 22.42799377
v 18.46354485 65.83043671 22.97388268
v 17.34550858 65.83043671 23.37123299
v 16.18378067 65.83043671 23.61264229
v 15.00000000 65.83043671 23.69361496
v 13.81621838 65.83043671 23.61264229
v 12.65449047 65.83043671 23.37123299
v 11.53645420 65.83043671 22.97388268
v 10.48293686 65.83043671 22.42799377
v 9.51356316 65.83043671 21.74373436
v 8.64639282 65.83043671 20.93385506
v 7.89757824 65.83043671 20.01343727
v 7.28106689 65.83043671 18.99962807
v 6.80834532 65.83043671 17.91131592
v 6.48821878 65.83043671 16.76876831
v 6.32665110 65.83043671 15.59327221
v 6.32665110 65.83043671 14.40672684
v 6.48821878 65.83043671 13.23123074
v 6.80834532 65.83043671 12.08868504
v 7.28106689 65.83043671 11.00037098
v 7.89757824 65.83043671 9.98656273
v 8.64639282 65.83043671 9.06614494
v 9.51356316 65.83043671 8.25626373
v 10.48293686 65.83043671 7.57200575
v 11.53645420 65.83043671 7.02611732
v 12.65449047 65.83043671 6.62876654
v 13.81621838 65.83043671 6.38735676
v 15.00000000 65.83043671 6.30638361
v 16.17230034 65.83760071 6.47087669
v 17.32276344 65.83760071 6.70994520
v 18.42995644 65.83760071 7.10344315
v 19.47325897 65.83760071 7.64403772
v 20.43323135 65.83760071 8.32166100
v 21.29199409 65.83760071 9.12368774
v 22.03354645 65.83760071 10.03517914
v 22.64408112 65.83760071 11.03915691
v 23.11221504 65.83760071 12.11691761
v 23.42923737 65.83760071 13.24838448
v 23.58923912 65.83760071 14.41247940
v 23.58923912 65.83760071 15.58751965
v 23.42923737 65.83760071 16.75161552
v 23.11221504 65.83760071 17.88308334
v 22.64408112 65.83760071 18.96084213
v 22.03354645 65.83760071 19.96481895
v 21.29199409 65.83760071 20.87631035
v 20.43323135 65.83760071 21.67833900
v 19.47325897 65.83760071 22.35596275
v 18.42995644 65.83760071 22.89655685
v 17.32276344 65.83760071 23.29005241
v 16.17230034 65.83760071 23.52912331
v 15.00000000 65.83760071 23.60931015
v 13.82769871 65.83760071 23.52912331
v 12.67723560 65.83760071 23.29005241
v 11.57004070 65.83760071 22.89655685
v 10.52674007 65.83760071 22.35596275
v 9.56676674 65.83760071 21.67833900
v 8.70800591 65.83760071 20.87631035
v 7.96645212 65.83760071 19.96481895
v 7.35591984 65.83760071 18.96084213
v 6.88778353 65.83760071 17.88308334
v 6.57076120 65.83760071 16.75161552
v 6.41075993 65.83760071 15.58751965
v 6.41075993 65.83760071 14.41247940
v 6.57076120 65.83760071 13.24838448
v 6.88778353 65.83760071 12.11691761
v 7.35591984 65.83760071 11.03915691
v 7.96645212 65.83760071 10.03517914
v 8.70800591 65.83760071 9.12368774
v 9.56676674 65.83760071 8.32166100
v 10.52674007 65.83760071 7.64403772
v 11.57004070 65.83760071 7.10344315
v 12.67723560 65.83760071 6.70994520
v 13.82769871 65.83760071 6.47087669
v 15.00000000 65.83760071 6.39068890
v 18.73604012 70.71248627 17.00000000
v 18.92014503 74.18648529 17.00000000
v 18.64039993 70.65861511 17.00000000
v 18.56620216 70.60040283 17.00000000
v 18.49309158 69.83335876 17.00000000
v 18.44212341 69.91038513 17.00000000
v 18.40657616 70.36758423 17.00000000
v 18.42461967 70.41043091 17.00000000
v 18.39033890 70.31675720 17.00000000
v 11.26395893 74.24253082 17.00000000
v 11.07985210 70.76852417 17.00000000
v 11.35959816 74.29640198 17.00000000
v 11.43379688 74.35460663 17.00000000
v 18.47071457 70.49098206 17.00000000
v 18.49665070 70.52617645 17.00000000
v 11.59342384 74.58742523 17.00000000
v 11.57537937 74.54457855 17.00000000
v 20.89067459 70.77750397 17.00000000
v 20.89067459 74.17750549 17.00000000
v 19.03260994 70.77750397 17.00000000
v 19.03260994 74.17750549 17.00000000
v 18.94527435 70.77210236 17.00000000
v 18.83518791 70.74948120 17.00000000
v 11.52928543 74.46403503 17.00000000
v 11.50334930 74.42883301 17.00000000
v 19.94677734 67.91116333 17.00000000
v 19.04136658 69.11991882 17.00000000
v 19.93707275 67.90048218 17.00000000
v 19.93399811 67.89709473 17.00000000
v 11.56024837 77.19612885 17.00000000
v 10.22700024 76.80958557 17.00000000
v 10.95863247 75.83509827 17.00000000
v 9.10932350 74.17750549 17.00000000
v 9.10932350 70.77750397 17.00000000
v 10.96738911 74.17750549 17.00000000
v 10.96738911 70.77750397 17.00000000
v 11.05472469 74.18291473 17.00000000
v 11.16481113 74.20552826 17.00000000
v 18.37211990 70.18875122 17.00000000
v 18.37479591 70.23216248 17.00000000
v 11.48001003 70.55386353 17.00000000
v 18.43975067 77.19612885 17.00000000
v 11.40866375 70.62208557 17.00000000
v 17.07608986 77.45573425 17.00000000
v 11.38934898 70.63731384 17.00000000
v 15.69407654 77.58612061 17.00000000
v 11.30082512 70.69409180 17.00000000
v 19.04133034 75.83505249 17.00000000
v 19.77299881 76.80958557 17.00000000
v 18.42013741 69.95435333 17.00000000
v 18.40192413 70.00037384 17.00000000
v 18.38936234 70.04196167 17.00000000
v 18.38089371 70.27480316 17.00000000
v 18.81220436 74.21260834 17.00000000
v 18.79868507 74.21718597 17.00000000
v 11.55787563 75.04463196 17.00000000
v 11.50690651 75.12165833 17.00000000
v 14.30592442 77.58612061 17.00000000
v 12.92390823 77.45573425 17.00000000
v 11.62787914 74.76625824 17.00000000
v 11.62520409 74.72284698 17.00000000
v 18.69917297 74.26091766 17.00000000
v 18.61065102 74.31770325 17.00000000
v 18.59133530 74.33292389 17.00000000
v 18.51999092 74.40115356 17.00000000
v 19.89738655 67.86471558 17.00000000
v 19.89864540 67.86582947 17.00000000
v 18.38028336 70.08358002 17.00000000
v 18.37455559 70.12526703 17.00000000
v 11.57986164 75.00066376 17.00000000
v 11.59807491 74.95463562 17.00000000
v 11.61063671 74.91304779 17.00000000
v 11.20131493 70.73783112 17.00000000
v 11.18779469 70.74240875 17.00000000
v 11.61910629 74.68020630 17.00000000
v 11.60966015 74.63825226 17.00000000
v 10.05322075 67.91116333 17.00000000
v 10.06348991 67.90096283 17.00000000
v 10.95866966 69.11995697 17.00000000
v 11.50690651 69.83335876 17.00000000
v 10.08921719 67.87540436 17.00000000
v 10.10181427 67.86639404 17.00000000
v 10.13043690 67.84590912 17.00000000
v 11.61971474 74.87143707 17.00000000
v 11.62544537 74.82975006 17.00000000
v 18.46262169 74.47621155 17.00000000
v 11.53737640 70.47880554 17.00000000
v 18.49309158 75.12165833 17.00000000
v 11.58932114 69.97676849 17.00000000
v 11.60412979 70.01895905 17.00000000
v 11.61551857 70.06239319 17.00000000
v 11.57079315 69.93505859 17.00000000
v 11.54885769 69.89469910 17.00000000
v 18.41067886 74.97824097 17.00000000
v 18.39586830 74.93605804 17.00000000
v 18.38448143 74.89261627 17.00000000
v 18.42920685 75.01995850 17.00000000
v 18.45114136 75.06031799 17.00000000
v 18.37279320 74.74839783 17.00000000
v 18.37216949 74.79085541 17.00000000
v 18.37487984 74.83296204 17.00000000
v 11.62720585 70.20661163 17.00000000
v 11.62783051 70.16415405 17.00000000
v 11.62512112 70.12205505 17.00000000
v 18.42288971 74.54828644 17.00000000
v 18.40612984 74.58862305 17.00000000
v 18.39277840 74.62941742 17.00000000
v 11.55677319 70.44660950 17.00000000
v 18.44322586 74.50840759 17.00000000
v 11.57710838 70.40672302 17.00000000
v 11.59386921 70.36638641 17.00000000
v 11.60722160 70.32559967 17.00000000
v 18.38348961 74.66701508 17.00000000
v 18.37685776 74.70550537 17.00000000
v 11.61650944 70.28799438 17.00000000
v 11.62314224 70.24950409 17.00000000
v 11.26395893 70.71248627 12.99999905
v 11.07985210 74.18648529 12.99999905
v 11.35959816 70.65861511 12.99999905
v 11.43379688 70.60040283 12.99999905
v 11.50690651 69.83335876 12.99999905
v 11.55787563 69.91038513 12.99999905
v 11.59342384 70.36758423 12.99999905
v 11.57537937 70.41043091 12.99999905
v 18.73604012 74.24253082 12.99999905
v 18.92014503 70.76852417 12.99999905
v 18.64039993 74.29640198 12.99999905
v 18.56620216 74.35460663 12.99999905
v 11.52928543 70.49098206 12.99999905
v 11.50334930 70.52617645 12.99999905
v 18.40657616 74.58742523 12.99999905
v 18.42461967 74.54457855 12.99999905
v 11.30082512 74.26091766 12.99999905
v 11.38934898 74.31770325 12.99999905
v 9.10932350 70.77750397 12.99999905
v 9.10932350 74.17750549 12.99999905
v 10.96738911 70.77750397 12.99999905
v 10.96738911 74.17750549 12.99999905
v 11.05472469 70.77210236 12.99999905
v 11.16481113 70.74948120 12.99999905
v 18.47071457 74.46403503 12.99999905
v 18.49665070 74.42883301 12.99999905
v 10.05322075 67.91116333 12.99999905
v 10.95863247 69.11991882 12.99999905
v 10.06292725 67.90048218 12.99999905
v 10.06600094 67.89709473 12.99999905
v 18.43975067 77.19612885 12.99999905
v 19.77299881 76.80958557 12.99999905
v 19.04136658 75.83509827 12.99999905
v 10.95866966 75.83505249 12.99999905
v 10.22700024 76.80958557 12.99999905
v 11.56024837 77.19612885 12.99999905
v 20.89067459 74.17750549 12.99999905
v 20.89067459 70.77750397 12.99999905
v 19.03260994 74.17750549 12.99999905
v 19.03260994 70.77750397 12.99999905
v 18.94527435 74.18291473 12.99999905
v 18.83518791 74.20552826 12.99999905
v 11.62787914 70.18875122 12.99999905
v 11.62520409 70.23216248 12.99999905
v 11.40866375 74.33292389 12.99999905
v 11.48001003 74.40115356 12.99999905
v 11.57986164 69.95435333 12.99999905
v 11.59807491 70.00037384 12.99999905
v 11.61063671 70.04196167 12.99999905
v 11.20131493 74.21718597 12.99999905
v 11.18779469 74.21260834 12.99999905
v 11.61910629 70.27480316 12.99999905
v 11.60966015 70.31675720 12.99999905
v 18.44212341 75.04463196 12.99999905
v 14.30592442 77.58612061 12.99999905
v 18.49309158 75.12165833 12.99999905
v 15.69407654 77.58612061 12.99999905
v 17.07608986 77.45573425 12.99999905
v 18.37211990 74.76625824 12.99999905
v 18.37479591 74.72284698 12.99999905
v 18.51999092 70.55386353 12.99999905
v 18.59133530 70.62208557 12.99999905
v 12.92390823 77.45573425 12.99999905
v 18.61065102 70.63731384 12.99999905
v 18.69917297 70.69409180 12.99999905
v 10.10261250 67.86471558 12.99999905
v 10.10135269 67.86582947 12.99999905
v 11.61971474 70.08358002 12.99999905
v 11.62544537 70.12526703 12.99999905
v 18.42013741 75.00066376 12.99999905
v 18.40192413 74.95463562 12.99999905
v 18.38936234 74.91304779 12.99999905
v 18.79868507 70.73783112 12.99999905
v 18.81220436 70.74240875 12.99999905
v 18.38089371 74.68020630 12.99999905
v 18.39033890 74.63825226 12.99999905
v 18.46262169 70.47880554 12.99999905
v 11.50690651 75.12165833 12.99999905
v 18.38028336 74.87143707 12.99999905
v 18.37455559 74.82975006 12.99999905
v 19.94677734 67.91116333 12.99999905
v 19.93651009 67.90096283 12.99999905
v 19.04133034 69.11995697 12.99999905
v 18.49309158 69.83335876 12.99999905
v 19.91078186 67.87540436 12.99999905
v 19.89818573 67.86639404 12.99999905
v 19.86956215 67.84590912 12.99999905
v 11.53737640 74.47621155 12.99999905
v 18.41067886 69.97676849 12.99999905
v 18.39586830 70.01895905 12.99999905
v 18.38448143 70.06239319 12.99999905
v 18.42920685 69.93505859 12.99999905
v 18.45114136 69.89469910 12.99999905
v 11.58932114 74.97824097 12.99999905
v 11.60412979 74.93605804 12.99999905
v 11.61551857 74.89261627 12.99999905
v 11.57079315 75.01995850 12.99999905
v 11.54885769 75.06031799 12.99999905
v 11.62720585 74.74839783 12.99999905
v 11.62783051 74.79085541 12.99999905
v 11.62512112 74.83296204 12.99999905
v 18.37279320 70.20661163 12.99999905
v 18.37216949 70.16415405 12.99999905
v 18.37487984 70.12205505 12.99999905
v 11.57710838 74.54828644 12.99999905
v 11.59386921 74.58862305 12.99999905
v 11.60722160 74.62941742 12.99999905
v 18.44322586 70.44660950 12.99999905
v 11.55677319 74.50840759 12.99999905
v 18.42288971 70.40672302 12.99999905
v 18.40612984 70.36638641 12.99999905
v 18.39277840 70.32559967 12.99999905
v 11.61650944 74.66701508 12.99999905
v 11.62314224 74.70550537 12.99999905
v 18.38348961 70.28799438 12.99999905
v 18.37685776 70.24950409 12.99999905
v 18.64934349 69.95503235 13.07537746
v 18.65488434 69.95935059 13.08102703
v 19.20929146 69.24755096 13.08666992
v 19.97397804 67.94654083 13.00308418
v 19.07843399 69.14814758 13.00364017
v 19.97715187 67.95163727 13.00430489
v 19.99782372 67.98483276 13.01225281
v 19.11463547 69.17565155 13.01447296
v 20.00342178 67.99553680 13.01592255
v 20.00210571 67.99269104 13.01477337
v 19.99783325 67.98484802 13.01225758
v 19.18086815 69.22595978 13.05649757
v 20.03956985 68.08966064 13.06175137
v 19.14905930 69.20179749 13.03223610
v 20.03774834 68.08152008 13.05644894
v 20.03673553 68.07699585 13.05350018
v 20.02368164 68.03927612 13.03364849
v 20.02051163 68.03242493 13.03087330
v 20.05232811 68.17965698 13.12782860
v 20.05214691 68.18373871 13.13158417
v 19.23363686 69.26605225 13.12201881
v 20.05024719 68.22605896 13.17057705
v 20.05274010 68.17049408 13.11938858
v 20.04951668 68.13741302 13.09360600
v 20.04894447 68.13153076 13.08901978
v 20.04121780 68.26703644 13.21540642
v 19.25331497 69.28099823 13.16168690
v 20.04975319 68.22830200 13.17303085
v 20.05017853 68.22636414 13.17091560
v 18.70187950 69.99594879 13.15982914
v 18.67896271 69.97810364 13.11425304
v 18.69883728 69.99357605 13.15167999
v 18.62714767 69.93775177 13.05275345
v 18.59638023 69.91379547 13.03007030
v 18.56327820 69.88801575 13.01349163
v 18.52858543 69.86100006 13.00339222
v 18.52149391 69.85547638 13.00271416
v 18.65872002 70.01836395 13.12218571
v 18.61762238 69.99388123 13.07098866
v 18.48123741 69.91262817 13.00205231
v 18.53979111 69.94750977 13.01830578
v 18.56744576 69.96398926 13.03228378
v 18.59350967 69.97951508 13.04992485
v 18.67513657 70.02814484 13.15161896
v 18.51092529 69.93031311 13.00818157
v 18.46014595 69.95030975 13.00198936
v 18.63945961 70.00688934 13.09518528
v 18.60078049 70.01965332 13.06890297
v 18.63158798 70.11645508 13.13870907
v 18.65459633 70.09823608 13.17047882
v 18.63906670 70.09347534 13.14093494
v 18.66370201 70.07713318 13.17388344
v 18.64876938 70.07121277 13.14381695
v 18.67506981 70.05628204 13.17811489
v 18.66086769 70.04927826 13.14740276
v 18.67992401 70.04898834 13.17991161
v 18.68849182 70.03610229 13.18308258
v 18.63093948 70.23611450 13.13851357
v 18.64287949 70.21350098 13.16607666
v 18.62657356 70.21570587 13.13721275
v 18.64037323 70.19206238 13.16513157
v 18.62389755 70.19295502 13.13641453
v 18.63998795 70.17082977 13.16498470
v 18.62348557 70.17041779 13.13629150
v 18.64166069 70.14978027 13.16561604
v 18.62527084 70.14807129 13.13682461
v 18.64253426 70.14537811 13.16594505
v 18.64758110 70.11994934 13.16784573
v 18.70416641 70.33747101 13.18882561
v 18.69550323 70.32815552 13.18566608
v 18.68258476 70.33650970 13.15381336
v 18.68365288 70.31205750 13.18129539
v 18.66999626 70.31970215 13.15010166
v 18.67119789 70.29211426 13.17667675
v 18.65674973 70.29878235 13.14618301
v 18.66090775 70.27194977 13.17284107
v 18.64579391 70.27754974 13.14293289
v 18.65269470 70.25155640 13.16976547
v 18.63703918 70.25601196 13.14033127
v 18.65080833 70.24535370 13.16905689
v 18.64697266 70.23274994 13.16761589
v 18.73038101 70.36568451 13.19839001
v 18.71954918 70.37537384 13.16465282
v 18.74512863 70.37737274 13.20367146
v 18.76496887 70.41012573 13.17784691
v 18.77342606 70.39979553 13.21380520
v 18.77716255 70.41777039 13.18136597
v 18.78501892 70.40740967 13.21790314
v 18.44231415 69.98932648 13.00193691
v 18.42805099 70.02881622 13.00189495
v 18.41707993 70.06951904 13.00186062
v 18.40782356 70.12547302 13.00183392
v 18.40521049 70.16497803 13.00182533
v 18.40581322 70.20481873 13.00182724
v 18.40973091 70.24505615 13.00183964
v 18.41612625 70.28115845 13.00185871
v 18.42507553 70.31639862 13.00188541
v 18.43793488 70.35459900 13.00192356
v 18.45406914 70.39233398 13.00197124
v 18.47362900 70.42959595 13.00202942
v 18.49227142 70.45961761 13.00208473
v 18.54731941 70.52941895 13.00224876
v 18.61559105 70.59247589 13.00245190
v 18.63403702 70.60647583 13.00250626
v 18.71836472 70.65834045 13.00275707
v 18.49067307 69.96536255 13.00793362
v 18.47354317 70.00170898 13.00772190
v 18.45983124 70.03855896 13.00755310
v 18.44927216 70.07656860 13.00742245
v 18.44036484 70.12886047 13.00731277
v 18.43784904 70.16579437 13.00728226
v 18.43843079 70.20304108 13.00728989
v 18.44219971 70.24066162 13.00733662
v 18.44835472 70.27439880 13.00741196
v 18.45696640 70.30731201 13.00751781
v 18.46933365 70.34295654 13.00767040
v 18.48483849 70.37813568 13.00786018
v 18.50362206 70.41280365 13.00809288
v 18.52150726 70.44071198 13.00831223
v 18.57423782 70.50533295 13.00896263
v 18.63944817 70.56335449 13.00976658
v 18.65703201 70.57616425 13.00998402
v 18.73720551 70.62323761 13.01097679
v 18.52038956 69.98001862 13.01775074
v 18.50395775 70.01377106 13.01728058
v 18.49079895 70.04804993 13.01690578
v 18.48066139 70.08343506 13.01661587
v 18.47210503 70.13215637 13.01637173
v 18.46969032 70.16658783 13.01630306
v 18.47024727 70.20131683 13.01631927
v 18.47387123 70.23637390 13.01642227
v 18.47978210 70.26781464 13.01659107
v 18.48804855 70.29845428 13.01682758
v 18.49991989 70.33161926 13.01716614
v 18.51479340 70.36430359 13.01759148
v 18.53279495 70.39648438 13.01810551
v 18.54992676 70.42233276 13.01859474
v 18.60034561 70.48198700 13.02003956
v 18.66252327 70.53518677 13.02182674
v 18.67925262 70.54686737 13.02230835
v 18.75534630 70.58944702 13.02450943
v 18.54889297 69.99407196 13.03131294
v 18.53317070 70.02536011 13.03049088
v 18.52056885 70.05716705 13.02983379
v 18.51085854 70.09004211 13.02932644
v 18.50265884 70.13533020 13.02889824
v 18.50034332 70.16735077 13.02877808
v 18.50087547 70.19964600 13.02880573
v 18.50434875 70.23224640 13.02898693
v 18.51001358 70.26147461 13.02928162
v 18.51793480 70.28993988 13.02969551
v 18.52930260 70.32073212 13.03028870
v 18.54353905 70.35103607 13.03103256
v 18.56075859 70.38083649 13.03193378
v 18.57713127 70.40473175 13.03279018
v 18.62524605 70.45971680 13.03531456
v 18.68443108 70.50844574 13.03843307
v 18.70032501 70.51907349 13.03927326
v 18.77245522 70.55757904 13.04310608
v 18.57580948 70.00733948 13.04843903
v 18.56080055 70.03632355 13.04718113
v 18.54876518 70.06580353 13.04617214
v 18.53948593 70.09629822 13.04539585
v 18.53164864 70.13834381 13.04473972
v 18.52943420 70.16807556 13.04455471
v 18.52994347 70.19806671 13.04459763
v 18.53326607 70.22834015 13.04487514
v 18.53867912 70.25545502 13.04532814
v 18.54624939 70.28187561 13.04596233
v 18.55710793 70.31042480 13.04687214
v 18.57069969 70.33850098 13.04801083
v 18.58713150 70.36607361 13.04938889
v 18.60274315 70.38816071 13.05070019
v 18.64856911 70.43885803 13.05455780
v 18.70481873 70.48355103 13.05931473
v 18.71990013 70.49326324 13.06059456
v 18.78821564 70.52821350 13.06642342
v 18.58649254 70.04651642 13.06713486
v 18.57502937 70.07385254 13.06571770
v 18.56619072 70.10214233 13.06462479
v 18.55872154 70.14115906 13.06370258
v 18.55661201 70.16875458 13.06344223
v 18.55709839 70.19659424 13.06350136
v 18.56026268 70.22468567 13.06389236
v 18.56542206 70.24985504 13.06452942
v 18.57263184 70.27436066 13.06542110
v 18.58297539 70.30083466 13.06669998
v 18.59591675 70.32686615 13.06830025
v 18.61155319 70.35240173 13.07023716
v 18.62640953 70.37284851 13.07207584
v 18.66996384 70.41972351 13.07748127
v 18.72335052 70.46092987 13.08413124
v 18.73765182 70.46986389 13.08591747
v 18.80234146 70.50190735 13.09403419
v 18.62347412 70.03084564 13.09243202
v 18.60991287 70.05580139 13.09009552
v 18.59903145 70.08120728 13.08822155
v 18.59064102 70.10749054 13.08677578
v 18.58354759 70.14373779 13.08555412
v 18.58154297 70.16937256 13.08520889
v 18.58200455 70.19523621 13.08528900
v 18.58500862 70.22133636 13.08580589
v 18.58990860 70.24471283 13.08664989
v 18.59675598 70.26749420 13.08782959
v 18.60657501 70.29208374 13.08952045
v 18.61886024 70.31626892 13.09163666
v 18.63370132 70.34001160 13.09419346
v 18.64779472 70.35901642 13.09662151
v 18.68911171 70.40259552 13.10374260
v 18.73972511 70.44094086 13.11247540
v 18.75327873 70.44926453 13.11481762
v 18.81456947 70.47912598 13.12543011
v 18.64359283 70.04076385 13.11871529
v 18.63076210 70.06407166 13.11576748
v 18.62046814 70.08777618 13.11339951
v 18.61252975 70.11228180 13.11157227
v 18.60582161 70.14605713 13.11002731
v 18.60392380 70.16992950 13.10959053
v 18.60436249 70.19402313 13.10969162
v 18.60720444 70.21833038 13.11034584
v 18.61183929 70.24011993 13.11141300
v 18.61831474 70.26134491 13.11290455
v 18.62760353 70.28429413 13.11504078
v 18.63922501 70.30687714 13.11771202
v 18.65327072 70.32906342 13.12093544
v 18.66660881 70.34684753 13.12399387
v 18.70572281 70.38773346 13.13294506
v 18.75367355 70.42391205 13.14388466
v 18.76652145 70.43180084 13.14681149
v 18.82467651 70.46029663 13.16003513
v 18.83247757 70.44577026 13.19721222
v 18.89660835 70.45766449 13.25617695
v 18.84835815 70.43972015 13.23984337
v 18.83782768 70.43579865 13.23627949
v 18.79348946 70.41196442 13.22084999
v 18.90177536 70.46843719 13.21680164
v 18.89356422 70.46637726 13.21449566
v 18.89716339 70.48254395 13.17648983
v 18.88859940 70.48058319 13.17454624
v 18.89081192 70.50197601 13.13871002
v 18.88181305 70.49999237 13.13713646
v 18.88284683 70.52632904 13.10423565
v 18.87334442 70.52422333 13.10302544
v 18.87343407 70.55512238 13.07377720
v 18.86336327 70.55278015 13.07290268
v 18.86276627 70.58775330 13.04795456
v 18.85207367 70.58509064 13.04737759
v 18.85106277 70.62355804 13.02730083
v 18.83970261 70.62047577 13.02696800
v 18.83856010 70.66178894 13.01223755
v 18.82649994 70.65824890 13.01208782
v 18.82551956 70.70168304 13.00307560
v 18.81273460 70.69763184 13.00303745
v 18.96656036 70.47938538 13.23487091
v 18.96449280 70.49226379 13.19177818
v 18.96142769 70.51136017 13.15112400
v 18.95742989 70.53626251 13.11382294
v 18.95259476 70.56638336 13.08071518
v 18.94702721 70.60105896 13.05254650
v 18.94085693 70.63951111 13.02995110
v 18.93421745 70.68087006 13.01343727
v 18.92726326 70.72419739 13.00337791
v 18.90454865 70.45995331 13.25882053
v 18.96758461 70.47301483 13.27942848
v 18.96959877 70.47315979 13.28006649
v 19.03260994 70.48120117 13.25306988
v 19.03260994 70.49219513 13.20729446
v 19.03260994 70.51020050 13.16380215
v 19.03260994 70.53480530 13.12366390
v 19.03260994 70.56537628 13.08786774
v 19.03260994 70.60117340 13.05729389
v 19.03260994 70.64131165 13.03269672
v 19.03260994 70.68479919 13.01468277
v 19.03260994 70.73057556 13.00369263
v 20.05214691 68.18373871 16.86841583
v 20.05232811 68.17965698 16.87216949
v 20.23783302 68.17992401 16.26673889
v 20.04951668 68.13741302 16.90639305
v 20.04894447 68.13153076 16.91098022
v 20.24725533 68.13118744 16.26901627
v 20.02368164 68.03927612 16.96635056
v 20.02051163 68.03242493 16.96912575
v 20.24221802 68.03229523 16.26779938
v 20.14301300 67.86574554 16.24380684
v 20.20616150 67.94048309 13.74092007
v 20.17760468 67.90041351 13.74782658
v 20.14301300 67.86574554 13.75619221
v 20.17760468 67.90041351 16.25217247
v 20.20616150 67.94048309 16.25907707
v 19.97397804 67.94654083 16.99691582
v 20.00210571 67.99269104 16.98522568
v 19.99783325 67.98484802 16.98774147
v 20.22789764 67.98484802 16.26433563
v 19.99782372 67.98483276 16.98774719
v 19.97715187 67.95163727 16.99569511
v 20.00342178 67.99553680 16.98407745
v 20.24872971 68.08152771 16.26937485
v 20.03956985 68.08966064 16.93824959
v 20.03774834 68.08152008 16.94355011
v 20.03673553 68.07699585 16.94649887
v 20.05274010 68.17049408 16.88061142
v 20.22072411 68.22637939 16.26259995
v 20.04121780 68.26703644 16.78459358
v 20.04975319 68.22830200 16.82696915
v 20.05017853 68.22636414 16.82908440
v 20.05024719 68.22605896 16.82942390
v 20.23783302 68.17992401 13.73326015
v 20.22072411 68.22637939 13.73739815
v 20.24725533 68.13118744 13.73098278
v 20.24872971 68.08152771 13.73062515
v 20.24221802 68.03229523 13.73220062
v 20.22789764 67.98484802 13.73566341
v 20.35443878 68.22637939 14.57559967
v 20.35443878 68.22637939 15.42439938
v 20.27473640 67.86574554 14.58191681
v 20.37198639 68.17992401 14.57420921
v 20.38164902 68.13118744 14.57344246
v 20.38315964 68.08152771 14.57332325
v 20.37648392 68.03229523 14.57385254
v 20.36179352 67.98484802 14.57501698
v 20.33950233 67.94048309 14.57678318
v 20.31021309 67.90041351 14.57910538
v 20.37198639 68.17992401 15.42578983
v 20.38164902 68.13118744 15.42655659
v 20.38315964 68.08152771 15.42667580
v 20.37648392 68.03229523 15.42614651
v 20.36179352 67.98484802 15.42498302
v 20.33950233 67.94048309 15.42321587
v 20.31021309 67.90041351 15.42089367
v 20.27473640 67.86574554 15.41808224
v 20.89067459 70.73057556 13.00371552
v 20.89067459 70.73030090 13.00373745
v 20.89067459 70.68481445 13.01472569
v 20.89067459 70.68426514 13.01485729
v 20.89067459 70.64133453 13.03275871
v 20.89067459 70.64055634 13.03308392
v 20.89067459 70.60121918 13.05736923
v 20.89067459 70.60025787 13.05796146
v 20.89067459 70.56544495 13.08794975
v 20.89067459 70.56437683 13.08887005
v 20.89067459 70.53489685 13.12374687
v 20.89067459 70.53380585 13.12504005
v 20.89067459 70.51033783 13.16387939
v 20.89067459 70.50931549 13.16556931
v 20.89067459 70.49234772 13.20735836
v 20.89067459 70.49150085 13.20944786
v 20.89067459 70.48138428 13.25311279
v 20.89067459 70.48081970 13.25558376
v 19.05434608 70.04889679 14.35546494
v 18.90298843 70.04889679 13.72727489
v 18.88641739 70.09597778 16.26653290
v 18.66950798 70.06593323 16.82395172
v 18.90322113 70.04889679 16.27200890
v 18.67989731 70.04897308 16.82009506
v 18.68297958 70.04394531 16.81895447
v 18.64248085 70.14537048 16.83407402
v 18.64499664 70.13053894 16.83312607
v 18.87732697 70.14534760 16.26357079
v 18.65059090 70.10973358 16.83102417
v 18.65832138 70.08893585 16.82812500
v 18.64145851 70.15139008 16.83445740
v 18.87620163 70.19562531 16.26320457
v 18.63995743 70.18312836 16.83502388
v 18.88307953 70.24538422 16.26544380
v 18.64537048 70.22615814 16.83298492
v 18.64160728 70.20483398 16.83440208
v 18.66118050 70.27254486 16.82705688
v 18.65119171 70.24713135 16.83079910
v 18.65070343 70.24536896 16.83098030
v 18.67225838 70.29396820 16.82292938
v 18.89776230 70.29324341 16.27022934
v 18.70043755 70.33424377 16.81252289
v 18.91983986 70.33784485 16.27742577
v 18.70360947 70.33777618 16.81136131
v 18.94869041 70.37794495 16.28682709
v 18.98350525 70.41241455 16.29817390
v 18.79354477 70.41199493 16.77912521
v 18.75830460 70.38895416 16.79157448
v 18.74518967 70.37738800 16.79630470
v 18.71622086 70.35183716 16.80675125
v 19.02330208 70.44028473 16.31114197
v 19.06696892 70.46076965 16.32537079
v 18.90769768 70.46022034 16.74017525
v 18.85967255 70.44499207 16.75625610
v 18.84846687 70.43968201 16.76011848
v 18.80282402 70.41806030 16.77584839
v 19.11327362 70.47328949 16.34046173
v 18.98216820 70.47480011 16.71589661
v 18.96969032 70.47260284 16.71994591
v 18.91802406 70.46349335 16.73671722
v 19.11302757 70.47328949 13.65878201
v 19.06672668 70.46076965 13.67388153
v 19.02306366 70.44028473 13.68811893
v 18.98326683 70.41241455 13.70109653
v 18.94845390 70.37794495 13.71244812
v 18.91960526 70.33784485 13.72185516
v 18.89752960 70.29324341 13.72905445
v 18.88284874 70.24538422 13.73384285
v 18.87597084 70.19562531 13.73608398
v 18.87709427 70.14534760 13.73571777
v 18.88618660 70.09597778 13.73275375
v 19.05446434 70.04889679 15.64379025
v 19.10525894 70.04889679 14.99962330
v 19.03701019 70.09597778 15.64101887
v 19.02756500 70.14534760 15.63951969
v 19.02639771 70.19562531 15.63933468
v 19.03354263 70.24538422 15.64046955
v 19.04879570 70.29324341 15.64289093
v 19.07172585 70.33784485 15.64653206
v 19.10169601 70.37794495 15.65129089
v 19.13785934 70.41241455 15.65703201
v 19.17919922 70.44028473 15.66359806
v 19.22455788 70.46076965 15.67079830
v 19.27265739 70.47328949 15.67843723
v 19.08758545 70.09597778 14.99962521
v 19.07802391 70.14534760 14.99962521
v 19.07684135 70.19562531 14.99962616
v 19.08407402 70.24538422 14.99962521
v 19.09951591 70.29324341 14.99962330
v 19.12273788 70.33784485 14.99962139
v 19.15307999 70.37794495 14.99961853
v 19.18969727 70.41241455 14.99961472
v 19.23155594 70.44028473 14.99961090
v 19.27748299 70.46076965 14.99960804
v 19.32618332 70.47328949 14.99960327
v 19.03689194 70.09597778 14.35823917
v 19.02744865 70.14534760 14.35974026
v 19.02628136 70.19562531 14.35992718
v 19.03342438 70.24538422 14.35879040
v 19.04867554 70.29324341 14.35636616
v 19.07160950 70.33784485 14.35272026
v 19.10157585 70.37794495 14.34795666
v 19.13773918 70.41241455 14.34220791
v 19.17907715 70.44028473 14.33563614
v 19.22443390 70.46076965 14.32842541
v 19.27253151 70.47328949 14.32077885
v 19.25335503 69.28094482 16.83831215
v 19.23367500 69.26599884 16.87798119
v 19.20932961 69.24750519 16.91332817
v 19.18090630 69.22591400 16.94350052
v 19.14909935 69.20175171 16.96776199
v 19.11467361 69.17559814 16.98552704
v 19.07847023 69.14810181 16.99635887
v 18.52858543 69.86100006 16.99660683
v 18.52149391 69.85547638 16.99728584
v 18.56327820 69.88801575 16.98650742
v 18.59638023 69.91379547 16.96992874
v 18.60252953 69.91857910 16.96539688
v 18.62714767 69.93775177 16.94724655
v 18.65488434 69.95935059 16.91897202
v 18.67896271 69.97810364 16.88574600
v 18.69883728 69.99357605 16.84832001
v 18.70187950 69.99594879 16.84017181
v 20.90526390 70.73260498 13.00373745
v 20.89806175 70.73088074 13.00373745
v 20.91210938 70.73544312 13.00373745
v 20.91842461 70.73931122 13.00373745
v 20.92405701 70.74412537 13.00373745
v 20.92886925 70.74975586 13.00373745
v 20.93273926 70.75607300 13.00373745
v 20.93557549 70.76291656 13.00373745
v 20.93730545 70.77011871 13.00373745
v 20.93788528 70.77750397 13.00373745
v 20.93881798 70.77750397 13.00396347
v 20.98391914 70.77750397 13.01485729
v 20.98277092 70.76291656 13.01485729
v 20.90526199 70.68540955 13.01485729
v 20.98568916 70.77750397 13.01559639
v 21.02762794 70.77750397 13.03308392
v 21.02594185 70.75608826 13.03308392
v 20.91209984 70.64224243 13.03308392
v 21.03007698 70.77750397 13.03459644
v 21.06792450 70.77750397 13.05796146
v 21.06574440 70.74977875 13.05796146
v 20.91840553 70.60243988 13.05796146
v 21.07083511 70.77750397 13.06046677
v 21.10380554 70.77750397 13.08887005
v 21.10118103 70.74416351 13.08887005
v 20.92401695 70.56700134 13.08887005
v 21.10690308 70.77750397 13.09253597
v 21.13437462 70.77750397 13.12504005
v 21.13137436 70.73937988 13.12504005
v 20.92879868 70.53680420 13.12504005
v 21.13735390 70.77750397 13.12996960
v 21.15887070 70.77750397 13.16556931
v 21.15556908 70.73554993 13.16556931
v 20.93263245 70.51261139 13.16556931
v 21.16139984 70.77750397 13.17179585
v 21.17668533 70.77750397 13.20944786
v 21.17316246 70.73276520 13.20944786
v 20.93541718 70.49501801 13.20944786
v 20.93576622 70.48120117 13.28698730
v 20.93708801 70.48446655 13.25558376
v 20.93752480 70.48163605 13.28647995
v 20.98235893 70.49533844 13.25558376
v 21.04458237 70.52490997 13.25558376
v 21.02553558 70.51275635 13.26108074
v 21.02537346 70.51315308 13.25558376
v 21.02153397 70.51020050 13.26223564
v 20.97974777 70.49219513 13.27429485
v 21.05878639 70.54611969 13.20944786
v 21.09291458 70.57526398 13.20944786
v 21.06427002 70.53851318 13.24990177
v 21.09449005 70.56537628 13.24118042
v 21.12386322 70.60117340 13.23270321
v 21.12206078 70.60939789 13.20944786
v 21.12669754 70.60597992 13.23188686
v 21.14551163 70.64766693 13.20944786
v 21.14749718 70.64131165 13.22588348
v 21.16480637 70.68479919 13.22088718
v 21.16268539 70.68912506 13.20944786
v 21.16557884 70.68815613 13.22066402
v 21.17536354 70.73057556 13.21784115
v 21.17550087 70.73238373 13.21780109
v 20.97905731 70.50550079 13.20944786
v 21.02052116 70.52267456 13.20944786
v 21.06009865 70.53480530 13.25110626
v 20.97355270 70.52243805 13.16556931
v 21.01243210 70.53854370 13.16556931
v 21.04831696 70.56053162 13.16556931
v 21.08031845 70.58786774 13.16556931
v 21.10765076 70.61986542 13.16556931
v 21.12964058 70.65574646 13.16556931
v 21.14574432 70.69463348 13.16556931
v 20.96598244 70.54573059 13.12504005
v 21.00131226 70.56037140 13.12504005
v 21.03391838 70.58034515 13.12504005
v 21.06299591 70.60518646 13.12504005
v 21.08783340 70.63426208 13.12504005
v 21.10781288 70.66687012 13.12504005
v 21.12244797 70.70220184 13.12504005
v 20.95653725 70.57480621 13.08887005
v 20.98743439 70.58760834 13.08887005
v 21.01594925 70.60508728 13.08887005
v 21.04138184 70.62680054 13.08887005
v 21.06310081 70.65222931 13.08887005
v 21.08057594 70.68074799 13.08887005
v 21.09337425 70.71163940 13.08887005
v 20.94544792 70.60893250 13.05796146
v 20.97114563 70.61957550 13.05796146
v 20.99486160 70.63410950 13.05796146
v 21.01600838 70.65216827 13.05796146
v 21.03407288 70.67332458 13.05796146
v 21.04860497 70.69703674 13.05796146
v 21.05924988 70.72274017 13.05796146
v 20.93299675 70.64725494 13.03308392
v 20.95285034 70.65547943 13.03308392
v 20.97117615 70.66670990 13.03308392
v 20.98751640 70.68066406 13.03308392
v 21.00147247 70.69700623 13.03308392
v 21.01270103 70.71533203 13.03308392
v 21.02092743 70.73518372 13.03308392
v 20.91949081 70.68882751 13.01485729
v 20.93300819 70.69442749 13.01485729
v 20.94548225 70.70207214 13.01485729
v 20.95660973 70.71157837 13.01485729
v 20.96611023 70.72270203 13.01485729
v 20.97375679 70.73517609 13.01485729
v 20.97935677 70.74869537 13.01485729
v 19.03260994 70.73057556 16.99630547
v 19.03260994 70.68479919 16.98531532
v 18.95086098 70.72708893 16.99655151
v 19.03260994 70.64131165 16.96730232
v 18.95631790 70.68311310 16.98628426
v 19.03260994 70.60117340 16.94270325
v 18.96152115 70.64117432 16.96943283
v 19.03260994 70.56537628 16.91213226
v 18.96635056 70.60225677 16.94638824
v 19.03260994 70.53480530 16.87633705
v 18.97069550 70.56724548 16.91767883
v 19.03260994 70.51020050 16.83619690
v 18.97445679 70.53693390 16.88396645
v 19.03260994 70.49219513 16.79270554
v 18.97754669 70.51203156 16.84601974
v 19.03260994 70.48120117 16.74693108
v 18.97989655 70.49311066 16.80471992
v 18.98144722 70.48060608 16.76100922
v 18.91568375 70.47158051 16.77930069
v 18.85524368 70.45458221 16.79631805
v 18.79585457 70.42837524 16.81325531
v 18.74903870 70.39915466 16.82676506
v 18.70455742 70.36109924 16.83973122
v 18.68782234 70.34284973 16.84464455
v 18.65787888 70.30073547 16.85348129
v 18.64608383 70.27818298 16.85697937
v 18.63543892 70.25133514 16.86014366
v 18.62923050 70.22911835 16.86199379
v 18.62521744 70.20651245 16.86319160
v 18.62345505 70.18347931 16.86371613
v 18.62505913 70.14978027 16.86323738
v 18.62882996 70.12767029 16.86211395
v 18.63479805 70.10563660 16.86033630
v 18.64303780 70.08366394 16.85788536
v 18.65495110 70.05941010 16.85434914
v 18.84723282 70.70790100 16.99686050
v 18.75338173 70.67496490 16.99713898
v 18.66241646 70.62600708 16.99740791
v 18.59156418 70.57248688 16.99761772
v 18.52493858 70.50371552 16.99781799
v 18.50004387 70.47097015 16.99789047
v 18.45573235 70.39579773 16.99802208
v 18.43836403 70.35571289 16.99807549
v 18.42272377 70.30811310 16.99812126
v 18.41362190 70.26878357 16.99814796
v 18.40774345 70.22878265 16.99816704
v 18.40516281 70.18805695 16.99817276
v 18.40751076 70.12849426 16.99816704
v 18.41303444 70.08938599 16.99814987
v 18.42178345 70.05037689 16.99812317
v 18.43388367 70.01141357 16.99808884
v 18.45141983 69.96834564 16.99803543
v 18.47256851 69.92726898 16.99797249
v 18.87031555 70.62820435 16.97213173
v 18.88087463 70.59175873 16.95106316
v 18.78674698 70.60277557 16.97457695
v 18.80213547 70.56948090 16.95530701
v 18.70493126 70.56304169 16.97694969
v 18.72469902 70.53376770 16.95943451
v 18.64068604 70.51841736 16.97879982
v 18.66366768 70.49312592 16.96266174
v 18.57987785 70.46009827 16.98054695
v 18.60572815 70.43956757 16.96570969
v 18.55706024 70.43206787 16.98119926
v 18.58394623 70.41372681 16.96685219
v 18.51632500 70.36730957 16.98236465
v 18.54500580 70.35381317 16.96888924
v 18.50031471 70.33259583 16.98282242
v 18.52968216 70.32162476 16.96969032
v 18.48587799 70.29125977 16.98323250
v 18.51585770 70.28325653 16.97041321
v 18.47746849 70.25703430 16.98347282
v 18.50779724 70.25145721 16.97083282
v 18.47203255 70.22219849 16.98362923
v 18.50258827 70.21907043 16.97110367
v 18.46964645 70.18670654 16.98369789
v 18.50030136 70.18606567 16.97122383
v 18.47181702 70.13478088 16.98363495
v 18.50238037 70.13777924 16.97111511
v 18.47692490 70.10072327 16.98348999
v 18.50727844 70.10610962 16.97085953
v 18.48501015 70.06678009 16.98325920
v 18.51502419 70.07456207 16.97045517
v 18.49618149 70.03292847 16.98293877
v 18.52572441 70.04313660 16.96989632
v 18.51235199 69.99561310 16.98247910
v 18.54120255 70.00851440 16.96908760
v 18.53182220 69.96012115 16.98192215
v 18.55982590 69.97565460 16.96811485
v 18.91165543 70.48548126 16.82022095
v 18.84853745 70.46908569 16.83454514
v 18.78620148 70.44267273 16.84870911
v 18.73686981 70.41254425 16.85994530
v 18.68986893 70.37276459 16.87067986
v 18.67215347 70.35353851 16.87473488
v 18.64042282 70.30893707 16.88201332
v 18.62791443 70.28496552 16.88488770
v 18.61661530 70.25636292 16.88748550
v 18.61002541 70.23265076 16.88900375
v 18.60576248 70.20850372 16.88998604
v 18.60389137 70.18389130 16.89041519
v 18.60559273 70.14788055 16.89002228
v 18.60960007 70.12425995 16.88910103
v 18.61593437 70.10074615 16.88764191
v 18.62467957 70.07732391 16.88563156
v 18.63731956 70.05152130 16.88272476
v 18.65250969 70.02704620 16.87923813
v 18.66927910 70.03634644 16.85011101
v 18.85902596 70.66719055 16.98750687
v 18.77039337 70.63816071 16.98861122
v 18.68405151 70.59397125 16.98968124
v 18.61652565 70.54502106 16.99051666
v 18.55281830 70.48158264 16.99130058
v 18.52896118 70.45124054 16.99159431
v 18.48643684 70.38135529 16.99211884
v 18.46974564 70.34400177 16.99232483
v 18.45470428 70.29957581 16.99250984
v 18.44594574 70.26283264 16.99261665
v 18.44028664 70.22545624 16.99268723
v 18.43780518 70.18737793 16.99271774
v 18.44006348 70.13167572 16.99268913
v 18.44538116 70.09513092 16.99262428
v 18.45380020 70.05867767 16.99252129
v 18.46543884 70.02231598 16.99237633
v 18.48229218 69.98215485 16.99217033
v 18.50260353 69.94391632 16.99191856
v 18.89047623 70.55860901 16.92473984
v 18.81626511 70.53891754 16.93116760
v 18.74300957 70.50664520 16.93743896
v 18.68509865 70.46953583 16.94235611
v 18.62998772 70.42031097 16.94700623
v 18.60923958 70.39646912 16.94875145
v 18.57209969 70.34107208 16.95187187
v 18.55746841 70.31125641 16.95309830
v 18.54426193 70.27567291 16.95420456
v 18.53656006 70.24617004 16.95484924
v 18.53158188 70.21610260 16.95526505
v 18.52939415 70.18545532 16.95544815
v 18.53138351 70.14061737 16.95528221
v 18.53606415 70.11121368 16.95488930
v 18.54346657 70.08193970 16.95426941
v 18.55368996 70.05279541 16.95341492
v 18.56847000 70.02072144 16.95217514
v 18.58624077 69.99030304 16.95068550
v 18.89892006 70.52945709 16.89370918
v 18.82886124 70.51165771 16.90261841
v 18.75954819 70.48214722 16.91134071
v 18.70464516 70.44802094 16.91820145
v 18.65231133 70.40258789 16.92471123
v 18.63258553 70.38053894 16.92715645
v 18.59724808 70.32924652 16.93153381
v 18.58332062 70.30160522 16.93325615
v 18.57073975 70.26860046 16.93481255
v 18.56340218 70.24122620 16.93571854
v 18.55865669 70.21333313 16.93630409
v 18.55657387 70.18487549 16.93656349
v 18.55846786 70.14326477 16.93632889
v 18.56292915 70.11598206 16.93577766
v 18.56998444 70.08882141 16.93490601
v 18.57971954 70.06179047 16.93370247
v 18.59379387 70.03205109 16.93196106
v 18.61070824 70.00386810 16.92986679
v 18.90602875 70.50490570 16.85862541
v 18.83968925 70.48823547 16.87020493
v 18.77402878 70.46070862 16.88159370
v 18.72199440 70.42892456 16.89058495
v 18.67236710 70.38666534 16.89914513
v 18.65365601 70.36615753 16.90236855
v 18.62012482 70.31848907 16.90814400
v 18.60690117 70.29280853 16.91042328
v 18.59495926 70.26213837 16.91247940
v 18.58799171 70.23670197 16.91368103
v 18.58348656 70.21078491 16.91445541
v 18.58150864 70.18435669 16.91479683
v 18.58330727 70.14569855 16.91448593
v 18.58754349 70.12034607 16.91375732
v 18.59424019 70.09511566 16.91260338
v 18.60348511 70.06999969 16.91101074
v 18.61684418 70.04236603 16.90870857
v 18.63289833 70.01617432 16.90594482
v 21.17668533 74.17750549 13.20944786
v 21.16139984 74.17750549 13.17179585
v 21.15887070 74.17750549 13.16556931
v 21.13735390 74.17750549 13.12996960
v 21.13437462 74.17750549 13.12504005
v 21.10690308 74.17750549 13.09253597
v 21.10380554 74.17750549 13.08887005
v 21.07083511 74.17750549 13.06046677
v 21.06792450 74.17750549 13.05796146
v 21.03007698 74.17750549 13.03459644
v 21.02762794 74.17750549 13.03308392
v 20.98568916 74.17750549 13.01559639
v 20.98391914 74.17750549 13.01485729
v 20.93881798 74.17750549 13.00396347
v 20.93788528 74.17750549 13.00373745
v 21.17550087 70.73238373 16.78219795
v 21.17536354 70.73057556 16.78215981
v 21.36406517 70.73057556 15.89994526
v 21.33534431 70.64131165 14.10411549
v 21.28071976 70.56537628 14.11184120
v 21.16246986 70.49219513 14.12856293
v 21.17800331 70.48120117 15.00000000
v 21.11714554 70.48120117 14.13497257
v 20.93752480 70.48163605 16.71352005
v 20.93576622 70.48120117 16.71301270
v 21.11714554 70.48120117 15.86502838
v 21.16246986 70.49219513 15.87143707
v 20.97974777 70.49219513 16.72570419
v 21.02553558 70.51275635 16.73892021
v 21.02153397 70.51020050 16.73776436
v 21.20553398 70.51020050 15.87752628
v 21.22377968 70.49219513 15.00000000
v 21.26727104 70.51020050 15.00000000
v 21.20553398 70.51020050 14.12247276
v 21.24527550 70.53480530 14.11685371
v 21.06427002 70.53851318 16.75009727
v 21.06009865 70.53480530 16.74889374
v 21.24527550 70.53480530 15.88314629
v 21.04458237 70.52490997 16.74441528
v 21.28071976 70.56537628 15.88815784
v 21.09449005 70.56537628 16.75881767
v 21.30740929 70.53480530 15.00000000
v 21.12669754 70.60597992 16.76811218
v 21.12386322 70.60117340 16.76729774
v 21.31099129 70.60117340 15.89243889
v 21.33534431 70.64131165 15.89588261
v 21.14749718 70.64131165 16.77411652
v 21.34320450 70.56537628 15.00000000
v 21.31099129 70.60117340 14.10756016
v 21.37377930 70.60117340 15.00000000
v 21.16557884 70.68815613 16.77933502
v 21.16480637 70.68479919 16.77911186
v 21.35318375 70.68479919 15.89840698
v 21.39837646 70.64131165 15.00000000
v 21.41638947 70.68479919 15.00000000
v 21.35318375 70.68479919 14.10159397
v 21.36406517 70.73057556 14.10005474
v 21.42737961 70.73057556 15.00000000
v 20.89067459 70.73057556 16.99628258
v 20.89067459 70.73030090 16.99626350
v 20.89067459 70.68481445 16.98527336
v 20.89067459 70.68426514 16.98513985
v 20.89067459 70.64133453 16.96724129
v 20.89067459 70.64055634 16.96691513
v 20.89067459 70.60121918 16.94263077
v 20.89067459 70.60025787 16.94203949
v 20.89067459 70.56544495 16.91205025
v 20.89067459 70.56437683 16.91113091
v 20.89067459 70.53489685 16.87625313
v 20.89067459 70.53380585 16.87495995
v 20.89067459 70.51033783 16.83612061
v 20.89067459 70.50931549 16.83443069
v 20.89067459 70.49234772 16.79264069
v 20.89067459 70.49150085 16.79055023
v 20.89067459 70.48138428 16.74688721
v 20.89067459 70.48081970 16.74441528
v 20.93557549 74.19209290 13.00373745
v 20.93730545 74.18489075 13.00373745
v 20.92886925 74.20525360 13.00373745
v 20.93273926 74.19893646 13.00373745
v 20.92405701 74.21089172 13.00373745
v 20.91842461 74.21570587 13.00373745
v 20.91210938 74.21956635 13.00373745
v 21.16268539 74.26589203 13.20944786
v 21.17316246 74.22224426 13.20944786
v 21.15556908 74.21945953 13.16556931
v 21.06009865 74.42021179 13.25110626
v 21.06427002 74.41650391 13.24990177
v 21.05878639 74.40888977 13.20944786
v 21.09449005 74.38963318 13.24118042
v 21.09821320 74.38510132 13.24010658
v 21.09291458 74.37974548 13.20944786
v 21.14749718 74.31369781 13.22588348
v 21.14925194 74.30929565 13.22537613
v 21.14551163 74.30735016 13.20944786
v 21.17550087 74.22263336 13.21780109
v 21.17536354 74.22443390 13.21784115
v 21.16480637 74.27021027 13.22088718
v 21.04458237 74.43010712 13.25558376
v 20.97974777 74.46282196 13.27429485
v 21.02153397 74.44480896 13.26223564
v 21.02537346 74.44186401 13.25558376
v 20.93576622 74.47381592 13.28698730
v 20.93752480 74.47337341 13.28647995
v 20.93708801 74.47055054 13.25558376
v 20.89067459 74.47419739 13.25558376
v 20.89067459 74.47362518 13.25311279
v 20.93541718 74.45999146 13.20944786
v 20.93263245 74.44239807 13.16556931
v 20.89067459 74.46266937 13.20735836
v 20.89067459 74.46351624 13.20944786
v 21.04831696 74.39447784 13.16556931
v 21.01243210 74.41646576 13.16556931
v 21.02052116 74.43234253 13.20944786
v 20.92879868 74.41820526 13.12504005
v 20.89067459 74.44467926 13.16387939
v 20.89067459 74.44570160 13.16556931
v 21.00131226 74.39464569 13.12504005
v 21.03391838 74.37466431 13.12504005
v 21.06299591 74.34983063 13.12504005
v 21.12386322 74.35384369 13.23270321
v 21.12206078 74.34561920 13.20944786
v 21.12964058 74.29926300 13.16556931
v 21.14574432 74.26038361 13.16556931
v 21.12244797 74.25281525 13.12504005
v 21.13137436 74.21562958 13.12504005
v 21.10118103 74.21084595 13.08887005
v 20.92401695 74.38801575 13.08887005
v 20.89067459 74.42011261 13.12374687
v 20.89067459 74.42120361 13.12504005
v 20.98743439 74.36740112 13.08887005
v 21.01594925 74.34992981 13.08887005
v 21.04138184 74.32821655 13.08887005
v 21.06310081 74.30278015 13.08887005
v 20.91840553 74.35256958 13.05796146
v 20.89067459 74.38957214 13.08794975
v 20.89067459 74.39063263 13.08887005
v 20.97114563 74.33543396 13.05796146
v 20.99486160 74.32090759 13.05796146
v 21.01600838 74.30283356 13.05796146
v 21.03407288 74.28169250 13.05796146
v 21.04860497 74.25798035 13.05796146
v 21.08031845 74.36714935 13.16556931
v 21.10765076 74.33515167 13.16556931
v 21.08783340 74.32074738 13.12504005
v 21.10781288 74.28814697 13.12504005
v 21.08057594 74.27426147 13.08887005
v 21.09337425 74.24337006 13.08887005
v 21.05924988 74.23227692 13.05796146
v 21.06574440 74.20523834 13.05796146
v 21.02594185 74.19892883 13.03308392
v 20.91209984 74.31277466 13.03308392
v 20.89067459 74.35379791 13.05736923
v 20.89067459 74.35475159 13.05796146
v 20.95285034 74.29953003 13.03308392
v 20.97117615 74.28829956 13.03308392
v 20.98751640 74.27434540 13.03308392
v 21.00147247 74.25801086 13.03308392
v 21.01270103 74.23967743 13.03308392
v 21.02092743 74.21983337 13.03308392
v 20.90526199 74.26959991 13.01485729
v 20.89067459 74.31367493 13.03275871
v 20.89067459 74.31446075 13.03308392
v 20.93300819 74.26058197 13.01485729
v 20.94548225 74.25293732 13.01485729
v 20.95660973 74.24343872 13.01485729
v 20.96611023 74.23230743 13.01485729
v 20.97375679 74.21984100 13.01485729
v 20.97935677 74.20632172 13.01485729
v 20.98277092 74.19209290 13.01485729
v 21.02553558 74.44225311 13.26108074
v 20.89806175 74.22413635 13.00373745
v 20.89067459 74.27020264 13.01472569
v 20.89067459 74.27074432 13.01485729
v 20.89067459 74.22443390 13.00371552
v 20.89067459 74.22471619 13.00373745
v 20.98235893 74.45967865 13.25558376
v 20.97905731 74.44951630 13.20944786
v 20.97355270 74.43257141 13.16556931
v 20.96598244 74.40927887 13.12504005
v 20.95653725 74.38020325 13.08887005
v 20.94544792 74.34607697 13.05796146
v 20.93299675 74.30775452 13.03308392
v 20.91949081 74.26618958 13.01485729
v 20.90526390 74.22240448 13.00373745
v 21.16139984 70.77750397 16.82820320
v 21.15887070 70.77750397 16.83443069
v 21.15556908 70.73554993 16.83443069
v 21.13735390 70.77750397 16.87003136
v 21.13437462 70.77750397 16.87495995
v 21.13137436 70.73937988 16.87495995
v 21.10690308 70.77750397 16.90746498
v 21.10380554 70.77750397 16.91113091
v 21.10118103 70.74416351 16.91113091
v 21.07083511 70.77750397 16.93953133
v 21.06792450 70.77750397 16.94203949
v 21.06574440 70.74977875 16.94203949
v 20.93299675 70.64725494 16.96691513
v 20.91209984 70.64224243 16.96691513
v 20.91840553 70.60243988 16.94203949
v 21.03007698 70.77750397 16.96540451
v 21.02762794 70.77750397 16.96691513
v 21.02594185 70.75608826 16.96691513
v 20.90526199 70.68540955 16.98513985
v 20.90526390 70.73260498 16.99626350
v 20.91210938 70.73544312 16.99626350
v 20.93273926 70.75607300 16.99626350
v 20.93557549 70.76291656 16.99626350
v 21.17668533 70.77750397 16.79055023
v 21.17316246 70.73276520 16.79055023
v 21.16268539 70.68912506 16.79055023
v 21.12206078 70.60939789 16.79055023
v 21.14551163 70.64766693 16.79055023
v 21.05878639 70.54611969 16.79055023
v 21.09291458 70.57526398 16.79055023
v 21.02537346 70.51315308 16.74441528
v 20.93708801 70.48446655 16.74441528
v 20.89806175 70.73088074 16.99626350
v 20.98568916 70.77750397 16.98440361
v 20.98391914 70.77750397 16.98513985
v 20.98277092 70.76291656 16.98513985
v 20.93881798 70.77750397 16.99603653
v 20.91949081 70.68882751 16.98513985
v 20.93300819 70.69442749 16.98513985
v 20.91842461 70.73931122 16.99626350
v 21.02092743 70.73518372 16.96691513
v 21.05924988 70.72274017 16.94203949
v 21.04860497 70.69703674 16.94203949
v 21.09337425 70.71163940 16.91113091
v 21.08057594 70.68074799 16.91113091
v 21.06310081 70.65222931 16.91113091
v 20.92886925 70.74975586 16.99626350
v 20.92405701 70.74412537 16.99626350
v 20.95660973 70.71157837 16.98513985
v 20.94548225 70.70207214 16.98513985
v 20.97117615 70.66670990 16.96691513
v 20.95285034 70.65547943 16.96691513
v 20.97114563 70.61957550 16.94203949
v 20.94544792 70.60893250 16.94203949
v 20.95653725 70.57480621 16.91113091
v 20.92401695 70.56700134 16.91113091
v 20.92879868 70.53680420 16.87495995
v 21.12244797 70.70220184 16.87495995
v 21.10781288 70.66687012 16.87495995
v 21.08783340 70.63426208 16.87495995
v 21.06299591 70.60518646 16.87495995
v 21.14574432 70.69463348 16.83443069
v 21.12964058 70.65574646 16.83443069
v 21.10765076 70.61986542 16.83443069
v 21.08031845 70.58786774 16.83443069
v 21.04831696 70.56053162 16.83443069
v 20.97375679 70.73517609 16.98513985
v 20.96611023 70.72270203 16.98513985
v 21.00147247 70.69700623 16.96691513
v 20.98751640 70.68066406 16.96691513
v 21.01600838 70.65216827 16.94203949
v 20.99486160 70.63410950 16.94203949
v 21.01594925 70.60508728 16.91113091
v 20.98743439 70.58760834 16.91113091
v 21.00131226 70.56037140 16.87495995
v 20.96598244 70.54573059 16.87495995
v 20.97355270 70.52243805 16.83443069
v 20.93263245 70.51261139 16.83443069
v 20.93541718 70.49501801 16.79055023
v 20.93730545 70.77011871 16.99626350
v 21.02052116 70.52267456 16.79055023
v 20.98235893 70.49533844 16.74441528
v 20.97905731 70.50550079 16.79055023
v 21.01243210 70.53854370 16.83443069
v 21.03391838 70.58034515 16.87495995
v 21.04138184 70.62680054 16.91113091
v 21.03407288 70.67332458 16.94203949
v 21.01270103 70.71533203 16.96691513
v 20.97935677 70.74869537 16.98513985
v 20.93788528 70.77750397 16.99626350
v 19.03260994 74.22443390 13.00369263
v 19.03260994 74.27021027 13.01468277
v 19.03260994 74.31369781 13.03269672
v 19.03260994 74.35384369 13.05729389
v 19.03260994 74.38963318 13.08786774
v 19.03260994 74.42021179 13.12366390
v 19.03260994 74.44480896 13.16380215
v 19.03260994 74.46282196 13.20729446
v 19.03260994 74.47381592 13.25306988
v 21.36406517 74.22443390 14.10005474
v 21.35318375 74.27021027 15.89840698
v 21.16480637 74.27021027 16.77911186
v 21.17536354 74.22443390 16.78215981
v 21.31099129 74.35384369 15.89243889
v 21.12386322 74.35384369 16.76729774
v 21.14749718 74.31369781 16.77411652
v 21.16246986 74.46282196 15.87143707
v 20.97974777 74.46282196 16.72570419
v 21.02153397 74.44480896 16.73776436
v 21.17800331 74.47381592 15.00000000
v 21.11714554 74.47381592 15.86502838
v 21.11714554 74.47381592 14.13497257
v 21.16246986 74.46282196 14.12856293
v 20.93752480 74.47337341 16.71352005
v 20.93576622 74.47381592 16.71301270
v 21.20553398 74.44480896 14.12247276
v 21.22377968 74.46282196 15.00000000
v 21.26727104 74.44480896 15.00000000
v 21.20553398 74.44480896 15.87752628
v 21.24527550 74.42021179 15.88314629
v 21.24527550 74.42021179 14.11685371
v 21.30740929 74.42021179 15.00000000
v 21.28071976 74.38963318 15.88815784
v 21.02553558 74.44225311 16.73892021
v 21.04458237 74.43010712 16.74441528
v 21.28071976 74.38963318 14.11184120
v 21.31099129 74.35384369 14.10756016
v 21.06009865 74.42021179 16.74889374
v 21.06427002 74.41650391 16.75009727
v 21.09449005 74.38963318 16.75881767
v 21.09821320 74.38510132 16.75989342
v 21.34320450 74.38963318 15.00000000
v 21.33534431 74.31369781 14.10411549
v 21.35318375 74.27021027 14.10159397
v 21.41638947 74.27021027 15.00000000
v 21.37377930 74.35384369 15.00000000
v 21.33534431 74.31369781 15.89588261
v 21.14925194 74.30929565 16.77462196
v 21.39837646 74.31369781 15.00000000
v 21.42737961 74.22443390 15.00000000
v 21.36406517 74.22443390 15.89994526
v 21.17550087 74.22263336 16.78219795
v 20.93788528 74.17750549 16.99626350
v 20.93881798 74.17750549 16.99603653
v 20.98391914 74.17750549 16.98513985
v 20.98568916 74.17750549 16.98440361
v 21.02762794 74.17750549 16.96691513
v 21.03007698 74.17750549 16.96540451
v 21.06792450 74.17750549 16.94203949
v 21.07083511 74.17750549 16.93953133
v 21.10380554 74.17750549 16.91113091
v 21.10690308 74.17750549 16.90746498
v 21.13437462 74.17750549 16.87495995
v 21.13735390 74.17750549 16.87003136
v 21.15887070 74.17750549 16.83443069
v 21.16139984 74.17750549 16.82820320
v 21.17668533 74.17750549 16.79055023
v 18.95086098 74.22792053 13.00344849
v 18.95631790 74.27190399 13.01371574
v 18.96152115 74.31383514 13.03056526
v 18.96635056 74.35275269 13.05360985
v 18.97445679 74.41808319 13.11603451
v 18.97989655 74.46189880 13.19528103
v 18.98216820 74.48020935 13.28410339
v 18.98144722 74.47440338 13.23899078
v 18.96969032 74.48241425 13.28005314
v 18.91568375 74.48342896 13.22070026
v 18.91802406 74.49151611 13.26328182
v 18.85524368 74.50043488 13.20368004
v 18.85967255 74.51001740 13.24374199
v 18.84846687 74.51532745 13.23988056
v 18.79585457 74.52662659 13.18674278
v 18.80282402 74.53694916 13.22415161
v 18.74903870 74.55586243 13.17323494
v 18.75830460 74.56605530 13.20842552
v 18.74518967 74.57762146 13.20369530
v 18.70455742 74.59391022 13.16026783
v 18.71622086 74.60317230 13.19324875
v 18.68782234 74.61215973 13.15535545
v 18.70043755 74.62076569 13.18747807
v 18.65787888 74.65428162 13.14651775
v 18.67225838 74.66104889 13.17707062
v 18.67187500 74.66178131 13.17692852
v 18.64608383 74.67683411 13.14301968
v 18.66118050 74.68246460 13.17294216
v 18.63543892 74.70368195 13.13985538
v 18.65119171 74.70787811 13.16920090
v 18.62923050 74.72589111 13.13800526
v 18.64537048 74.72885895 13.16701317
v 18.62521744 74.74850464 13.13680744
v 18.64160728 74.75017548 13.16559696
v 18.64090538 74.75939941 13.16533279
v 18.62345505 74.77153778 13.13628292
v 18.63995743 74.77188110 13.16497421
v 18.62505913 74.80522919 13.13676071
v 18.64145851 74.80362701 13.16554070
v 18.62882996 74.82733917 13.13788605
v 18.64499664 74.82447052 13.16687298
v 18.63479805 74.84937286 13.13966465
v 18.65059090 74.84527588 13.16897583
v 18.65568924 74.85899353 13.17088699
v 18.64303780 74.87135315 13.14211464
v 18.65832138 74.86607361 13.17187309
v 18.65495110 74.89559937 13.14565086
v 18.66950798 74.88908386 13.17604828
v 18.84723282 74.24710846 13.00313950
v 18.85902596 74.28782654 13.01249409
v 18.75338173 74.28005219 13.00286007
v 18.77039337 74.31684875 13.01138878
v 18.66241646 74.32900238 13.00259018
v 18.68405151 74.36104584 13.01031876
v 18.59156418 74.38252258 13.00238037
v 18.61652565 74.40999603 13.00948429
v 18.52493858 74.45129395 13.00218201
v 18.55281830 74.47343445 13.00869751
v 18.50004387 74.48404694 13.00210857
v 18.52896118 74.50377655 13.00840473
v 18.45573235 74.55921173 13.00197697
v 18.48643684 74.57365417 13.00788116
v 18.43836403 74.59929657 13.00192451
v 18.46974564 74.61100769 13.00767517
v 18.42272377 74.64689636 13.00187778
v 18.45470428 74.65543365 13.00749016
v 18.41362190 74.68622589 13.00185108
v 18.44594574 74.69217682 13.00738239
v 18.40774345 74.72622681 13.00183296
v 18.44028664 74.72956085 13.00731277
v 18.40516281 74.76695251 13.00182533
v 18.43780518 74.76763153 13.00728226
v 18.40751076 74.82652283 13.00183296
v 18.44006348 74.82333374 13.00730896
v 18.41303444 74.86562347 13.00184917
v 18.44538116 74.85988617 13.00737572
v 18.42178345 74.90463257 13.00187492
v 18.45380020 74.89633179 13.00747871
v 18.43388367 74.94359589 13.00191116
v 18.46543884 74.93270111 13.00762177
v 18.45141983 74.98666382 13.00196362
v 18.48229218 74.97285461 13.00782967
v 18.47256851 75.02774811 13.00202656
v 18.50260353 75.01109314 13.00807953
v 18.97754669 74.44298553 13.15397835
v 18.89892006 74.42556000 13.10628986
v 18.90602875 74.45010376 13.14137363
v 18.82886124 74.44335175 13.09738064
v 18.83968925 74.46678162 13.12979412
v 18.75954819 74.47286224 13.08865833
v 18.77402878 74.49430847 13.11840630
v 18.70464516 74.50698853 13.08179760
v 18.72199440 74.52608490 13.10941410
v 18.65231133 74.55242157 13.07528973
v 18.67236710 74.56835175 13.10085583
v 18.63258553 74.57447815 13.07284164
v 18.65365601 74.58885193 13.09763050
v 18.59724808 74.62577057 13.06846523
v 18.62012482 74.63652802 13.09185505
v 18.58332062 74.65340424 13.06674290
v 18.60690117 74.66220856 13.08957672
v 18.57073975 74.68640900 13.06518745
v 18.59495926 74.69287872 13.08752060
v 18.56340218 74.71378326 13.06428051
v 18.58799171 74.71830750 13.08631992
v 18.55865669 74.74168396 13.06369400
v 18.58348656 74.74422455 13.08554363
v 18.55657387 74.77013397 13.06343746
v 18.58150864 74.77065277 13.08520222
v 18.55846786 74.81175232 13.06367111
v 18.58330727 74.80931854 13.08551216
v 18.56292915 74.83903503 13.06422234
v 18.58754349 74.83466339 13.08624268
v 18.56998444 74.86618805 13.06509399
v 18.59424019 74.85989380 13.08739662
v 18.57971954 74.89321899 13.06629753
v 18.60348511 74.88500977 13.08898830
v 18.59379387 74.92296600 13.06803799
v 18.61684418 74.91265106 13.09129047
v 18.61070824 74.95114136 13.07013130
v 18.63289833 74.93884277 13.09405518
v 18.91165543 74.46953583 13.17977905
v 18.84853745 74.48593140 13.16545391
v 18.78620148 74.51232910 13.15128994
v 18.73686981 74.54246521 13.14005566
v 18.68986893 74.58225250 13.12932014
v 18.67215347 74.60147095 13.12526512
v 18.64042282 74.64607239 13.11798668
v 18.62791443 74.67004395 13.11511135
v 18.61661530 74.69864655 13.11251354
v 18.61002541 74.72235870 13.11099625
v 18.60576248 74.74650574 13.11001492
v 18.60389137 74.77111816 13.10958385
v 18.60559273 74.80713654 13.10997581
v 18.60960007 74.83074951 13.11089802
v 18.61593437 74.85427094 13.11235714
v 18.62467957 74.87769318 13.11436844
v 18.63731956 74.90348816 13.11727428
v 18.65250969 74.92796326 13.12076092
v 18.66927910 74.91866302 13.14988899
v 18.67989731 74.90604401 13.17990398
v 18.68297958 74.91107178 13.18104553
v 18.52152634 75.09951019 13.00217247
v 18.52852821 75.09406281 13.00379276
v 18.54954910 75.07769012 13.00865746
v 18.56315041 75.06709290 13.01401138
v 18.87031555 74.32681274 13.02786636
v 18.78674698 74.35224152 13.02542210
v 18.70493126 74.39197540 13.02304935
v 18.64068604 74.43659210 13.02119827
v 18.57987785 74.49491119 13.01945305
v 18.55706024 74.52294922 13.01879883
v 18.51632500 74.58770752 13.01763439
v 18.50031471 74.62242126 13.01717758
v 18.48587799 74.66375732 13.01676464
v 18.47746849 74.69796753 13.01652431
v 18.47203255 74.73281097 13.01636982
v 18.46964645 74.76830292 13.01630211
v 18.47181702 74.82022858 13.01636314
v 18.47692490 74.85429382 13.01651001
v 18.48501015 74.88823700 13.01673985
v 18.49618149 74.92208099 13.01705933
v 18.51235199 74.95940399 13.01752090
v 18.53182220 74.99488831 13.01807690
v 18.57675171 75.05650330 13.01936340
v 18.88087463 74.36325836 13.04893589
v 18.80213547 74.38552856 13.04469299
v 18.72469902 74.42124939 13.04056454
v 18.66366768 74.46188354 13.03733730
v 18.60572815 74.51544189 13.03428936
v 18.58394623 74.54129028 13.03314686
v 18.54500580 74.60119629 13.03110886
v 18.52968216 74.63338470 13.03030968
v 18.51585770 74.67176056 13.02958775
v 18.50779724 74.70355225 13.02916622
v 18.50258827 74.73593903 13.02889538
v 18.50030136 74.76895142 13.02877522
v 18.50238037 74.81723785 13.02888393
v 18.50727844 74.84890747 13.02913952
v 18.51502419 74.88044739 13.02954388
v 18.52572441 74.91188049 13.03010273
v 18.54120255 74.94649506 13.03091049
v 18.55982590 74.97936249 13.03188515
v 18.60274315 75.03626251 13.03413296
v 18.97069550 74.38777161 13.08232021
v 18.89047623 74.39640808 13.07526016
v 18.81626511 74.41609955 13.06883144
v 18.74300957 74.44837189 13.06256104
v 18.68509865 74.48548126 13.05764484
v 18.62998772 74.53470612 13.05299282
v 18.60923958 74.55854797 13.05124664
v 18.57209969 74.61393738 13.04812813
v 18.55746841 74.64375305 13.04690170
v 18.54426193 74.67933655 13.04579544
v 18.53656006 74.70883942 13.04515076
v 18.53158188 74.73891449 13.04473495
v 18.52939415 74.76956177 13.04455090
v 18.53138351 74.81439972 13.04471779
v 18.53606415 74.84379578 13.04510975
v 18.54346657 74.87306976 13.04572868
v 18.55368996 74.90221405 13.04658508
v 18.56847000 74.93429565 13.04782391
v 18.58624077 74.96471405 13.04931450
v 18.62714767 75.01725769 13.05275345
v 18.64961243 74.99976349 13.07495403
v 18.65465927 74.99583435 13.08131599
v 18.66980743 74.98403931 13.10041428
v 18.67862511 74.97717285 13.11459064
v 18.70226669 74.95876312 13.15959644
v 18.69856262 74.96164703 13.15189266
v 18.68744659 74.97030640 13.12876606
v 20.97935677 74.20632172 16.98513985
v 20.98277092 74.19209290 16.98513985
v 21.02594185 74.19892883 16.96691513
v 20.93557549 74.19209290 16.99626350
v 20.93273926 74.19893646 16.99626350
v 20.93730545 74.18489075 16.99626350
v 21.16268539 74.26589203 16.79055023
v 21.12206078 74.34561920 16.79055023
v 20.98235893 74.45967865 16.74441528
v 21.05878639 74.40888977 16.79055023
v 21.17316246 74.22224426 16.79055023
v 20.89806175 74.22413635 16.99626350
v 20.89067459 74.22443390 16.99628258
v 20.89067459 74.22471619 16.99626350
v 20.89067459 74.27020264 16.98527336
v 20.90526199 74.26959991 16.98513985
v 20.89067459 74.27074432 16.98513985
v 20.94548225 74.25293732 16.98513985
v 20.93300819 74.26058197 16.98513985
v 20.91210938 74.21956635 16.99626350
v 20.89067459 74.31367493 16.96724129
v 20.91209984 74.31277466 16.96691513
v 20.89067459 74.31446075 16.96691513
v 20.89067459 74.35379791 16.94263077
v 20.91840553 74.35256958 16.94203949
v 20.89067459 74.35475159 16.94203949
v 20.92405701 74.21089172 16.99626350
v 20.92886925 74.20525360 16.99626350
v 20.96611023 74.23230743 16.98513985
v 20.97375679 74.21984100 16.98513985
v 21.01270103 74.23967743 16.96691513
v 21.02092743 74.21983337 16.96691513
v 21.05924988 74.23227692 16.94203949
v 21.06574440 74.20523834 16.94203949
v 21.10118103 74.21084595 16.91113091
v 20.89067459 74.38957214 16.91205025
v 20.92401695 74.38801575 16.91113091
v 20.89067459 74.39063263 16.91113091
v 20.89067459 74.42011261 16.87625313
v 20.92879868 74.41820526 16.87495995
v 20.89067459 74.42120361 16.87495995
v 20.91842461 74.21570587 16.99626350
v 20.95660973 74.24343872 16.98513985
v 20.98751640 74.27434540 16.96691513
v 21.00147247 74.25801086 16.96691513
v 21.03407288 74.28169250 16.94203949
v 21.04860497 74.25798035 16.94203949
v 21.08057594 74.27426147 16.91113091
v 21.09337425 74.24337006 16.91113091
v 21.12244797 74.25281525 16.87495995
v 21.13137436 74.21562958 16.87495995
v 21.15556908 74.21945953 16.83443069
v 20.89067459 74.44467926 16.83612061
v 20.93263245 74.44239807 16.83443069
v 20.89067459 74.44570160 16.83443069
v 20.89067459 74.46266937 16.79264069
v 20.93541718 74.45999146 16.79055023
v 20.89067459 74.46351624 16.79055023
v 21.01243210 74.41646576 16.83443069
v 21.02052116 74.43234253 16.79055023
v 21.02537346 74.44186401 16.74441528
v 21.09291458 74.37974548 16.79055023
v 21.04831696 74.39447784 16.83443069
v 21.00131226 74.39464569 16.87495995
v 21.08031845 74.36714935 16.83443069
v 21.03391838 74.37466431 16.87495995
v 20.98743439 74.36740112 16.91113091
v 21.14551163 74.30735016 16.79055023
v 21.10765076 74.33515167 16.83443069
v 21.06299591 74.34983063 16.87495995
v 21.01594925 74.34992981 16.91113091
v 20.97114563 74.33543396 16.94203949
v 21.12964058 74.29926300 16.83443069
v 21.08783340 74.32074738 16.87495995
v 21.04138184 74.32821655 16.91113091
v 20.99486160 74.32090759 16.94203949
v 20.95285034 74.29953003 16.96691513
v 21.14574432 74.26038361 16.83443069
v 21.10781288 74.28814697 16.87495995
v 21.06310081 74.30278015 16.91113091
v 21.01600838 74.30283356 16.94203949
v 20.97117615 74.28829956 16.96691513
v 20.89067459 74.47362518 16.74688721
v 20.93708801 74.47055054 16.74441528
v 20.89067459 74.47419739 16.74441528
v 20.90526390 74.22240448 16.99626350
v 20.91949081 74.26618958 16.98513985
v 20.93299675 74.30775452 16.96691513
v 20.94544792 74.34607697 16.94203949
v 20.95653725 74.38020325 16.91113091
v 20.96598244 74.40927887 16.87495995
v 20.97355270 74.43257141 16.83443069
v 20.97905731 74.44951630 16.79055023
v 19.07847023 75.80691528 13.00364017
v 19.11467361 75.77941895 13.01447296
v 19.14909935 75.75326538 13.03223705
v 19.18090630 75.72910309 13.05649757
v 19.20932961 75.70751190 13.08666992
v 19.23367500 75.68901825 13.12201977
v 19.25335503 75.67406464 13.16168785
v 19.81172562 76.78079987 13.00390625
v 19.81200981 76.78058624 13.00399399
v 19.84944344 76.75276947 13.01552200
v 19.88517189 76.72620392 13.03454685
v 19.91797829 76.70182037 13.06048298
v 19.94701004 76.68024445 13.09265709
v 19.97150993 76.66203308 13.13023090
v 19.99084091 76.64765930 13.17222500
v 19.99156189 76.64713287 13.17461491
v 19.05434608 74.90611267 15.64453506
v 18.98350525 74.54259491 13.70182705
v 19.02330208 74.51473236 13.68885708
v 18.64758110 74.83506012 16.83215332
v 18.64166069 74.80522919 16.83438301
v 18.87709427 74.80966187 16.26428032
v 18.64037323 74.76295471 16.83486748
v 18.64078903 74.75939941 16.83471107
v 18.87597084 74.75939178 16.26391602
v 19.11302757 74.48171997 16.34121704
v 18.96959877 74.48185730 16.71993256
v 18.96758461 74.48199463 16.72057152
v 19.06672668 74.49424744 16.32611847
v 18.90454865 74.49506378 16.74117851
v 18.89660835 74.49734497 16.74382210
v 19.02306366 74.51473236 16.31188011
v 18.84835815 74.51529694 16.76015472
v 18.83782768 74.51921844 16.76372147
v 18.98326683 74.54259491 16.29890251
v 18.78501892 74.54760742 16.78209686
v 18.77342606 74.55522156 16.78619385
v 18.94845390 74.57706451 16.28754997
v 18.74512863 74.57764435 16.79632759
v 18.73038101 74.58932495 16.80161095
v 18.91960526 74.61717224 16.27814484
v 18.69550323 74.62685394 16.81433487
v 18.68365288 74.64295959 16.81870461
v 18.89752960 74.66176605 16.27094460
v 18.67189026 74.66178894 16.82306671
v 18.67119789 74.66290283 16.82332420
v 18.88284874 74.70963287 16.26615715
v 18.66090775 74.68305969 16.82715797
v 18.64287949 74.74150848 16.83392334
v 18.64697266 74.72225952 16.83238411
v 18.65269470 74.70346069 16.83023453
v 18.63998795 74.78417969 16.83501434
v 18.67506981 74.89872742 16.82188416
v 18.88618660 74.85903931 16.26724625
v 18.67992401 74.90602875 16.82008743
v 18.90298843 74.90611267 16.27272606
v 18.68849182 74.91890717 16.81691551
v 18.66370201 74.87787628 16.82611465
v 18.65556145 74.85901642 16.82916069
v 18.65459633 74.85678101 16.82952118
v 18.88641739 74.85903931 13.73346710
v 18.90322113 74.90611267 13.72799015
v 18.87732697 74.80966187 13.73642921
v 18.87620163 74.75939178 13.73679543
v 18.88307953 74.70963287 13.73455524
v 18.89776230 74.66176605 13.72976971
v 18.91983986 74.61717224 13.72257423
v 18.94869041 74.57706451 13.71317291
v 19.06696892 74.49424744 13.67462730
v 19.11327362 74.48171997 13.65953636
v 19.05446434 74.90611267 14.35620785
v 19.10525894 74.90611267 15.00037575
v 19.03701019 74.85903931 14.35897923
v 19.02756500 74.80966187 14.36048031
v 19.02639771 74.75939178 14.36066437
v 19.03354263 74.70963287 14.35953140
v 19.04879570 74.66176605 14.35710907
v 19.07172585 74.61717224 14.35346699
v 19.10169601 74.57706451 14.34870911
v 19.13785934 74.54259491 14.34296608
v 19.17919922 74.51473236 14.33640289
v 19.22455788 74.49424744 14.32920074
v 19.27265739 74.48171997 14.32156277
v 19.08758545 74.85903931 15.00037384
v 19.07802391 74.80966187 15.00037384
v 19.07684135 74.75939178 15.00037289
v 19.08407402 74.70963287 15.00037384
v 19.09951591 74.66176605 15.00037575
v 19.12273788 74.61717224 15.00037766
v 19.15307999 74.57706451 15.00038052
v 19.18969727 74.54259491 15.00038433
v 19.23155594 74.51473236 15.00038815
v 19.27748299 74.49424744 15.00039196
v 19.32618332 74.48171997 15.00039673
v 19.03689194 74.85903931 15.64175987
v 19.02744865 74.80966187 15.64025879
v 19.02628136 74.75939178 15.64007282
v 19.03342438 74.70963287 15.64120865
v 19.04867554 74.66176605 15.64363384
v 19.07160950 74.61717224 15.64727879
v 19.10157585 74.57706451 15.65204144
v 19.13773918 74.54259491 15.65779209
v 19.17907715 74.51473236 15.66436291
v 19.22443390 74.49424744 15.67157364
v 19.27253151 74.48171997 15.67922020
v 19.03260994 74.27021027 16.98531532
v 19.03260994 74.22443390 16.99630547
v 19.03260994 74.31369781 16.96730232
v 19.03260994 74.35384369 16.94270325
v 19.03260994 74.38963318 16.91213226
v 19.03260994 74.42021179 16.87633705
v 19.03260994 74.44480896 16.83619690
v 19.03260994 74.46282196 16.79270554
v 19.03260994 74.47381592 16.74693108
v 19.81637955 76.78764343 13.00396538
v 20.03355789 76.72977448 13.17454624
v 20.01617813 76.68660736 13.17454624
v 19.99482346 76.69740295 13.13204479
v 19.91210175 77.07072449 13.25045490
v 19.91467476 77.06886292 13.24953842
v 19.91171837 77.06339264 13.22036362
v 20.01303101 76.96794128 13.21450710
v 20.01620865 76.96134949 13.21337605
v 20.00422287 76.95379639 13.17454624
v 20.04863167 76.87583160 13.20182705
v 20.04937744 76.87017822 13.20156193
v 20.03919411 76.86790466 13.17454624
v 20.05387688 76.77642822 13.19995880
v 20.05342674 76.77400208 13.20011902
v 20.04333878 76.77526855 13.17454624
v 20.02812576 76.68056488 13.20913124
v 20.02818680 76.68067169 13.20910931
v 20.04479980 76.72740936 13.20319271
v 19.99658585 76.99141693 13.22036552
v 19.95099258 77.04261017 13.23660278
v 19.98494911 77.00802612 13.22450829
v 19.95287895 77.03607941 13.22036362
v 19.98879433 77.00217438 13.22036362
v 19.97631264 76.99103546 13.17454624
v 19.86645317 77.08312225 13.22039795
v 19.86630821 77.08269501 13.21811962
v 19.90369415 77.04871368 13.17454624
v 19.86082458 77.06664276 13.17269707
v 19.89221573 77.02770996 13.13204479
v 19.86019516 76.96911621 13.06136703
v 19.84317970 77.01499939 13.09292698
v 19.87758827 77.00094604 13.09398270
v 19.85304832 77.04388428 13.13059998
v 19.85332680 77.04470062 13.13211250
v 19.95803452 76.92499542 13.09398270
v 19.93570137 76.95478821 13.09398270
v 19.95845795 76.97509766 13.13204479
v 20.01067543 76.73678589 13.13204479
v 19.96760368 76.71117401 13.09398270
v 19.92726326 76.90579987 13.06136703
v 19.90864182 76.93064117 13.06136703
v 20.05516624 76.82636261 13.19950008
v 20.04523659 76.82176971 13.17454624
v 20.01959801 76.77828217 13.13204479
v 19.98151016 76.74571991 13.09398270
v 19.93524170 76.72753906 13.06136703
v 19.81901360 76.89377594 13.01575565
v 19.81825066 76.94203186 13.03465080
v 19.84049606 76.93307495 13.03505898
v 19.83147812 76.98075104 13.06066322
v 19.83175850 76.98157501 13.06143570
v 19.89241409 76.88406372 13.03505898
v 19.87800026 76.90329742 13.03505898
v 20.02132797 76.82070160 13.13204479
v 19.98933792 76.78211975 13.09398270
v 19.94683647 76.75633240 13.06136703
v 19.89858818 76.74607086 13.03505898
v 19.85440636 76.86035919 13.01575565
v 19.84457970 76.87346649 13.01575565
v 20.03445435 76.92346191 13.20687675
v 20.02538681 76.91235352 13.17454624
v 20.01581764 76.86279297 13.13204479
v 19.99085617 76.81933594 13.09398270
v 19.95336151 76.78668976 13.06136703
v 19.90756416 76.76837158 13.03505898
v 19.85861588 76.76628876 13.01575565
v 19.79631424 76.85224915 13.00396538
v 19.80383873 76.89985657 13.01556969
v 19.80401230 76.90035248 13.01579857
v 19.80926895 76.84195709 13.00396538
v 19.81424713 76.83531189 13.00396538
v 19.81802368 76.82791901 13.00396538
v 19.86185837 76.84576416 13.01575565
v 19.82048607 76.81999207 13.00396538
v 19.90334320 76.86265564 13.03505898
v 19.86671829 76.83011627 13.01575565
v 19.82156372 76.81175995 13.00396538
v 19.94138336 76.87814331 13.06136703
v 19.91047287 76.83970642 13.03505898
v 19.86884689 76.81387329 13.01575565
v 19.82122612 76.80345917 13.00396538
v 19.98891258 77.00236511 13.22309685
v 19.98391533 76.94113159 13.13204479
v 20.00322342 76.90332794 13.13204479
v 19.97497368 76.89182281 13.09398270
v 19.98602104 76.85626221 13.09398270
v 19.95059395 76.84850311 13.06136703
v 19.95462608 76.81771088 13.06136703
v 19.91359520 76.81587982 13.03505898
v 19.91261482 76.79186249 13.03505898
v 19.86817741 76.79750061 13.01575565
v 19.86473465 76.78148651 13.01575565
v 19.81948090 76.79534912 13.00396538
v 19.78862381 76.85531616 13.00391769
v 19.78871346 76.85558319 13.00398731
v 19.94247437 77.02298737 13.17454624
v 19.92759132 77.00424957 13.13204479
v 19.90862274 76.98036194 13.09398270
v 19.88606644 76.95195770 13.06136703
v 19.86052513 76.91979218 13.03505898
v 19.83266640 76.88471985 13.01575565
v 19.80323219 76.84765625 13.00396538
v 18.71954918 74.57964325 16.83534622
v 18.65674973 74.65622711 16.85381699
v 18.62389755 74.76205444 16.86358452
v 18.64876938 74.88379669 16.85618210
v 18.67513657 74.92686462 16.84837914
v 18.52152634 75.09951019 16.99782753
v 18.48123741 75.04238129 16.99794579
v 18.52852821 75.09406281 16.99620628
v 18.51092529 75.02469635 16.99181557
v 18.53979111 75.00749969 16.98169518
v 18.56315041 75.06709290 16.98598862
v 18.54954910 75.07769012 16.99134064
v 18.56744576 74.99102783 16.96771622
v 18.59624863 75.04132080 16.96955872
v 18.57675171 75.05650330 16.98063660
v 18.65872002 74.93665314 16.87781334
v 18.67862511 74.97717285 16.88540840
v 18.63945961 74.94812775 16.90481377
v 18.66980743 74.98403931 16.89958572
v 18.61762238 74.96113586 16.92901230
v 18.64961243 74.99976349 16.92504501
v 18.59350967 74.97549438 16.95007515
v 18.62714767 75.01725769 16.94724655
v 18.60274315 75.03626251 16.96586609
v 18.70226669 74.95876312 16.84040260
v 18.69856262 74.96164703 16.84810829
v 18.68744659 74.97030640 16.87123489
v 18.66086769 74.90573120 16.85259628
v 18.64359283 74.91424561 16.88128281
v 18.62347412 74.92417145 16.90756798
v 18.60078049 74.93536377 16.93109703
v 18.57580948 74.94766998 16.95156097
v 18.54889297 74.96093750 16.96868706
v 18.52038956 74.97499847 16.98224831
v 18.49067307 74.98964691 16.99206543
v 18.46014595 75.00469971 16.99801064
v 18.63076210 74.89093781 16.88423157
v 18.60991287 74.89920807 16.90990257
v 18.58649254 74.90850067 16.93286324
v 18.56080055 74.91869354 16.95281792
v 18.53317070 74.92965698 16.96950722
v 18.50395775 74.94123840 16.98271751
v 18.47354317 74.95330048 16.99227905
v 18.44231415 74.96569061 16.99806404
v 18.63906670 74.86154175 16.85906410
v 18.62046814 74.86723328 16.88659859
v 18.59903145 74.87380219 16.91177940
v 18.57502937 74.88115692 16.93428040
v 18.54876518 74.88920593 16.95382690
v 18.52056885 74.89785004 16.97016716
v 18.49079895 74.90696716 16.98309326
v 18.45983124 74.91645813 16.99244690
v 18.42805099 74.92619324 16.99810410
v 18.63158798 74.83856201 16.86129189
v 18.61252975 74.84272766 16.88842583
v 18.59064102 74.84751892 16.91322327
v 18.56619072 74.85286713 16.93537521
v 18.53948593 74.85871124 16.95460320
v 18.51085854 74.86497498 16.97067451
v 18.48066139 74.87157440 16.98338318
v 18.44927216 74.87844849 16.99257660
v 18.41707993 74.88549042 16.99813843
v 18.62527084 74.80693817 16.86317444
v 18.60582161 74.80895233 16.88997078
v 18.58354759 74.81127167 16.91444588
v 18.55872154 74.81385040 16.93629646
v 18.53164864 74.81666565 16.95525932
v 18.50265884 74.81967926 16.97109985
v 18.47210503 74.82286072 16.98362732
v 18.44036484 74.82614899 16.99268723
v 18.40782356 74.82953644 16.99816704
v 18.62348557 74.78459167 16.86370659
v 18.60392380 74.78507996 16.89040756
v 18.58154297 74.78564453 16.91479111
v 18.55661201 74.78626251 16.93655777
v 18.52943420 74.78694153 16.95544434
v 18.50034332 74.78765869 16.97122192
v 18.46969032 74.78842926 16.98369598
v 18.43784904 74.78921509 16.99271584
v 18.40521049 74.79003143 16.99817276
v 18.60436249 74.76099396 16.89030838
v 18.58200455 74.75977325 16.91471100
v 18.55709839 74.75842285 16.93649864
v 18.52994347 74.75694275 16.95540237
v 18.50087547 74.75536346 16.97119331
v 18.47024727 74.75370026 16.98368073
v 18.43843079 74.75196838 16.99271011
v 18.40581322 74.75019073 16.99817276
v 18.62657356 74.73929596 16.86278534
v 18.60720444 74.73667908 16.88965225
v 18.58500862 74.73367310 16.91419220
v 18.56026268 74.73033142 16.93610573
v 18.53326607 74.72666931 16.95512390
v 18.50434875 74.72276306 16.97101212
v 18.47387123 74.71863556 16.98357582
v 18.44219971 74.71434784 16.99266434
v 18.40973091 74.70996094 16.99816132
v 18.63093948 74.71890259 16.86148453
v 18.61183929 74.71488953 16.88858414
v 18.58990860 74.71029663 16.91334915
v 18.56542206 74.70516205 16.93546867
v 18.53867912 74.69955444 16.95467186
v 18.51001358 74.69354248 16.97071648
v 18.47978210 74.68720245 16.98340797
v 18.44835472 74.68061066 16.99258804
v 18.41612625 74.67385101 16.99814034
v 18.63703918 74.69899750 16.85966682
v 18.61831474 74.69366455 16.88709450
v 18.59675598 74.68752289 16.91217041
v 18.57263184 74.68065643 16.93457794
v 18.54624939 74.67314148 16.95403862
v 18.51793480 74.66506958 16.97030258
v 18.48804855 74.65655518 16.98317146
v 18.45696640 74.64770508 16.99248123
v 18.42507553 74.63861084 16.99811363
v 18.64579391 74.67745972 16.85706520
v 18.62760353 74.67072296 16.88495827
v 18.60657501 74.66292572 16.91047859
v 18.58297539 74.65417480 16.93330002
v 18.55710793 74.64458466 16.95312691
v 18.52930260 74.63428497 16.96971130
v 18.49991989 74.62339020 16.98283386
v 18.46933365 74.61205292 16.99232864
v 18.43793488 74.60041046 16.99807549
v 18.63922501 74.64813995 16.88228798
v 18.61886024 74.63874054 16.90836334
v 18.59591675 74.62815094 16.93169785
v 18.57069969 74.61651611 16.95199013
v 18.54353905 74.60397339 16.96896553
v 18.51479340 74.59070587 16.98240852
v 18.48483849 74.57688141 16.99213791
v 18.45406914 74.56268311 16.99802780
v 18.66999626 74.63531494 16.84989738
v 18.65327072 74.62595367 16.87906265
v 18.63370132 74.61500549 16.90580559
v 18.61155319 74.60260010 16.92976189
v 18.58713150 74.58893585 16.95061111
v 18.56075859 74.57418060 16.96806526
v 18.53279495 74.55852509 16.98189354
v 18.50362206 74.54220581 16.99190712
v 18.47362900 74.52541351 16.99797058
v 18.68258476 74.61849976 16.84618568
v 18.66660881 74.60816956 16.87600517
v 18.64779472 74.59599304 16.90337753
v 18.62640953 74.58216095 16.92792130
v 18.60274315 74.56685638 16.94929886
v 18.57713127 74.55028534 16.96720886
v 18.54992676 74.53268433 16.98140335
v 18.52150726 74.51430511 16.99168587
v 18.49227142 74.49539185 16.99791527
v 18.70572281 74.56727600 16.86705399
v 18.68911171 74.55241394 16.89625740
v 18.66996384 74.53529358 16.92251587
v 18.64856911 74.51615143 16.94544029
v 18.62524605 74.49529266 16.96468544
v 18.60034561 74.47302246 16.97995949
v 18.57423782 74.44967651 16.99103737
v 18.54731941 74.42559814 16.99775124
v 18.76496887 74.54489136 16.82215118
v 18.75367355 74.53109741 16.85611343
v 18.73972511 74.51407623 16.88752365
v 18.72335052 74.49408722 16.91586876
v 18.70481873 74.47145844 16.94068527
v 18.68443108 74.44657135 16.96156693
v 18.66252327 74.41982269 16.97817230
v 18.63944817 74.39166260 16.99023247
v 18.61559105 74.36253357 16.99754715
v 18.77716255 74.53723907 16.81863403
v 18.76652145 74.52321625 16.85318756
v 18.75327873 74.50575256 16.88518143
v 18.73765182 74.48514557 16.91408348
v 18.71990013 74.46174622 16.93940353
v 18.70032501 74.43593597 16.96072578
v 18.67925262 74.40814972 16.97768974
v 18.65703201 74.37884521 16.99001503
v 18.63403702 74.34853363 16.99749374
v 18.71836472 74.29667664 16.99724197
v 18.73720551 74.33176422 16.98902321
v 18.75534630 74.36556244 16.97549057
v 18.77245522 74.39743805 16.95689392
v 18.78821564 74.42679596 16.93357658
v 18.80234146 74.45310974 16.90596581
v 18.81456947 74.47588348 16.87456894
v 18.82467651 74.49471283 16.83996391
v 18.83247757 74.50924683 16.80278587
v 18.90177536 74.48657227 16.78319740
v 18.89356422 74.48863983 16.78550339
v 18.89716339 74.47247314 16.82350922
v 18.88859940 74.47443390 16.82545280
v 18.89081192 74.45304108 16.86128998
v 18.88181305 74.45501709 16.86286163
v 18.88284683 74.42868042 16.89576340
v 18.87334442 74.43078613 16.89697456
v 18.87343407 74.39988708 16.92622375
v 18.86336327 74.40223694 16.92709732
v 18.86276627 74.36726379 16.95204544
v 18.85207367 74.36992645 16.95262337
v 18.85106277 74.33145905 16.97269821
v 18.83970261 74.33453369 16.97303200
v 18.83856010 74.29322815 16.98776054
v 18.82649994 74.29676819 16.98791313
v 18.82551956 74.25333405 16.99692345
v 18.81273460 74.25737762 16.99696350
v 18.96656036 74.47563171 16.76512909
v 18.96449280 74.46274567 16.80822182
v 18.96142769 74.44364929 16.84887505
v 18.95742989 74.41875458 16.88617706
v 18.95259476 74.38863373 16.91928291
v 18.94702721 74.35395050 16.94745445
v 18.94085693 74.31549835 16.97004890
v 18.93421745 74.27414703 16.98656273
v 18.92726326 74.23081207 16.99662209
v 15.70764351 77.87440491 13.21811962
v 11.53802299 77.28889465 13.01556969
v 10.19616032 76.89985657 13.01556969
v 10.18174934 76.94203186 13.03465080
v 12.91711235 77.50358582 13.00391769
v 11.54898834 77.24312592 13.00391769
v 18.45101166 77.24312592 13.00391769
v 18.46197701 77.28889465 13.01556969
v 10.21128559 76.85558319 13.00398731
v 10.21137619 76.85531616 13.00391769
v 18.47236252 77.33224487 13.03465080
v 14.30365181 77.63439178 13.00391769
v 12.91049480 77.55017853 13.01556969
v 11.52763748 77.33224487 13.03465080
v 10.16852093 76.98075104 13.06066322
v 18.48189545 77.37203217 13.06066322
v 15.69634628 77.63439178 13.00391769
v 14.30143929 77.68140411 13.01556969
v 12.90422630 77.59430695 13.03465080
v 11.51810360 77.37203217 13.06066322
v 10.15681934 77.01499939 13.09292698
v 18.49743843 77.43691254 13.13059998
v 18.49032784 77.40722656 13.09292698
v 17.08288765 77.50358582 13.00391769
v 15.69855976 77.68140411 13.01556969
v 14.29934311 77.72592163 13.03465080
v 12.89847183 77.63481903 13.06066322
v 11.50967216 77.40722656 13.09292698
v 10.14695168 77.04388428 13.13059998
v 17.08950424 77.55017853 13.01556969
v 15.70065498 77.72592163 13.03465080
v 14.29742050 77.76679993 13.06066322
v 12.89338207 77.67065430 13.09292698
v 11.50256062 77.43691254 13.13059998
v 10.13917446 77.06664276 13.17269707
v 15.70684624 77.85747528 13.17269707
v 17.11429214 77.72468567 13.17269707
v 17.11091042 77.70087433 13.13059998
v 17.09577370 77.59430695 13.03465080
v 15.70257950 77.76679993 13.06066322
v 14.29571819 77.80294800 13.09292698
v 12.88908958 77.70087433 13.13059998
v 11.49695587 77.46030426 13.17269707
v 10.13369083 77.08269501 13.21811962
v 18.50699615 77.47679138 13.21811962
v 18.50304413 77.46030426 13.17269707
v 17.11667633 77.74147797 13.21811962
v 14.29235458 77.87440491 13.21811962
v 12.88332272 77.74147797 13.21811962
v 14.29315281 77.85747528 13.17269707
v 15.70571613 77.83344269 13.13059998
v 17.10661697 77.67065430 13.09292698
v 17.10152817 77.63481903 13.06066322
v 15.70428181 77.80294800 13.09292698
v 14.29428387 77.83344269 13.13059998
v 12.88570786 77.72468567 13.17269707
v 11.49300385 77.47679138 13.21811962
v 10.13354588 77.08312225 13.22039795
v 20.13824654 77.07072449 14.11226749
v 20.21436882 77.07072449 15.00000000
v 20.05387688 76.77642822 16.80004120
v 20.28654861 76.77642822 15.91335392
v 20.28789711 76.82636261 15.91358662
v 20.25967598 76.68067169 15.90871048
v 20.25967598 76.68067169 14.09128857
v 20.02812576 76.68056488 16.79086876
v 20.02818680 76.68067169 16.79088974
v 20.27705383 76.72740936 15.91171360
v 20.04479980 76.72740936 16.79680634
v 20.05342674 76.77400208 16.79988098
v 20.27705383 76.72740936 14.08828640
v 20.28654861 76.77642822 14.08664608
v 20.26623535 76.92346191 15.90984344
v 20.04863167 76.87583160 16.79817200
v 20.28106308 76.87583160 15.91240597
v 20.04937744 76.87017822 16.79843903
v 20.05516624 76.82636261 16.80049896
v 20.28789711 76.82636261 14.08641338
v 20.28106308 76.87583160 14.08759308
v 19.99658585 76.99141693 16.77963448
v 20.01303101 76.96794128 16.78549194
v 20.24382401 76.96794128 15.90597248
v 20.01620865 76.96134949 16.78662300
v 20.03445435 76.92346191 16.79312325
v 20.24382401 76.96794128 14.09402752
v 20.26623535 76.92346191 14.09015560
v 20.25565529 77.04261017 15.00000000
v 20.21444893 77.00802612 15.90089703
v 20.29170036 77.00802612 15.00000000
v 20.32150841 76.96794128 15.00000000
v 20.34425354 76.92346191 15.00000000
v 20.35930061 76.87583160 15.00000000
v 20.36623573 76.82636261 15.00000000
v 20.36487007 76.77642822 15.00000000
v 20.35523224 76.72740936 15.00000000
v 20.33759880 76.68067169 15.00000000
v 20.21444893 77.00802612 14.09910202
v 20.17892838 77.04261017 15.89475918
v 19.95099258 77.04261017 16.76339722
v 19.98494911 77.00802612 16.77548981
v 20.17892838 77.04261017 14.10523891
v 20.13824654 77.07072449 15.88773155
v 19.91210175 77.07072449 16.74954414
v 19.91467476 77.06886292 16.75045967
v 19.98891258 77.00236511 16.77690315
v 19.25331497 75.67401886 16.83831215
v 19.23363686 75.68896484 16.87798119
v 19.20929146 75.70745850 16.91333008
v 19.18086815 75.72904968 16.94350052
v 19.14905930 75.75321198 16.96776199
v 19.11463547 75.77936554 16.98552704
v 19.07843399 75.80686188 16.99635887
v 19.99156189 76.64713287 16.82538605
v 19.99084091 76.64765930 16.82777596
v 19.97150993 76.66203308 16.86976814
v 19.94701004 76.68024445 16.90734100
v 19.91797829 76.70182037 16.93951607
v 19.88517189 76.72620392 16.96545219
v 19.84944344 76.75276947 16.98447800
v 19.81172562 76.78079987 16.99609375
v 19.81200981 76.78058624 16.99600601
v 9.95666027 76.77526855 13.17454624
v 9.95476341 76.82176971 13.17454624
v 9.97867107 76.82070160 13.13204479
v 9.97181225 76.68067169 13.20910931
v 9.95519924 76.72740936 13.20319271
v 9.96644020 76.72977448 13.17454624
v 10.08789825 77.07072449 13.25045490
v 10.04712105 77.03607941 13.22036362
v 10.04900551 77.04261017 13.23660278
v 10.08532429 77.06886292 13.24953842
v 9.99577713 76.95379639 13.17454624
v 9.98696899 76.96794128 13.21450710
v 10.00341415 76.99141693 13.22036552
v 9.97461224 76.91235352 13.17454624
v 9.96554375 76.92346191 13.20687675
v 9.98379135 76.96134949 13.21337605
v 9.94483376 76.82636261 13.19950008
v 9.95062065 76.87017822 13.20156193
v 9.94612312 76.77642822 13.19995880
v 9.94657135 76.77400208 13.20011902
v 9.98382092 76.68660736 13.17454624
v 9.97187424 76.68056488 13.20913124
v 10.08828259 77.06339264 13.22036362
v 10.09630489 77.04871368 13.17454624
v 10.00843811 76.64713287 13.17461491
v 10.00915813 76.64765930 13.17222500
v 10.00517654 76.69740295 13.13204479
v 10.02848911 76.66203308 13.13023090
v 10.03239536 76.71117401 13.09398270
v 9.98040104 76.77828217 13.13204479
v 9.98932266 76.73678589 13.13204479
v 10.01397896 76.85626221 13.09398270
v 9.98418331 76.86279297 13.13204479
v 9.96080589 76.86790466 13.17454624
v 9.95136833 76.87583160 13.20182705
v 10.01066017 76.78211975 13.09398270
v 10.01848793 76.74571991 13.09398270
v 10.05861568 76.87814331 13.06136703
v 10.02502632 76.89182281 13.09398270
v 9.99677563 76.90332794 13.13204479
v 10.10141182 76.74607086 13.03505898
v 10.08202171 76.70182037 13.06048298
v 10.06475830 76.72753906 13.06136703
v 10.05298996 76.68024445 13.09265709
v 10.05206585 76.67955780 13.09407234
v 10.04663849 76.78668976 13.06136703
v 10.05316448 76.75633240 13.06136703
v 10.10758591 76.88406372 13.03505898
v 10.07273579 76.90579987 13.06136703
v 10.04196453 76.92499542 13.09398270
v 10.01608372 76.94113159 13.13204479
v 10.08738518 76.79186249 13.03505898
v 10.09243584 76.76837158 13.03505898
v 10.15541935 76.87346649 13.01575565
v 10.12199974 76.90329742 13.03505898
v 10.09135723 76.93064117 13.06136703
v 10.06429863 76.95478821 13.09398270
v 10.04154015 76.97509766 13.13204479
v 10.02368736 76.99103546 13.17454624
v 10.01120663 77.00217438 13.22036362
v 10.01108551 77.00236511 13.22309685
v 10.01504898 77.00802612 13.22450829
v 10.18361950 76.78764343 13.00396538
v 10.15055561 76.75276947 13.01552200
v 10.14138412 76.76628876 13.01575565
v 10.11482811 76.72620392 13.03454685
v 10.11408710 76.72565460 13.03513241
v 10.13182068 76.79750061 13.01575565
v 10.13526535 76.78148651 13.01575565
v 10.19676781 76.84765625 13.00396538
v 10.16733265 76.88471985 13.01575565
v 10.13947582 76.91979218 13.03505898
v 10.11393261 76.95195770 13.06136703
v 10.09137726 76.98036194 13.09398270
v 10.07240868 77.00424957 13.13204479
v 10.05752468 77.02298737 13.17454624
v 10.18051815 76.79534912 13.00396538
v 10.17877388 76.80345917 13.00396538
v 10.17843533 76.81175995 13.00396538
v 10.13115311 76.81387329 13.01575565
v 10.17951298 76.81999207 13.00396538
v 10.08640480 76.81587982 13.03505898
v 10.13328171 76.83011627 13.01575565
v 10.18197632 76.82791901 13.00396538
v 10.04537392 76.81771088 13.06136703
v 10.08952618 76.83970642 13.03505898
v 10.13814068 76.84576416 13.01575565
v 10.18575191 76.83531189 13.00396538
v 10.00914383 76.81933594 13.09398270
v 10.04940414 76.84850311 13.06136703
v 10.09665585 76.86265564 13.03505898
v 10.14559364 76.86035919 13.01575565
v 10.19073105 76.84195709 13.00396538
v 10.20368576 76.85224915 13.00396538
v 10.18098545 76.89377594 13.01575565
v 10.15950394 76.93307495 13.03505898
v 10.13980389 76.96911621 13.06136703
v 10.12241077 77.00094604 13.09398270
v 10.10778236 77.02770996 13.13204479
v 10.18827438 76.78079987 13.00390625
v 10.18799019 76.78058624 13.00399399
v 20.01617813 76.68660736 16.82545471
v 19.82048607 76.81999207 16.99603462
v 19.82156372 76.81175995 16.99603462
v 19.86884689 76.81387329 16.98424530
v 19.81424713 76.83531189 16.99603462
v 19.80926895 76.84195709 16.99603462
v 19.81802368 76.82791901 16.99603462
v 19.78862381 76.85531616 16.99608231
v 19.79631424 76.85224915 16.99603462
v 19.95287895 77.03607941 16.77963448
v 19.98879433 77.00217438 16.77963448
v 20.00422287 76.95379639 16.82545471
v 19.97631264 76.99103546 16.82545471
v 20.02538681 76.91235352 16.82545471
v 20.03919411 76.86790466 16.82545471
v 20.04523659 76.82176971 16.82545471
v 20.04333878 76.77526855 16.82545471
v 20.03355789 76.72977448 16.82545471
v 19.81637955 76.78764343 16.99603462
v 19.78871346 76.85558319 16.99601173
v 19.81901360 76.89377594 16.98424530
v 19.80383873 76.89985657 16.98442841
v 19.84457970 76.87346649 16.98424530
v 19.85440636 76.86035919 16.98424530
v 19.86185837 76.84576416 16.98424530
v 19.86671829 76.83011627 16.98424530
v 19.91261482 76.79186249 16.96494102
v 19.86817741 76.79750061 16.98424530
v 19.82122612 76.80345917 16.99603462
v 19.87800026 76.90329742 16.96494102
v 19.89241409 76.88406372 16.96494102
v 19.90334320 76.86265564 16.96494102
v 19.91047287 76.83970642 16.96494102
v 19.91359520 76.81587982 16.96494102
v 19.94683647 76.75633240 16.93863297
v 19.90756416 76.76837158 16.96494102
v 19.86473465 76.78148651 16.98424530
v 19.81948090 76.79534912 16.99603462
v 19.81825066 76.94203186 16.96534920
v 19.84049606 76.93307495 16.96494102
v 19.81848907 76.94272614 16.96487999
v 19.86019516 76.96911621 16.93863297
v 19.83147812 76.98075104 16.93933678
v 19.90864182 76.93064117 16.93863297
v 19.92726326 76.90579987 16.93863297
v 19.94138336 76.87814331 16.93863297
v 19.95059395 76.84850311 16.93863297
v 19.95462608 76.81771088 16.93863297
v 19.95336151 76.78668976 16.93863297
v 19.96760368 76.71117401 16.90601540
v 19.93524170 76.72753906 16.93863297
v 19.89858818 76.74607086 16.96494102
v 19.85861588 76.76628876 16.98424530
v 19.93570137 76.95478821 16.90601540
v 19.95803452 76.92499542 16.90601540
v 19.97497368 76.89182281 16.90601540
v 19.98602104 76.85626221 16.90601540
v 19.99085617 76.81933594 16.90601540
v 19.98933792 76.78211975 16.90601540
v 19.98151016 76.74571991 16.90601540
v 19.84317970 77.01499939 16.90707207
v 19.87758827 77.00094604 16.90601540
v 19.84347343 77.01586914 16.90594482
v 19.89221573 77.02770996 16.86795425
v 19.85304832 77.04388428 16.86940002
v 19.95845795 76.97509766 16.86795425
v 19.98391533 76.94113159 16.86795425
v 20.00322342 76.90332794 16.86795425
v 20.01581764 76.86279297 16.86795425
v 20.02132797 76.82070160 16.86795425
v 20.01959801 76.77828217 16.86795425
v 20.01067543 76.73678589 16.86795425
v 19.99482346 76.69740295 16.86795425
v 19.86082458 77.06664276 16.82730293
v 19.90369415 77.04871368 16.82545471
v 19.86105347 77.06732178 16.82539749
v 19.86630821 77.08269501 16.78187943
v 19.91171837 77.06339264 16.77963448
v 19.86645317 77.08312225 16.77960205
v 19.80323219 76.84765625 16.99603462
v 19.83266640 76.88471985 16.98424530
v 19.86052513 76.91979218 16.96494102
v 19.88606644 76.95195770 16.93863297
v 19.90862274 76.98036194 16.90601540
v 19.92759132 77.00424957 16.86795425
v 19.94247437 77.02298737 16.82545471
v 11.35065556 74.99996948 13.07537746
v 11.34511375 74.99565887 13.08102703
v 10.79070854 75.70745850 13.08666992
v 11.29812050 74.95906067 13.15982914
v 10.74668407 75.67401886 13.16168690
v 10.76636314 75.68896484 13.12201881
v 11.32103634 74.97690582 13.11425304
v 11.30116177 74.96143341 13.15167999
v 11.37285042 75.01725769 13.05275345
v 10.81913185 75.72904968 13.05649757
v 11.40361881 75.04122162 13.03007030
v 10.85093975 75.75321198 13.03223610
v 11.43672180 75.06700134 13.01349163
v 10.88536358 75.77936554 13.01447296
v 11.47141266 75.09401703 13.00339222
v 10.92156696 75.80686188 13.00364017
v 11.47850609 75.09953308 13.00271416
v 9.71345043 76.77642822 14.08664608
v 9.71210194 76.82636261 14.08641338
v 9.66240120 76.68067169 15.00000000
v 9.74032307 76.68067169 14.09128857
v 9.74032307 76.68067169 15.90871048
v 9.72294521 76.72740936 14.08828640
v 9.97187424 76.68056488 16.79086876
v 9.97181225 76.68067169 16.79088974
v 9.95519924 76.72740936 16.79680634
v 9.72294521 76.72740936 15.91171360
v 9.94657135 76.77400208 16.79988098
v 9.71345043 76.77642822 15.91335392
v 9.73376560 76.92346191 14.09015560
v 9.71893597 76.87583160 14.08759308
v 9.94612312 76.77642822 16.80004120
v 9.94483376 76.82636261 16.80049896
v 9.71210194 76.82636261 15.91358662
v 9.95062065 76.87017822 16.79843903
v 9.71893597 76.87583160 15.91240597
v 9.75617695 76.96794128 14.09402752
v 9.98696899 76.96794128 16.78549194
v 9.75617695 76.96794128 15.90597248
v 9.98379135 76.96134949 16.78662300
v 9.73376560 76.92346191 15.90984344
v 9.96554375 76.92346191 16.79312325
v 9.95136833 76.87583160 16.79817200
v 10.00341415 76.99141693 16.77963448
v 10.01108551 77.00236511 16.77690315
v 9.78555012 77.00802612 15.90089703
v 9.78555012 77.00802612 14.09910202
v 9.82107067 77.04261017 14.10523891
v 9.86175251 77.07072449 14.11226749
v 9.78563023 77.07072449 15.00000000
v 9.64476681 76.72740936 15.00000000
v 9.63513088 76.77642822 15.00000000
v 9.63376236 76.82636261 15.00000000
v 9.64069843 76.87583160 15.00000000
v 9.65574646 76.92346191 15.00000000
v 9.67849064 76.96794128 15.00000000
v 9.70829868 77.00802612 15.00000000
v 9.74434471 77.04261017 15.00000000
v 9.86175251 77.07072449 15.88773155
v 9.82107067 77.04261017 15.89475918
v 10.08789825 77.07072449 16.74954414
v 10.08532429 77.06886292 16.75045967
v 10.04900551 77.04261017 16.76339722
v 10.01504898 77.00802612 16.77548981
v 11.49300385 77.47679138 16.78187943
v 11.54898834 77.24312592 16.99608231
v 11.52763748 77.33224487 16.96534920
v 10.19616032 76.89985657 16.98442841
v 11.53802299 77.28889465 16.98442841
v 10.21128559 76.85558319 16.99601173
v 10.21137619 76.85531616 16.99608231
v 18.45101166 77.24312592 16.99608231
v 18.46197701 77.28889465 16.98442841
v 12.89847183 77.63481903 16.93933678
v 12.90422630 77.59430695 16.96534920
v 12.91049480 77.55017853 16.98442841
v 12.91711235 77.50358582 16.99608231
v 14.29571819 77.80294800 16.90707207
v 14.29742050 77.76679993 16.93933678
v 14.29934311 77.72592163 16.96534920
v 14.30143929 77.68140411 16.98442841
v 14.30365181 77.63439178 16.99608231
v 18.47236252 77.33224487 16.96534920
v 18.48189545 77.37203217 16.93933678
v 15.70571613 77.83344269 16.86940002
v 15.70428181 77.80294800 16.90707207
v 15.70257950 77.76679993 16.93933678
v 15.70065498 77.72592163 16.96534920
v 15.69855976 77.68140411 16.98442841
v 15.69634628 77.63439178 16.99608231
v 11.50256062 77.43691254 16.86940002
v 10.14695168 77.04388428 16.86940002
v 10.15681934 77.01499939 16.90707207
v 17.11429214 77.72468567 16.82730293
v 17.11091042 77.70087433 16.86940002
v 17.10661697 77.67065430 16.90707207
v 17.10152817 77.63481903 16.93933678
v 17.09577370 77.59430695 16.96534920
v 17.08950424 77.55017853 16.98442841
v 17.08288765 77.50358582 16.99608231
v 18.49032784 77.40722656 16.90707207
v 18.49743843 77.43691254 16.86940002
v 10.13917446 77.06664276 16.82730293
v 11.49695587 77.46030426 16.82730293
v 12.88570786 77.72468567 16.82730293
v 18.50699615 77.47679138 16.78187943
v 18.50304413 77.46030426 16.82730293
v 10.13369083 77.08269501 16.78187943
v 12.88332272 77.74147797 16.78187943
v 14.29235458 77.87440491 16.78187943
v 10.13354588 77.08312225 16.77960205
v 15.70764351 77.87440491 16.78187943
v 14.29315281 77.85747528 16.82730293
v 12.88908958 77.70087433 16.86940002
v 11.50967216 77.40722656 16.90707207
v 10.16852093 76.98075104 16.93933678
v 17.11667633 77.74147797 16.78187943
v 15.70684624 77.85747528 16.82730293
v 14.29428387 77.83344269 16.86940002
v 12.89338207 77.67065430 16.90707207
v 11.51810360 77.37203217 16.93933678
v 10.18174934 76.94203186 16.96534920
v 11.34127998 74.93665314 13.12218571
v 11.38237572 74.96113586 13.07098866
v 11.51876163 75.04238129 13.00205231
v 11.46020699 75.00749969 13.01830578
v 11.43255329 74.99102783 13.03228378
v 11.40649033 74.97549438 13.04992485
v 11.32486153 74.92686462 13.15161896
v 11.48907566 75.02469635 13.00818157
v 11.53985405 75.00469971 13.00198936
v 11.36053944 74.94812775 13.09518528
v 11.39921856 74.93536377 13.06890297
v 11.36841106 74.83856201 13.13870907
v 11.34540367 74.85678101 13.17047882
v 11.36093140 74.86154175 13.14093494
v 11.33629704 74.87787628 13.17388344
v 11.35122967 74.88379669 13.14381695
v 11.32493019 74.89872742 13.17811489
v 11.33913040 74.90573120 13.14740276
v 11.32007599 74.90602875 13.17991161
v 11.31150818 74.91890717 13.18308258
v 11.36906052 74.71890259 13.13851357
v 11.35711956 74.74150848 13.16607666
v 11.37342453 74.73929596 13.13721275
v 11.35962677 74.76295471 13.16513157
v 11.37610149 74.76205444 13.13641453
v 11.36001205 74.78417969 13.16498470
v 11.37651348 74.78459167 13.13629150
v 11.35834026 74.80522919 13.16561604
v 11.37472916 74.80693817 13.13682461
v 11.35746574 74.80963898 13.16594505
v 11.35241795 74.83506012 13.16784573
v 11.29583263 74.61753845 13.18882561
v 11.30449677 74.62685394 13.18566608
v 11.31741524 74.61849976 13.15381336
v 11.31634712 74.64295959 13.18129539
v 11.33000374 74.63531494 13.15010166
v 11.32880116 74.66290283 13.17667675
v 11.34325027 74.65622711 13.14618301
v 11.33909130 74.68305969 13.17284107
v 11.35420609 74.67745972 13.14293289
v 11.34730530 74.70346069 13.16976547
v 11.36295986 74.69899750 13.14033127
v 11.34919167 74.70966339 13.16905689
v 11.35302830 74.72225952 13.16761589
v 11.26961803 74.58932495 13.19839001
v 11.28045082 74.57964325 13.16465282
v 11.25487041 74.57764435 13.20367146
v 11.23503017 74.54489136 13.17784691
v 11.22657299 74.55522156 13.21380520
v 11.22283840 74.53723907 13.18136597
v 11.21498108 74.54760742 13.21790314
v 11.55768490 74.96569061 13.00193691
v 11.57194614 74.92619324 13.00189495
v 11.58292007 74.88549042 13.00186062
v 11.59217644 74.82953644 13.00183392
v 11.59478951 74.79003143 13.00182533
v 11.59418678 74.75019073 13.00182724
v 11.59026814 74.70996094 13.00183964
v 11.58387470 74.67385101 13.00185871
v 11.57492447 74.63861084 13.00188541
v 11.56206322 74.60041046 13.00192356
v 11.54592991 74.56268311 13.00197124
v 11.52637005 74.52541351 13.00202942
v 11.50772762 74.49539185 13.00208473
v 11.45268059 74.42559814 13.00224876
v 11.38440800 74.36253357 13.00245190
v 11.36596298 74.34853363 13.00250626
v 11.28163338 74.29667664 13.00275707
v 11.50932407 74.98964691 13.00793362
v 11.52645683 74.95330048 13.00772190
v 11.54016972 74.91645813 13.00755310
v 11.55072594 74.87844849 13.00742245
v 11.55963421 74.82614899 13.00731277
v 11.56214905 74.78921509 13.00728226
v 11.56156921 74.75196838 13.00728989
v 11.55779743 74.71434784 13.00733662
v 11.55164433 74.68061066 13.00741196
v 11.54303360 74.64770508 13.00751781
v 11.53066635 74.61205292 13.00767040
v 11.51516056 74.57688141 13.00786018
v 11.49637794 74.54220581 13.00809288
v 11.47848988 74.51430511 13.00831223
v 11.42576027 74.44967651 13.00896263
v 11.36054897 74.39166260 13.00976658
v 11.34296703 74.37884521 13.00998402
v 11.26279354 74.33176422 13.01097679
v 11.47961044 74.97499847 13.01775074
v 11.49604130 74.94123840 13.01728058
v 11.50920010 74.90696716 13.01690578
v 11.51933575 74.87157440 13.01661587
v 11.52789307 74.82286072 13.01637173
v 11.53030968 74.78842926 13.01630306
v 11.52975178 74.75370026 13.01631927
v 11.52612877 74.71863556 13.01642227
v 11.52021790 74.68720245 13.01659107
v 11.51194954 74.65655518 13.01682758
v 11.50007915 74.62339020 13.01716614
v 11.48520660 74.59070587 13.01759148
v 11.46720314 74.55852509 13.01810551
v 11.45007229 74.53268433 13.01859474
v 11.39965439 74.47302246 13.02003956
v 11.33747673 74.41982269 13.02182674
v 11.32074738 74.40814972 13.02230835
v 11.24465275 74.36556244 13.02450943
v 11.45110607 74.96093750 13.03131294
v 11.46682930 74.92965698 13.03049088
v 11.47943020 74.89785004 13.02983379
v 11.48913956 74.86497498 13.02932644
v 11.49734116 74.81967926 13.02889824
v 11.49965763 74.78765869 13.02877808
v 11.49912262 74.75536346 13.02880573
v 11.49564934 74.72276306 13.02898693
v 11.48998547 74.69354248 13.02928162
v 11.48206329 74.66506958 13.02969551
v 11.47069550 74.63428497 13.03028870
v 11.45646000 74.60397339 13.03103256
v 11.43924046 74.57418060 13.03193378
v 11.42286777 74.55028534 13.03279018
v 11.37475300 74.49529266 13.03531456
v 11.31556797 74.44657135 13.03843307
v 11.29967308 74.43593597 13.03927326
v 11.22754478 74.39743805 13.04310608
v 11.42419052 74.94766998 13.04843903
v 11.43919945 74.91869354 13.04718113
v 11.45123386 74.88920593 13.04617214
v 11.46051311 74.85871124 13.04539585
v 11.46835136 74.81666565 13.04473972
v 11.47056580 74.78694153 13.04455471
v 11.47005463 74.75694275 13.04459763
v 11.46673393 74.72666931 13.04487514
v 11.46131992 74.69955444 13.04532814
v 11.45375061 74.67314148 13.04596233
v 11.44289112 74.64458466 13.04687214
v 11.42930031 74.61651611 13.04801083
v 11.41286945 74.58893585 13.04938889
v 11.39725590 74.56685638 13.05070019
v 11.35142994 74.51615143 13.05455780
v 11.29518032 74.47145844 13.05931473
v 11.28009796 74.46174622 13.06059456
v 11.21178341 74.42679596 13.06642342
v 11.41350746 74.90850067 13.06713486
v 11.42496967 74.88115692 13.06571770
v 11.43380833 74.85286713 13.06462479
v 11.44127750 74.81385040 13.06370258
v 11.44338799 74.78626251 13.06344223
v 11.44290161 74.75842285 13.06350136
v 11.43973732 74.73033142 13.06389236
v 11.43457794 74.70516205 13.06452942
v 11.42736721 74.68065643 13.06542110
v 11.41702366 74.65417480 13.06669998
v 11.40408230 74.62815094 13.06830025
v 11.38844395 74.60260010 13.07023716
v 11.37359142 74.58216095 13.07207584
v 11.33003426 74.53529358 13.07748127
v 11.27664852 74.49408722 13.08413124
v 11.26234913 74.48514557 13.08591747
v 11.19765949 74.45310974 13.09403419
v 11.37652302 74.92417145 13.09243202
v 11.39008617 74.89920807 13.09009552
v 11.40096760 74.87380219 13.08822155
v 11.40935993 74.84751892 13.08677578
v 11.41645241 74.81127167 13.08555412
v 11.41845608 74.78564453 13.08520889
v 11.41799450 74.75977325 13.08528900
v 11.41498947 74.73367310 13.08580589
v 11.41009140 74.71029663 13.08664989
v 11.40324306 74.68752289 13.08782959
v 11.39342403 74.66292572 13.08952045
v 11.38113976 74.63874054 13.09163666
v 11.36629868 74.61500549 13.09419346
v 11.35220337 74.59599304 13.09662151
v 11.31088829 74.55241394 13.10374260
v 11.26027489 74.51407623 13.11247540
v 11.24672127 74.50575256 13.11481762
v 11.18542957 74.47588348 13.12543011
v 11.35640526 74.91424561 13.11871529
v 11.36923790 74.89093781 13.11576748
v 11.37953186 74.86723328 13.11339951
v 11.38747025 74.84272766 13.11157227
v 11.39417839 74.80895233 13.11002731
v 11.39607334 74.78507996 13.10959053
v 11.39563656 74.76099396 13.10969162
v 11.39279461 74.73667908 13.11034584
v 11.38816166 74.71488953 13.11141300
v 11.38168430 74.69366455 13.11290455
v 11.37239456 74.67072296 13.11504078
v 11.36077309 74.64813995 13.11771202
v 11.34672928 74.62595367 13.12093544
v 11.33339214 74.60816956 13.12399387
v 11.29427719 74.56727600 13.13294506
v 11.24632549 74.53109741 13.14388466
v 11.23347664 74.52321625 13.14681149
v 11.17532349 74.49471283 13.16003513
v 11.16752243 74.50924683 13.19721222
v 11.10339165 74.49734497 13.25617695
v 11.15164185 74.51529694 13.23984337
v 11.16217136 74.51921844 13.23627949
v 11.20650864 74.54304504 13.22084999
v 11.09822464 74.48657227 13.21680164
v 11.10643482 74.48863983 13.21449566
v 11.10283566 74.47247314 13.17648983
v 11.11139965 74.47443390 13.17454624
v 11.10918808 74.45304108 13.13871002
v 11.11818600 74.45501709 13.13713646
v 11.11715317 74.42868042 13.10423565
v 11.12665462 74.43078613 13.10302544
v 11.12656498 74.39988708 13.07377720
v 11.13663483 74.40223694 13.07290268
v 11.13723278 74.36726379 13.04795456
v 11.14792538 74.36992645 13.04737759
v 11.14893723 74.33145905 13.02730083
v 11.16029739 74.33453369 13.02696800
v 11.16143894 74.29322815 13.01223755
v 11.17350006 74.29676819 13.01208782
v 11.17448044 74.25333405 13.00307560
v 11.18726444 74.25737762 13.00303745
v 11.03343773 74.47563171 13.23487091
v 11.03550529 74.46274567 13.19177818
v 11.03857136 74.44364929 13.15112400
v 11.04256916 74.41875458 13.11382294
v 11.04740429 74.38863373 13.08071518
v 11.05297089 74.35395050 13.05254650
v 11.05914307 74.31549835 13.02995110
v 11.06578064 74.27414703 13.01343727
v 11.07273579 74.23081207 13.00337791
v 11.09545135 74.49506378 13.25882053
v 11.03241634 74.48199463 13.27942848
v 11.03040028 74.48185730 13.28006649
v 10.96738911 74.47381592 13.25306988
v 10.96738911 74.46282196 13.20729446
v 10.96738911 74.44480896 13.16380215
v 10.96738911 74.42021179 13.12366390
v 10.96738911 74.38963318 13.08786774
v 10.96738911 74.35384369 13.05729389
v 10.96738911 74.31369781 13.03269672
v 10.96738911 74.27021027 13.01468277
v 10.96738911 74.22443390 13.00369263
v 10.01120663 77.00217438 16.77963448
v 9.98382092 76.68660736 16.82545471
v 9.95666027 76.77526855 16.82545471
v 9.96080589 76.86790466 16.82545471
v 9.99577713 76.95379639 16.82545471
v 10.02368736 76.99103546 16.82545471
v 10.04712105 77.03607941 16.77963448
v 10.08828259 77.06339264 16.77963448
v 10.14138412 76.76628876 16.98424530
v 10.18799019 76.78058624 16.99600601
v 10.18361950 76.78764343 16.99603462
v 10.18827438 76.78079987 16.99609375
v 10.20368576 76.85224915 16.99603462
v 10.06475830 76.72753906 16.93863297
v 10.11408710 76.72565460 16.96486855
v 10.10141182 76.74607086 16.96494102
v 10.11482811 76.72620392 16.96545219
v 10.15055561 76.75276947 16.98447800
v 10.00517654 76.69740295 16.86795425
v 10.05206585 76.67955780 16.90592575
v 10.03239536 76.71117401 16.90601540
v 10.05298996 76.68024445 16.90734100
v 10.08202171 76.70182037 16.93951607
v 10.00843811 76.64713287 16.82538605
v 10.00915813 76.64765930 16.82777596
v 10.02848911 76.66203308 16.86976814
v 10.17877388 76.80345917 16.99603462
v 10.18051815 76.79534912 16.99603462
v 10.13182068 76.79750061 16.98424530
v 10.13526535 76.78148651 16.98424530
v 10.08738518 76.79186249 16.96494102
v 10.09243584 76.76837158 16.96494102
v 10.04663849 76.78668976 16.93863297
v 10.05316448 76.75633240 16.93863297
v 10.01066017 76.78211975 16.90601540
v 10.01848793 76.74571991 16.90601540
v 9.98040104 76.77828217 16.86795425
v 9.98932266 76.73678589 16.86795425
v 9.96644020 76.72977448 16.82545471
v 10.17843533 76.81175995 16.99603462
v 10.13115311 76.81387329 16.98424530
v 10.08640480 76.81587982 16.96494102
v 10.04537392 76.81771088 16.93863297
v 10.00914383 76.81933594 16.90601540
v 9.97867107 76.82070160 16.86795425
v 9.95476341 76.82176971 16.82545471
v 10.17951298 76.81999207 16.99603462
v 10.13328171 76.83011627 16.98424530
v 10.08952618 76.83970642 16.96494102
v 10.04940414 76.84850311 16.93863297
v 10.01397896 76.85626221 16.90601540
v 9.98418331 76.86279297 16.86795425
v 10.18197632 76.82791901 16.99603462
v 10.13814068 76.84576416 16.98424530
v 10.09665585 76.86265564 16.96494102
v 10.05861568 76.87814331 16.93863297
v 10.02502632 76.89182281 16.90601540
v 9.99677563 76.90332794 16.86795425
v 9.97461224 76.91235352 16.82545471
v 10.18575191 76.83531189 16.99603462
v 10.14559364 76.86035919 16.98424530
v 10.10758591 76.88406372 16.96494102
v 10.07273579 76.90579987 16.93863297
v 10.04196453 76.92499542 16.90601540
v 10.01608372 76.94113159 16.86795425
v 10.19073105 76.84195709 16.99603462
v 10.15541935 76.87346649 16.98424530
v 10.12199974 76.90329742 16.96494102
v 10.09135723 76.93064117 16.93863297
v 10.06429863 76.95478821 16.90601540
v 10.04154015 76.97509766 16.86795425
v 10.19676781 76.84765625 16.99603462
v 10.16733265 76.88471985 16.98424530
v 10.13947582 76.91979218 16.96494102
v 10.11393261 76.95195770 16.93863297
v 10.09137726 76.98036194 16.90601540
v 10.07240868 77.00424957 16.86795425
v 10.05752468 77.02298737 16.82545471
v 10.09630489 77.04871368 16.82545471
v 10.10778236 77.02770996 16.86795425
v 10.12241077 77.00094604 16.90601540
v 10.13980389 76.96911621 16.93863297
v 10.15950394 76.93307495 16.96494102
v 10.18098545 76.89377594 16.98424530
v 9.10932350 74.22443390 13.00371552
v 9.10932350 74.22471619 13.00373745
v 9.10932350 74.27020264 13.01472569
v 9.10932350 74.27074432 13.01485729
v 9.10932350 74.31367493 13.03275871
v 9.10932350 74.31446075 13.03308392
v 9.10932350 74.35379791 13.05736923
v 9.10932350 74.35475159 13.05796146
v 9.10932350 74.38957214 13.08794975
v 9.10932350 74.39063263 13.08887005
v 9.10932350 74.42011261 13.12374687
v 9.10932350 74.42120361 13.12504005
v 9.10932350 74.44467926 13.16387939
v 9.10932350 74.44570160 13.16556931
v 9.10932350 74.46266937 13.20735836
v 9.10932350 74.46351624 13.20944786
v 9.10932350 74.47362518 13.25311279
v 9.10932350 74.47419739 13.25558376
v 10.94565296 74.90611267 14.35546494
v 11.09701061 74.90611267 13.72727489
v 11.11358166 74.85903931 16.26653290
v 11.33049011 74.88908386 16.82395172
v 11.09677696 74.90611267 16.27200890
v 11.32009983 74.90604401 16.82009506
v 11.31702042 74.91107178 16.81895447
v 11.35751915 74.80964661 16.83407402
v 11.35500431 74.82447052 16.83312607
v 11.12267303 74.80966187 16.26357079
v 11.34940815 74.84527588 16.83102417
v 11.34167767 74.86607361 16.82812500
v 11.35854053 74.80362701 16.83445740
v 11.12379646 74.75939178 16.26320457
v 11.36004162 74.77188110 16.83502388
v 11.11691952 74.70963287 16.26544380
v 11.35462856 74.72885895 16.83298492
v 11.35839081 74.75017548 16.83440208
v 11.33881760 74.68246460 16.82705688
v 11.34880829 74.70787811 16.83079910
v 11.34929657 74.70964050 16.83098030
v 11.32774162 74.66104889 16.82292938
v 11.10223579 74.66176605 16.27022934
v 11.29956245 74.62076569 16.81252289
v 11.08015919 74.61717224 16.27742577
v 11.29638958 74.61723328 16.81136131
v 11.05130863 74.57706451 16.28682709
v 11.01649380 74.54259491 16.29817390
v 11.20645332 74.54301453 16.77912521
v 11.24169445 74.56605530 16.79157448
v 11.25480938 74.57762146 16.79630470
v 11.28377724 74.60317230 16.80675125
v 10.97669506 74.51473236 16.31114197
v 10.93303013 74.49424744 16.32537079
v 11.09230137 74.49479675 16.74017525
v 11.14032555 74.51001740 16.75625610
v 11.15153217 74.51532745 16.76011848
v 11.19717598 74.53694916 16.77584839
v 10.88672543 74.48171997 16.34046173
v 11.01783180 74.48020935 16.71589661
v 11.03030872 74.48241425 16.71994591
v 11.08197498 74.49151611 16.73671722
v 10.88697052 74.48171997 13.65878201
v 10.93327236 74.49424744 13.67388153
v 10.97693539 74.51473236 13.68811893
v 11.01673222 74.54259491 13.70109653
v 11.05154419 74.57706451 13.71244812
v 11.08039379 74.61717224 13.72185516
v 11.10246944 74.66176605 13.72905445
v 11.11715126 74.70963287 13.73384285
v 11.12402821 74.75939178 13.73608398
v 11.12290478 74.80966187 13.73571777
v 11.11381340 74.85903931 13.73275375
v 10.94553471 74.90611267 15.64379025
v 10.89474010 74.90611267 14.99962330
v 10.96298885 74.85903931 15.64101887
v 10.97243404 74.80966187 15.63951969
v 10.97360039 74.75939178 15.63933468
v 10.96645737 74.70963287 15.64046955
v 10.95120525 74.66176605 15.64289093
v 10.92827320 74.61717224 15.64653206
v 10.89830303 74.57706451 15.65129089
v 10.86214066 74.54259491 15.65703201
v 10.82080078 74.51473236 15.66359806
v 10.77544212 74.49424744 15.67079830
v 10.72734261 74.48171997 15.67843723
v 10.91241455 74.85903931 14.99962521
v 10.92197609 74.80966187 14.99962521
v 10.92315865 74.75939178 14.99962616
v 10.91592598 74.70963287 14.99962521
v 10.90048218 74.66176605 14.99962330
v 10.87726212 74.61717224 14.99962139
v 10.84691811 74.57706451 14.99961853
v 10.81030178 74.54259491 14.99961472
v 10.76844311 74.51473236 14.99961090
v 10.72251701 74.49424744 14.99960804
v 10.67381573 74.48171997 14.99960327
v 10.96310711 74.85903931 14.35823917
v 10.97255135 74.80966187 14.35974026
v 10.97371769 74.75939178 14.35992718
v 10.96657467 74.70963287 14.35879040
v 10.95132351 74.66176605 14.35636616
v 10.92839050 74.61717224 14.35272026
v 10.89842319 74.57706451 14.34795666
v 10.86226082 74.54259491 14.34220791
v 10.82092190 74.51473236 14.33563614
v 10.77556610 74.49424744 14.32842541
v 10.72746658 74.48171997 14.32077885
v 10.88532639 75.77941895 16.98552704
v 10.85090160 75.75326538 16.96776199
v 11.40361881 75.04122162 16.96992874
v 10.92152882 75.80691528 16.99635887
v 11.47141266 75.09401703 16.99660683
v 11.47850609 75.09953308 16.99728584
v 11.43672180 75.06700134 16.98650742
v 11.39746952 75.03643036 16.96539688
v 10.81909275 75.72910309 16.94350052
v 11.37285042 75.01725769 16.94724655
v 11.34511375 74.99565887 16.91897202
v 10.79067039 75.70751190 16.91332817
v 11.32103634 74.97690582 16.88574600
v 10.76632404 75.68901825 16.87798119
v 11.30116177 74.96143341 16.84832001
v 10.74664593 75.67406464 16.83831215
v 11.29812050 74.95906067 16.84017181
v 9.09473515 74.22240448 13.00373745
v 9.10193825 74.22413635 13.00373745
v 9.08789062 74.21956635 13.00373745
v 9.08157444 74.21570587 13.00373745
v 9.07594109 74.21089172 13.00373745
v 9.07113075 74.20525360 13.00373745
v 9.06725979 74.19893646 13.00373745
v 9.06442451 74.19209290 13.00373745
v 9.06269455 74.18489075 13.00373745
v 9.06211281 74.17750549 13.00373745
v 9.06118107 74.17750549 13.00396347
v 9.01607990 74.17750549 13.01485729
v 9.01722908 74.19209290 13.01485729
v 9.09473705 74.26959991 13.01485729
v 9.01430893 74.17750549 13.01559639
v 8.97237110 74.17750549 13.03308392
v 8.97405624 74.19892883 13.03308392
v 9.08790016 74.31277466 13.03308392
v 8.96992207 74.17750549 13.03459644
v 8.93207455 74.17750549 13.05796146
v 8.93425560 74.20523834 13.05796146
v 9.08159447 74.35256958 13.05796146
v 8.92916489 74.17750549 13.06046677
v 8.89619446 74.17750549 13.08887005
v 8.89881802 74.21084595 13.08887005
v 9.07598209 74.38801575 13.08887005
v 8.89309597 74.17750549 13.09253597
v 8.86562443 74.17750549 13.12504005
v 8.86862564 74.21562958 13.12504005
v 9.07120132 74.41820526 13.12504005
v 8.86264515 74.17750549 13.12996960
v 8.84112930 74.17750549 13.16556931
v 8.84443092 74.21945953 13.16556931
v 9.06736755 74.44239807 13.16556931
v 8.83860016 74.17750549 13.17179585
v 8.82331562 74.17750549 13.20944786
v 8.82683659 74.22224426 13.20944786
v 9.06458092 74.45999146 13.20944786
v 9.06423283 74.47381592 13.28698730
v 9.06291008 74.47055054 13.25558376
v 9.06247425 74.47337341 13.28647995
v 9.01764011 74.45967865 13.25558376
v 8.95541763 74.43010712 13.25558376
v 8.97446346 74.44225311 13.26108074
v 8.97462654 74.44186401 13.25558376
v 8.97846603 74.44480896 13.26223564
v 9.02025318 74.46282196 13.27429485
v 8.94121265 74.40888977 13.20944786
v 8.90708542 74.37974548 13.20944786
v 8.93572998 74.41650391 13.24990177
v 8.90550995 74.38963318 13.24118042
v 8.87613487 74.35384369 13.23270321
v 8.87793827 74.34561920 13.20944786
v 8.87330246 74.34902954 13.23188686
v 8.85448837 74.30735016 13.20944786
v 8.85250187 74.31369781 13.22588348
v 8.83519268 74.27021027 13.22088718
v 8.83731461 74.26589203 13.20944786
v 8.83441925 74.26685333 13.22066402
v 8.82463551 74.22443390 13.21784115
v 8.82449818 74.22263336 13.21780109
v 9.02094173 74.44951630 13.20944786
v 8.97947884 74.43234253 13.20944786
v 8.93990135 74.42021179 13.25110626
v 9.02644634 74.43257141 13.16556931
v 8.98756599 74.41646576 13.16556931
v 8.95168304 74.39447784 13.16556931
v 8.91968060 74.36714935 13.16556931
v 8.89234924 74.33515167 13.16556931
v 8.87035942 74.29926300 13.16556931
v 8.85425472 74.26038361 13.16556931
v 9.03401661 74.40927887 13.12504005
v 8.99868679 74.39464569 13.12504005
v 8.96608067 74.37466431 13.12504005
v 8.93700314 74.34983063 13.12504005
v 8.91216660 74.32074738 13.12504005
v 8.89218616 74.28814697 13.12504005
v 8.87755203 74.25281525 13.12504005
v 9.04346275 74.38020325 13.08887005
v 9.01256466 74.36740112 13.08887005
v 8.98404884 74.34992981 13.08887005
v 8.95861816 74.32821655 13.08887005
v 8.93689823 74.30278015 13.08887005
v 8.91942310 74.27426147 13.08887005
v 8.90662479 74.24337006 13.08887005
v 9.05455017 74.34607697 13.05796146
v 9.02885342 74.33543396 13.05796146
v 9.00513840 74.32090759 13.05796146
v 8.98398972 74.30283356 13.05796146
v 8.96592522 74.28169250 13.05796146
v 8.95139313 74.25798035 13.05796146
v 8.94074917 74.23227692 13.05796146
v 9.06700230 74.30775452 13.03308392
v 9.04714870 74.29953003 13.03308392
v 9.02882385 74.28829956 13.03308392
v 9.01248264 74.27434540 13.03308392
v 8.99852657 74.25801086 13.03308392
v 8.98729801 74.23967743 13.03308392
v 8.97907352 74.21983337 13.03308392
v 9.08050919 74.26618958 13.01485729
v 9.06699181 74.26058197 13.01485729
v 9.05451679 74.25293732 13.01485729
v 9.04339123 74.24343872 13.01485729
v 9.03388882 74.23230743 13.01485729
v 9.02624321 74.21984100 13.01485729
v 9.02064419 74.20632172 13.01485729
v 10.96738911 74.22443390 16.99630547
v 10.96738911 74.27021027 16.98531532
v 11.04913807 74.22792053 16.99655151
v 10.96738911 74.31369781 16.96730232
v 11.04368210 74.27190399 16.98628426
v 10.96738911 74.35384369 16.94270325
v 11.03847885 74.31383514 16.96943283
v 10.96738911 74.38963318 16.91213226
v 11.03364849 74.35275269 16.94638824
v 10.96738911 74.42021179 16.87633705
v 11.02930260 74.38777161 16.91767883
v 10.96738911 74.44480896 16.83619690
v 11.02554226 74.41808319 16.88396645
v 10.96738911 74.46282196 16.79270554
v 11.02245235 74.44298553 16.84601974
v 10.96738911 74.47381592 16.74693108
v 11.02010345 74.46189880 16.80471992
v 11.01855183 74.47440338 16.76100922
v 11.08431625 74.48342896 16.77930069
v 11.14475632 74.50043488 16.79631805
v 11.20414448 74.52662659 16.81325531
v 11.25096130 74.55586243 16.82676506
v 11.29544163 74.59391022 16.83973122
v 11.31217766 74.61215973 16.84464455
v 11.34212208 74.65428162 16.85348129
v 11.35391521 74.67683411 16.85697937
v 11.36456013 74.70368195 16.86014366
v 11.37076855 74.72589111 16.86199379
v 11.37478256 74.74850464 16.86319160
v 11.37654495 74.77153778 16.86371613
v 11.37494183 74.80522919 16.86323738
v 11.37116909 74.82733917 16.86211395
v 11.36520100 74.84937286 16.86033630
v 11.35696220 74.87135315 16.85788536
v 11.34504795 74.89559937 16.85434914
v 11.15276718 74.24710846 16.99686050
v 11.24661827 74.28005219 16.99713898
v 11.33758259 74.32900238 16.99740791
v 11.40843391 74.38252258 16.99761772
v 11.47506046 74.45129395 16.99781799
v 11.49995613 74.48404694 16.99789047
v 11.54426670 74.55921173 16.99802208
v 11.56163597 74.59929657 16.99807549
v 11.57727432 74.64689636 16.99812126
v 11.58637714 74.68622589 16.99814796
v 11.59225559 74.72622681 16.99816704
v 11.59483528 74.76695251 16.99817276
v 11.59248829 74.82652283 16.99816704
v 11.58696365 74.86562347 16.99814987
v 11.57821560 74.90463257 16.99812317
v 11.56611443 74.94359589 16.99808884
v 11.54857922 74.98666382 16.99803543
v 11.52743053 75.02774811 16.99797249
v 11.12968159 74.32681274 16.97213173
v 11.11912441 74.36325836 16.95106316
v 11.21325207 74.35224152 16.97457695
v 11.19786358 74.38552856 16.95530701
v 11.29506588 74.39197540 16.97694969
v 11.27530003 74.42124939 16.95943451
v 11.35931301 74.43659210 16.97879982
v 11.33633327 74.46188354 16.96266174
v 11.42012119 74.49491119 16.98054695
v 11.39427280 74.51544189 16.96570969
v 11.44293976 74.52294922 16.98119926
v 11.41605473 74.54129028 16.96685219
v 11.48367500 74.58770752 16.98236465
v 11.45499516 74.60119629 16.96888924
v 11.49968433 74.62242126 16.98282242
v 11.47031784 74.63338470 16.96969032
v 11.51412106 74.66375732 16.98323250
v 11.48414326 74.67176056 16.97041321
v 11.52253151 74.69796753 16.98347282
v 11.49220181 74.70355225 16.97083282
v 11.52796650 74.73281097 16.98362923
v 11.49741173 74.73593903 16.97110367
v 11.53035259 74.76830292 16.98369789
v 11.49969864 74.76895142 16.97122383
v 11.52818298 74.82022858 16.98363495
v 11.49761772 74.81723785 16.97111511
v 11.52307320 74.85429382 16.98348999
v 11.49272156 74.84890747 16.97085953
v 11.51498890 74.88823700 16.98325920
v 11.48497486 74.88044739 16.97045517
v 11.50381756 74.92208099 16.98293877
v 11.47427368 74.91188049 16.96989632
v 11.48764801 74.95940399 16.98247910
v 11.45879650 74.94649506 16.96908760
v 11.46817780 74.99488831 16.98192215
v 11.44017315 74.97936249 16.96811485
v 11.08834362 74.46953583 16.82022095
v 11.15146065 74.48593140 16.83454514
v 11.21379852 74.51232910 16.84870911
v 11.26312923 74.54246521 16.85994530
v 11.31013012 74.58225250 16.87067986
v 11.32784462 74.60147095 16.87473488
v 11.35957718 74.64607239 16.88201332
v 11.37208557 74.67004395 16.88488770
v 11.38338375 74.69864655 16.88748550
v 11.38997459 74.72235870 16.88900375
v 11.39423656 74.74650574 16.88998604
v 11.39610863 74.77111816 16.89041519
v 11.39440536 74.80713654 16.89002228
v 11.39039898 74.83074951 16.88910103
v 11.38406372 74.85427094 16.88764191
v 11.37531853 74.87769318 16.88563156
v 11.36267948 74.90348816 16.88272476
v 11.34748936 74.92796326 16.87923813
v 11.33071995 74.91866302 16.85011101
v 11.14097500 74.28782654 16.98750687
v 11.22960758 74.31684875 16.98861122
v 11.31594753 74.36104584 16.98968124
v 11.38347435 74.40999603 16.99051666
v 11.44718170 74.47343445 16.99130058
v 11.47103882 74.50377655 16.99159431
v 11.51356316 74.57365417 16.99211884
v 11.53025532 74.61100769 16.99232483
v 11.54529476 74.65543365 16.99250984
v 11.55405331 74.69217682 16.99261665
v 11.55971050 74.72956085 16.99268723
v 11.56219482 74.76763153 16.99271774
v 11.55993557 74.82333374 16.99268913
v 11.55461788 74.85988617 16.99262428
v 11.54619884 74.89633179 16.99252129
v 11.53456116 74.93270111 16.99237633
v 11.51770687 74.97285461 16.99217033
v 11.49739552 75.01109314 16.99191856
v 11.10952377 74.39640808 16.92473984
v 11.18373585 74.41609955 16.93116760
v 11.25698948 74.44837189 16.93743896
v 11.31490040 74.48548126 16.94235611
v 11.37001038 74.53470612 16.94700623
v 11.39076042 74.55854797 16.94875145
v 11.42790031 74.61393738 16.95187187
v 11.44253063 74.64375305 16.95309830
v 11.45573711 74.67933655 16.95420456
v 11.46343899 74.70883942 16.95484924
v 11.46841812 74.73891449 16.95526505
v 11.47060490 74.76956177 16.95544815
v 11.46861553 74.81439972 16.95528221
v 11.46393585 74.84379578 16.95488930
v 11.45653248 74.87306976 16.95426941
v 11.44631004 74.90221405 16.95341492
v 11.43153000 74.93429565 16.95217514
v 11.41375732 74.96471405 16.95068550
v 11.10107899 74.42556000 16.89370918
v 11.17113781 74.44335175 16.90261841
v 11.24045086 74.47286224 16.91134071
v 11.29535484 74.50698853 16.91820145
v 11.34768867 74.55242157 16.92471123
v 11.36741543 74.57447815 16.92715645
v 11.40275002 74.62577057 16.93153381
v 11.41667938 74.65340424 16.93325615
v 11.42925930 74.68640900 16.93481255
v 11.43659687 74.71378326 16.93571854
v 11.44134140 74.74168396 16.93630409
v 11.44342518 74.77013397 16.93656349
v 11.44152927 74.81175232 16.93632889
v 11.43706989 74.83903503 16.93577766
v 11.43001556 74.86618805 16.93490601
v 11.42027855 74.89321899 16.93370247
v 11.40620518 74.92296600 16.93196106
v 11.38928986 74.95114136 16.92986679
v 11.09396935 74.45010376 16.85862541
v 11.16031170 74.46678162 16.87020493
v 11.22597027 74.49430847 16.88159370
v 11.27800560 74.52608490 16.89058495
v 11.32763100 74.56835175 16.89914513
v 11.34634399 74.58885193 16.90236855
v 11.37987518 74.63652802 16.90814400
v 11.39309692 74.66220856 16.91042328
v 11.40504074 74.69287872 16.91247940
v 11.41200733 74.71830750 16.91368103
v 11.41651344 74.74422455 16.91445541
v 11.41849136 74.77065277 16.91479683
v 11.41669273 74.80931854 16.91448593
v 11.41245651 74.83466339 16.91375732
v 11.40575886 74.85989380 16.91260338
v 11.39651394 74.88500977 16.91101074
v 11.38315487 74.91265106 16.90870857
v 11.36710167 74.93884277 16.90594482
v 9.95878124 68.26703644 13.21540642
v 10.74664593 69.28094482 13.16168785
v 9.95092869 68.22791290 13.17335129
v 9.95053864 68.22596741 13.17126560
v 10.76632404 69.26599884 13.12201977
v 9.94854450 68.21601868 13.16057968
v 9.94725895 68.17049408 13.11938858
v 10.79067039 69.24750519 13.08666992
v 9.95111084 68.13729858 13.09413338
v 9.95183372 68.13105774 13.08939075
v 10.81909275 69.22591400 13.05649757
v 9.95334721 68.11801147 13.07946968
v 9.96326542 68.07699585 13.05350018
v 10.85090160 69.20175171 13.03223705
v 9.97577095 68.04203796 13.03552437
v 9.97924805 68.03231812 13.03052521
v 10.88532639 69.17559814 13.01447296
v 9.97984695 68.03063965 13.02966404
v 10.03062725 67.94082642 13.00280571
v 10.02277470 67.95162201 13.00421238
v 10.92152882 69.14810181 13.00364017
v 10.02014446 67.95523071 13.00468349
v 9.99789333 67.99269104 13.01477337
v 10.04474449 67.92142487 13.00027752
v 11.47141266 69.86100006 13.00339222
v 11.47850609 69.85547638 13.00271416
v 11.43672180 69.88801575 13.01349163
v 11.40361881 69.91379547 13.03007030
v 11.39746952 69.91857910 13.03460217
v 11.37285042 69.93775177 13.05275345
v 11.34511375 69.95935059 13.08102703
v 11.32103634 69.97810364 13.11425304
v 11.30116177 69.99357605 13.15167999
v 11.29812050 69.99594879 13.15982914
v 9.10932350 70.73057556 13.00371552
v 10.96738911 70.73057556 13.00369263
v 9.10932350 70.73030090 13.00373745
v 10.96738911 70.68479919 13.01468277
v 9.10932350 70.68481445 13.01472569
v 9.10932350 70.68426514 13.01485729
v 10.96738911 70.64131165 13.03269672
v 9.10932350 70.64133453 13.03275871
v 9.10932350 70.64055634 13.03308392
v 10.96738911 70.60117340 13.05729389
v 9.10932350 70.60121918 13.05736923
v 9.10932350 70.60025787 13.05796146
v 10.96738911 70.56537628 13.08786774
v 9.10932350 70.56544495 13.08794975
v 9.10932350 70.56437683 13.08887005
v 10.96738911 70.53480530 13.12366390
v 9.10932350 70.53489685 13.12374687
v 9.10932350 70.53380585 13.12504005
v 10.96738911 70.51020050 13.16380215
v 9.10932350 70.51033783 13.16387939
v 9.10932350 70.50931549 13.16556931
v 10.96738911 70.49219513 13.20729446
v 9.10932350 70.49234772 13.20735836
v 9.10932350 70.49150085 13.20944786
v 10.96738911 70.48120117 13.25306988
v 9.10932350 70.48138428 13.25311279
v 9.10932350 70.48081970 13.25558376
v 9.06211281 70.77750397 13.00373745
v 9.06118107 70.77750397 13.00396347
v 9.01607990 70.77750397 13.01485729
v 9.01430893 70.77750397 13.01559639
v 8.97237110 70.77750397 13.03308392
v 8.96992207 70.77750397 13.03459644
v 8.93207455 70.77750397 13.05796146
v 8.92916489 70.77750397 13.06046677
v 8.89619446 70.77750397 13.08887005
v 8.89309597 70.77750397 13.09253597
v 8.86562443 70.77750397 13.12504005
v 8.86264515 70.77750397 13.12996960
v 8.84112930 70.77750397 13.16556931
v 8.83860016 70.77750397 13.17179585
v 8.82331562 70.77750397 13.20944786
v 8.82449818 74.22263336 16.78219795
v 8.82463551 74.22443390 16.78215981
v 8.63593483 74.22443390 15.89994526
v 8.66465378 74.31369781 14.10411549
v 8.71928024 74.38963318 14.11184120
v 8.83753014 74.46282196 14.12856293
v 8.82199574 74.47381592 15.00000000
v 8.88285446 74.47381592 14.13497257
v 9.06247425 74.47337341 16.71352005
v 9.06423283 74.47381592 16.71301270
v 8.88285446 74.47381592 15.86502838
v 8.83753014 74.46282196 15.87143707
v 9.02025318 74.46282196 16.72570419
v 8.97446346 74.44225311 16.73892021
v 8.97846603 74.44480896 16.73776436
v 8.79446697 74.44480896 15.87752628
v 8.77622032 74.46282196 15.00000000
v 8.73272896 74.44480896 15.00000000
v 8.79446697 74.44480896 14.12247276
v 8.75472450 74.42021179 14.11685371
v 8.93572998 74.41650391 16.75009727
v 8.93990135 74.42021179 16.74889374
v 8.75472450 74.42021179 15.88314629
v 8.95541763 74.43010712 16.74441528
v 8.71928024 74.38963318 15.88815784
v 8.90550995 74.38963318 16.75881767
v 8.69259071 74.42021179 15.00000000
v 8.87330246 74.34902954 16.76811218
v 8.87613487 74.35384369 16.76729774
v 8.68900871 74.35384369 15.89243889
v 8.66465378 74.31369781 15.89588261
v 8.85250187 74.31369781 16.77411652
v 8.65679455 74.38963318 15.00000000
v 8.68900871 74.35384369 14.10756016
v 8.62622070 74.35384369 15.00000000
v 8.83441925 74.26685333 16.77933502
v 8.83519268 74.27021027 16.77911186
v 8.64681625 74.27021027 15.89840698
v 8.60162354 74.31369781 15.00000000
v 8.58360863 74.27021027 15.00000000
v 8.64681625 74.27021027 14.10159397
v 8.63593483 74.22443390 14.10005474
v 8.57261944 74.22443390 15.00000000
v 9.10932350 74.22443390 16.99628258
v 9.10932350 74.22471619 16.99626350
v 9.10932350 74.27020264 16.98527336
v 9.10932350 74.27074432 16.98513985
v 9.10932350 74.31367493 16.96724129
v 9.10932350 74.31446075 16.96691513
v 9.10932350 74.35379791 16.94263077
v 9.10932350 74.35475159 16.94203949
v 9.10932350 74.38957214 16.91205025
v 9.10932350 74.39063263 16.91113091
v 9.10932350 74.42011261 16.87625313
v 9.10932350 74.42120361 16.87495995
v 9.10932350 74.44467926 16.83612061
v 9.10932350 74.44570160 16.83443069
v 9.10932350 74.46266937 16.79264069
v 9.10932350 74.46351624 16.79055023
v 9.10932350 74.47362518 16.74688721
v 9.10932350 74.47419739 16.74441528
v 9.82239437 67.90041351 13.74782658
v 9.85698700 67.86574554 13.75619221
v 9.79383850 67.94048309 13.74092007
v 9.77210236 67.98484802 13.73566341
v 9.75778103 68.03229523 13.73220062
v 9.75126934 68.08152771 13.73062515
v 9.75274372 68.13118744 13.73098278
v 9.76216507 68.17992401 13.73326015
v 9.77927399 68.22637939 13.73739815
v 9.95878124 68.26703644 16.78459358
v 9.95092869 68.22791290 16.82664871
v 9.76216507 68.17992401 16.26673889
v 9.94854450 68.21601868 16.83941841
v 9.77927399 68.22637939 16.26259995
v 9.95053864 68.22596741 16.82873344
v 9.75274372 68.13118744 16.26901627
v 9.95111084 68.13729858 16.90586662
v 9.94725895 68.17049408 16.88061142
v 9.75126934 68.08152771 16.26937485
v 9.95334721 68.11801147 16.92052841
v 9.95183372 68.13105774 16.91060829
v 9.75778103 68.03229523 16.26779938
v 9.97577095 68.04203796 16.96447563
v 9.96326542 68.07699585 16.94649887
v 9.77210236 67.98484802 16.26433563
v 9.97984695 68.03063965 16.97033691
v 9.97924805 68.03231812 16.96947479
v 10.03062725 67.94082642 16.99719429
v 10.02277470 67.95162201 16.99578857
v 9.79383850 67.94048309 16.25907707
v 10.02014446 67.95523071 16.99531555
v 9.99789333 67.99269104 16.98522568
v 10.04474449 67.92142487 16.99972153
v 9.82239437 67.90041351 16.25217247
v 9.85698700 67.86574554 16.24380684
v 9.64556122 68.22637939 15.42439938
v 9.64556122 68.22637939 14.57559967
v 9.72526360 67.86574554 15.41808224
v 9.62801266 68.17992401 15.42578983
v 9.61835003 68.13118744 15.42655659
v 9.61683750 68.08152771 15.42667580
v 9.62351608 68.03229523 15.42614651
v 9.63820553 67.98484802 15.42498302
v 9.66049767 67.94048309 15.42321587
v 9.68978596 67.90041351 15.42089367
v 9.62801266 68.17992401 14.57420921
v 9.61835003 68.13118744 14.57344246
v 9.61683750 68.08152771 14.57332325
v 9.62351608 68.03229523 14.57385254
v 9.63820553 67.98484802 14.57501698
v 9.66049767 67.94048309 14.57678318
v 9.68978596 67.90041351 14.57910538
v 9.72526360 67.86574554 14.58191681
v 11.04913807 70.72708893 13.00344849
v 11.04368210 70.68311310 13.01371574
v 11.03847885 70.64117432 13.03056526
v 11.03364849 70.60225677 13.05360985
v 11.02930260 70.56724548 13.08232021
v 11.02554226 70.53693390 13.11603451
v 11.02245235 70.51203156 13.15397835
v 11.02010345 70.49311066 13.19528103
v 11.01783180 70.47480011 13.28410339
v 11.01855183 70.48060608 13.23899078
v 11.03030872 70.47260284 13.28005314
v 11.08431625 70.47158051 13.22070026
v 11.08197498 70.46349335 13.26328182
v 11.14475632 70.45458221 13.20368004
v 11.14032555 70.44499207 13.24374199
v 11.15153217 70.43968201 13.23988056
v 11.20414448 70.42837524 13.18674278
v 11.19717598 70.41806030 13.22415161
v 11.25096130 70.39915466 13.17323494
v 11.24169445 70.38895416 13.20842552
v 11.25480938 70.37738800 13.20369530
v 11.29544163 70.36109924 13.16026783
v 11.28377724 70.35183716 13.19324875
v 11.31217766 70.34284973 13.15535545
v 11.29956245 70.33424377 13.18747807
v 11.34212208 70.30073547 13.14651775
v 11.32774162 70.29396820 13.17707062
v 11.32812309 70.29323578 13.17692852
v 11.35391521 70.27818298 13.14301968
v 11.33881760 70.27254486 13.17294216
v 11.36456013 70.25133514 13.13985538
v 11.34880829 70.24713135 13.16920090
v 11.37076855 70.22911835 13.13800526
v 11.35462856 70.22615814 13.16701317
v 11.37478256 70.20651245 13.13680744
v 11.35839081 70.20483398 13.16559696
v 11.35909271 70.19561005 13.16533279
v 11.37654495 70.18347931 13.13628292
v 11.36004162 70.18312836 13.16497421
v 11.37494183 70.14978027 13.13676071
v 11.35854053 70.15139008 13.16554070
v 11.37116909 70.12767029 13.13788605
v 11.35500431 70.13053894 13.16687298
v 11.36520100 70.10563660 13.13966465
v 11.34940815 70.10973358 13.16897583
v 11.34431076 70.09602356 13.17088699
v 11.35696220 70.08366394 13.14211464
v 11.34167767 70.08893585 13.17187309
v 11.34504795 70.05941010 13.14565086
v 11.33049011 70.06593323 13.17604828
v 11.15276718 70.70790100 13.00313950
v 11.24661827 70.67496490 13.00286007
v 11.33758259 70.62600708 13.00259018
v 11.40843391 70.57248688 13.00238037
v 11.47506046 70.50371552 13.00218201
v 11.49995613 70.47097015 13.00210857
v 11.54426670 70.39579773 13.00197697
v 11.56163597 70.35571289 13.00192451
v 11.57727432 70.30811310 13.00187778
v 11.58637714 70.26878357 13.00185108
v 11.59225559 70.22878265 13.00183296
v 11.59483528 70.18805695 13.00182533
v 11.59248829 70.12849426 13.00183296
v 11.58696365 70.08938599 13.00184917
v 11.57821560 70.05037689 13.00187492
v 11.56611443 70.01141357 13.00191116
v 11.54857922 69.96834564 13.00196362
v 11.52743053 69.92726898 13.00202656
v 11.12968159 70.62820435 13.02786636
v 11.11912441 70.59175873 13.04893589
v 11.21325207 70.60277557 13.02542210
v 11.19786358 70.56948090 13.04469299
v 11.29506588 70.56304169 13.02304935
v 11.27530003 70.53376770 13.04056454
v 11.35931301 70.51841736 13.02119827
v 11.33633327 70.49312592 13.03733730
v 11.42012119 70.46009827 13.01945305
v 11.39427280 70.43956757 13.03428936
v 11.44293976 70.43206787 13.01879883
v 11.41605473 70.41372681 13.03314686
v 11.48367500 70.36730957 13.01763439
v 11.45499516 70.35381317 13.03110886
v 11.49968433 70.33259583 13.01717758
v 11.47031784 70.32162476 13.03030968
v 11.51412106 70.29125977 13.01676464
v 11.48414326 70.28325653 13.02958775
v 11.52253151 70.25703430 13.01652431
v 11.49220181 70.25145721 13.02916622
v 11.52796650 70.22219849 13.01636982
v 11.49741173 70.21907043 13.02889538
v 11.53035259 70.18670654 13.01630211
v 11.49969864 70.18606567 13.02877522
v 11.52818298 70.13478088 13.01636314
v 11.49761772 70.13777924 13.02888393
v 11.52307320 70.10072327 13.01651001
v 11.49272156 70.10610962 13.02913952
v 11.51498890 70.06678009 13.01673985
v 11.48497486 70.07456207 13.02954388
v 11.50381756 70.03292847 13.01705933
v 11.47427368 70.04313660 13.03010273
v 11.48764801 69.99561310 13.01752090
v 11.45879650 70.00851440 13.03091049
v 11.46817780 69.96012115 13.01807690
v 11.44017315 69.97565460 13.03188515
v 11.08834362 70.48548126 13.17977905
v 11.15146065 70.46908569 13.16545391
v 11.21379852 70.44267273 13.15128994
v 11.26312923 70.41254425 13.14005566
v 11.31013012 70.37276459 13.12932014
v 11.32784462 70.35353851 13.12526512
v 11.35957718 70.30893707 13.11798668
v 11.37208557 70.28496552 13.11511135
v 11.38338375 70.25636292 13.11251354
v 11.38997459 70.23265076 13.11099625
v 11.39423656 70.20850372 13.11001492
v 11.39610863 70.18389130 13.10958385
v 11.39440536 70.14788055 13.10997581
v 11.39039898 70.12425995 13.11089802
v 11.38406372 70.10074615 13.11235714
v 11.37531853 70.07732391 13.11436844
v 11.36267948 70.05152130 13.11727428
v 11.34748936 70.02704620 13.12076092
v 11.33071995 70.03634644 13.14988899
v 11.14097500 70.66719055 13.01249409
v 11.22960758 70.63816071 13.01138878
v 11.31594753 70.59397125 13.01031876
v 11.38347435 70.54502106 13.00948429
v 11.44718170 70.48158264 13.00869751
v 11.47103882 70.45124054 13.00840473
v 11.51356316 70.38135529 13.00788116
v 11.53025532 70.34400177 13.00767517
v 11.54529476 70.29957581 13.00749016
v 11.55405331 70.26283264 13.00738239
v 11.55971050 70.22545624 13.00731277
v 11.56219482 70.18737793 13.00728226
v 11.55993557 70.13167572 13.00730896
v 11.55461788 70.09513092 13.00737572
v 11.54619884 70.05867767 13.00747871
v 11.53456116 70.02231598 13.00762177
v 11.51770687 69.98215485 13.00782967
v 11.49739552 69.94391632 13.00807953
v 11.10952377 70.55860901 13.07526016
v 11.18373585 70.53891754 13.06883144
v 11.25698948 70.50664520 13.06256104
v 11.31490040 70.46953583 13.05764484
v 11.37001038 70.42031097 13.05299282
v 11.39076042 70.39646912 13.05124664
v 11.42790031 70.34107208 13.04812813
v 11.44253063 70.31125641 13.04690170
v 11.45573711 70.27567291 13.04579544
v 11.46343899 70.24617004 13.04515076
v 11.46841812 70.21610260 13.04473495
v 11.47060490 70.18545532 13.04455090
v 11.46861553 70.14061737 13.04471779
v 11.46393585 70.11121368 13.04510975
v 11.45653248 70.08193970 13.04572868
v 11.44631004 70.05279541 13.04658508
v 11.43153000 70.02072144 13.04782391
v 11.41375732 69.99030304 13.04931450
v 11.10107899 70.52945709 13.10628986
v 11.17113781 70.51165771 13.09738064
v 11.24045086 70.48214722 13.08865833
v 11.29535484 70.44802094 13.08179760
v 11.34768867 70.40258789 13.07528973
v 11.36741543 70.38053894 13.07284164
v 11.40275002 70.32924652 13.06846523
v 11.41667938 70.30160522 13.06674290
v 11.42925930 70.26860046 13.06518745
v 11.43659687 70.24122620 13.06428051
v 11.44134140 70.21333313 13.06369400
v 11.44342518 70.18487549 13.06343746
v 11.44152927 70.14326477 13.06367111
v 11.43706989 70.11598206 13.06422234
v 11.43001556 70.08882141 13.06509399
v 11.42027855 70.06179047 13.06629753
v 11.40620518 70.03205109 13.06803799
v 11.38928986 70.00386810 13.07013130
v 11.09396935 70.50490570 13.14137363
v 11.16031170 70.48823547 13.12979412
v 11.22597027 70.46070862 13.11840630
v 11.27800560 70.42892456 13.10941410
v 11.32763100 70.38666534 13.10085583
v 11.34634399 70.36615753 13.09763050
v 11.37987518 70.31848907 13.09185505
v 11.39309692 70.29280853 13.08957672
v 11.40504074 70.26213837 13.08752060
v 11.41200733 70.23670197 13.08631992
v 11.41651344 70.21078491 13.08554363
v 11.41849136 70.18435669 13.08520222
v 11.41669273 70.14569855 13.08551216
v 11.41245651 70.12034607 13.08624268
v 11.40575886 70.09511566 13.08739662
v 11.39651394 70.06999969 13.08898830
v 11.38315487 70.04236603 13.09129047
v 11.36710167 70.01617432 13.09405518
v 11.32009983 70.04897308 13.17990398
v 11.31702042 70.04394531 13.18104553
v 9.06442451 70.76291656 13.00373745
v 9.06269455 70.77011871 13.00373745
v 9.07113075 70.74975586 13.00373745
v 9.06725979 70.75607300 13.00373745
v 9.07594109 70.74412537 13.00373745
v 9.08157444 70.73931122 13.00373745
v 9.08789062 70.73544312 13.00373745
v 8.83731461 70.68912506 13.20944786
v 8.82683659 70.73276520 13.20944786
v 8.84443092 70.73554993 13.16556931
v 8.93990135 70.53480530 13.25110626
v 8.93572998 70.53851318 13.24990177
v 8.94121265 70.54611969 13.20944786
v 8.90550995 70.56537628 13.24118042
v 8.90178585 70.56990814 13.24010658
v 8.90708542 70.57526398 13.20944786
v 8.85250187 70.64131165 13.22588348
v 8.85074806 70.64572144 13.22537613
v 8.85448837 70.64766693 13.20944786
v 8.82449818 70.73238373 13.21780109
v 8.82463551 70.73057556 13.21784115
v 8.83519268 70.68479919 13.22088718
v 8.95541763 70.52490997 13.25558376
v 9.02025318 70.49219513 13.27429485
v 8.97846603 70.51020050 13.26223564
v 8.97462654 70.51315308 13.25558376
v 9.06423283 70.48120117 13.28698730
v 9.06247425 70.48163605 13.28647995
v 9.06291008 70.48446655 13.25558376
v 9.06458092 70.49501801 13.20944786
v 9.06736755 70.51261139 13.16556931
v 8.95168304 70.56053162 13.16556931
v 8.98756599 70.53854370 13.16556931
v 8.97947884 70.52267456 13.20944786
v 9.07120132 70.53680420 13.12504005
v 8.99868679 70.56037140 13.12504005
v 8.96608067 70.58034515 13.12504005
v 8.93700314 70.60518646 13.12504005
v 8.87613487 70.60117340 13.23270321
v 8.87793827 70.60939789 13.20944786
v 8.87035942 70.65574646 13.16556931
v 8.85425472 70.69463348 13.16556931
v 8.87755203 70.70220184 13.12504005
v 8.86862564 70.73937988 13.12504005
v 8.89881802 70.74416351 13.08887005
v 9.07598209 70.56700134 13.08887005
v 9.01256466 70.58760834 13.08887005
v 8.98404884 70.60508728 13.08887005
v 8.95861816 70.62680054 13.08887005
v 8.93689823 70.65222931 13.08887005
v 9.08159447 70.60243988 13.05796146
v 9.02885342 70.61957550 13.05796146
v 9.00513840 70.63410950 13.05796146
v 8.98398972 70.65216827 13.05796146
v 8.96592522 70.67332458 13.05796146
v 8.95139313 70.69703674 13.05796146
v 8.91968060 70.58786774 13.16556931
v 8.89234924 70.61986542 13.16556931
v 8.91216660 70.63426208 13.12504005
v 8.89218616 70.66687012 13.12504005
v 8.91942310 70.68074799 13.08887005
v 8.90662479 70.71163940 13.08887005
v 8.94074917 70.72274017 13.05796146
v 8.93425560 70.74977875 13.05796146
v 8.97405624 70.75608826 13.03308392
v 9.08790016 70.64224243 13.03308392
v 9.04714870 70.65547943 13.03308392
v 9.02882385 70.66670990 13.03308392
v 9.01248264 70.68066406 13.03308392
v 8.99852657 70.69700623 13.03308392
v 8.98729801 70.71533203 13.03308392
v 8.97907352 70.73518372 13.03308392
v 9.09473705 70.68540955 13.01485729
v 9.06699181 70.69442749 13.01485729
v 9.05451679 70.70207214 13.01485729
v 9.04339123 70.71157837 13.01485729
v 9.03388882 70.72270203 13.01485729
v 9.02624321 70.73517609 13.01485729
v 9.02064419 70.74869537 13.01485729
v 9.01722908 70.76291656 13.01485729
v 8.97446346 70.51275635 13.26108074
v 9.10193825 70.73088074 13.00373745
v 9.01764011 70.49533844 13.25558376
v 9.02094173 70.50550079 13.20944786
v 9.02644634 70.52243805 13.16556931
v 9.03401661 70.54573059 13.12504005
v 9.04346275 70.57480621 13.08887005
v 9.05455017 70.60893250 13.05796146
v 9.06700230 70.64725494 13.03308392
v 9.08050919 70.68882751 13.01485729
v 9.09473515 70.73260498 13.00373745
v 8.83860016 74.17750549 16.82820320
v 8.84112930 74.17750549 16.83443069
v 8.84443092 74.21945953 16.83443069
v 8.86264515 74.17750549 16.87003136
v 8.86562443 74.17750549 16.87495995
v 8.86862564 74.21562958 16.87495995
v 8.89309597 74.17750549 16.90746498
v 8.89619446 74.17750549 16.91113091
v 8.89881802 74.21084595 16.91113091
v 8.92916489 74.17750549 16.93953133
v 8.93207455 74.17750549 16.94203949
v 8.93425560 74.20523834 16.94203949
v 9.06700230 74.30775452 16.96691513
v 9.08790016 74.31277466 16.96691513
v 9.08159447 74.35256958 16.94203949
v 8.96992207 74.17750549 16.96540451
v 8.97237110 74.17750549 16.96691513
v 8.97405624 74.19892883 16.96691513
v 9.09473705 74.26959991 16.98513985
v 9.09473515 74.22240448 16.99626350
v 9.08789062 74.21956635 16.99626350
v 9.06725979 74.19893646 16.99626350
v 9.06442451 74.19209290 16.99626350
v 8.82331562 74.17750549 16.79055023
v 8.82683659 74.22224426 16.79055023
v 8.83731461 74.26589203 16.79055023
v 8.87793827 74.34561920 16.79055023
v 8.85448837 74.30735016 16.79055023
v 8.94121265 74.40888977 16.79055023
v 8.90708542 74.37974548 16.79055023
v 8.97462654 74.44186401 16.74441528
v 9.06291008 74.47055054 16.74441528
v 9.10193825 74.22413635 16.99626350
v 9.01430893 74.17750549 16.98440361
v 9.01607990 74.17750549 16.98513985
v 9.01722908 74.19209290 16.98513985
v 9.06118107 74.17750549 16.99603653
v 9.08050919 74.26618958 16.98513985
v 9.06699181 74.26058197 16.98513985
v 9.08157444 74.21570587 16.99626350
v 8.97907352 74.21983337 16.96691513
v 8.94074917 74.23227692 16.94203949
v 8.95139313 74.25798035 16.94203949
v 8.90662479 74.24337006 16.91113091
v 8.91942310 74.27426147 16.91113091
v 8.93689823 74.30278015 16.91113091
v 9.07113075 74.20525360 16.99626350
v 9.07594109 74.21089172 16.99626350
v 9.04339123 74.24343872 16.98513985
v 9.05451679 74.25293732 16.98513985
v 9.02882385 74.28829956 16.96691513
v 9.04714870 74.29953003 16.96691513
v 9.02885342 74.33543396 16.94203949
v 9.05455017 74.34607697 16.94203949
v 9.04346275 74.38020325 16.91113091
v 9.07598209 74.38801575 16.91113091
v 9.07120132 74.41820526 16.87495995
v 8.87755203 74.25281525 16.87495995
v 8.89218616 74.28814697 16.87495995
v 8.91216660 74.32074738 16.87495995
v 8.93700314 74.34983063 16.87495995
v 8.85425472 74.26038361 16.83443069
v 8.87035942 74.29926300 16.83443069
v 8.89234924 74.33515167 16.83443069
v 8.91968060 74.36714935 16.83443069
v 8.95168304 74.39447784 16.83443069
v 9.02624321 74.21984100 16.98513985
v 9.03388882 74.23230743 16.98513985
v 8.99852657 74.25801086 16.96691513
v 9.01248264 74.27434540 16.96691513
v 8.98398972 74.30283356 16.94203949
v 9.00513840 74.32090759 16.94203949
v 8.98404884 74.34992981 16.91113091
v 9.01256466 74.36740112 16.91113091
v 8.99868679 74.39464569 16.87495995
v 9.03401661 74.40927887 16.87495995
v 9.02644634 74.43257141 16.83443069
v 9.06736755 74.44239807 16.83443069
v 9.06458092 74.45999146 16.79055023
v 9.06269455 74.18489075 16.99626350
v 8.97947884 74.43234253 16.79055023
v 9.01764011 74.45967865 16.74441528
v 9.02094173 74.44951630 16.79055023
v 8.98756599 74.41646576 16.83443069
v 8.96608067 74.37466431 16.87495995
v 8.95861816 74.32821655 16.91113091
v 8.96592522 74.28169250 16.94203949
v 8.98729801 74.23967743 16.96691513
v 9.02064419 74.20632172 16.98513985
v 9.06211281 74.17750549 16.99626350
v 10.74668407 69.28099823 16.83831215
v 10.85093975 69.20179749 16.96776199
v 10.81913185 69.22595978 16.94350052
v 10.92156696 69.14814758 16.99635887
v 10.88536358 69.17565155 16.98552704
v 10.76636314 69.26605225 16.87798119
v 11.30116177 69.99357605 16.84832001
v 11.29812050 69.99594879 16.84017181
v 11.32103634 69.97810364 16.88574600
v 10.79070854 69.24755096 16.91333008
v 11.34511375 69.95935059 16.91897202
v 11.47850609 69.85547638 16.99728584
v 11.47141266 69.86100006 16.99660683
v 11.43672180 69.88801575 16.98650742
v 11.40361881 69.91379547 16.96992874
v 11.37285042 69.93775177 16.94724655
v 11.35065556 69.95503235 16.92462158
v 10.94565296 70.04889679 15.64453506
v 11.01649380 70.41241455 13.70182705
v 10.97669506 70.44028473 13.68885708
v 11.35241795 70.11994934 16.83215332
v 11.35834026 70.14978027 16.83438301
v 11.12290478 70.14534760 16.26428032
v 11.35962677 70.19206238 16.83486748
v 11.35921097 70.19561005 16.83471107
v 11.12402821 70.19562531 16.26391602
v 10.88697052 70.47328949 16.34121704
v 11.03040028 70.47315979 16.71993256
v 11.03241634 70.47301483 16.72057152
v 10.93327236 70.46076965 16.32611847
v 11.09545135 70.45995331 16.74117851
v 11.10339165 70.45766449 16.74382210
v 10.97693539 70.44028473 16.31188011
v 11.15164185 70.43972015 16.76015472
v 11.16217136 70.43579865 16.76372147
v 11.01673222 70.41241455 16.29890251
v 11.21498108 70.40740967 16.78209686
v 11.22657299 70.39979553 16.78619385
v 11.05154419 70.37794495 16.28754997
v 11.25487041 70.37737274 16.79632759
v 11.26961803 70.36568451 16.80161095
v 11.08039379 70.33784485 16.27814484
v 11.30449677 70.32815552 16.81433487
v 11.31634712 70.31205750 16.81870461
v 11.10246944 70.29324341 16.27094460
v 11.32810879 70.29322815 16.82306671
v 11.32880116 70.29211426 16.82332420
v 11.11715126 70.24538422 16.26615715
v 11.33909130 70.27194977 16.82715797
v 11.35711956 70.21350098 16.83392334
v 11.35302830 70.23274994 16.83238411
v 11.34730530 70.25155640 16.83023453
v 11.36001205 70.17082977 16.83501434
v 11.32493019 70.05628204 16.82188416
v 11.11381340 70.09597778 16.26724625
v 11.32007599 70.04898834 16.82008743
v 11.09701061 70.04889679 16.27272606
v 11.31150818 70.03610229 16.81691551
v 11.33629704 70.07713318 16.82611465
v 11.34443951 70.09600067 16.82916069
v 11.34540367 70.09823608 16.82952118
v 11.11358166 70.09597778 13.73346710
v 11.09677696 70.04889679 13.72799015
v 11.12267303 70.14534760 13.73642921
v 11.12379646 70.19562531 13.73679543
v 11.11691952 70.24538422 13.73455524
v 11.10223579 70.29324341 13.72976971
v 11.08015919 70.33784485 13.72257423
v 11.05130863 70.37794495 13.71317291
v 10.93303013 70.46076965 13.67462730
v 10.88672543 70.47328949 13.65953636
v 10.94553471 70.04889679 14.35620785
v 10.89474010 70.04889679 15.00037575
v 10.96298885 70.09597778 14.35897923
v 10.97243404 70.14534760 14.36048031
v 10.97360039 70.19562531 14.36066437
v 10.96645737 70.24538422 14.35953140
v 10.95120525 70.29324341 14.35710907
v 10.92827320 70.33784485 14.35346699
v 10.89830303 70.37794495 14.34870911
v 10.86214066 70.41241455 14.34296608
v 10.82080078 70.44028473 14.33640289
v 10.77544212 70.46076965 14.32920074
v 10.72734261 70.47328949 14.32156277
v 10.91241455 70.09597778 15.00037384
v 10.92197609 70.14534760 15.00037384
v 10.92315865 70.19562531 15.00037289
v 10.91592598 70.24538422 15.00037384
v 10.90048218 70.29324341 15.00037575
v 10.87726212 70.33784485 15.00037766
v 10.84691811 70.37794495 15.00038052
v 10.81030178 70.41241455 15.00038433
v 10.76844311 70.44028473 15.00038815
v 10.72251701 70.46076965 15.00039196
v 10.67381573 70.47328949 15.00039673
v 10.96310711 70.09597778 15.64175987
v 10.97255135 70.14534760 15.64025879
v 10.97371769 70.19562531 15.64007282
v 10.96657467 70.24538422 15.64120865
v 10.95132351 70.29324341 15.64363384
v 10.92839050 70.33784485 15.64727879
v 10.89842319 70.37794495 15.65204144
v 10.86226082 70.41241455 15.65779209
v 10.82092190 70.44028473 15.66436291
v 10.77556610 70.46076965 15.67157364
v 10.72746658 70.47328949 15.67922020
v 8.63593483 70.73057556 14.10005474
v 8.64681625 70.68479919 15.89840698
v 8.83519268 70.68479919 16.77911186
v 8.82463551 70.73057556 16.78215981
v 8.68900871 70.60117340 15.89243889
v 8.87613487 70.60117340 16.76729774
v 8.85250187 70.64131165 16.77411652
v 8.83753014 70.49219513 15.87143707
v 9.02025318 70.49219513 16.72570419
v 8.97846603 70.51020050 16.73776436
v 8.82199574 70.48120117 15.00000000
v 8.88285446 70.48120117 15.86502838
v 8.88285446 70.48120117 14.13497257
v 8.83753014 70.49219513 14.12856293
v 9.06247425 70.48163605 16.71352005
v 9.06423283 70.48120117 16.71301270
v 8.79446697 70.51020050 14.12247276
v 8.77622032 70.49219513 15.00000000
v 8.73272896 70.51020050 15.00000000
v 8.79446697 70.51020050 15.87752628
v 8.75472450 70.53480530 15.88314629
v 8.75472450 70.53480530 14.11685371
v 8.69259071 70.53480530 15.00000000
v 8.71928024 70.56537628 15.88815784
v 8.97446346 70.51275635 16.73892021
v 8.95541763 70.52490997 16.74441528
v 8.71928024 70.56537628 14.11184120
v 8.68900871 70.60117340 14.10756016
v 8.93990135 70.53480530 16.74889374
v 8.93572998 70.53851318 16.75009727
v 8.90550995 70.56537628 16.75881767
v 8.90178585 70.56990814 16.75989342
v 8.65679455 70.56537628 15.00000000
v 8.66465378 70.64131165 14.10411549
v 8.64681625 70.68479919 14.10159397
v 8.58360863 70.68479919 15.00000000
v 8.62622070 70.60117340 15.00000000
v 8.66465378 70.64131165 15.89588261
v 8.85074806 70.64572144 16.77462196
v 8.60162354 70.64131165 15.00000000
v 8.57261944 70.73057556 15.00000000
v 8.63593483 70.73057556 15.89994526
v 8.82449818 70.73238373 16.78219795
v 8.82331562 70.77750397 16.79055023
v 8.83860016 70.77750397 16.82820320
v 8.84112930 70.77750397 16.83443069
v 8.86264515 70.77750397 16.87003136
v 8.86562443 70.77750397 16.87495995
v 8.89309597 70.77750397 16.90746498
v 8.89619446 70.77750397 16.91113091
v 8.92916489 70.77750397 16.93953133
v 8.93207455 70.77750397 16.94203949
v 8.96992207 70.77750397 16.96540451
v 8.97237110 70.77750397 16.96691513
v 9.01430893 70.77750397 16.98440361
v 9.01607990 70.77750397 16.98513985
v 9.06118107 70.77750397 16.99603653
v 9.06211281 70.77750397 16.99626350
v 11.28045082 70.37537384 16.83534622
v 11.34325027 70.29878235 16.85381699
v 11.37610149 70.19295502 16.86358452
v 11.35122967 70.07121277 16.85618210
v 11.32486153 70.02814484 16.84837914
v 11.51876163 69.91262817 16.99794579
v 11.48907566 69.93031311 16.99181557
v 11.46020699 69.94750977 16.98169518
v 11.43255329 69.96398926 16.96771622
v 11.40649033 69.97951508 16.95007515
v 11.38237572 69.99388123 16.92901230
v 11.36053944 70.00688934 16.90481377
v 11.34127998 70.01836395 16.87781334
v 11.33913040 70.04927826 16.85259628
v 11.35640526 70.04076385 16.88128281
v 11.37652302 70.03084564 16.90756798
v 11.39921856 70.01965332 16.93109703
v 11.42419052 70.00733948 16.95156097
v 11.45110607 69.99407196 16.96868706
v 11.47961044 69.98001862 16.98224831
v 11.50932407 69.96536255 16.99206543
v 11.53985405 69.95030975 16.99801064
v 11.36923790 70.06407166 16.88423157
v 11.39008617 70.05580139 16.90990257
v 11.41350746 70.04651642 16.93286324
v 11.43919945 70.03632355 16.95281792
v 11.46682930 70.02536011 16.96950722
v 11.49604130 70.01377106 16.98271751
v 11.52645683 70.00170898 16.99227905
v 11.55768490 69.98932648 16.99806404
v 11.36093140 70.09347534 16.85906410
v 11.37953186 70.08777618 16.88659859
v 11.40096760 70.08120728 16.91177940
v 11.42496967 70.07385254 16.93428040
v 11.45123386 70.06580353 16.95382690
v 11.47943020 70.05716705 16.97016716
v 11.50920010 70.04804993 16.98309326
v 11.54016972 70.03855896 16.99244690
v 11.57194614 70.02881622 16.99810410
v 11.36841106 70.11645508 16.86129189
v 11.38747025 70.11228180 16.88842583
v 11.40935993 70.10749054 16.91322327
v 11.43380833 70.10214233 16.93537521
v 11.46051311 70.09629822 16.95460320
v 11.48913956 70.09004211 16.97067451
v 11.51933575 70.08343506 16.98338318
v 11.55072594 70.07656860 16.99257660
v 11.58292007 70.06951904 16.99813843
v 11.37472916 70.14807129 16.86317444
v 11.39417839 70.14605713 16.88997078
v 11.41645241 70.14373779 16.91444588
v 11.44127750 70.14115906 16.93629646
v 11.46835136 70.13834381 16.95525932
v 11.49734116 70.13533020 16.97109985
v 11.52789307 70.13215637 16.98362732
v 11.55963421 70.12886047 16.99268723
v 11.59217644 70.12547302 16.99816704
v 11.37651348 70.17041779 16.86370659
v 11.39607334 70.16992950 16.89040756
v 11.41845608 70.16937256 16.91479111
v 11.44338799 70.16875458 16.93655777
v 11.47056580 70.16807556 16.95544434
v 11.49965763 70.16735077 16.97122192
v 11.53030968 70.16658783 16.98369598
v 11.56214905 70.16579437 16.99271584
v 11.59478951 70.16497803 16.99817276
v 11.39563656 70.19402313 16.89030838
v 11.41799450 70.19523621 16.91471100
v 11.44290161 70.19659424 16.93649864
v 11.47005463 70.19806671 16.95540237
v 11.49912262 70.19964600 16.97119331
v 11.52975178 70.20131683 16.98368073
v 11.56156921 70.20304108 16.99271011
v 11.59418678 70.20481873 16.99817276
v 11.37342453 70.21570587 16.86278534
v 11.39279461 70.21833038 16.88965225
v 11.41498947 70.22133636 16.91419220
v 11.43973732 70.22468567 16.93610573
v 11.46673393 70.22834015 16.95512390
v 11.49564934 70.23224640 16.97101212
v 11.52612877 70.23637390 16.98357582
v 11.55779743 70.24066162 16.99266434
v 11.59026814 70.24505615 16.99816132
v 11.36906052 70.23611450 16.86148453
v 11.38816166 70.24011993 16.88858414
v 11.41009140 70.24471283 16.91334915
v 11.43457794 70.24985504 16.93546867
v 11.46131992 70.25545502 16.95467186
v 11.48998547 70.26147461 16.97071648
v 11.52021790 70.26781464 16.98340797
v 11.55164433 70.27439880 16.99258804
v 11.58387470 70.28115845 16.99814034
v 11.36295986 70.25601196 16.85966682
v 11.38168430 70.26134491 16.88709450
v 11.40324306 70.26749420 16.91217041
v 11.42736721 70.27436066 16.93457794
v 11.45375061 70.28187561 16.95403862
v 11.48206329 70.28993988 16.97030258
v 11.51194954 70.29845428 16.98317146
v 11.54303360 70.30731201 16.99248123
v 11.57492447 70.31639862 16.99811363
v 11.35420609 70.27754974 16.85706520
v 11.37239456 70.28429413 16.88495827
v 11.39342403 70.29208374 16.91047859
v 11.41702366 70.30083466 16.93330002
v 11.44289112 70.31042480 16.95312691
v 11.47069550 70.32073212 16.96971130
v 11.50007915 70.33161926 16.98283386
v 11.53066635 70.34295654 16.99232864
v 11.56206322 70.35459900 16.99807549
v 11.36077309 70.30687714 16.88228798
v 11.38113976 70.31626892 16.90836334
v 11.40408230 70.32686615 16.93169785
v 11.42930031 70.33850098 16.95199013
v 11.45646000 70.35103607 16.96896553
v 11.48520660 70.36430359 16.98240852
v 11.51516056 70.37813568 16.99213791
v 11.54592991 70.39233398 16.99802780
v 11.33000374 70.31970215 16.84989738
v 11.34672928 70.32906342 16.87906265
v 11.36629868 70.34001160 16.90580559
v 11.38844395 70.35240173 16.92976189
v 11.41286945 70.36607361 16.95061111
v 11.43924046 70.38083649 16.96806526
v 11.46720314 70.39648438 16.98189354
v 11.49637794 70.41280365 16.99190712
v 11.52637005 70.42959595 16.99797058
v 11.31741524 70.33650970 16.84618568
v 11.33339214 70.34684753 16.87600517
v 11.35220337 70.35901642 16.90337753
v 11.37359142 70.37284851 16.92792130
v 11.39725590 70.38816071 16.94929886
v 11.42286777 70.40473175 16.96720886
v 11.45007229 70.42233276 16.98140335
v 11.47848988 70.44071198 16.99168587
v 11.50772762 70.45961761 16.99791527
v 11.29427719 70.38773346 16.86705399
v 11.31088829 70.40259552 16.89625740
v 11.33003426 70.41972351 16.92251587
v 11.35142994 70.43885803 16.94544029
v 11.37475300 70.45971680 16.96468544
v 11.39965439 70.48198700 16.97995949
v 11.42576027 70.50533295 16.99103737
v 11.45268059 70.52941895 16.99775124
v 11.23503017 70.41012573 16.82215118
v 11.24632549 70.42391205 16.85611343
v 11.26027489 70.44094086 16.88752365
v 11.27664852 70.46092987 16.91586876
v 11.29518032 70.48355103 16.94068527
v 11.31556797 70.50844574 16.96156693
v 11.33747673 70.53518677 16.97817230
v 11.36054897 70.56335449 16.99023247
v 11.38440800 70.59247589 16.99754715
v 11.22283840 70.41777039 16.81863403
v 11.23347664 70.43180084 16.85318756
v 11.24672127 70.44926453 16.88518143
v 11.26234913 70.46986389 16.91408348
v 11.28009796 70.49326324 16.93940353
v 11.29967308 70.51907349 16.96072578
v 11.32074738 70.54686737 16.97768974
v 11.34296703 70.57616425 16.99001503
v 11.36596298 70.60647583 16.99749374
v 11.28163338 70.65834045 16.99724197
v 11.26279354 70.62323761 16.98902321
v 11.24465275 70.58944702 16.97549057
v 11.22754478 70.55757904 16.95689392
v 11.21178341 70.52821350 16.93357658
v 11.19765949 70.50190735 16.90596581
v 11.18542957 70.47912598 16.87456894
v 11.17532349 70.46029663 16.83996391
v 11.16752243 70.44577026 16.80278587
v 11.09822464 70.46843719 16.78319740
v 11.10643482 70.46637726 16.78550339
v 11.10283566 70.48254395 16.82350922
v 11.11139965 70.48058319 16.82545280
v 11.10918808 70.50197601 16.86128998
v 11.11818600 70.49999237 16.86286163
v 11.11715317 70.52632904 16.89576340
v 11.12665462 70.52422333 16.89697456
v 11.12656498 70.55512238 16.92622375
v 11.13663483 70.55278015 16.92709732
v 11.13723278 70.58775330 16.95204544
v 11.14792538 70.58509064 16.95262337
v 11.14893723 70.62355804 16.97269821
v 11.16029739 70.62047577 16.97303200
v 11.16143894 70.66178894 16.98776054
v 11.17350006 70.65824890 16.98791313
v 11.17448044 70.70168304 16.99692345
v 11.18726444 70.69763184 16.99696350
v 11.03343773 70.47938538 16.76512909
v 11.03550529 70.49226379 16.80822182
v 11.03857136 70.51136017 16.84887505
v 11.04256916 70.53626251 16.88617706
v 11.04740429 70.56638336 16.91928291
v 11.05297089 70.60105896 16.94745445
v 11.05914307 70.63951111 16.97004890
v 11.06578064 70.68087006 16.98656273
v 11.07273579 70.72419739 16.99662209
v 10.96738911 70.48120117 16.74693108
v 10.96738911 70.49219513 16.79270554
v 10.96738911 70.51020050 16.83619690
v 10.96738911 70.53480530 16.87633705
v 10.96738911 70.56537628 16.91213226
v 10.96738911 70.60117340 16.94270325
v 10.96738911 70.64131165 16.96730232
v 10.96738911 70.68479919 16.98531532
v 10.96738911 70.73057556 16.99630547
v 9.02064419 70.74869537 16.98513985
v 9.01722908 70.76291656 16.98513985
v 8.97405624 70.75608826 16.96691513
v 9.06442451 70.76291656 16.99626350
v 9.06725979 70.75607300 16.99626350
v 9.06269455 70.77011871 16.99626350
v 8.83731461 70.68912506 16.79055023
v 8.87793827 70.60939789 16.79055023
v 9.01764011 70.49533844 16.74441528
v 8.94121265 70.54611969 16.79055023
v 8.82683659 70.73276520 16.79055023
v 9.10193825 70.73088074 16.99626350
v 9.10932350 70.73057556 16.99628258
v 9.10932350 70.73030090 16.99626350
v 9.10932350 70.68481445 16.98527336
v 9.09473705 70.68540955 16.98513985
v 9.10932350 70.68426514 16.98513985
v 9.05451679 70.70207214 16.98513985
v 9.06699181 70.69442749 16.98513985
v 9.08789062 70.73544312 16.99626350
v 9.10932350 70.64133453 16.96724129
v 9.08790016 70.64224243 16.96691513
v 9.10932350 70.64055634 16.96691513
v 9.10932350 70.60121918 16.94263077
v 9.08159447 70.60243988 16.94203949
v 9.10932350 70.60025787 16.94203949
v 9.07594109 70.74412537 16.99626350
v 9.07113075 70.74975586 16.99626350
v 9.03388882 70.72270203 16.98513985
v 9.02624321 70.73517609 16.98513985
v 8.98729801 70.71533203 16.96691513
v 8.97907352 70.73518372 16.96691513
v 8.94074917 70.72274017 16.94203949
v 8.93425560 70.74977875 16.94203949
v 8.89881802 70.74416351 16.91113091
v 9.10932350 70.56544495 16.91205025
v 9.07598209 70.56700134 16.91113091
v 9.10932350 70.56437683 16.91113091
v 9.10932350 70.53489685 16.87625313
v 9.07120132 70.53680420 16.87495995
v 9.10932350 70.53380585 16.87495995
v 9.08157444 70.73931122 16.99626350
v 9.04339123 70.71157837 16.98513985
v 9.01248264 70.68066406 16.96691513
v 8.99852657 70.69700623 16.96691513
v 8.96592522 70.67332458 16.94203949
v 8.95139313 70.69703674 16.94203949
v 8.91942310 70.68074799 16.91113091
v 8.90662479 70.71163940 16.91113091
v 8.87755203 70.70220184 16.87495995
v 8.86862564 70.73937988 16.87495995
v 8.84443092 70.73554993 16.83443069
v 9.10932350 70.51033783 16.83612061
v 9.06736755 70.51261139 16.83443069
v 9.10932350 70.50931549 16.83443069
v 9.10932350 70.49234772 16.79264069
v 9.06458092 70.49501801 16.79055023
v 9.10932350 70.49150085 16.79055023
v 8.98756599 70.53854370 16.83443069
v 8.97947884 70.52267456 16.79055023
v 8.97462654 70.51315308 16.74441528
v 8.90708542 70.57526398 16.79055023
v 8.95168304 70.56053162 16.83443069
v 8.99868679 70.56037140 16.87495995
v 8.91968060 70.58786774 16.83443069
v 8.96608067 70.58034515 16.87495995
v 9.01256466 70.58760834 16.91113091
v 8.85448837 70.64766693 16.79055023
v 8.89234924 70.61986542 16.83443069
v 8.93700314 70.60518646 16.87495995
v 8.98404884 70.60508728 16.91113091
v 9.02885342 70.61957550 16.94203949
v 8.87035942 70.65574646 16.83443069
v 8.91216660 70.63426208 16.87495995
v 8.95861816 70.62680054 16.91113091
v 9.00513840 70.63410950 16.94203949
v 9.04714870 70.65547943 16.96691513
v 8.85425472 70.69463348 16.83443069
v 8.89218616 70.66687012 16.87495995
v 8.93689823 70.65222931 16.91113091
v 8.98398972 70.65216827 16.94203949
v 9.02882385 70.66670990 16.96691513
v 9.10932350 70.48138428 16.74688721
v 9.06291008 70.48446655 16.74441528
v 9.10932350 70.48081970 16.74441528
v 9.09473515 70.73260498 16.99626350
v 9.08050919 70.68882751 16.98513985
v 9.06700230 70.64725494 16.96691513
v 9.05455017 70.60893250 16.94203949
v 9.04346275 70.57480621 16.91113091
v 9.03401661 70.54573059 16.87495995
v 9.02644634 70.52243805 16.83443069
v 9.02094173 70.50550079 16.79055023
f 1 2 3
f 4 5 6
f 7 8 9
f 9 10 7
f 7 10 11
f 7 11 12
f 12 11 13
f 12 13 14
f 14 13 15
f 14 15 16
f 16 15 17
f 16 17 18
f 18 17 19
f 18 19 20
f 20 19 21
f 20 21 22
f 22 21 23
f 22 23 24
f 24 23 25
f 24 25 26
f 26 25 27
f 26 27 28
f 28 27 29
f 28 29 30
f 30 29 31
f 30 31 32
f 32 31 33
f 32 33 34
f 35 36 37
f 34 33 37
f 37 33 38
f 37 38 35
f 6 5 39
f 5 40 39
f 39 40 41
f 39 41 38
f 38 41 42
f 38 42 35
f 4 6 43
f 43 6 44
f 43 44 45
f 45 44 46
f 45 46 47
f 47 46 48
f 48 46 49
f 48 49 50
f 51 52 53
f 50 49 54
f 54 49 53
f 54 53 55
f 55 53 52
f 55 52 56
f 53 57 51
f 51 57 58
f 51 58 59
f 59 58 60
f 59 60 61
f 61 60 62
f 61 62 63
f 63 62 64
f 63 64 65
f 65 64 66
f 65 66 67
f 67 66 68
f 67 68 69
f 69 68 70
f 69 70 71
f 71 70 72
f 71 72 73
f 73 72 74
f 73 74 75
f 75 74 76
f 75 76 77
f 77 76 78
f 77 78 79
f 79 78 80
f 79 80 81
f 82 83 84
f 81 80 84
f 84 80 85
f 84 85 82
f 3 2 86
f 2 87 86
f 86 87 88
f 86 88 85
f 85 88 89
f 85 89 82
f 1 3 90
f 90 3 91
f 90 91 92
f 92 91 93
f 92 93 94
f 94 93 95
f 95 93 96
f 95 96 97
f 97 96 98
f 98 96 9
f 98 9 99
f 99 9 8
f 99 8 100
f 101 102 103
f 103 102 104
f 103 104 105
f 105 104 106
f 105 106 107
f 107 106 108
f 107 108 109
f 109 108 110
f 109 110 111
f 111 110 112
f 111 112 113
f 113 112 114
f 113 114 115
f 115 114 116
f 115 116 117
f 117 116 118
f 117 118 119
f 119 118 120
f 119 120 121
f 121 120 122
f 121 122 123
f 123 122 124
f 123 124 125
f 125 124 126
f 125 126 127
f 127 126 128
f 127 128 129
f 129 128 130
f 129 130 131
f 131 130 132
f 131 132 133
f 133 132 134
f 133 134 135
f 135 134 136
f 135 136 137
f 137 136 138
f 137 138 139
f 139 138 140
f 139 140 141
f 141 140 142
f 141 142 143
f 143 142 144
f 143 144 145
f 145 144 146
f 145 146 147
f 147 146 148
f 147 148 149
f 149 148 150
f 149 150 151
f 151 150 152
f 151 152 153
f 153 152 154
f 153 154 155
f 155 154 156
f 155 156 157
f 157 156 158
f 157 158 159
f 159 158 160
f 159 160 161
f 161 160 162
f 161 162 163
f 163 162 164
f 163 164 165
f 165 164 166
f 165 166 167
f 167 166 168
f 167 168 169
f 169 168 170
f 169 170 171
f 171 170 172
f 171 172 173
f 173 172 174
f 173 174 175
f 175 174 176
f 175 176 177
f 177 176 178
f 177 178 179
f 179 178 180
f 179 180 101
f 101 180 102
f 179 181 177
f 177 181 182
f 177 182 175
f 175 182 183
f 175 183 173
f 173 183 184
f 173 184 171
f 171 184 185
f 171 185 169
f 169 185 186
f 169 186 167
f 167 186 187
f 167 187 165
f 165 187 188
f 165 188 163
f 163 188 189
f 163 189 161
f 161 189 190
f 161 190 159
f 159 190 191
f 159 191 157
f 157 191 192
f 157 192 155
f 155 192 193
f 155 193 153
f 153 193 194
f 153 194 151
f 151 194 195
f 151 195 149
f 149 195 196
f 149 196 147
f 147 196 197
f 147 197 145
f 145 197 198
f 145 198 143
f 143 198 199
f 143 199 141
f 141 199 200
f 141 200 139
f 139 200 201
f 139 201 137
f 137 201 202
f 137 202 135
f 135 202 203
f 135 203 133
f 133 203 204
f 133 204 131
f 131 204 205
f 131 205 129
f 129 205 206
f 129 206 127
f 127 206 207
f 127 207 125
f 125 207 208
f 125 208 123
f 123 208 209
f 123 209 121
f 121 209 210
f 121 210 119
f 119 210 211
f 119 211 117
f 117 211 212
f 117 212 115
f 115 212 213
f 115 213 113
f 113 213 214
f 113 214 111
f 111 214 215
f 111 215 109
f 109 215 216
f 109 216 107
f 107 216 217
f 107 217 105
f 105 217 218
f 105 218 103
f 103 218 219
f 103 219 101
f 101 219 220
f 101 220 179
f 179 220 181
f 181 221 182
f 182 221 222
f 182 222 183
f 183 222 223
f 183 223 184
f 184 223 224
f 184 224 185
f 185 224 225
f 185 225 186
f 186 225 226
f 186 226 187
f 187 226 227
f 187 227 188
f 188 227 228
f 188 228 189
f 189 228 229
f 189 229 190
f 190 229 230
f 190 230 191
f 191 230 231
f 191 231 192
f 192 231 232
f 192 232 193
f 193 232 233
f 193 233 194
f 194 233 234
f 194 234 195
f 195 234 235
f 195 235 196
f 196 235 236
f 196 236 197
f 197 236 237
f 197 237 198
f 198 237 238
f 198 238 199
f 199 238 239
f 199 239 200
f 200 239 240
f 200 240 201
f 201 240 241
f 201 241 202
f 202 241 242
f 202 242 203
f 203 242 243
f 203 243 204
f 204 243 244
f 204 244 205
f 205 244 245
f 205 245 206
f 206 245 246
f 206 246 207
f 207 246 247
f 207 247 208
f 208 247 248
f 208 248 209
f 209 248 249
f 209 249 210
f 210 249 250
f 210 250 211
f 211 250 251
f 211 251 212
f 212 251 252
f 212 252 213
f 213 252 253
f 213 253 214
f 214 253 254
f 214 254 215
f 215 254 255
f 215 255 216
f 216 255 256
f 216 256 217
f 217 256 257
f 217 257 218
f 218 257 258
f 218 258 219
f 219 258 259
f 219 259 220
f 220 259 260
f 220 260 181
f 181 260 221
f 221 261 222
f 222 261 262
f 222 262 223
f 223 262 263
f 223 263 224
f 224 263 264
f 224 264 225
f 225 264 265
f 225 265 226
f 226 265 266
f 226 266 227
f 227 266 267
f 227 267 228
f 228 267 268
f 228 268 229
f 229 268 269
f 229 269 230
f 230 269 270
f 230 270 231
f 231 270 271
f 231 271 232
f 232 271 272
f 232 272 233
f 233 272 273
f 233 273 234
f 234 273 274
f 234 274 235
f 235 274 275
f 235 275 236
f 236 275 276
f 236 276 237
f 237 276 277
f 237 277 238
f 238 277 278
f 238 278 239
f 239 278 279
f 239 279 240
f 240 279 280
f 240 280 241
f 241 280 281
f 241 281 242
f 242 281 282
f 242 282 243
f 243 282 283
f 243 283 244
f 244 283 284
f 244 284 245
f 245 284 285
f 245 285 246
f 246 285 286
f 246 286 247
f 247 286 287
f 247 287 248
f 248 287 288
f 248 288 249
f 249 288 289
f 249 289 250
f 250 289 290
f 250 290 251
f 251 290 291
f 251 291 252
f 252 291 292
f 252 292 253
f 253 292 293
f 253 293 254
f 254 293 294
f 254 294 255
f 255 294 295
f 255 295 256
f 256 295 296
f 256 296 257
f 257 296 297
f 257 297 258
f 258 297 298
f 258 298 259
f 259 298 299
f 259 299 260
f 260 299 300
f 260 300 221
f 221 300 261
f 261 66 262
f 262 66 64
f 262 64 263
f 263 64 62
f 263 62 264
f 264 62 60
f 264 60 265
f 265 60 58
f 265 58 266
f 266 58 57
f 266 57 267
f 267 57 53
f 267 53 268
f 268 53 49
f 268 49 269
f 269 49 46
f 269 46 270
f 270 46 44
f 270 44 271
f 271 44 6
f 271 6 272
f 272 6 39
f 272 39 273
f 273 39 38
f 273 38 274
f 274 38 33
f 274 33 275
f 275 33 31
f 275 31 276
f 276 31 29
f 276 29 277
f 277 29 27
f 277 27 278
f 278 27 25
f 278 25 279
f 279 25 23
f 279 23 280
f 280 23 21
f 280 21 281
f 281 21 19
f 281 19 282
f 282 19 17
f 282 17 283
f 283 17 15
f 283 15 284
f 284 15 13
f 284 13 285
f 285 13 11
f 285 11 286
f 286 11 10
f 286 10 287
f 287 10 9
f 287 9 288
f 288 9 96
f 288 96 289
f 289 96 93
f 289 93 290
f 290 93 91
f 290 91 291
f 291 91 3
f 291 3 292
f 292 3 86
f 292 86 293
f 293 86 85
f 293 85 294
f 294 85 80
f 294 80 295
f 295 80 78
f 295 78 296
f 296 78 76
f 296 76 297
f 297 76 74
f 297 74 298
f 298 74 72
f 298 72 299
f 299 72 70
f 299 70 300
f 300 70 68
f 300 68 261
f 261 68 66
f 99 100 301
f 301 302 303
f 304 83 82
f 305 306 304
f 90 92 307
f 307 92 94
f 307 94 308
f 308 94 95
f 308 95 303
f 303 95 97
f 303 97 301
f 301 97 98
f 301 98 99
f 82 89 304
f 304 89 88
f 304 88 305
f 305 88 87
f 305 87 309
f 309 87 2
f 309 2 310
f 310 2 1
f 310 1 311
f 311 1 90
f 311 90 312
f 312 90 307
f 55 56 313
f 313 314 315
f 316 36 35
f 317 318 316
f 43 45 319
f 319 45 47
f 319 47 320
f 320 47 48
f 320 48 315
f 315 48 50
f 315 50 313
f 313 50 54
f 313 54 55
f 35 42 316
f 316 42 41
f 316 41 317
f 317 41 40
f 317 40 321
f 321 40 5
f 321 5 322
f 322 5 4
f 322 4 323
f 323 4 43
f 323 43 324
f 324 43 319
f 325 326 327
f 328 329 330
f 331 325 332
f 332 325 327
f 332 327 333
f 333 327 334
f 333 334 335
f 335 334 336
f 335 336 337
f 337 336 338
f 337 338 339
f 339 338 340
f 339 340 341
f 341 340 342
f 341 342 343
f 343 342 344
f 343 344 345
f 345 344 346
f 345 346 347
f 347 346 348
f 347 348 330
f 330 348 349
f 330 349 328
f 350 351 352
f 353 354 355
f 356 350 357
f 357 350 352
f 357 352 358
f 358 352 359
f 358 359 360
f 360 359 361
f 360 361 362
f 362 361 363
f 362 363 364
f 364 363 365
f 364 365 366
f 366 365 367
f 366 367 368
f 368 367 369
f 368 369 370
f 370 369 371
f 370 371 372
f 372 371 373
f 372 373 355
f 355 373 374
f 355 374 353
f 375 376 377
f 375 377 378
f 378 377 379
f 378 379 380
f 380 379 381
f 380 381 382
f 382 381 383
f 382 383 384
f 384 383 385
f 384 385 386
f 387 388 389
f 387 389 390
f 390 389 391
f 390 391 392
f 392 391 393
f 392 393 394
f 394 393 395
f 394 395 396
f 396 395 397
f 396 397 398
f 399 400 401
f 399 401 402
f 402 401 403
f 402 403 404
f 404 403 405
f 404 405 406
f 406 405 407
f 406 407 408
f 409 410 411
f 409 411 412
f 412 411 413
f 412 413 414
f 414 413 415
f 414 415 416
f 416 415 417
f 416 417 418
f 419 420 421
f 419 421 422
f 422 421 423
f 422 423 424
f 424 423 425
f 424 425 426
f 426 425 427
f 426 427 428
f 428 427 429
f 428 429 430
f 431 432 433
f 431 433 434
f 434 433 435
f 434 435 436
f 436 435 437
f 436 437 438
f 438 437 439
f 438 439 440
f 440 439 441
f 440 441 442
f 443 444 445
f 446 447 448
f 449 450 451
f 449 451 452
f 453 446 454
f 454 446 448
f 454 448 455
f 455 448 456
f 455 456 457
f 457 456 443
f 457 443 458
f 458 443 445
f 452 451 459
f 459 451 460
f 459 460 461
f 461 460 462
f 461 462 463
f 463 462 464
f 463 464 444
f 444 464 465
f 444 465 445
f 466 467 468
f 469 470 471
f 472 473 474
f 472 474 475
f 476 469 477
f 477 469 471
f 477 471 478
f 478 471 479
f 478 479 480
f 480 479 466
f 480 466 481
f 481 466 468
f 475 474 482
f 482 474 483
f 482 483 484
f 484 483 485
f 484 485 486
f 486 485 487
f 486 487 467
f 467 487 488
f 467 488 468
f 489 490 491
f 492 493 491
f 494 495 491
f 494 491 496
f 497 496 491
f 498 497 491
f 499 498 491
f 500 499 491
f 501 502 491
f 501 491 503
f 504 505 491
f 504 491 506
f 507 506 491
f 508 509 491
f 510 511 491
f 510 491 512
f 513 512 491
f 514 513 491
f 515 514 491
f 516 515 491
f 517 518 491
f 519 520 491
f 519 491 521
f 490 521 491
f 522 523 524
f 525 526 527
f 528 529 530
f 531 532 533
f 534 535 536
f 532 537 533
f 533 537 534
f 533 534 538
f 529 528 539
f 517 540 518
f 518 540 516
f 518 516 491
f 541 542 517
f 517 542 543
f 517 543 540
f 544 545 489
f 489 545 546
f 489 546 490
f 490 546 547
f 490 547 521
f 521 547 548
f 521 548 519
f 519 548 541
f 519 541 520
f 520 541 517
f 520 517 491
f 549 550 544
f 551 550 552
f 552 550 549
f 552 549 491
f 491 493 552
f 552 493 553
f 552 553 551
f 495 492 491
f 544 489 549
f 549 489 491
f 554 555 556
f 556 555 557
f 556 557 558
f 558 557 559
f 558 559 560
f 561 562 563
f 563 562 564
f 565 566 567
f 567 566 525
f 568 569 570
f 570 569 571
f 570 571 565
f 503 572 501
f 501 572 573
f 501 573 502
f 502 573 500
f 502 500 491
f 574 575 503
f 503 575 576
f 503 576 572
f 577 578 507
f 507 578 579
f 507 579 506
f 506 579 580
f 506 580 504
f 504 580 574
f 504 574 505
f 505 574 503
f 505 503 491
f 581 577 582
f 582 577 507
f 582 507 491
f 583 584 581
f 585 584 586
f 586 584 583
f 586 583 491
f 491 509 586
f 586 509 587
f 586 587 585
f 511 508 491
f 581 582 583
f 583 582 491
f 588 589 590
f 590 589 591
f 590 591 592
f 592 591 593
f 522 524 594
f 534 536 538
f 538 536 595
f 538 595 596
f 595 597 596
f 596 597 598
f 596 598 599
f 598 600 599
f 599 600 601
f 599 601 524
f 524 601 602
f 524 602 594
f 525 527 567
f 567 527 603
f 567 603 604
f 603 605 604
f 604 605 606
f 604 606 607
f 608 562 609
f 609 562 561
f 609 561 610
f 610 561 607
f 610 607 611
f 611 607 606
f 523 589 524
f 524 589 588
f 524 588 599
f 599 588 612
f 599 612 596
f 596 612 613
f 596 613 538
f 538 613 614
f 538 614 533
f 533 614 615
f 533 615 531
f 531 615 539
f 531 539 616
f 616 539 528
f 564 560 563
f 563 560 559
f 563 559 561
f 561 559 617
f 561 617 607
f 607 617 618
f 607 618 604
f 604 618 619
f 604 619 567
f 567 619 620
f 567 620 565
f 565 620 621
f 565 621 570
f 593 587 592
f 592 587 509
f 592 509 590
f 590 509 508
f 590 508 588
f 588 508 511
f 588 511 612
f 612 511 510
f 612 510 613
f 613 510 512
f 613 512 614
f 614 512 513
f 614 513 615
f 615 513 514
f 615 514 539
f 539 514 515
f 539 515 529
f 529 515 516
f 529 516 530
f 530 516 540
f 554 553 555
f 555 553 493
f 555 493 557
f 557 493 492
f 557 492 559
f 559 492 495
f 559 495 617
f 617 495 494
f 617 494 618
f 618 494 496
f 618 496 619
f 619 496 497
f 619 497 620
f 620 497 498
f 620 498 621
f 621 498 499
f 621 499 570
f 570 499 500
f 570 500 568
f 568 500 573
f 622 623 624
f 625 626 627
f 624 623 628
f 626 629 627
f 627 629 630
f 627 630 631
f 625 627 632
f 632 627 633
f 632 633 634
f 635 636 637
f 628 623 630
f 630 623 638
f 630 638 639
f 639 640 630
f 630 640 641
f 630 641 631
f 634 642 632
f 632 642 637
f 632 637 643
f 643 637 636
f 644 645 646
f 646 645 647
f 644 646 624
f 624 646 648
f 624 648 622
f 649 650 651
f 651 650 652
f 651 652 653
f 653 654 651
f 651 654 655
f 651 655 656
f 635 637 651
f 651 637 657
f 651 657 649
f 647 658 646
f 646 658 659
f 646 659 660
f 660 661 646
f 646 661 662
f 646 662 663
f 664 626 665
f 665 626 625
f 665 625 666
f 666 625 632
f 666 632 667
f 667 632 643
f 667 643 668
f 668 643 636
f 668 636 669
f 669 636 635
f 669 635 670
f 670 635 651
f 670 651 671
f 671 651 656
f 671 656 672
f 672 656 655
f 672 655 673
f 673 655 654
f 673 654 674
f 674 654 653
f 674 653 675
f 675 653 652
f 675 652 676
f 676 652 650
f 676 650 677
f 677 650 649
f 677 649 678
f 678 649 657
f 678 657 679
f 679 657 637
f 679 637 680
f 680 637 642
f 680 642 681
f 681 642 634
f 681 634 682
f 682 634 633
f 682 633 683
f 683 633 627
f 683 627 684
f 684 627 631
f 684 631 685
f 685 631 641
f 685 641 686
f 686 641 640
f 686 640 687
f 687 640 639
f 687 639 688
f 688 639 638
f 688 638 689
f 689 638 623
f 689 623 690
f 690 623 622
f 690 622 691
f 691 622 648
f 691 648 692
f 692 648 646
f 692 646 693
f 693 646 663
f 693 663 694
f 694 663 662
f 694 662 695
f 695 662 661
f 695 661 696
f 696 661 660
f 696 660 697
f 697 660 659
f 697 659 698
f 698 659 658
f 698 658 699
f 699 658 647
f 699 647 700
f 700 647 645
f 700 645 701
f 701 645 644
f 701 644 702
f 702 644 624
f 702 624 703
f 703 624 628
f 703 628 704
f 704 628 630
f 704 630 705
f 705 630 629
f 705 629 664
f 664 629 626
f 706 707 702
f 708 709 697
f 710 711 692
f 712 713 687
f 714 715 682
f 716 717 677
f 718 719 672
f 720 666 721
f 721 666 667
f 721 667 722
f 722 667 723
f 723 667 668
f 723 668 724
f 724 668 725
f 725 668 669
f 725 669 726
f 670 727 728
f 670 728 669
f 669 728 729
f 669 729 726
f 727 670 730
f 730 670 671
f 730 671 731
f 672 719 671
f 671 719 732
f 671 732 731
f 718 672 733
f 733 672 673
f 733 673 734
f 734 673 735
f 735 673 674
f 735 674 736
f 675 737 738
f 675 738 674
f 674 738 739
f 674 739 736
f 737 675 740
f 740 675 676
f 740 676 741
f 677 717 676
f 676 717 742
f 676 742 741
f 716 677 743
f 743 677 678
f 743 678 744
f 744 678 745
f 745 678 679
f 745 679 746
f 680 747 748
f 680 748 679
f 679 748 749
f 679 749 746
f 747 680 750
f 750 680 681
f 750 681 751
f 682 715 681
f 681 715 752
f 681 752 751
f 714 682 753
f 753 682 683
f 753 683 754
f 754 683 755
f 755 683 684
f 755 684 756
f 685 757 758
f 685 758 684
f 684 758 759
f 684 759 756
f 757 685 760
f 760 685 686
f 760 686 761
f 687 713 686
f 686 713 762
f 686 762 761
f 712 687 763
f 763 687 688
f 763 688 764
f 690 765 766
f 690 766 689
f 766 767 689
f 689 767 768
f 689 768 688
f 688 768 769
f 688 769 764
f 765 690 770
f 770 690 691
f 770 691 771
f 692 711 691
f 691 711 772
f 691 772 771
f 710 692 773
f 773 692 693
f 773 693 774
f 695 775 776
f 695 776 694
f 776 777 694
f 694 777 778
f 694 778 693
f 693 778 779
f 693 779 774
f 775 695 780
f 780 695 696
f 780 696 781
f 697 709 696
f 696 709 782
f 696 782 781
f 708 697 783
f 783 697 698
f 783 698 784
f 700 785 786
f 700 786 699
f 786 787 699
f 699 787 788
f 699 788 698
f 698 788 789
f 698 789 784
f 785 700 790
f 790 700 701
f 790 701 791
f 702 707 701
f 701 707 792
f 701 792 791
f 706 702 793
f 793 702 703
f 793 703 794
f 705 795 796
f 705 796 704
f 796 797 704
f 704 797 798
f 704 798 703
f 703 798 799
f 703 799 794
f 795 705 800
f 800 705 664
f 800 664 801
f 720 802 666
f 666 802 803
f 666 803 665
f 665 803 804
f 665 804 664
f 664 804 805
f 664 805 801
f 806 807 808
f 809 810 811
f 812 813 814
f 815 816 817
f 818 819 820
f 821 822 823
f 824 825 826
f 827 828 829
f 830 831 832
f 833 834 835
f 836 837 838
f 839 840 841
f 842 843 844
f 845 846 847
f 848 849 850
f 851 852 853
f 854 855 856
f 857 858 859
f 860 861 862
f 863 864 865
f 866 867 868
f 869 870 871
f 872 873 874
f 875 876 877
f 878 879 880
f 881 882 883
f 884 885 886
f 887 888 889
f 805 804 890
f 801 805 891
f 795 800 892
f 798 797 893
f 794 799 894
f 707 706 895
f 785 790 896
f 788 787 897
f 784 789 898
f 709 708 899
f 775 780 900
f 778 777 901
f 774 779 902
f 711 710 903
f 765 770 904
f 768 767 905
f 764 769 906
f 713 712 907
f 757 760 908
f 756 759 909
f 754 755 910
f 715 714 911
f 746 749 912
f 744 745 913
f 717 716 914
f 736 739 915
f 734 735 916
f 719 718 917
f 726 729 918
f 724 725 919
f 721 722 920
f 802 720 921
f 804 803 922
f 922 803 802
f 721 920 720
f 722 723 923
f 923 723 724
f 726 918 725
f 729 728 924
f 924 728 727
f 727 730 925
f 925 730 731
f 731 732 926
f 926 732 719
f 718 733 927
f 927 733 734
f 736 915 735
f 739 738 928
f 928 738 737
f 737 740 929
f 929 740 741
f 741 742 930
f 930 742 717
f 716 743 931
f 931 743 744
f 746 912 745
f 749 748 932
f 932 748 747
f 747 750 933
f 933 750 751
f 751 752 934
f 934 752 715
f 714 753 935
f 935 753 754
f 756 909 755
f 759 758 936
f 936 758 757
f 760 761 937
f 937 761 762
f 937 762 713
f 712 763 938
f 938 763 764
f 768 905 769
f 767 766 939
f 939 766 765
f 770 771 940
f 940 771 772
f 940 772 711
f 710 773 941
f 941 773 774
f 778 901 779
f 777 776 942
f 942 776 775
f 780 781 943
f 943 781 782
f 943 782 709
f 708 783 944
f 944 783 784
f 788 897 789
f 787 786 945
f 945 786 785
f 790 791 946
f 946 791 792
f 946 792 707
f 706 793 947
f 947 793 794
f 798 893 799
f 797 796 948
f 948 796 795
f 801 891 800
f 804 922 890
f 890 922 949
f 890 949 950
f 950 949 951
f 950 951 952
f 952 951 953
f 952 953 954
f 954 953 955
f 954 955 956
f 956 955 957
f 956 957 958
f 958 957 959
f 958 959 960
f 960 959 961
f 960 961 962
f 962 961 963
f 962 963 964
f 964 963 889
f 964 889 965
f 965 889 888
f 965 888 966
f 802 921 922
f 922 921 967
f 922 967 949
f 949 967 968
f 949 968 951
f 951 968 969
f 951 969 953
f 953 969 970
f 953 970 955
f 955 970 971
f 955 971 957
f 957 971 972
f 957 972 959
f 959 972 973
f 959 973 961
f 961 973 974
f 961 974 963
f 963 974 886
f 963 886 889
f 889 886 885
f 889 885 887
f 720 920 921
f 921 920 975
f 921 975 967
f 967 975 976
f 967 976 968
f 968 976 977
f 968 977 969
f 969 977 978
f 969 978 970
f 970 978 979
f 970 979 971
f 971 979 980
f 971 980 972
f 972 980 981
f 972 981 973
f 973 981 982
f 973 982 974
f 974 982 883
f 974 883 886
f 886 883 882
f 886 882 884
f 722 923 920
f 920 923 983
f 920 983 975
f 975 983 984
f 975 984 976
f 976 984 985
f 976 985 977
f 977 985 986
f 977 986 978
f 978 986 987
f 978 987 979
f 979 987 988
f 979 988 980
f 980 988 989
f 980 989 981
f 981 989 990
f 981 990 982
f 982 990 880
f 982 880 883
f 883 880 879
f 883 879 881
f 724 919 923
f 923 919 991
f 923 991 983
f 983 991 992
f 983 992 984
f 984 992 993
f 984 993 985
f 985 993 994
f 985 994 986
f 986 994 995
f 986 995 987
f 987 995 996
f 987 996 988
f 988 996 997
f 988 997 989
f 989 997 998
f 989 998 990
f 990 998 877
f 990 877 880
f 880 877 876
f 880 876 878
f 725 918 919
f 919 918 999
f 919 999 991
f 991 999 1000
f 991 1000 992
f 992 1000 1001
f 992 1001 993
f 993 1001 1002
f 993 1002 994
f 994 1002 1003
f 994 1003 995
f 995 1003 1004
f 995 1004 996
f 996 1004 1005
f 996 1005 997
f 997 1005 1006
f 997 1006 998
f 998 1006 874
f 998 874 877
f 877 874 873
f 877 873 875
f 729 924 918
f 918 924 1007
f 918 1007 999
f 999 1007 1008
f 999 1008 1000
f 1000 1008 1009
f 1000 1009 1001
f 1001 1009 1010
f 1001 1010 1002
f 1002 1010 1011
f 1002 1011 1003
f 1003 1011 1012
f 1003 1012 1004
f 1004 1012 1013
f 1004 1013 1005
f 1005 1013 1014
f 1005 1014 1006
f 1006 1014 871
f 1006 871 874
f 874 871 870
f 874 870 872
f 727 925 924
f 924 925 1015
f 924 1015 1007
f 1007 1015 1016
f 1007 1016 1008
f 1008 1016 1017
f 1008 1017 1009
f 1009 1017 1018
f 1009 1018 1010
f 1010 1018 1019
f 1010 1019 1011
f 1011 1019 1020
f 1011 1020 1012
f 1012 1020 1021
f 1012 1021 1013
f 1013 1021 1022
f 1013 1022 1014
f 1014 1022 868
f 1014 868 871
f 871 868 867
f 871 867 869
f 731 926 925
f 925 926 1023
f 925 1023 1015
f 1015 1023 1024
f 1015 1024 1016
f 1016 1024 1025
f 1016 1025 1017
f 1017 1025 1026
f 1017 1026 1018
f 1018 1026 1027
f 1018 1027 1019
f 1019 1027 1028
f 1019 1028 1020
f 1020 1028 1029
f 1020 1029 1021
f 1021 1029 1030
f 1021 1030 1022
f 1022 1030 865
f 1022 865 868
f 868 865 864
f 868 864 866
f 719 917 926
f 926 917 1031
f 926 1031 1023
f 1023 1031 1032
f 1023 1032 1024
f 1024 1032 1033
f 1024 1033 1025
f 1025 1033 1034
f 1025 1034 1026
f 1026 1034 1035
f 1026 1035 1027
f 1027 1035 1036
f 1027 1036 1028
f 1028 1036 1037
f 1028 1037 1029
f 1029 1037 1038
f 1029 1038 1030
f 1030 1038 862
f 1030 862 865
f 865 862 861
f 865 861 863
f 718 927 917
f 917 927 1039
f 917 1039 1031
f 1031 1039 1040
f 1031 1040 1032
f 1032 1040 1041
f 1032 1041 1033
f 1033 1041 1042
f 1033 1042 1034
f 1034 1042 1043
f 1034 1043 1035
f 1035 1043 1044
f 1035 1044 1036
f 1036 1044 1045
f 1036 1045 1037
f 1037 1045 1046
f 1037 1046 1038
f 1038 1046 859
f 1038 859 862
f 862 859 858
f 862 858 860
f 734 916 927
f 927 916 1047
f 927 1047 1039
f 1039 1047 1048
f 1039 1048 1040
f 1040 1048 1049
f 1040 1049 1041
f 1041 1049 1050
f 1041 1050 1042
f 1042 1050 1051
f 1042 1051 1043
f 1043 1051 1052
f 1043 1052 1044
f 1044 1052 1053
f 1044 1053 1045
f 1045 1053 1054
f 1045 1054 1046
f 1046 1054 856
f 1046 856 859
f 859 856 855
f 859 855 857
f 735 915 916
f 916 915 1055
f 916 1055 1047
f 1047 1055 1056
f 1047 1056 1048
f 1048 1056 1057
f 1048 1057 1049
f 1049 1057 1058
f 1049 1058 1050
f 1050 1058 1059
f 1050 1059 1051
f 1051 1059 1060
f 1051 1060 1052
f 1052 1060 1061
f 1052 1061 1053
f 1053 1061 1062
f 1053 1062 1054
f 1054 1062 853
f 1054 853 856
f 856 853 852
f 856 852 854
f 739 928 915
f 915 928 1063
f 915 1063 1055
f 1055 1063 1064
f 1055 1064 1056
f 1056 1064 1065
f 1056 1065 1057
f 1057 1065 1066
f 1057 1066 1058
f 1058 1066 1067
f 1058 1067 1059
f 1059 1067 1068
f 1059 1068 1060
f 1060 1068 1069
f 1060 1069 1061
f 1061 1069 1070
f 1061 1070 1062
f 1062 1070 850
f 1062 850 853
f 853 850 849
f 853 849 851
f 737 929 928
f 928 929 1071
f 928 1071 1063
f 1063 1071 1072
f 1063 1072 1064
f 1064 1072 1073
f 1064 1073 1065
f 1065 1073 1074
f 1065 1074 1066
f 1066 1074 1075
f 1066 1075 1067
f 1067 1075 1076
f 1067 1076 1068
f 1068 1076 1077
f 1068 1077 1069
f 1069 1077 1078
f 1069 1078 1070
f 1070 1078 1079
f 1070 1079 850
f 850 1079 1080
f 850 1080 848
f 1081 1082 1083
f 741 930 929
f 929 930 1084
f 929 1084 1071
f 1071 1084 1085
f 1071 1085 1072
f 1072 1085 1086
f 1072 1086 1073
f 1073 1086 1087
f 1073 1087 1074
f 1074 1087 1088
f 1074 1088 1075
f 1075 1088 1089
f 1075 1089 1076
f 1076 1089 1090
f 1076 1090 1077
f 1077 1090 1091
f 1077 1091 1078
f 1078 1091 1081
f 1078 1081 1079
f 1079 1081 1083
f 1079 1083 1080
f 1092 1093 1094
f 717 914 930
f 930 914 1095
f 930 1095 1084
f 1084 1095 1096
f 1084 1096 1085
f 1085 1096 1097
f 1085 1097 1086
f 1086 1097 1098
f 1086 1098 1087
f 1087 1098 1099
f 1087 1099 1088
f 1088 1099 1100
f 1088 1100 1089
f 1089 1100 1101
f 1089 1101 1090
f 1090 1101 1102
f 1090 1102 1091
f 1091 1102 1092
f 1091 1092 1081
f 1081 1092 1094
f 1081 1094 1082
f 1103 1104 1105
f 716 931 914
f 914 931 1106
f 914 1106 1095
f 1095 1106 1107
f 1095 1107 1096
f 1096 1107 1108
f 1096 1108 1097
f 1097 1108 1109
f 1097 1109 1098
f 1098 1109 1110
f 1098 1110 1099
f 1099 1110 1111
f 1099 1111 1100
f 1100 1111 1112
f 1100 1112 1101
f 1101 1112 1113
f 1101 1113 1102
f 1102 1113 1103
f 1102 1103 1092
f 1092 1103 1105
f 1092 1105 1093
f 1114 1115 1116
f 744 913 931
f 931 913 1117
f 931 1117 1106
f 1106 1117 1118
f 1106 1118 1107
f 1107 1118 1119
f 1107 1119 1108
f 1108 1119 1120
f 1108 1120 1109
f 1109 1120 1121
f 1109 1121 1110
f 1110 1121 1122
f 1110 1122 1111
f 1111 1122 1123
f 1111 1123 1112
f 1112 1123 1124
f 1112 1124 1113
f 1113 1124 1114
f 1113 1114 1103
f 1103 1114 1116
f 1103 1116 1104
f 1125 1126 1127
f 745 912 913
f 913 912 1128
f 913 1128 1117
f 1117 1128 1129
f 1117 1129 1118
f 1118 1129 1130
f 1118 1130 1119
f 1119 1130 1131
f 1119 1131 1120
f 1120 1131 1132
f 1120 1132 1121
f 1121 1132 1133
f 1121 1133 1122
f 1122 1133 1134
f 1122 1134 1123
f 1123 1134 1135
f 1123 1135 1124
f 1124 1135 1125
f 1124 1125 1114
f 1114 1125 1127
f 1114 1127 1115
f 1136 1137 1138
f 749 932 912
f 912 932 1139
f 912 1139 1128
f 1128 1139 1140
f 1128 1140 1129
f 1129 1140 1141
f 1129 1141 1130
f 1130 1141 1142
f 1130 1142 1131
f 1131 1142 1143
f 1131 1143 1132
f 1132 1143 1144
f 1132 1144 1133
f 1133 1144 1145
f 1133 1145 1134
f 1134 1145 1146
f 1134 1146 1135
f 1135 1146 1136
f 1135 1136 1125
f 1125 1136 1138
f 1125 1138 1126
f 1147 1148 1149
f 747 933 932
f 932 933 1150
f 932 1150 1139
f 1139 1150 1151
f 1139 1151 1140
f 1140 1151 1152
f 1140 1152 1141
f 1141 1152 1153
f 1141 1153 1142
f 1142 1153 1154
f 1142 1154 1143
f 1143 1154 1155
f 1143 1155 1144
f 1144 1155 1156
f 1144 1156 1145
f 1145 1156 1157
f 1145 1157 1146
f 1146 1157 1147
f 1146 1147 1136
f 1136 1147 1149
f 1136 1149 1137
f 1158 1159 1160
f 751 934 933
f 933 934 1161
f 933 1161 1150
f 1150 1161 1162
f 1150 1162 1151
f 1151 1162 1163
f 1151 1163 1152
f 1152 1163 1164
f 1152 1164 1153
f 1153 1164 1165
f 1153 1165 1154
f 1154 1165 1166
f 1154 1166 1155
f 1155 1166 1167
f 1155 1167 1156
f 1156 1167 1168
f 1156 1168 1157
f 1157 1168 1158
f 1157 1158 1147
f 1147 1158 1160
f 1147 1160 1148
f 1169 1170 1171
f 715 911 934
f 934 911 1172
f 934 1172 1161
f 1161 1172 1173
f 1161 1173 1162
f 1162 1173 1174
f 1162 1174 1163
f 1163 1174 1175
f 1163 1175 1164
f 1164 1175 1176
f 1164 1176 1165
f 1165 1176 1177
f 1165 1177 1166
f 1166 1177 1178
f 1166 1178 1167
f 1167 1178 1179
f 1167 1179 1168
f 1168 1179 1169
f 1168 1169 1158
f 1158 1169 1171
f 1158 1171 1159
f 1180 1181 1182
f 714 935 911
f 911 935 1183
f 911 1183 1172
f 1172 1183 1184
f 1172 1184 1173
f 1173 1184 1185
f 1173 1185 1174
f 1174 1185 1186
f 1174 1186 1175
f 1175 1186 1187
f 1175 1187 1176
f 1176 1187 1188
f 1176 1188 1177
f 1177 1188 1189
f 1177 1189 1178
f 1178 1189 1190
f 1178 1190 1179
f 1179 1190 1180
f 1179 1180 1169
f 1169 1180 1182
f 1169 1182 1170
f 1191 1192 1193
f 754 910 935
f 935 910 1194
f 935 1194 1183
f 1183 1194 1195
f 1183 1195 1184
f 1184 1195 1196
f 1184 1196 1185
f 1185 1196 1197
f 1185 1197 1186
f 1186 1197 1198
f 1186 1198 1187
f 1187 1198 1199
f 1187 1199 1188
f 1188 1199 1200
f 1188 1200 1189
f 1189 1200 1201
f 1189 1201 1190
f 1190 1201 1191
f 1190 1191 1180
f 1180 1191 1193
f 1180 1193 1181
f 1202 1203 1204
f 755 909 910
f 910 909 1205
f 910 1205 1194
f 1194 1205 1206
f 1194 1206 1195
f 1195 1206 1207
f 1195 1207 1196
f 1196 1207 1208
f 1196 1208 1197
f 1197 1208 1209
f 1197 1209 1198
f 1198 1209 1210
f 1198 1210 1199
f 1199 1210 1211
f 1199 1211 1200
f 1200 1211 1212
f 1200 1212 1201
f 1201 1212 1202
f 1201 1202 1191
f 1191 1202 1204
f 1191 1204 1192
f 1213 1214 1215
f 759 936 909
f 909 936 1216
f 909 1216 1205
f 1205 1216 1217
f 1205 1217 1206
f 1206 1217 1218
f 1206 1218 1207
f 1207 1218 1219
f 1207 1219 1208
f 1208 1219 1220
f 1208 1220 1209
f 1209 1220 1221
f 1209 1221 1210
f 1210 1221 1222
f 1210 1222 1211
f 1211 1222 1223
f 1211 1223 1212
f 1212 1223 1213
f 1212 1213 1202
f 1202 1213 1215
f 1202 1215 1203
f 1224 1225 1226
f 757 908 936
f 936 908 1227
f 936 1227 1216
f 1216 1227 1228
f 1216 1228 1217
f 1217 1228 1229
f 1217 1229 1218
f 1218 1229 1230
f 1218 1230 1219
f 1219 1230 1231
f 1219 1231 1220
f 1220 1231 1232
f 1220 1232 1221
f 1221 1232 1233
f 1221 1233 1222
f 1222 1233 1234
f 1222 1234 1223
f 1223 1234 1224
f 1223 1224 1213
f 1213 1224 1226
f 1213 1226 1214
f 760 937 908
f 908 937 1235
f 908 1235 1227
f 1227 1235 1236
f 1227 1236 1228
f 1228 1236 1237
f 1228 1237 1229
f 1229 1237 1238
f 1229 1238 1230
f 1230 1238 1239
f 1230 1239 1231
f 1231 1239 1240
f 1231 1240 1232
f 1232 1240 1241
f 1232 1241 1233
f 1233 1241 1242
f 1233 1242 1234
f 1234 1242 847
f 1234 847 1224
f 1224 847 846
f 1224 846 1225
f 713 907 937
f 937 907 1243
f 937 1243 1235
f 1235 1243 1244
f 1235 1244 1236
f 1236 1244 1245
f 1236 1245 1237
f 1237 1245 1246
f 1237 1246 1238
f 1238 1246 1247
f 1238 1247 1239
f 1239 1247 1248
f 1239 1248 1240
f 1240 1248 1249
f 1240 1249 1241
f 1241 1249 1250
f 1241 1250 1242
f 1242 1250 844
f 1242 844 847
f 847 844 843
f 847 843 845
f 712 938 907
f 907 938 1251
f 907 1251 1243
f 1243 1251 1252
f 1243 1252 1244
f 1244 1252 1253
f 1244 1253 1245
f 1245 1253 1254
f 1245 1254 1246
f 1246 1254 1255
f 1246 1255 1247
f 1247 1255 1256
f 1247 1256 1248
f 1248 1256 1257
f 1248 1257 1249
f 1249 1257 1258
f 1249 1258 1250
f 1250 1258 841
f 1250 841 844
f 844 841 840
f 844 840 842
f 764 906 938
f 938 906 1259
f 938 1259 1251
f 1251 1259 1260
f 1251 1260 1252
f 1252 1260 1261
f 1252 1261 1253
f 1253 1261 1262
f 1253 1262 1254
f 1254 1262 1263
f 1254 1263 1255
f 1255 1263 1264
f 1255 1264 1256
f 1256 1264 1265
f 1256 1265 1257
f 1257 1265 1266
f 1257 1266 1258
f 1258 1266 838
f 1258 838 841
f 841 838 837
f 841 837 839
f 769 905 906
f 906 905 1267
f 906 1267 1259
f 1259 1267 1268
f 1259 1268 1260
f 1260 1268 1269
f 1260 1269 1261
f 1261 1269 1270
f 1261 1270 1262
f 1262 1270 1271
f 1262 1271 1263
f 1263 1271 1272
f 1263 1272 1264
f 1264 1272 1273
f 1264 1273 1265
f 1265 1273 1274
f 1265 1274 1266
f 1266 1274 835
f 1266 835 838
f 838 835 834
f 838 834 836
f 767 939 905
f 905 939 1275
f 905 1275 1267
f 1267 1275 1276
f 1267 1276 1268
f 1268 1276 1277
f 1268 1277 1269
f 1269 1277 1278
f 1269 1278 1270
f 1270 1278 1279
f 1270 1279 1271
f 1271 1279 1280
f 1271 1280 1272
f 1272 1280 1281
f 1272 1281 1273
f 1273 1281 1282
f 1273 1282 1274
f 1274 1282 832
f 1274 832 835
f 835 832 831
f 835 831 833
f 765 904 939
f 939 904 1283
f 939 1283 1275
f 1275 1283 1284
f 1275 1284 1276
f 1276 1284 1285
f 1276 1285 1277
f 1277 1285 1286
f 1277 1286 1278
f 1278 1286 1287
f 1278 1287 1279
f 1279 1287 1288
f 1279 1288 1280
f 1280 1288 1289
f 1280 1289 1281
f 1281 1289 1290
f 1281 1290 1282
f 1282 1290 829
f 1282 829 832
f 832 829 828
f 832 828 830
f 770 940 904
f 904 940 1291
f 904 1291 1283
f 1283 1291 1292
f 1283 1292 1284
f 1284 1292 1293
f 1284 1293 1285
f 1285 1293 1294
f 1285 1294 1286
f 1286 1294 1295
f 1286 1295 1287
f 1287 1295 1296
f 1287 1296 1288
f 1288 1296 1297
f 1288 1297 1289
f 1289 1297 1298
f 1289 1298 1290
f 1290 1298 826
f 1290 826 829
f 829 826 825
f 829 825 827
f 711 903 940
f 940 903 1299
f 940 1299 1291
f 1291 1299 1300
f 1291 1300 1292
f 1292 1300 1301
f 1292 1301 1293
f 1293 1301 1302
f 1293 1302 1294
f 1294 1302 1303
f 1294 1303 1295
f 1295 1303 1304
f 1295 1304 1296
f 1296 1304 1305
f 1296 1305 1297
f 1297 1305 1306
f 1297 1306 1298
f 1298 1306 823
f 1298 823 826
f 826 823 822
f 826 822 824
f 710 941 903
f 903 941 1307
f 903 1307 1299
f 1299 1307 1308
f 1299 1308 1300
f 1300 1308 1309
f 1300 1309 1301
f 1301 1309 1310
f 1301 1310 1302
f 1302 1310 1311
f 1302 1311 1303
f 1303 1311 1312
f 1303 1312 1304
f 1304 1312 1313
f 1304 1313 1305
f 1305 1313 1314
f 1305 1314 1306
f 1306 1314 820
f 1306 820 823
f 823 820 819
f 823 819 821
f 774 902 941
f 941 902 1315
f 941 1315 1307
f 1307 1315 1316
f 1307 1316 1308
f 1308 1316 1317
f 1308 1317 1309
f 1309 1317 1318
f 1309 1318 1310
f 1310 1318 1319
f 1310 1319 1311
f 1311 1319 1320
f 1311 1320 1312
f 1312 1320 1321
f 1312 1321 1313
f 1313 1321 1322
f 1313 1322 1314
f 1314 1322 817
f 1314 817 820
f 820 817 816
f 820 816 818
f 779 901 902
f 902 901 1323
f 902 1323 1315
f 1315 1323 1324
f 1315 1324 1316
f 1316 1324 1325
f 1316 1325 1317
f 1317 1325 1326
f 1317 1326 1318
f 1318 1326 1327
f 1318 1327 1319
f 1319 1327 1328
f 1319 1328 1320
f 1320 1328 1329
f 1320 1329 1321
f 1321 1329 1330
f 1321 1330 1322
f 1322 1330 814
f 1322 814 817
f 817 814 813
f 817 813 815
f 777 942 901
f 901 942 1331
f 901 1331 1323
f 1323 1331 1332
f 1323 1332 1324
f 1324 1332 1333
f 1324 1333 1325
f 1325 1333 1334
f 1325 1334 1326
f 1326 1334 1335
f 1326 1335 1327
f 1327 1335 1336
f 1327 1336 1328
f 1328 1336 1337
f 1328 1337 1329
f 1329 1337 1338
f 1329 1338 1330
f 1330 1338 811
f 1330 811 814
f 814 811 810
f 814 810 812
f 775 900 942
f 942 900 1339
f 942 1339 1331
f 1331 1339 1340
f 1331 1340 1332
f 1332 1340 1341
f 1332 1341 1333
f 1333 1341 1342
f 1333 1342 1334
f 1334 1342 1343
f 1334 1343 1335
f 1335 1343 1344
f 1335 1344 1336
f 1336 1344 1345
f 1336 1345 1337
f 1337 1345 1346
f 1337 1346 1338
f 1338 1346 808
f 1338 808 811
f 811 808 807
f 811 807 809
f 780 943 900
f 900 943 1347
f 900 1347 1339
f 1339 1347 1348
f 1339 1348 1340
f 1340 1348 1349
f 1340 1349 1341
f 1341 1349 1350
f 1341 1350 1342
f 1342 1350 1351
f 1342 1351 1343
f 1343 1351 1352
f 1343 1352 1344
f 1344 1352 1353
f 1344 1353 1345
f 1345 1353 1354
f 1345 1354 1346
f 1346 1354 1355
f 1346 1355 808
f 808 1355 1356
f 808 1356 806
f 1357 1358 1359
f 709 899 943
f 943 899 1360
f 943 1360 1347
f 1347 1360 1361
f 1347 1361 1348
f 1348 1361 1362
f 1348 1362 1349
f 1349 1362 1363
f 1349 1363 1350
f 1350 1363 1364
f 1350 1364 1351
f 1351 1364 1365
f 1351 1365 1352
f 1352 1365 1366
f 1352 1366 1353
f 1353 1366 1367
f 1353 1367 1354
f 1354 1367 1357
f 1354 1357 1355
f 1355 1357 1359
f 1355 1359 1356
f 1368 1369 1370
f 708 944 899
f 899 944 1371
f 899 1371 1360
f 1360 1371 1372
f 1360 1372 1361
f 1361 1372 1373
f 1361 1373 1362
f 1362 1373 1374
f 1362 1374 1363
f 1363 1374 1375
f 1363 1375 1364
f 1364 1375 1376
f 1364 1376 1365
f 1365 1376 1377
f 1365 1377 1366
f 1366 1377 1378
f 1366 1378 1367
f 1367 1378 1368
f 1367 1368 1357
f 1357 1368 1370
f 1357 1370 1358
f 1379 1380 1381
f 784 898 944
f 944 898 1382
f 944 1382 1371
f 1371 1382 1383
f 1371 1383 1372
f 1372 1383 1384
f 1372 1384 1373
f 1373 1384 1385
f 1373 1385 1374
f 1374 1385 1386
f 1374 1386 1375
f 1375 1386 1387
f 1375 1387 1376
f 1376 1387 1388
f 1376 1388 1377
f 1377 1388 1389
f 1377 1389 1378
f 1378 1389 1379
f 1378 1379 1368
f 1368 1379 1381
f 1368 1381 1369
f 1390 1391 1392
f 789 897 898
f 898 897 1393
f 898 1393 1382
f 1382 1393 1394
f 1382 1394 1383
f 1383 1394 1395
f 1383 1395 1384
f 1384 1395 1396
f 1384 1396 1385
f 1385 1396 1397
f 1385 1397 1386
f 1386 1397 1398
f 1386 1398 1387
f 1387 1398 1399
f 1387 1399 1388
f 1388 1399 1400
f 1388 1400 1389
f 1389 1400 1390
f 1389 1390 1379
f 1379 1390 1392
f 1379 1392 1380
f 1401 1402 1403
f 787 945 897
f 897 945 1404
f 897 1404 1393
f 1393 1404 1405
f 1393 1405 1394
f 1394 1405 1406
f 1394 1406 1395
f 1395 1406 1407
f 1395 1407 1396
f 1396 1407 1408
f 1396 1408 1397
f 1397 1408 1409
f 1397 1409 1398
f 1398 1409 1410
f 1398 1410 1399
f 1399 1410 1411
f 1399 1411 1400
f 1400 1411 1401
f 1400 1401 1390
f 1390 1401 1403
f 1390 1403 1391
f 1412 1413 1414
f 785 896 945
f 945 896 1415
f 945 1415 1404
f 1404 1415 1416
f 1404 1416 1405
f 1405 1416 1417
f 1405 1417 1406
f 1406 1417 1418
f 1406 1418 1407
f 1407 1418 1419
f 1407 1419 1408
f 1408 1419 1420
f 1408 1420 1409
f 1409 1420 1421
f 1409 1421 1410
f 1410 1421 1422
f 1410 1422 1411
f 1411 1422 1412
f 1411 1412 1401
f 1401 1412 1414
f 1401 1414 1402
f 1423 1424 1425
f 790 946 896
f 896 946 1426
f 896 1426 1415
f 1415 1426 1427
f 1415 1427 1416
f 1416 1427 1428
f 1416 1428 1417
f 1417 1428 1429
f 1417 1429 1418
f 1418 1429 1430
f 1418 1430 1419
f 1419 1430 1431
f 1419 1431 1420
f 1420 1431 1432
f 1420 1432 1421
f 1421 1432 1433
f 1421 1433 1422
f 1422 1433 1423
f 1422 1423 1412
f 1412 1423 1425
f 1412 1425 1413
f 1434 1435 1436
f 707 895 946
f 946 895 1437
f 946 1437 1426
f 1426 1437 1438
f 1426 1438 1427
f 1427 1438 1439
f 1427 1439 1428
f 1428 1439 1440
f 1428 1440 1429
f 1429 1440 1441
f 1429 1441 1430
f 1430 1441 1442
f 1430 1442 1431
f 1431 1442 1443
f 1431 1443 1432
f 1432 1443 1444
f 1432 1444 1433
f 1433 1444 1434
f 1433 1434 1423
f 1423 1434 1436
f 1423 1436 1424
f 1445 1446 1447
f 706 947 895
f 895 947 1448
f 895 1448 1437
f 1437 1448 1449
f 1437 1449 1438
f 1438 1449 1450
f 1438 1450 1439
f 1439 1450 1451
f 1439 1451 1440
f 1440 1451 1452
f 1440 1452 1441
f 1441 1452 1453
f 1441 1453 1442
f 1442 1453 1454
f 1442 1454 1443
f 1443 1454 1455
f 1443 1455 1444
f 1444 1455 1445
f 1444 1445 1434
f 1434 1445 1447
f 1434 1447 1435
f 1456 1457 1458
f 794 894 947
f 947 894 1459
f 947 1459 1448
f 1448 1459 1460
f 1448 1460 1449
f 1449 1460 1461
f 1449 1461 1450
f 1450 1461 1462
f 1450 1462 1451
f 1451 1462 1463
f 1451 1463 1452
f 1452 1463 1464
f 1452 1464 1453
f 1453 1464 1465
f 1453 1465 1454
f 1454 1465 1466
f 1454 1466 1455
f 1455 1466 1456
f 1455 1456 1445
f 1445 1456 1458
f 1445 1458 1446
f 1467 1468 1469
f 799 893 894
f 894 893 1470
f 894 1470 1459
f 1459 1470 1471
f 1459 1471 1460
f 1460 1471 1472
f 1460 1472 1461
f 1461 1472 1473
f 1461 1473 1462
f 1462 1473 1474
f 1462 1474 1463
f 1463 1474 1475
f 1463 1475 1464
f 1464 1475 1476
f 1464 1476 1465
f 1465 1476 1477
f 1465 1477 1466
f 1466 1477 1467
f 1466 1467 1456
f 1456 1467 1469
f 1456 1469 1457
f 1478 1479 1480
f 797 948 893
f 893 948 1481
f 893 1481 1470
f 1470 1481 1482
f 1470 1482 1471
f 1471 1482 1483
f 1471 1483 1472
f 1472 1483 1484
f 1472 1484 1473
f 1473 1484 1485
f 1473 1485 1474
f 1474 1485 1486
f 1474 1486 1475
f 1475 1486 1487
f 1475 1487 1476
f 1476 1487 1488
f 1476 1488 1477
f 1477 1488 1478
f 1477 1478 1467
f 1467 1478 1480
f 1467 1480 1468
f 1489 1490 1491
f 795 892 948
f 948 892 1492
f 948 1492 1481
f 1481 1492 1493
f 1481 1493 1482
f 1482 1493 1494
f 1482 1494 1483
f 1483 1494 1495
f 1483 1495 1484
f 1484 1495 1496
f 1484 1496 1485
f 1485 1496 1497
f 1485 1497 1486
f 1486 1497 1498
f 1486 1498 1487
f 1487 1498 1499
f 1487 1499 1488
f 1488 1499 1489
f 1488 1489 1478
f 1478 1489 1491
f 1478 1491 1479
f 1500 1501 1502
f 800 891 892
f 892 891 1503
f 892 1503 1492
f 1492 1503 1504
f 1492 1504 1493
f 1493 1504 1505
f 1493 1505 1494
f 1494 1505 1506
f 1494 1506 1495
f 1495 1506 1507
f 1495 1507 1496
f 1496 1507 1508
f 1496 1508 1497
f 1497 1508 1509
f 1497 1509 1498
f 1498 1509 1510
f 1498 1510 1499
f 1499 1510 1500
f 1499 1500 1489
f 1489 1500 1502
f 1489 1502 1490
f 805 890 891
f 891 890 950
f 891 950 1503
f 1503 950 952
f 1503 952 1504
f 1504 952 954
f 1504 954 1505
f 1505 954 956
f 1505 956 1506
f 1506 956 958
f 1506 958 1507
f 1507 958 960
f 1507 960 1508
f 1508 960 962
f 1508 962 1509
f 1509 962 964
f 1509 964 1510
f 1510 964 965
f 1510 965 1500
f 1500 965 966
f 1500 966 1501
f 888 1511 1512
f 888 887 1511
f 1511 887 885
f 1511 885 1513
f 885 884 1513
f 1513 884 882
f 1513 882 1514
f 882 881 1514
f 1514 881 879
f 1514 879 1515
f 879 878 1515
f 1515 878 876
f 1515 876 1516
f 876 875 1516
f 1516 875 873
f 1516 873 1517
f 873 872 1517
f 1517 872 870
f 1517 870 1518
f 870 869 1518
f 1518 869 867
f 1518 867 1519
f 867 866 1519
f 1519 866 864
f 1519 864 1520
f 864 863 1520
f 1520 863 861
f 1520 861 1521
f 861 860 1521
f 1521 860 858
f 1521 858 1522
f 858 857 1522
f 1522 857 855
f 1522 855 1523
f 855 854 1523
f 1523 854 852
f 1523 852 1524
f 1524 852 851
f 1524 851 1525
f 1525 851 849
f 849 848 1525
f 1525 848 1080
f 1525 1080 1526
f 1080 1083 1526
f 1526 1083 1082
f 1526 1082 1527
f 1082 1094 1527
f 1527 1094 1093
f 1527 1093 1528
f 1093 1105 1528
f 1528 1105 1104
f 1528 1104 1529
f 1104 1116 1529
f 1529 1116 1115
f 1529 1115 1530
f 1115 1127 1530
f 1530 1127 1126
f 1530 1126 1531
f 1126 1138 1531
f 1531 1138 1137
f 1531 1137 1532
f 1137 1149 1532
f 1532 1149 1148
f 1532 1148 1533
f 1148 1160 1533
f 1533 1160 1159
f 1533 1159 1534
f 1159 1171 1534
f 1534 1171 1170
f 1534 1170 1535
f 1170 1182 1535
f 1535 1182 1181
f 1535 1181 1536
f 1181 1193 1536
f 1536 1193 1192
f 1536 1192 1537
f 1192 1204 1537
f 1537 1204 1203
f 1537 1203 1538
f 1203 1215 1538
f 1538 1215 1214
f 1538 1214 1539
f 846 1540 1225
f 1225 1540 1539
f 1225 1539 1226
f 1226 1539 1214
f 846 845 1540
f 1540 845 843
f 1540 843 1541
f 843 842 1541
f 1541 842 840
f 1541 840 1542
f 840 839 1542
f 1542 839 837
f 1542 837 1543
f 837 836 1543
f 1543 836 834
f 1543 834 1544
f 834 833 1544
f 1544 833 831
f 1544 831 1545
f 831 830 1545
f 1545 830 828
f 1545 828 1546
f 828 827 1546
f 1546 827 825
f 1546 825 1547
f 825 824 1547
f 1547 824 822
f 1547 822 1548
f 822 821 1548
f 1548 821 819
f 1548 819 1549
f 819 818 1549
f 1549 818 816
f 1549 816 1550
f 816 815 1550
f 1550 815 813
f 1550 813 1551
f 813 812 1551
f 1551 812 810
f 1551 810 1552
f 810 809 1552
f 1552 809 807
f 1552 807 1553
f 1553 807 806
f 1553 806 1554
f 1554 806 1356
f 1356 1359 1554
f 1554 1359 1358
f 1554 1358 1555
f 1358 1370 1555
f 1555 1370 1369
f 1555 1369 1556
f 1369 1381 1556
f 1556 1381 1380
f 1556 1380 1557
f 1380 1392 1557
f 1557 1392 1391
f 1557 1391 1558
f 1391 1403 1558
f 1558 1403 1402
f 1558 1402 1559
f 1402 1414 1559
f 1559 1414 1413
f 1559 1413 1560
f 1413 1425 1560
f 1560 1425 1424
f 1560 1424 1561
f 1424 1436 1561
f 1561 1436 1435
f 1561 1435 1562
f 1435 1447 1562
f 1562 1447 1446
f 1562 1446 1563
f 1446 1458 1563
f 1563 1458 1457
f 1563 1457 1564
f 1457 1469 1564
f 1564 1469 1468
f 1564 1468 1565
f 1468 1480 1565
f 1565 1480 1479
f 1565 1479 1566
f 1479 1491 1566
f 1566 1491 1490
f 1566 1490 1567
f 1490 1502 1567
f 1567 1502 1501
f 1567 1501 1512
f 1512 1501 966
f 1512 966 888
f 1567 1568 1566
f 1566 1568 1569
f 1566 1569 1565
f 1565 1569 1570
f 1565 1570 1564
f 1564 1570 1571
f 1564 1571 1563
f 1563 1571 1572
f 1563 1572 1562
f 1562 1572 1573
f 1562 1573 1561
f 1561 1573 1574
f 1561 1574 1560
f 1560 1574 1575
f 1560 1575 1559
f 1559 1575 1576
f 1559 1576 1558
f 1558 1576 1577
f 1558 1577 1557
f 1557 1577 1578
f 1557 1578 1556
f 1556 1578 1579
f 1556 1579 1555
f 1555 1579 1580
f 1555 1580 1554
f 1554 1580 1581
f 1554 1581 1553
f 1553 1581 1582
f 1553 1582 1552
f 1552 1582 1583
f 1552 1583 1551
f 1551 1583 1584
f 1551 1584 1550
f 1550 1584 1585
f 1550 1585 1549
f 1549 1585 1586
f 1549 1586 1548
f 1548 1586 1587
f 1548 1587 1547
f 1547 1587 1588
f 1547 1588 1546
f 1546 1588 1589
f 1546 1589 1545
f 1545 1589 1590
f 1545 1590 1544
f 1544 1590 1591
f 1544 1591 1543
f 1543 1591 1592
f 1543 1592 1542
f 1542 1592 1593
f 1542 1593 1541
f 1541 1593 1594
f 1541 1594 1540
f 1540 1594 1595
f 1540 1595 1539
f 1539 1595 1596
f 1539 1596 1538
f 1538 1596 1597
f 1538 1597 1537
f 1537 1597 1598
f 1537 1598 1536
f 1536 1598 1599
f 1536 1599 1535
f 1535 1599 1600
f 1535 1600 1534
f 1534 1600 1601
f 1534 1601 1533
f 1533 1601 1602
f 1533 1602 1532
f 1532 1602 1603
f 1532 1603 1531
f 1531 1603 1604
f 1531 1604 1530
f 1530 1604 1605
f 1530 1605 1529
f 1529 1605 1606
f 1529 1606 1528
f 1528 1606 1607
f 1528 1607 1527
f 1527 1607 1608
f 1527 1608 1526
f 1526 1608 1609
f 1526 1609 1525
f 1525 1609 1610
f 1525 1610 1524
f 1524 1610 1611
f 1524 1611 1523
f 1523 1611 1612
f 1523 1612 1522
f 1522 1612 1613
f 1522 1613 1521
f 1521 1613 1614
f 1521 1614 1520
f 1520 1614 1615
f 1520 1615 1519
f 1519 1615 1616
f 1519 1616 1518
f 1518 1616 1617
f 1518 1617 1517
f 1517 1617 1618
f 1517 1618 1516
f 1516 1618 1619
f 1516 1619 1515
f 1515 1619 1620
f 1515 1620 1514
f 1514 1620 1621
f 1514 1621 1513
f 1513 1621 1622
f 1513 1622 1511
f 1511 1622 1623
f 1511 1623 1512
f 1512 1623 1624
f 1512 1624 1567
f 1567 1624 1568
f 1568 1625 1569
f 1569 1625 1626
f 1569 1626 1570
f 1570 1626 1627
f 1570 1627 1571
f 1571 1627 1628
f 1571 1628 1572
f 1572 1628 1629
f 1572 1629 1573
f 1573 1629 1630
f 1573 1630 1574
f 1574 1630 1631
f 1574 1631 1575
f 1575 1631 1632
f 1575 1632 1576
f 1576 1632 1633
f 1576 1633 1577
f 1577 1633 1634
f 1577 1634 1578
f 1578 1634 1635
f 1578 1635 1579
f 1579 1635 1636
f 1579 1636 1580
f 1580 1636 1637
f 1580 1637 1581
f 1581 1637 1638
f 1581 1638 1582
f 1582 1638 1639
f 1582 1639 1583
f 1583 1639 1640
f 1583 1640 1584
f 1584 1640 1641
f 1584 1641 1585
f 1585 1641 1642
f 1585 1642 1586
f 1586 1642 1643
f 1586 1643 1587
f 1587 1643 1644
f 1587 1644 1588
f 1588 1644 1645
f 1588 1645 1589
f 1589 1645 1646
f 1589 1646 1590
f 1590 1646 1647
f 1590 1647 1591
f 1591 1647 1648
f 1591 1648 1592
f 1592 1648 1649
f 1592 1649 1593
f 1593 1649 1650
f 1593 1650 1594
f 1594 1650 1651
f 1594 1651 1595
f 1595 1651 1652
f 1595 1652 1596
f 1596 1652 1653
f 1596 1653 1597
f 1597 1653 1654
f 1597 1654 1598
f 1598 1654 1655
f 1598 1655 1599
f 1599 1655 1656
f 1599 1656 1600
f 1600 1656 1657
f 1600 1657 1601
f 1601 1657 1658
f 1601 1658 1602
f 1602 1658 1659
f 1602 1659 1603
f 1603 1659 1660
f 1603 1660 1604
f 1604 1660 1661
f 1604 1661 1605
f 1605 1661 1662
f 1605 1662 1606
f 1606 1662 1663
f 1606 1663 1607
f 1607 1663 1664
f 1607 1664 1608
f 1608 1664 1665
f 1608 1665 1609
f 1609 1665 1666
f 1609 1666 1610
f 1610 1666 1667
f 1610 1667 1611
f 1611 1667 1668
f 1611 1668 1612
f 1612 1668 1669
f 1612 1669 1613
f 1613 1669 1670
f 1613 1670 1614
f 1614 1670 1671
f 1614 1671 1615
f 1615 1671 1672
f 1615 1672 1616
f 1616 1672 1673
f 1616 1673 1617
f 1617 1673 1674
f 1617 1674 1618
f 1618 1674 1675
f 1618 1675 1619
f 1619 1675 1676
f 1619 1676 1620
f 1620 1676 1677
f 1620 1677 1621
f 1621 1677 1678
f 1621 1678 1622
f 1622 1678 1679
f 1622 1679 1623
f 1623 1679 1680
f 1623 1680 1624
f 1624 1680 1681
f 1624 1681 1568
f 1568 1681 1625
f 1625 1682 1626
f 1626 1682 1683
f 1626 1683 1627
f 1627 1683 1684
f 1627 1684 1628
f 1628 1684 1685
f 1628 1685 1629
f 1629 1685 1686
f 1629 1686 1630
f 1630 1686 1687
f 1630 1687 1631
f 1631 1687 1688
f 1631 1688 1632
f 1632 1688 1689
f 1632 1689 1633
f 1633 1689 1690
f 1633 1690 1634
f 1634 1690 1691
f 1634 1691 1635
f 1635 1691 1692
f 1635 1692 1636
f 1636 1692 1693
f 1636 1693 1637
f 1637 1693 1694
f 1637 1694 1638
f 1638 1694 1695
f 1638 1695 1639
f 1639 1695 1696
f 1639 1696 1640
f 1640 1696 1697
f 1640 1697 1641
f 1641 1697 1698
f 1641 1698 1642
f 1642 1698 1699
f 1642 1699 1643
f 1643 1699 1700
f 1643 1700 1644
f 1644 1700 1701
f 1644 1701 1645
f 1645 1701 1702
f 1645 1702 1646
f 1646 1702 1703
f 1646 1703 1647
f 1647 1703 1704
f 1647 1704 1648
f 1648 1704 1705
f 1648 1705 1649
f 1649 1705 1706
f 1649 1706 1650
f 1650 1706 1707
f 1650 1707 1651
f 1651 1707 1708
f 1651 1708 1652
f 1652 1708 1709
f 1652 1709 1653
f 1653 1709 1710
f 1653 1710 1654
f 1654 1710 1711
f 1654 1711 1655
f 1655 1711 1712
f 1655 1712 1656
f 1656 1712 1713
f 1656 1713 1657
f 1657 1713 1714
f 1657 1714 1658
f 1658 1714 1715
f 1658 1715 1659
f 1659 1715 1716
f 1659 1716 1660
f 1660 1716 1717
f 1660 1717 1661
f 1661 1717 1718
f 1661 1718 1662
f 1662 1718 1719
f 1662 1719 1663
f 1663 1719 1720
f 1663 1720 1664
f 1664 1720 1721
f 1664 1721 1665
f 1665 1721 1722
f 1665 1722 1666
f 1666 1722 1723
f 1666 1723 1667
f 1667 1723 1724
f 1667 1724 1668
f 1668 1724 1725
f 1668 1725 1669
f 1669 1725 1726
f 1669 1726 1670
f 1670 1726 1727
f 1670 1727 1671
f 1671 1727 1728
f 1671 1728 1672
f 1672 1728 1729
f 1672 1729 1673
f 1673 1729 1730
f 1673 1730 1674
f 1674 1730 1731
f 1674 1731 1675
f 1675 1731 1732
f 1675 1732 1676
f 1676 1732 1733
f 1676 1733 1677
f 1677 1733 1734
f 1677 1734 1678
f 1678 1734 1735
f 1678 1735 1679
f 1679 1735 1736
f 1679 1736 1680
f 1680 1736 1737
f 1680 1737 1681
f 1681 1737 1738
f 1681 1738 1625
f 1625 1738 1682
f 1682 1739 1683
f 1683 1739 1740
f 1683 1740 1684
f 1684 1740 1741
f 1684 1741 1685
f 1685 1741 1742
f 1685 1742 1686
f 1686 1742 1743
f 1686 1743 1687
f 1687 1743 1744
f 1687 1744 1688
f 1688 1744 1745
f 1688 1745 1689
f 1689 1745 1746
f 1689 1746 1690
f 1690 1746 1747
f 1690 1747 1691
f 1691 1747 1748
f 1691 1748 1692
f 1692 1748 1749
f 1692 1749 1693
f 1693 1749 1750
f 1693 1750 1694
f 1694 1750 1751
f 1694 1751 1695
f 1695 1751 1752
f 1695 1752 1696
f 1696 1752 1753
f 1696 1753 1697
f 1697 1753 1754
f 1697 1754 1698
f 1698 1754 1755
f 1698 1755 1699
f 1699 1755 1756
f 1699 1756 1700
f 1700 1756 1757
f 1700 1757 1701
f 1701 1757 1758
f 1701 1758 1702
f 1702 1758 1759
f 1702 1759 1703
f 1703 1759 1760
f 1703 1760 1704
f 1704 1760 1761
f 1704 1761 1705
f 1705 1761 1762
f 1705 1762 1706
f 1706 1762 1763
f 1706 1763 1707
f 1707 1763 1764
f 1707 1764 1708
f 1708 1764 1765
f 1708 1765 1709
f 1709 1765 1766
f 1709 1766 1710
f 1710 1766 1767
f 1710 1767 1711
f 1711 1767 1768
f 1711 1768 1712
f 1712 1768 1769
f 1712 1769 1713
f 1713 1769 1770
f 1713 1770 1714
f 1714 1770 1771
f 1714 1771 1715
f 1715 1771 1772
f 1715 1772 1716
f 1716 1772 1773
f 1716 1773 1717
f 1717 1773 1774
f 1717 1774 1718
f 1718 1774 1775
f 1718 1775 1719
f 1719 1775 1776
f 1719 1776 1720
f 1720 1776 1777
f 1720 1777 1721
f 1721 1777 1778
f 1721 1778 1722
f 1722 1778 1779
f 1722 1779 1723
f 1723 1779 1780
f 1723 1780 1724
f 1724 1780 1781
f 1724 1781 1725
f 1725 1781 1782
f 1725 1782 1726
f 1726 1782 1783
f 1726 1783 1727
f 1727 1783 1784
f 1727 1784 1728
f 1728 1784 1785
f 1728 1785 1729
f 1729 1785 1786
f 1729 1786 1730
f 1730 1786 1787
f 1730 1787 1731
f 1731 1787 1788
f 1731 1788 1732
f 1732 1788 1789
f 1732 1789 1733
f 1733 1789 1790
f 1733 1790 1734
f 1734 1790 1791
f 1734 1791 1735
f 1735 1791 1792
f 1735 1792 1736
f 1736 1792 1793
f 1736 1793 1737
f 1737 1793 1794
f 1737 1794 1738
f 1738 1794 1795
f 1738 1795 1682
f 1682 1795 1739
f 1739 1796 1740
f 1740 1796 1797
f 1740 1797 1741
f 1741 1797 1798
f 1741 1798 1742
f 1742 1798 1799
f 1742 1799 1743
f 1743 1799 1800
f 1743 1800 1744
f 1744 1800 1801
f 1744 1801 1745
f 1745 1801 1802
f 1745 1802 1746
f 1746 1802 1803
f 1746 1803 1747
f 1747 1803 1804
f 1747 1804 1748
f 1748 1804 1805
f 1748 1805 1749
f 1749 1805 1806
f 1749 1806 1750
f 1750 1806 1807
f 1750 1807 1751
f 1751 1807 1808
f 1751 1808 1752
f 1752 1808 1809
f 1752 1809 1753
f 1753 1809 1810
f 1753 1810 1754
f 1754 1810 1811
f 1754 1811 1755
f 1755 1811 1812
f 1755 1812 1756
f 1756 1812 1813
f 1756 1813 1757
f 1757 1813 1814
f 1757 1814 1758
f 1758 1814 1815
f 1758 1815 1759
f 1759 1815 1816
f 1759 1816 1760
f 1760 1816 1817
f 1760 1817 1761
f 1761 1817 1818
f 1761 1818 1762
f 1762 1818 1819
f 1762 1819 1763
f 1763 1819 1820
f 1763 1820 1764
f 1764 1820 1821
f 1764 1821 1765
f 1765 1821 1822
f 1765 1822 1766
f 1766 1822 1823
f 1766 1823 1767
f 1767 1823 1824
f 1767 1824 1768
f 1768 1824 1825
f 1768 1825 1769
f 1769 1825 1826
f 1769 1826 1770
f 1770 1826 1827
f 1770 1827 1771
f 1771 1827 1828
f 1771 1828 1772
f 1772 1828 1829
f 1772 1829 1773
f 1773 1829 1830
f 1773 1830 1774
f 1774 1830 1831
f 1774 1831 1775
f 1775 1831 1832
f 1775 1832 1776
f 1776 1832 1833
f 1776 1833 1777
f 1777 1833 1834
f 1777 1834 1778
f 1778 1834 1835
f 1778 1835 1779
f 1779 1835 1836
f 1779 1836 1780
f 1780 1836 1837
f 1780 1837 1781
f 1781 1837 1838
f 1781 1838 1782
f 1782 1838 1839
f 1782 1839 1783
f 1783 1839 1840
f 1783 1840 1784
f 1784 1840 1841
f 1784 1841 1785
f 1785 1841 1842
f 1785 1842 1786
f 1786 1842 1843
f 1786 1843 1787
f 1787 1843 1844
f 1787 1844 1788
f 1788 1844 1845
f 1788 1845 1789
f 1789 1845 1846
f 1789 1846 1790
f 1790 1846 1847
f 1790 1847 1791
f 1791 1847 1848
f 1791 1848 1792
f 1792 1848 1849
f 1792 1849 1793
f 1793 1849 1850
f 1793 1850 1794
f 1794 1850 1851
f 1794 1851 1795
f 1795 1851 1852
f 1795 1852 1739
f 1739 1852 1796
f 1796 1853 1797
f 1797 1853 1854
f 1797 1854 1798
f 1798 1854 1855
f 1798 1855 1799
f 1799 1855 1856
f 1799 1856 1800
f 1800 1856 1857
f 1800 1857 1801
f 1801 1857 1858
f 1801 1858 1802
f 1802 1858 1859
f 1802 1859 1803
f 1803 1859 1860
f 1803 1860 1804
f 1804 1860 1861
f 1804 1861 1805
f 1805 1861 1862
f 1805 1862 1806
f 1806 1862 1863
f 1806 1863 1807
f 1807 1863 1864
f 1807 1864 1808
f 1808 1864 1865
f 1808 1865 1809
f 1809 1865 1866
f 1809 1866 1810
f 1810 1866 1867
f 1810 1867 1811
f 1811 1867 1868
f 1811 1868 1812
f 1812 1868 1869
f 1812 1869 1813
f 1813 1869 1870
f 1813 1870 1814
f 1814 1870 1871
f 1814 1871 1815
f 1815 1871 1872
f 1815 1872 1816
f 1816 1872 1873
f 1816 1873 1817
f 1817 1873 1874
f 1817 1874 1818
f 1818 1874 1875
f 1818 1875 1819
f 1819 1875 1876
f 1819 1876 1820
f 1820 1876 1877
f 1820 1877 1821
f 1821 1877 1878
f 1821 1878 1822
f 1822 1878 1879
f 1822 1879 1823
f 1823 1879 1880
f 1823 1880 1824
f 1824 1880 1881
f 1824 1881 1825
f 1825 1881 1882
f 1825 1882 1826
f 1826 1882 1883
f 1826 1883 1827
f 1827 1883 1884
f 1827 1884 1828
f 1828 1884 1885
f 1828 1885 1829
f 1829 1885 1886
f 1829 1886 1830
f 1830 1886 1887
f 1830 1887 1831
f 1831 1887 1888
f 1831 1888 1832
f 1832 1888 1889
f 1832 1889 1833
f 1833 1889 1890
f 1833 1890 1834
f 1834 1890 1891
f 1834 1891 1835
f 1835 1891 1892
f 1835 1892 1836
f 1836 1892 1893
f 1836 1893 1837
f 1837 1893 1894
f 1837 1894 1838
f 1838 1894 1895
f 1838 1895 1839
f 1839 1895 1896
f 1839 1896 1840
f 1840 1896 1897
f 1840 1897 1841
f 1841 1897 1898
f 1841 1898 1842
f 1842 1898 1899
f 1842 1899 1843
f 1843 1899 1900
f 1843 1900 1844
f 1844 1900 1901
f 1844 1901 1845
f 1845 1901 1902
f 1845 1902 1846
f 1846 1902 1903
f 1846 1903 1847
f 1847 1903 1904
f 1847 1904 1848
f 1848 1904 1905
f 1848 1905 1849
f 1849 1905 1906
f 1849 1906 1850
f 1850 1906 1907
f 1850 1907 1851
f 1851 1907 1908
f 1851 1908 1852
f 1852 1908 1909
f 1852 1909 1796
f 1796 1909 1853
f 1853 1910 1854
f 1854 1910 1911
f 1854 1911 1855
f 1855 1911 1912
f 1855 1912 1856
f 1856 1912 1913
f 1856 1913 1857
f 1857 1913 1914
f 1857 1914 1858
f 1858 1914 1915
f 1858 1915 1859
f 1859 1915 1916
f 1859 1916 1860
f 1860 1916 1917
f 1860 1917 1861
f 1861 1917 1918
f 1861 1918 1862
f 1862 1918 1919
f 1862 1919 1863
f 1863 1919 1920
f 1863 1920 1864
f 1864 1920 1921
f 1864 1921 1865
f 1865 1921 1922
f 1865 1922 1866
f 1866 1922 1923
f 1866 1923 1867
f 1867 1923 1924
f 1867 1924 1868
f 1868 1924 1925
f 1868 1925 1869
f 1869 1925 1926
f 1869 1926 1870
f 1870 1926 1927
f 1870 1927 1871
f 1871 1927 1928
f 1871 1928 1872
f 1872 1928 1929
f 1872 1929 1873
f 1873 1929 1930
f 1873 1930 1874
f 1874 1930 1931
f 1874 1931 1875
f 1875 1931 1932
f 1875 1932 1876
f 1876 1932 1933
f 1876 1933 1877
f 1877 1933 1934
f 1877 1934 1878
f 1878 1934 1935
f 1878 1935 1879
f 1879 1935 1936
f 1879 1936 1880
f 1880 1936 1937
f 1880 1937 1881
f 1881 1937 1938
f 1881 1938 1882
f 1882 1938 1939
f 1882 1939 1883
f 1883 1939 1940
f 1883 1940 1884
f 1884 1940 1941
f 1884 1941 1885
f 1885 1941 1942
f 1885 1942 1886
f 1886 1942 1943
f 1886 1943 1887
f 1887 1943 1944
f 1887 1944 1888
f 1888 1944 1945
f 1888 1945 1889
f 1889 1945 1946
f 1889 1946 1890
f 1890 1946 1947
f 1890 1947 1891
f 1891 1947 1948
f 1891 1948 1892
f 1892 1948 1949
f 1892 1949 1893
f 1893 1949 1950
f 1893 1950 1894
f 1894 1950 1951
f 1894 1951 1895
f 1895 1951 1952
f 1895 1952 1896
f 1896 1952 1953
f 1896 1953 1897
f 1897 1953 1954
f 1897 1954 1898
f 1898 1954 1955
f 1898 1955 1899
f 1899 1955 1956
f 1899 1956 1900
f 1900 1956 1957
f 1900 1957 1901
f 1901 1957 1958
f 1901 1958 1902
f 1902 1958 1959
f 1902 1959 1903
f 1903 1959 1960
f 1903 1960 1904
f 1904 1960 1961
f 1904 1961 1905
f 1905 1961 1962
f 1905 1962 1906
f 1906 1962 1963
f 1906 1963 1907
f 1907 1963 1964
f 1907 1964 1908
f 1908 1964 1965
f 1908 1965 1909
f 1909 1965 1966
f 1909 1966 1853
f 1853 1966 1910
f 1967 1940 1968
f 1968 1940 1939
f 1968 1939 1969
f 1969 1939 1938
f 1969 1938 1970
f 1970 1938 1937
f 1970 1937 1971
f 1972 1945 1973
f 1973 1945 1944
f 1973 1944 1974
f 1974 1944 1943
f 1974 1943 1975
f 1975 1943 1942
f 1975 1942 1967
f 1967 1942 1941
f 1967 1941 1940
f 1976 1949 1977
f 1977 1949 1948
f 1977 1948 1978
f 1978 1948 1947
f 1978 1947 1972
f 1972 1947 1946
f 1972 1946 1945
f 1979 1954 1980
f 1980 1954 1953
f 1980 1953 1981
f 1981 1953 1952
f 1981 1952 1982
f 1982 1952 1951
f 1982 1951 1976
f 1976 1951 1950
f 1976 1950 1949
f 1983 1959 1984
f 1984 1959 1958
f 1984 1958 1985
f 1985 1958 1957
f 1985 1957 1986
f 1986 1957 1956
f 1986 1956 1979
f 1979 1956 1955
f 1979 1955 1954
f 1987 1964 1988
f 1988 1964 1963
f 1988 1963 1989
f 1989 1963 1962
f 1989 1962 1990
f 1990 1962 1961
f 1990 1961 1983
f 1983 1961 1960
f 1983 1960 1959
f 1991 1911 1992
f 1992 1911 1910
f 1992 1910 1993
f 1993 1910 1966
f 1993 1966 1987
f 1987 1966 1965
f 1987 1965 1964
f 1937 1936 1971
f 1971 1936 1935
f 1971 1935 1994
f 1994 1935 1934
f 1994 1934 1995
f 1995 1934 1933
f 1995 1933 1996
f 1996 1933 1932
f 1996 1932 1997
f 1998 1916 1999
f 1999 1916 1915
f 1999 1915 2000
f 2000 1915 1914
f 2000 1914 2001
f 2001 1914 1913
f 2001 1913 1991
f 1991 1913 1912
f 1991 1912 1911
f 2002 1921 2003
f 2003 1921 1920
f 2003 1920 2004
f 2004 1920 1919
f 2004 1919 2005
f 2005 1919 1918
f 2005 1918 1998
f 1998 1918 1917
f 1998 1917 1916
f 2006 1926 2007
f 2007 1926 1925
f 2007 1925 2008
f 2008 1925 1924
f 2008 1924 2009
f 2009 1924 1923
f 2009 1923 2002
f 2002 1923 1922
f 2002 1922 1921
f 1932 1931 1997
f 1997 1931 1930
f 1997 1930 2010
f 2010 1930 1929
f 2010 1929 2011
f 2011 1929 1928
f 2011 1928 2006
f 2006 1928 1927
f 2006 1927 1926
f 2012 2013 2014
f 2015 2016 2017
f 2018 2019 2020
f 2021 2022 2023
f 2024 2025 2026
f 2027 2028 2029
f 2030 2031 2032
f 2033 2034 2035
f 2036 2037 2038
f 2039 2040 2041
f 2042 2043 2044
f 2045 2046 2047
f 2048 2049 2050
f 2051 2052 2053
f 2054 2055 2056
f 2057 2058 2059
f 2060 2061 2062
f 2063 2064 2065
f 2066 2067 2068
f 2069 2070 2071
f 2072 2073 2074
f 1999 2000 2075
f 2075 2000 2076
f 2075 2076 2077
f 2077 2076 2078
f 2077 2078 2079
f 2079 2078 2080
f 2079 2080 2081
f 2081 2080 2082
f 2081 2082 2083
f 2083 2082 2084
f 2083 2084 2085
f 2085 2084 2086
f 2000 2001 2076
f 2076 2001 2087
f 2076 2087 2078
f 2078 2087 2088
f 2078 2088 2080
f 2080 2088 2089
f 2080 2089 2082
f 2082 2089 2090
f 2082 2090 2084
f 2084 2090 2091
f 2084 2091 2086
f 2086 2091 2092
f 2086 2092 2093
f 2093 2092 2094
f 1987 1988 2095
f 2095 1988 2096
f 2095 2096 2097
f 2097 2096 2098
f 2097 2098 2099
f 2099 2098 2100
f 2099 2100 2101
f 2101 2100 2102
f 2101 2102 2103
f 2103 2102 2104
f 2103 2104 2105
f 2105 2104 2106
f 1988 1989 2096
f 2096 1989 2107
f 2096 2107 2098
f 2098 2107 2108
f 2098 2108 2100
f 2100 2108 2109
f 2100 2109 2102
f 2102 2109 2110
f 2102 2110 2104
f 2104 2110 2111
f 2104 2111 2106
f 2106 2111 2112
f 2106 2112 2113
f 2113 2112 2114
f 1986 1979 2115
f 2115 1979 2116
f 2115 2116 2117
f 2117 2116 2118
f 2117 2118 2119
f 2119 2118 2120
f 2119 2120 2121
f 2121 2120 2122
f 2121 2122 2123
f 2123 2122 2124
f 2123 2124 2125
f 2125 2124 2126
f 2125 2126 2127
f 2127 2126 2128
f 1982 1976 2129
f 2129 1976 2130
f 2129 2130 2131
f 2131 2130 2132
f 2131 2132 2133
f 2133 2132 2134
f 2133 2134 2135
f 2135 2134 2136
f 2135 2136 2137
f 2137 2136 2138
f 2137 2138 2139
f 2139 2138 2140
f 1976 1977 2130
f 2130 1977 2141
f 2130 2141 2132
f 2132 2141 2142
f 2132 2142 2134
f 2134 2142 2143
f 2134 2143 2136
f 2136 2143 2144
f 2136 2144 2138
f 2138 2144 2145
f 2138 2145 2140
f 2140 2145 2146
f 2140 2146 2147
f 2147 2146 2148
f 1974 1975 2149
f 2149 1975 2150
f 2149 2150 2151
f 2151 2150 2152
f 2151 2152 2153
f 2153 2152 2154
f 2153 2154 2155
f 2155 2154 2156
f 2155 2156 2157
f 2157 2156 2158
f 2157 2158 2159
f 2159 2158 2160
f 1975 1967 2150
f 2150 1967 2161
f 2150 2161 2152
f 2152 2161 2162
f 2152 2162 2154
f 2154 2162 2163
f 2154 2163 2156
f 2156 2163 2164
f 2156 2164 2158
f 2158 2164 2165
f 2158 2165 2160
f 2160 2165 2166
f 2160 2166 2167
f 2167 2166 2168
f 1970 1971 2169
f 2169 1971 2170
f 2169 2170 2171
f 2171 2170 2172
f 2171 2172 2173
f 2173 2172 2174
f 2173 2174 2175
f 2175 2174 2176
f 2175 2176 2177
f 2177 2176 2178
f 2177 2178 2179
f 2179 2178 2180
f 1971 1994 2170
f 2170 1994 2181
f 2170 2181 2172
f 2172 2181 2182
f 2172 2182 2174
f 2174 2182 2183
f 2174 2183 2176
f 2176 2183 2184
f 2176 2184 2178
f 2178 2184 2185
f 2178 2185 2180
f 2180 2185 2186
f 2180 2186 2187
f 2187 2186 2188
f 2010 2011 2189
f 2189 2011 2190
f 2189 2190 2191
f 2191 2190 2192
f 2191 2192 2193
f 2193 2192 2194
f 2193 2194 2195
f 2195 2194 2196
f 2195 2196 2197
f 2197 2196 2198
f 2197 2198 2199
f 2199 2198 2200
f 2011 2006 2190
f 2190 2006 2201
f 2190 2201 2192
f 2192 2201 2202
f 2192 2202 2194
f 2194 2202 2203
f 2194 2203 2196
f 2196 2203 2204
f 2196 2204 2198
f 2198 2204 2205
f 2198 2205 2200
f 2200 2205 2206
f 2200 2206 2207
f 2207 2206 2208
f 2002 2003 2209
f 2209 2003 2210
f 2209 2210 2211
f 2211 2210 2212
f 2211 2212 2213
f 2213 2212 2214
f 2213 2214 2215
f 2215 2214 2216
f 2215 2216 2217
f 2217 2216 2218
f 2217 2218 2219
f 2219 2218 2220
f 2003 2004 2210
f 2210 2004 2221
f 2210 2221 2212
f 2212 2221 2222
f 2212 2222 2214
f 2214 2222 2223
f 2214 2223 2216
f 2216 2223 2224
f 2216 2224 2218
f 2218 2224 2225
f 2218 2225 2220
f 2220 2225 2226
f 2220 2226 2227
f 2227 2226 2228
f 1998 1999 2229
f 2229 1999 2075
f 2229 2075 2230
f 2230 2075 2077
f 2230 2077 2231
f 2231 2077 2079
f 2231 2079 2232
f 2232 2079 2081
f 2232 2081 2233
f 2233 2081 2083
f 2233 2083 2074
f 2074 2083 2085
f 2074 2085 2072
f 2093 2234 2086
f 2086 2234 2235
f 2086 2235 2085
f 2085 2235 2236
f 2085 2236 2072
f 2070 2094 2071
f 2071 2094 2092
f 2071 2092 2237
f 2237 2092 2091
f 2237 2091 2238
f 2238 2091 2090
f 2238 2090 2239
f 2239 2090 2089
f 2239 2089 2240
f 2240 2089 2088
f 2240 2088 2241
f 2241 2088 2087
f 2241 2087 1991
f 1991 2087 2001
f 2067 2069 2068
f 2068 2069 2071
f 2068 2071 2242
f 2242 2071 2237
f 2242 2237 2243
f 2243 2237 2238
f 2243 2238 2244
f 2244 2238 2239
f 2244 2239 2245
f 2245 2239 2240
f 2245 2240 2246
f 2246 2240 2241
f 2246 2241 1992
f 1992 2241 1991
f 2064 2066 2065
f 2065 2066 2068
f 2065 2068 2247
f 2247 2068 2242
f 2247 2242 2248
f 2248 2242 2243
f 2248 2243 2249
f 2249 2243 2244
f 2249 2244 2250
f 2250 2244 2245
f 2250 2245 2251
f 2251 2245 2246
f 2251 2246 1993
f 1993 2246 1992
f 1993 1987 2251
f 2251 1987 2095
f 2251 2095 2250
f 2250 2095 2097
f 2250 2097 2249
f 2249 2097 2099
f 2249 2099 2248
f 2248 2099 2101
f 2248 2101 2247
f 2247 2101 2103
f 2247 2103 2065
f 2065 2103 2105
f 2065 2105 2063
f 2113 2252 2106
f 2106 2252 2253
f 2106 2253 2105
f 2105 2253 2254
f 2105 2254 2063
f 2061 2114 2062
f 2062 2114 2112
f 2062 2112 2255
f 2255 2112 2111
f 2255 2111 2256
f 2256 2111 2110
f 2256 2110 2257
f 2257 2110 2109
f 2257 2109 2258
f 2258 2109 2108
f 2258 2108 2259
f 2259 2108 2107
f 2259 2107 1990
f 1990 2107 1989
f 2058 2060 2059
f 2059 2060 2062
f 2059 2062 2260
f 2260 2062 2255
f 2260 2255 2261
f 2261 2255 2256
f 2261 2256 2262
f 2262 2256 2257
f 2262 2257 2263
f 2263 2257 2258
f 2263 2258 2264
f 2264 2258 2259
f 2264 2259 1983
f 1983 2259 1990
f 2055 2057 2056
f 2056 2057 2059
f 2056 2059 2265
f 2265 2059 2260
f 2265 2260 2266
f 2266 2260 2261
f 2266 2261 2267
f 2267 2261 2262
f 2267 2262 2268
f 2268 2262 2263
f 2268 2263 2269
f 2269 2263 2264
f 2269 2264 1984
f 1984 2264 1983
f 1984 1985 2269
f 2269 1985 2270
f 2269 2270 2268
f 2268 2270 2271
f 2268 2271 2267
f 2267 2271 2272
f 2267 2272 2266
f 2266 2272 2273
f 2266 2273 2265
f 2265 2273 2274
f 2265 2274 2056
f 2056 2274 2275
f 2056 2275 2054
f 2276 2277 2275
f 2275 2277 2278
f 2275 2278 2054
f 1985 1986 2270
f 2270 1986 2115
f 2270 2115 2271
f 2271 2115 2117
f 2271 2117 2272
f 2272 2117 2119
f 2272 2119 2273
f 2273 2119 2121
f 2273 2121 2274
f 2274 2121 2123
f 2274 2123 2275
f 2275 2123 2125
f 2275 2125 2276
f 2276 2125 2127
f 2052 2128 2053
f 2053 2128 2126
f 2053 2126 2279
f 2279 2126 2124
f 2279 2124 2280
f 2280 2124 2122
f 2280 2122 2281
f 2281 2122 2120
f 2281 2120 2282
f 2282 2120 2118
f 2282 2118 2283
f 2283 2118 2116
f 2283 2116 1980
f 1980 2116 1979
f 2049 2051 2050
f 2050 2051 2053
f 2050 2053 2284
f 2284 2053 2279
f 2284 2279 2285
f 2285 2279 2280
f 2285 2280 2286
f 2286 2280 2281
f 2286 2281 2287
f 2287 2281 2282
f 2287 2282 2288
f 2288 2282 2283
f 2288 2283 1981
f 1981 2283 1980
f 1981 1982 2288
f 2288 1982 2129
f 2288 2129 2287
f 2287 2129 2131
f 2287 2131 2286
f 2286 2131 2133
f 2286 2133 2285
f 2285 2133 2135
f 2285 2135 2284
f 2284 2135 2137
f 2284 2137 2050
f 2050 2137 2139
f 2050 2139 2048
f 2147 2289 2140
f 2140 2289 2290
f 2140 2290 2139
f 2139 2290 2291
f 2139 2291 2048
f 2046 2148 2047
f 2047 2148 2146
f 2047 2146 2292
f 2292 2146 2145
f 2292 2145 2293
f 2293 2145 2144
f 2293 2144 2294
f 2294 2144 2143
f 2294 2143 2295
f 2295 2143 2142
f 2295 2142 2296
f 2296 2142 2141
f 2296 2141 1978
f 1978 2141 1977
f 2043 2045 2044
f 2044 2045 2047
f 2044 2047 2297
f 2297 2047 2292
f 2297 2292 2298
f 2298 2292 2293
f 2298 2293 2299
f 2299 2293 2294
f 2299 2294 2300
f 2300 2294 2295
f 2300 2295 2301
f 2301 2295 2296
f 2301 2296 1972
f 1972 2296 1978
f 2040 2042 2041
f 2041 2042 2044
f 2041 2044 2302
f 2302 2044 2297
f 2302 2297 2303
f 2303 2297 2298
f 2303 2298 2304
f 2304 2298 2299
f 2304 2299 2305
f 2305 2299 2300
f 2305 2300 2306
f 2306 2300 2301
f 2306 2301 1973
f 1973 2301 1972
f 1973 1974 2306
f 2306 1974 2149
f 2306 2149 2305
f 2305 2149 2151
f 2305 2151 2304
f 2304 2151 2153
f 2304 2153 2303
f 2303 2153 2155
f 2303 2155 2302
f 2302 2155 2157
f 2302 2157 2041
f 2041 2157 2159
f 2041 2159 2039
f 2167 2307 2160
f 2160 2307 2308
f 2160 2308 2159
f 2159 2308 2309
f 2159 2309 2039
f 2037 2168 2038
f 2038 2168 2166
f 2038 2166 2310
f 2310 2166 2165
f 2310 2165 2311
f 2311 2165 2164
f 2311 2164 2312
f 2312 2164 2163
f 2312 2163 2313
f 2313 2163 2162
f 2313 2162 2314
f 2314 2162 2161
f 2314 2161 1968
f 1968 2161 1967
f 2034 2036 2035
f 2035 2036 2038
f 2035 2038 2315
f 2315 2038 2310
f 2315 2310 2316
f 2316 2310 2311
f 2316 2311 2317
f 2317 2311 2312
f 2317 2312 2318
f 2318 2312 2313
f 2318 2313 2319
f 2319 2313 2314
f 2319 2314 1969
f 1969 2314 1968
f 1969 1970 2319
f 2319 1970 2169
f 2319 2169 2318
f 2318 2169 2171
f 2318 2171 2317
f 2317 2171 2173
f 2317 2173 2316
f 2316 2173 2175
f 2316 2175 2315
f 2315 2175 2177
f 2315 2177 2035
f 2035 2177 2179
f 2035 2179 2033
f 2187 2320 2180
f 2180 2320 2321
f 2180 2321 2179
f 2179 2321 2322
f 2179 2322 2033
f 2031 2188 2032
f 2032 2188 2186
f 2032 2186 2323
f 2323 2186 2185
f 2323 2185 2324
f 2324 2185 2184
f 2324 2184 2325
f 2325 2184 2183
f 2325 2183 2326
f 2326 2183 2182
f 2326 2182 2327
f 2327 2182 2181
f 2327 2181 1995
f 1995 2181 1994
f 2028 2030 2029
f 2029 2030 2032
f 2029 2032 2328
f 2328 2032 2323
f 2328 2323 2329
f 2329 2323 2324
f 2329 2324 2330
f 2330 2324 2325
f 2330 2325 2331
f 2331 2325 2326
f 2331 2326 2332
f 2332 2326 2327
f 2332 2327 1996
f 1996 2327 1995
f 2025 2027 2026
f 2026 2027 2029
f 2026 2029 2333
f 2333 2029 2328
f 2333 2328 2334
f 2334 2328 2329
f 2334 2329 2335
f 2335 2329 2330
f 2335 2330 2336
f 2336 2330 2331
f 2336 2331 2337
f 2337 2331 2332
f 2337 2332 1997
f 1997 2332 1996
f 1997 2010 2337
f 2337 2010 2189
f 2337 2189 2336
f 2336 2189 2191
f 2336 2191 2335
f 2335 2191 2193
f 2335 2193 2334
f 2334 2193 2195
f 2334 2195 2333
f 2333 2195 2197
f 2333 2197 2026
f 2026 2197 2199
f 2026 2199 2024
f 2207 2338 2200
f 2200 2338 2339
f 2200 2339 2199
f 2199 2339 2340
f 2199 2340 2024
f 2022 2208 2023
f 2023 2208 2206
f 2023 2206 2341
f 2341 2206 2205
f 2341 2205 2342
f 2342 2205 2204
f 2342 2204 2343
f 2343 2204 2203
f 2343 2203 2344
f 2344 2203 2202
f 2344 2202 2345
f 2345 2202 2201
f 2345 2201 2007
f 2007 2201 2006
f 2019 2021 2020
f 2020 2021 2023
f 2020 2023 2346
f 2346 2023 2341
f 2346 2341 2347
f 2347 2341 2342
f 2347 2342 2348
f 2348 2342 2343
f 2348 2343 2349
f 2349 2343 2344
f 2349 2344 2350
f 2350 2344 2345
f 2350 2345 2008
f 2008 2345 2007
f 2016 2018 2017
f 2017 2018 2020
f 2017 2020 2351
f 2351 2020 2346
f 2351 2346 2352
f 2352 2346 2347
f 2352 2347 2353
f 2353 2347 2348
f 2353 2348 2354
f 2354 2348 2349
f 2354 2349 2355
f 2355 2349 2350
f 2355 2350 2009
f 2009 2350 2008
f 2009 2002 2355
f 2355 2002 2209
f 2355 2209 2354
f 2354 2209 2211
f 2354 2211 2353
f 2353 2211 2213
f 2353 2213 2352
f 2352 2213 2215
f 2352 2215 2351
f 2351 2215 2217
f 2351 2217 2017
f 2017 2217 2219
f 2017 2219 2015
f 2227 2356 2220
f 2220 2356 2357
f 2220 2357 2219
f 2219 2357 2358
f 2219 2358 2015
f 2013 2228 2014
f 2014 2228 2226
f 2014 2226 2359
f 2359 2226 2225
f 2359 2225 2360
f 2360 2225 2224
f 2360 2224 2361
f 2361 2224 2223
f 2361 2223 2362
f 2362 2223 2222
f 2362 2222 2363
f 2363 2222 2221
f 2363 2221 2005
f 2005 2221 2004
f 2073 2012 2074
f 2074 2012 2014
f 2074 2014 2233
f 2233 2014 2359
f 2233 2359 2232
f 2232 2359 2360
f 2232 2360 2231
f 2231 2360 2361
f 2231 2361 2230
f 2230 2361 2362
f 2230 2362 2229
f 2229 2362 2363
f 2229 2363 1998
f 1998 2363 2005
f 2040 2364 2042
f 2042 2364 2365
f 2042 2365 2043
f 2043 2365 2366
f 2043 2366 2045
f 2045 2366 2367
f 2045 2367 2046
f 2046 2367 2368
f 2046 2368 2148
f 2148 2368 2369
f 2148 2369 2147
f 2147 2369 2370
f 2147 2370 2289
f 2289 2370 2371
f 2289 2371 2290
f 2290 2371 2372
f 2290 2372 2291
f 2291 2372 2373
f 2291 2373 2048
f 2048 2373 2374
f 2048 2374 2049
f 2049 2374 2375
f 2049 2375 2051
f 2051 2375 2376
f 2051 2376 2052
f 2052 2376 2377
f 2052 2377 2128
f 2128 2377 2378
f 2128 2378 2127
f 2127 2378 2379
f 2127 2379 2276
f 2276 2379 2380
f 2276 2380 2277
f 2277 2380 2381
f 2277 2381 2278
f 2278 2381 2382
f 2278 2382 2054
f 2054 2382 2383
f 2054 2383 2055
f 2055 2383 2384
f 2055 2384 2057
f 2057 2384 2385
f 2057 2385 2058
f 2058 2385 2386
f 2058 2386 2060
f 2060 2386 2387
f 2060 2387 2061
f 2061 2387 2388
f 2061 2388 2114
f 2114 2388 2389
f 2114 2389 2113
f 2113 2389 2390
f 2113 2390 2252
f 2252 2390 2391
f 2252 2391 2253
f 2253 2391 2392
f 2253 2392 2254
f 2254 2392 2393
f 2254 2393 2063
f 2063 2393 2394
f 2063 2394 2064
f 2064 2394 2395
f 2064 2395 2066
f 2066 2395 2396
f 2066 2396 2067
f 2067 2396 2397
f 2067 2397 2069
f 2069 2397 2398
f 2069 2398 2070
f 2070 2398 2399
f 2070 2399 2094
f 2094 2399 2400
f 2094 2400 2093
f 2093 2400 2401
f 2093 2401 2234
f 2234 2401 2402
f 2234 2402 2235
f 2235 2402 2403
f 2235 2403 2236
f 2236 2403 2404
f 2236 2404 2072
f 2072 2404 2405
f 2072 2405 2073
f 2073 2405 2406
f 2073 2406 2012
f 2012 2406 2407
f 2012 2407 2013
f 2013 2407 2408
f 2013 2408 2228
f 2228 2408 2409
f 2228 2409 2227
f 2227 2409 2410
f 2227 2410 2356
f 2356 2410 2411
f 2356 2411 2357
f 2357 2411 2412
f 2357 2412 2358
f 2358 2412 2413
f 2358 2413 2015
f 2015 2413 2414
f 2015 2414 2016
f 2016 2414 2415
f 2016 2415 2018
f 2018 2415 2416
f 2018 2416 2019
f 2019 2416 2417
f 2019 2417 2021
f 2021 2417 2418
f 2021 2418 2022
f 2022 2418 2419
f 2022 2419 2208
f 2208 2419 2420
f 2208 2420 2207
f 2207 2420 2421
f 2207 2421 2338
f 2338 2421 2422
f 2338 2422 2339
f 2339 2422 2423
f 2339 2423 2340
f 2340 2423 2424
f 2340 2424 2024
f 2024 2424 2425
f 2024 2425 2025
f 2025 2425 2426
f 2025 2426 2027
f 2027 2426 2427
f 2027 2427 2028
f 2028 2427 2428
f 2028 2428 2030
f 2030 2428 2429
f 2030 2429 2031
f 2031 2429 2430
f 2031 2430 2188
f 2188 2430 2431
f 2188 2431 2187
f 2187 2431 2432
f 2187 2432 2320
f 2320 2432 2433
f 2320 2433 2321
f 2321 2433 2434
f 2321 2434 2322
f 2322 2434 2435
f 2322 2435 2033
f 2033 2435 2436
f 2033 2436 2034
f 2034 2436 2437
f 2034 2437 2036
f 2036 2437 2438
f 2036 2438 2037
f 2037 2438 2439
f 2037 2439 2168
f 2168 2439 2440
f 2168 2440 2167
f 2167 2440 2441
f 2167 2441 2307
f 2307 2441 2442
f 2307 2442 2308
f 2308 2442 2443
f 2308 2443 2309
f 2309 2443 2444
f 2309 2444 2039
f 2039 2444 2445
f 2039 2445 2040
f 2040 2445 2364
f 2446 2447 2448
f 2449 2450 2451
f 2452 2453 2454
f 2455 2456 2457
f 2458 2459 2460
f 2461 2462 2463
f 2464 2465 2466
f 2467 2468 2469
f 2470 2471 2472
f 2473 2474 2475
f 2476 2477 2478
f 2412 2411 2479
f 2416 2415 2480
f 2418 2417 2481
f 2423 2422 2482
f 2425 2424 2483
f 2434 2433 2484
f 2436 2435 2485
f 2378 2377 2486
f 2380 2379 2487
f 2383 2382 2488
f 2389 2388 2489
f 2391 2390 2490
f 2398 2397 2491
f 2400 2399 2492
f 2402 2401 2493
f 2406 2405 2494
f 2404 2403 2495
f 2395 2394 2496
f 2393 2392 2497
f 2386 2385 2498
f 2383 2488 2384
f 2375 2374 2499
f 2373 2372 2500
f 2371 2370 2476
f 2476 2370 2369
f 2476 2369 2477
f 2477 2369 2368
f 2477 2368 2367
f 2501 2366 2365
f 2445 2444 2502
f 2502 2444 2443
f 2503 2441 2440
f 2504 2439 2438
f 2505 2432 2431
f 2506 2430 2429
f 2507 2428 2427
f 2423 2482 2424
f 2422 2421 2508
f 2508 2421 2420
f 2420 2419 2509
f 2509 2419 2418
f 2416 2480 2417
f 2415 2414 2510
f 2510 2414 2413
f 2510 2413 2412
f 2411 2410 2511
f 2511 2410 2409
f 2409 2408 2512
f 2512 2408 2407
f 2513 2514 2515
f 2516 2478 2517
f 2517 2478 2477
f 2517 2477 2501
f 2501 2477 2367
f 2501 2367 2366
f 2518 2516 2519
f 2519 2516 2517
f 2519 2517 2520
f 2520 2517 2501
f 2520 2501 2521
f 2521 2501 2365
f 2521 2365 2364
f 2522 2523 2524
f 2525 2518 2526
f 2526 2518 2519
f 2526 2519 2527
f 2527 2519 2520
f 2527 2520 2528
f 2528 2520 2521
f 2528 2521 2502
f 2502 2521 2364
f 2502 2364 2445
f 2529 2530 2523
f 2531 2525 2532
f 2532 2525 2526
f 2532 2526 2533
f 2533 2526 2527
f 2533 2527 2534
f 2534 2527 2528
f 2534 2528 2535
f 2535 2528 2502
f 2535 2502 2536
f 2536 2502 2443
f 2536 2443 2442
f 2537 2531 2538
f 2538 2531 2532
f 2538 2532 2539
f 2539 2532 2533
f 2539 2533 2540
f 2540 2533 2534
f 2540 2534 2541
f 2541 2534 2535
f 2541 2535 2542
f 2542 2535 2536
f 2542 2536 2503
f 2503 2536 2442
f 2503 2442 2441
f 2543 2537 2544
f 2544 2537 2538
f 2544 2538 2545
f 2545 2538 2539
f 2545 2539 2546
f 2546 2539 2540
f 2546 2540 2547
f 2547 2540 2541
f 2547 2541 2548
f 2548 2541 2542
f 2548 2542 2549
f 2549 2542 2503
f 2549 2503 2504
f 2504 2503 2440
f 2504 2440 2439
f 2550 2543 2551
f 2551 2543 2544
f 2551 2544 2552
f 2552 2544 2545
f 2552 2545 2553
f 2553 2545 2546
f 2553 2546 2554
f 2554 2546 2547
f 2554 2547 2555
f 2555 2547 2548
f 2555 2548 2556
f 2556 2548 2549
f 2556 2549 2557
f 2557 2549 2504
f 2557 2504 2558
f 2558 2504 2438
f 2558 2438 2437
f 2559 2550 2560
f 2560 2550 2551
f 2560 2551 2561
f 2561 2551 2552
f 2561 2552 2562
f 2562 2552 2553
f 2562 2553 2563
f 2563 2553 2554
f 2563 2554 2564
f 2564 2554 2555
f 2564 2555 2565
f 2565 2555 2556
f 2565 2556 2566
f 2566 2556 2557
f 2566 2557 2567
f 2567 2557 2558
f 2567 2558 2485
f 2485 2558 2437
f 2485 2437 2436
f 2568 2559 2569
f 2569 2559 2560
f 2569 2560 2570
f 2570 2560 2561
f 2570 2561 2571
f 2571 2561 2562
f 2571 2562 2572
f 2572 2562 2563
f 2572 2563 2573
f 2573 2563 2564
f 2573 2564 2574
f 2574 2564 2565
f 2574 2565 2575
f 2575 2565 2566
f 2575 2566 2576
f 2576 2566 2567
f 2576 2567 2577
f 2577 2567 2485
f 2577 2485 2484
f 2484 2485 2435
f 2484 2435 2434
f 2578 2568 2579
f 2579 2568 2569
f 2579 2569 2580
f 2580 2569 2570
f 2580 2570 2581
f 2581 2570 2571
f 2581 2571 2582
f 2582 2571 2572
f 2582 2572 2583
f 2583 2572 2573
f 2583 2573 2584
f 2584 2573 2574
f 2584 2574 2585
f 2585 2574 2575
f 2585 2575 2586
f 2586 2575 2576
f 2586 2576 2587
f 2587 2576 2577
f 2587 2577 2588
f 2588 2577 2484
f 2588 2484 2505
f 2505 2484 2433
f 2505 2433 2432
f 2589 2578 2590
f 2590 2578 2579
f 2590 2579 2591
f 2591 2579 2580
f 2591 2580 2592
f 2592 2580 2581
f 2592 2581 2593
f 2593 2581 2582
f 2593 2582 2594
f 2594 2582 2583
f 2594 2583 2595
f 2595 2583 2584
f 2595 2584 2596
f 2596 2584 2585
f 2596 2585 2597
f 2597 2585 2586
f 2597 2586 2598
f 2598 2586 2587
f 2598 2587 2599
f 2599 2587 2588
f 2599 2588 2600
f 2600 2588 2505
f 2600 2505 2506
f 2506 2505 2431
f 2506 2431 2430
f 2601 2602 2603
f 2604 2589 2605
f 2605 2589 2590
f 2605 2590 2606
f 2606 2590 2591
f 2606 2591 2607
f 2607 2591 2592
f 2607 2592 2608
f 2608 2592 2593
f 2608 2593 2609
f 2609 2593 2594
f 2609 2594 2610
f 2610 2594 2595
f 2610 2595 2611
f 2611 2595 2596
f 2611 2596 2612
f 2612 2596 2597
f 2612 2597 2613
f 2613 2597 2598
f 2613 2598 2614
f 2614 2598 2599
f 2614 2599 2615
f 2615 2599 2600
f 2615 2600 2616
f 2616 2600 2506
f 2616 2506 2507
f 2507 2506 2429
f 2507 2429 2428
f 2523 2522 2529
f 2529 2522 2617
f 2529 2617 2618
f 2618 2617 2619
f 2618 2619 2620
f 2620 2619 2621
f 2620 2621 2622
f 2622 2621 2623
f 2622 2623 2624
f 2624 2623 2625
f 2624 2625 2626
f 2626 2625 2627
f 2626 2627 2628
f 2628 2627 2629
f 2628 2629 2630
f 2630 2629 2631
f 2630 2631 2632
f 2632 2631 2633
f 2632 2633 2634
f 2634 2633 2635
f 2634 2635 2636
f 2392 2391 2497
f 2497 2391 2490
f 2497 2490 2637
f 2637 2490 2638
f 2637 2638 2639
f 2639 2638 2640
f 2639 2640 2641
f 2641 2640 2642
f 2641 2642 2643
f 2643 2642 2644
f 2643 2644 2645
f 2645 2644 2646
f 2645 2646 2647
f 2647 2646 2648
f 2647 2648 2649
f 2649 2648 2650
f 2649 2650 2651
f 2651 2650 2652
f 2651 2652 2653
f 2653 2652 2654
f 2653 2654 2655
f 2655 2654 2656
f 2655 2656 2657
f 2657 2656 2658
f 2657 2658 2659
f 2659 2658 2660
f 2659 2660 2661
f 2661 2660 2662
f 2661 2662 2663
f 2381 2380 2664
f 2664 2380 2487
f 2664 2487 2665
f 2665 2487 2666
f 2665 2666 2667
f 2667 2666 2668
f 2667 2668 2669
f 2669 2668 2670
f 2669 2670 2671
f 2671 2670 2672
f 2671 2672 2673
f 2673 2672 2674
f 2673 2674 2675
f 2675 2674 2676
f 2675 2676 2677
f 2677 2676 2678
f 2677 2678 2679
f 2679 2678 2680
f 2679 2680 2681
f 2681 2680 2682
f 2681 2682 2683
f 2683 2682 2684
f 2683 2684 2685
f 2685 2684 2686
f 2685 2686 2687
f 2687 2686 2688
f 2687 2688 2689
f 2689 2688 2690
f 2689 2690 2691
f 2692 2604 2693
f 2693 2604 2605
f 2693 2605 2694
f 2694 2605 2606
f 2694 2606 2695
f 2695 2606 2607
f 2695 2607 2696
f 2696 2607 2608
f 2696 2608 2697
f 2697 2608 2609
f 2697 2609 2698
f 2698 2609 2610
f 2698 2610 2699
f 2699 2610 2611
f 2699 2611 2700
f 2700 2611 2612
f 2700 2612 2701
f 2701 2612 2613
f 2701 2613 2702
f 2702 2613 2614
f 2702 2614 2703
f 2703 2614 2615
f 2703 2615 2704
f 2704 2615 2616
f 2704 2616 2705
f 2705 2616 2507
f 2705 2507 2706
f 2706 2507 2427
f 2706 2427 2426
f 2530 2529 2707
f 2707 2529 2618
f 2707 2618 2708
f 2708 2618 2620
f 2708 2620 2709
f 2709 2620 2622
f 2709 2622 2710
f 2710 2622 2624
f 2710 2624 2711
f 2711 2624 2626
f 2711 2626 2712
f 2712 2626 2628
f 2712 2628 2713
f 2713 2628 2630
f 2713 2630 2714
f 2714 2630 2632
f 2714 2632 2715
f 2715 2632 2634
f 2715 2634 2716
f 2716 2634 2636
f 2716 2636 2717
f 2394 2393 2496
f 2496 2393 2497
f 2496 2497 2718
f 2718 2497 2637
f 2718 2637 2719
f 2719 2637 2639
f 2719 2639 2720
f 2720 2639 2641
f 2720 2641 2721
f 2721 2641 2643
f 2721 2643 2722
f 2722 2643 2645
f 2722 2645 2723
f 2723 2645 2647
f 2723 2647 2724
f 2724 2647 2649
f 2724 2649 2725
f 2725 2649 2651
f 2725 2651 2726
f 2726 2651 2653
f 2726 2653 2727
f 2727 2653 2655
f 2727 2655 2728
f 2728 2655 2657
f 2728 2657 2729
f 2729 2657 2659
f 2729 2659 2730
f 2730 2659 2661
f 2730 2661 2731
f 2731 2661 2663
f 2731 2663 2732
f 2382 2381 2488
f 2488 2381 2664
f 2488 2664 2733
f 2733 2664 2665
f 2733 2665 2734
f 2734 2665 2667
f 2734 2667 2735
f 2735 2667 2669
f 2735 2669 2736
f 2736 2669 2671
f 2736 2671 2737
f 2737 2671 2673
f 2737 2673 2738
f 2738 2673 2675
f 2738 2675 2739
f 2739 2675 2677
f 2739 2677 2740
f 2740 2677 2679
f 2740 2679 2741
f 2741 2679 2681
f 2741 2681 2742
f 2742 2681 2683
f 2742 2683 2743
f 2743 2683 2685
f 2743 2685 2744
f 2744 2685 2687
f 2744 2687 2745
f 2745 2687 2689
f 2745 2689 2746
f 2746 2689 2691
f 2746 2691 2747
f 2457 2692 2748
f 2748 2692 2693
f 2748 2693 2749
f 2749 2693 2694
f 2749 2694 2750
f 2750 2694 2695
f 2750 2695 2751
f 2751 2695 2696
f 2751 2696 2752
f 2752 2696 2697
f 2752 2697 2753
f 2753 2697 2698
f 2753 2698 2754
f 2754 2698 2699
f 2754 2699 2755
f 2755 2699 2700
f 2755 2700 2756
f 2756 2700 2701
f 2756 2701 2757
f 2757 2701 2702
f 2757 2702 2758
f 2758 2702 2703
f 2758 2703 2759
f 2759 2703 2704
f 2759 2704 2760
f 2760 2704 2705
f 2760 2705 2761
f 2761 2705 2706
f 2761 2706 2483
f 2483 2706 2426
f 2483 2426 2425
f 2762 2763 2764
f 2765 2766 2767
f 2767 2766 2768
f 2767 2768 2769
f 2769 2768 2770
f 2769 2770 2771
f 2771 2770 2601
f 2771 2601 2772
f 2772 2601 2603
f 2772 2603 2773
f 2774 2775 2776
f 2776 2775 2765
f 2776 2765 2777
f 2777 2765 2767
f 2777 2767 2778
f 2778 2767 2769
f 2778 2769 2779
f 2779 2769 2771
f 2779 2771 2780
f 2780 2771 2772
f 2780 2772 2781
f 2781 2772 2773
f 2781 2773 2782
f 2475 2783 2784
f 2784 2783 2785
f 2784 2785 2786
f 2786 2785 2787
f 2786 2787 2788
f 2788 2787 2789
f 2788 2789 2790
f 2790 2789 2791
f 2790 2791 2792
f 2792 2791 2793
f 2792 2793 2794
f 2794 2793 2795
f 2794 2795 2796
f 2796 2795 2797
f 2796 2797 2798
f 2799 2800 2801
f 2407 2406 2515
f 2515 2406 2494
f 2515 2494 2513
f 2513 2494 2802
f 2513 2802 2803
f 2803 2802 2804
f 2803 2804 2805
f 2805 2804 2806
f 2805 2806 2807
f 2807 2806 2808
f 2807 2808 2809
f 2809 2808 2810
f 2809 2810 2811
f 2811 2810 2812
f 2811 2812 2813
f 2813 2812 2814
f 2813 2814 2815
f 2815 2814 2816
f 2815 2816 2817
f 2817 2816 2818
f 2817 2818 2819
f 2819 2818 2820
f 2819 2820 2821
f 2821 2820 2822
f 2821 2822 2823
f 2823 2822 2824
f 2823 2824 2825
f 2825 2824 2826
f 2825 2826 2827
f 2827 2826 2828
f 2827 2828 2829
f 2829 2828 2830
f 2405 2404 2494
f 2494 2404 2495
f 2494 2495 2802
f 2802 2495 2831
f 2802 2831 2804
f 2804 2831 2832
f 2804 2832 2806
f 2806 2832 2833
f 2806 2833 2808
f 2808 2833 2834
f 2808 2834 2810
f 2810 2834 2835
f 2810 2835 2812
f 2812 2835 2836
f 2812 2836 2814
f 2814 2836 2837
f 2814 2837 2816
f 2816 2837 2838
f 2816 2838 2818
f 2818 2838 2839
f 2818 2839 2820
f 2820 2839 2840
f 2820 2840 2822
f 2822 2840 2841
f 2822 2841 2824
f 2824 2841 2842
f 2824 2842 2826
f 2826 2842 2843
f 2826 2843 2828
f 2828 2843 2844
f 2828 2844 2830
f 2830 2844 2845
f 2830 2845 2846
f 2846 2845 2847
f 2401 2400 2493
f 2493 2400 2492
f 2493 2492 2848
f 2848 2492 2849
f 2848 2849 2850
f 2850 2849 2851
f 2850 2851 2852
f 2852 2851 2853
f 2852 2853 2854
f 2854 2853 2855
f 2854 2855 2856
f 2856 2855 2857
f 2856 2857 2858
f 2858 2857 2859
f 2858 2859 2860
f 2860 2859 2861
f 2860 2861 2862
f 2862 2861 2863
f 2862 2863 2864
f 2864 2863 2865
f 2864 2865 2866
f 2866 2865 2867
f 2866 2867 2868
f 2868 2867 2869
f 2868 2869 2870
f 2870 2869 2871
f 2870 2871 2872
f 2872 2871 2873
f 2872 2873 2874
f 2874 2873 2875
f 2874 2875 2876
f 2876 2875 2877
f 2878 2879 2880
f 2881 2882 2883
f 2376 2375 2884
f 2884 2375 2499
f 2884 2499 2885
f 2885 2499 2886
f 2885 2886 2887
f 2887 2886 2888
f 2887 2888 2889
f 2889 2888 2890
f 2889 2890 2891
f 2891 2890 2892
f 2891 2892 2893
f 2893 2892 2894
f 2893 2894 2895
f 2895 2894 2896
f 2895 2896 2897
f 2897 2896 2898
f 2897 2898 2899
f 2899 2898 2900
f 2899 2900 2901
f 2901 2900 2902
f 2901 2902 2903
f 2903 2902 2904
f 2903 2904 2905
f 2905 2904 2906
f 2905 2906 2907
f 2907 2906 2908
f 2907 2908 2909
f 2909 2908 2910
f 2909 2910 2911
f 2911 2910 2912
f 2911 2912 2913
f 2913 2912 2914
f 2374 2373 2499
f 2499 2373 2500
f 2499 2500 2886
f 2886 2500 2915
f 2886 2915 2888
f 2888 2915 2916
f 2888 2916 2890
f 2890 2916 2917
f 2890 2917 2892
f 2892 2917 2918
f 2892 2918 2894
f 2894 2918 2919
f 2894 2919 2896
f 2896 2919 2920
f 2896 2920 2898
f 2898 2920 2921
f 2898 2921 2900
f 2900 2921 2922
f 2900 2922 2902
f 2902 2922 2923
f 2902 2923 2904
f 2904 2923 2924
f 2904 2924 2906
f 2906 2924 2925
f 2906 2925 2908
f 2908 2925 2926
f 2908 2926 2910
f 2910 2926 2927
f 2910 2927 2912
f 2912 2927 2928
f 2912 2928 2914
f 2914 2928 2929
f 2914 2929 2930
f 2930 2929 2931
f 2932 2764 2933
f 2933 2764 2763
f 2933 2763 2934
f 2934 2763 2935
f 2934 2935 2936
f 2937 2938 2939
f 2939 2938 2762
f 2939 2762 2940
f 2940 2762 2764
f 2940 2764 2941
f 2941 2764 2932
f 2941 2932 2602
f 2938 2942 2762
f 2762 2942 2943
f 2762 2943 2763
f 2763 2943 2944
f 2763 2944 2935
f 2602 2601 2941
f 2941 2601 2770
f 2941 2770 2940
f 2940 2770 2768
f 2940 2768 2939
f 2939 2768 2766
f 2939 2766 2937
f 2775 2945 2765
f 2765 2945 2946
f 2765 2946 2766
f 2766 2946 2947
f 2766 2947 2937
f 2948 2774 2783
f 2783 2774 2776
f 2783 2776 2785
f 2785 2776 2777
f 2785 2777 2787
f 2787 2777 2778
f 2787 2778 2789
f 2789 2778 2779
f 2789 2779 2791
f 2791 2779 2780
f 2791 2780 2793
f 2793 2780 2781
f 2793 2781 2795
f 2795 2781 2782
f 2795 2782 2797
f 2475 2474 2783
f 2783 2474 2949
f 2783 2949 2948
f 2471 2473 2472
f 2472 2473 2475
f 2472 2475 2950
f 2950 2475 2784
f 2950 2784 2951
f 2951 2784 2786
f 2951 2786 2952
f 2952 2786 2788
f 2952 2788 2953
f 2953 2788 2790
f 2953 2790 2954
f 2954 2790 2792
f 2954 2792 2955
f 2955 2792 2794
f 2955 2794 2956
f 2956 2794 2796
f 2956 2796 2957
f 2957 2796 2798
f 2957 2798 2958
f 2468 2470 2469
f 2469 2470 2472
f 2469 2472 2959
f 2959 2472 2950
f 2959 2950 2960
f 2960 2950 2951
f 2960 2951 2961
f 2961 2951 2952
f 2961 2952 2962
f 2962 2952 2953
f 2962 2953 2963
f 2963 2953 2954
f 2963 2954 2964
f 2964 2954 2955
f 2964 2955 2965
f 2965 2955 2956
f 2965 2956 2966
f 2966 2956 2957
f 2966 2957 2967
f 2967 2957 2958
f 2967 2958 2968
f 2969 2467 2717
f 2717 2467 2469
f 2717 2469 2716
f 2716 2469 2959
f 2716 2959 2715
f 2715 2959 2960
f 2715 2960 2714
f 2714 2960 2961
f 2714 2961 2713
f 2713 2961 2962
f 2713 2962 2712
f 2712 2962 2963
f 2712 2963 2711
f 2711 2963 2964
f 2711 2964 2710
f 2710 2964 2965
f 2710 2965 2709
f 2709 2965 2966
f 2709 2966 2708
f 2708 2966 2967
f 2708 2967 2707
f 2707 2967 2968
f 2707 2968 2530
f 2635 2801 2636
f 2636 2801 2800
f 2636 2800 2717
f 2717 2800 2970
f 2717 2970 2969
f 2971 2972 2973
f 2973 2972 2799
f 2973 2799 2974
f 2974 2799 2801
f 2974 2801 2975
f 2975 2801 2635
f 2975 2635 2976
f 2976 2635 2633
f 2976 2633 2977
f 2977 2633 2631
f 2977 2631 2978
f 2978 2631 2629
f 2978 2629 2979
f 2979 2629 2627
f 2979 2627 2980
f 2980 2627 2625
f 2980 2625 2981
f 2981 2625 2623
f 2981 2623 2982
f 2982 2623 2621
f 2982 2621 2983
f 2983 2621 2619
f 2983 2619 2984
f 2984 2619 2617
f 2984 2617 2985
f 2985 2617 2522
f 2985 2522 2986
f 2986 2522 2524
f 2986 2524 2514
f 2972 2987 2799
f 2799 2987 2988
f 2799 2988 2800
f 2800 2988 2989
f 2800 2989 2970
f 2514 2513 2986
f 2986 2513 2803
f 2986 2803 2985
f 2985 2803 2805
f 2985 2805 2984
f 2984 2805 2807
f 2984 2807 2983
f 2983 2807 2809
f 2983 2809 2982
f 2982 2809 2811
f 2982 2811 2981
f 2981 2811 2813
f 2981 2813 2980
f 2980 2813 2815
f 2980 2815 2979
f 2979 2815 2817
f 2979 2817 2978
f 2978 2817 2819
f 2978 2819 2977
f 2977 2819 2821
f 2977 2821 2976
f 2976 2821 2823
f 2976 2823 2975
f 2975 2823 2825
f 2975 2825 2974
f 2974 2825 2827
f 2974 2827 2973
f 2973 2827 2829
f 2973 2829 2971
f 2846 2990 2830
f 2830 2990 2991
f 2830 2991 2829
f 2829 2991 2992
f 2829 2992 2971
f 2993 2847 2876
f 2876 2847 2845
f 2876 2845 2874
f 2874 2845 2844
f 2874 2844 2872
f 2872 2844 2843
f 2872 2843 2870
f 2870 2843 2842
f 2870 2842 2868
f 2868 2842 2841
f 2868 2841 2866
f 2866 2841 2840
f 2866 2840 2864
f 2864 2840 2839
f 2864 2839 2862
f 2862 2839 2838
f 2862 2838 2860
f 2860 2838 2837
f 2860 2837 2858
f 2858 2837 2836
f 2858 2836 2856
f 2856 2836 2835
f 2856 2835 2854
f 2854 2835 2834
f 2854 2834 2852
f 2852 2834 2833
f 2852 2833 2850
f 2850 2833 2832
f 2850 2832 2848
f 2848 2832 2831
f 2848 2831 2493
f 2493 2831 2495
f 2493 2495 2402
f 2402 2495 2403
f 2994 2995 2996
f 2996 2995 2877
f 2996 2877 2997
f 2997 2877 2875
f 2997 2875 2998
f 2998 2875 2873
f 2998 2873 2999
f 2999 2873 2871
f 2999 2871 3000
f 3000 2871 2869
f 3000 2869 3001
f 3001 2869 2867
f 3001 2867 3002
f 3002 2867 2865
f 3002 2865 3003
f 3003 2865 2863
f 3003 2863 3004
f 3004 2863 2861
f 3004 2861 3005
f 3005 2861 2859
f 3005 2859 3006
f 3006 2859 2857
f 3006 2857 3007
f 3007 2857 2855
f 3007 2855 3008
f 3008 2855 2853
f 3008 2853 3009
f 3009 2853 2851
f 3009 2851 3010
f 3010 2851 2849
f 3010 2849 2491
f 2491 2849 2492
f 2491 2492 2398
f 2398 2492 2399
f 2995 3011 2877
f 2877 3011 3012
f 2877 3012 2876
f 2876 3012 3013
f 2876 3013 2993
f 2465 2994 2466
f 2466 2994 2996
f 2466 2996 3014
f 3014 2996 2997
f 3014 2997 3015
f 3015 2997 2998
f 3015 2998 3016
f 3016 2998 2999
f 3016 2999 3017
f 3017 2999 3000
f 3017 3000 3018
f 3018 3000 3001
f 3018 3001 3019
f 3019 3001 3002
f 3019 3002 3020
f 3020 3002 3003
f 3020 3003 3021
f 3021 3003 3004
f 3021 3004 3022
f 3022 3004 3005
f 3022 3005 3023
f 3023 3005 3006
f 3023 3006 3024
f 3024 3006 3007
f 3024 3007 3025
f 3025 3007 3008
f 3025 3008 3026
f 3026 3008 3009
f 3026 3009 3027
f 3027 3009 3010
f 3027 3010 3028
f 3028 3010 2491
f 3028 2491 2396
f 2396 2491 2397
f 3029 2464 2732
f 2732 2464 2466
f 2732 2466 2731
f 2731 2466 3014
f 2731 3014 2730
f 2730 3014 3015
f 2730 3015 2729
f 2729 3015 3016
f 2729 3016 2728
f 2728 3016 3017
f 2728 3017 2727
f 2727 3017 3018
f 2727 3018 2726
f 2726 3018 3019
f 2726 3019 2725
f 2725 3019 3020
f 2725 3020 2724
f 2724 3020 3021
f 2724 3021 2723
f 2723 3021 3022
f 2723 3022 2722
f 2722 3022 3023
f 2722 3023 2721
f 2721 3023 3024
f 2721 3024 2720
f 2720 3024 3025
f 2720 3025 2719
f 2719 3025 3026
f 2719 3026 2718
f 2718 3026 3027
f 2718 3027 2496
f 2496 3027 3028
f 2496 3028 2395
f 2395 3028 2396
f 2662 2880 2663
f 2663 2880 2879
f 2663 2879 2732
f 2732 2879 3030
f 2732 3030 3029
f 3031 3032 3033
f 3033 3032 2878
f 3033 2878 3034
f 3034 2878 2880
f 3034 2880 3035
f 3035 2880 2662
f 3035 2662 3036
f 3036 2662 2660
f 3036 2660 3037
f 3037 2660 2658
f 3037 2658 3038
f 3038 2658 2656
f 3038 2656 3039
f 3039 2656 2654
f 3039 2654 3040
f 3040 2654 2652
f 3040 2652 3041
f 3041 2652 2650
f 3041 2650 3042
f 3042 2650 2648
f 3042 2648 3043
f 3043 2648 2646
f 3043 2646 3044
f 3044 2646 2644
f 3044 2644 3045
f 3045 2644 2642
f 3045 2642 3046
f 3046 2642 2640
f 3046 2640 3047
f 3047 2640 2638
f 3047 2638 2489
f 2489 2638 2490
f 2489 2490 2389
f 2389 2490 2390
f 3032 3048 2878
f 2878 3048 3049
f 2878 3049 2879
f 2879 3049 3050
f 2879 3050 3030
f 2462 3031 2463
f 2463 3031 3033
f 2463 3033 3051
f 3051 3033 3034
f 3051 3034 3052
f 3052 3034 3035
f 3052 3035 3053
f 3053 3035 3036
f 3053 3036 3054
f 3054 3036 3037
f 3054 3037 3055
f 3055 3037 3038
f 3055 3038 3056
f 3056 3038 3039
f 3056 3039 3057
f 3057 3039 3040
f 3057 3040 3058
f 3058 3040 3041
f 3058 3041 3059
f 3059 3041 3042
f 3059 3042 3060
f 3060 3042 3043
f 3060 3043 3061
f 3061 3043 3044
f 3061 3044 3062
f 3062 3044 3045
f 3062 3045 3063
f 3063 3045 3046
f 3063 3046 3064
f 3064 3046 3047
f 3064 3047 3065
f 3065 3047 2489
f 3065 2489 2387
f 2387 2489 2388
f 2459 2461 2460
f 2460 2461 2463
f 2460 2463 3066
f 3066 2463 3051
f 3066 3051 3067
f 3067 3051 3052
f 3067 3052 3068
f 3068 3052 3053
f 3068 3053 3069
f 3069 3053 3054
f 3069 3054 3070
f 3070 3054 3055
f 3070 3055 3071
f 3071 3055 3056
f 3071 3056 3072
f 3072 3056 3057
f 3072 3057 3073
f 3073 3057 3058
f 3073 3058 3074
f 3074 3058 3059
f 3074 3059 3075
f 3075 3059 3060
f 3075 3060 3076
f 3076 3060 3061
f 3076 3061 3077
f 3077 3061 3062
f 3077 3062 3078
f 3078 3062 3063
f 3078 3063 3079
f 3079 3063 3064
f 3079 3064 2498
f 2498 3064 3065
f 2498 3065 2386
f 2386 3065 2387
f 3080 2458 2747
f 2747 2458 2460
f 2747 2460 2746
f 2746 2460 3066
f 2746 3066 2745
f 2745 3066 3067
f 2745 3067 2744
f 2744 3067 3068
f 2744 3068 2743
f 2743 3068 3069
f 2743 3069 2742
f 2742 3069 3070
f 2742 3070 2741
f 2741 3070 3071
f 2741 3071 2740
f 2740 3071 3072
f 2740 3072 2739
f 2739 3072 3073
f 2739 3073 2738
f 2738 3073 3074
f 2738 3074 2737
f 2737 3074 3075
f 2737 3075 2736
f 2736 3075 3076
f 2736 3076 2735
f 2735 3076 3077
f 2735 3077 2734
f 2734 3077 3078
f 2734 3078 2733
f 2733 3078 3079
f 2733 3079 2488
f 2488 3079 2498
f 2488 2498 2384
f 2384 2498 2385
f 2690 2883 2691
f 2691 2883 2882
f 2691 2882 2747
f 2747 2882 3081
f 2747 3081 3080
f 3082 3083 3084
f 3084 3083 2881
f 3084 2881 3085
f 3085 2881 2883
f 3085 2883 3086
f 3086 2883 2690
f 3086 2690 3087
f 3087 2690 2688
f 3087 2688 3088
f 3088 2688 2686
f 3088 2686 3089
f 3089 2686 2684
f 3089 2684 3090
f 3090 2684 2682
f 3090 2682 3091
f 3091 2682 2680
f 3091 2680 3092
f 3092 2680 2678
f 3092 2678 3093
f 3093 2678 2676
f 3093 2676 3094
f 3094 2676 2674
f 3094 2674 3095
f 3095 2674 2672
f 3095 2672 3096
f 3096 2672 2670
f 3096 2670 3097
f 3097 2670 2668
f 3097 2668 3098
f 3098 2668 2666
f 3098 2666 2486
f 2486 2666 2487
f 2486 2487 2378
f 2378 2487 2379
f 3083 3099 2881
f 2881 3099 3100
f 2881 3100 2882
f 2882 3100 3101
f 2882 3101 3081
f 2377 2376 2486
f 2486 2376 2884
f 2486 2884 3098
f 3098 2884 2885
f 3098 2885 3097
f 3097 2885 2887
f 3097 2887 3096
f 3096 2887 2889
f 3096 2889 3095
f 3095 2889 2891
f 3095 2891 3094
f 3094 2891 2893
f 3094 2893 3093
f 3093 2893 2895
f 3093 2895 3092
f 3092 2895 2897
f 3092 2897 3091
f 3091 2897 2899
f 3091 2899 3090
f 3090 2899 2901
f 3090 2901 3089
f 3089 2901 2903
f 3089 2903 3088
f 3088 2903 2905
f 3088 2905 3087
f 3087 2905 2907
f 3087 2907 3086
f 3086 2907 2909
f 3086 2909 3085
f 3085 2909 2911
f 3085 2911 3084
f 3084 2911 2913
f 3084 2913 3082
f 2930 3102 2914
f 2914 3102 3103
f 2914 3103 2913
f 2913 3103 3104
f 2913 3104 3082
f 2456 2931 2457
f 2457 2931 2929
f 2457 2929 2692
f 2692 2929 2928
f 2692 2928 2604
f 2604 2928 2927
f 2604 2927 2589
f 2589 2927 2926
f 2589 2926 2578
f 2578 2926 2925
f 2578 2925 2568
f 2568 2925 2924
f 2568 2924 2559
f 2559 2924 2923
f 2559 2923 2550
f 2550 2923 2922
f 2550 2922 2543
f 2543 2922 2921
f 2543 2921 2537
f 2537 2921 2920
f 2537 2920 2531
f 2531 2920 2919
f 2531 2919 2525
f 2525 2919 2918
f 2525 2918 2518
f 2518 2918 2917
f 2518 2917 2516
f 2516 2917 2916
f 2516 2916 2478
f 2478 2916 2915
f 2478 2915 2476
f 2476 2915 2500
f 2476 2500 2371
f 2371 2500 2372
f 2424 2482 2483
f 2483 2482 3105
f 2483 3105 2761
f 2761 3105 3106
f 2761 3106 2760
f 2760 3106 3107
f 2760 3107 2759
f 2759 3107 3108
f 2759 3108 2758
f 2758 3108 3109
f 2758 3109 2757
f 2757 3109 3110
f 2757 3110 2756
f 2756 3110 3111
f 2756 3111 2755
f 2755 3111 3112
f 2755 3112 2754
f 2754 3112 3113
f 2754 3113 2753
f 2753 3113 3114
f 2753 3114 2752
f 2752 3114 3115
f 2752 3115 2751
f 2751 3115 3116
f 2751 3116 2750
f 2750 3116 3117
f 2750 3117 2749
f 2749 3117 3118
f 2749 3118 2748
f 2748 3118 2454
f 2748 2454 2457
f 2457 2454 2453
f 2457 2453 2455
f 2422 2508 2482
f 2482 2508 3119
f 2482 3119 3105
f 3105 3119 3120
f 3105 3120 3106
f 3106 3120 3121
f 3106 3121 3107
f 3107 3121 3122
f 3107 3122 3108
f 3108 3122 3123
f 3108 3123 3109
f 3109 3123 3124
f 3109 3124 3110
f 3110 3124 3125
f 3110 3125 3111
f 3111 3125 3126
f 3111 3126 3112
f 3112 3126 3127
f 3112 3127 3113
f 3113 3127 3128
f 3113 3128 3114
f 3114 3128 3129
f 3114 3129 3115
f 3115 3129 3130
f 3115 3130 3116
f 3116 3130 3131
f 3116 3131 3117
f 3117 3131 3132
f 3117 3132 3118
f 3118 3132 3133
f 3118 3133 2454
f 2454 3133 3134
f 2454 3134 2452
f 3135 3136 3137
f 2420 2509 2508
f 2508 2509 3138
f 2508 3138 3119
f 3119 3138 3139
f 3119 3139 3120
f 3120 3139 3140
f 3120 3140 3121
f 3121 3140 3141
f 3121 3141 3122
f 3122 3141 3142
f 3122 3142 3123
f 3123 3142 3143
f 3123 3143 3124
f 3124 3143 3144
f 3124 3144 3125
f 3125 3144 3145
f 3125 3145 3126
f 3126 3145 3146
f 3126 3146 3127
f 3127 3146 3147
f 3127 3147 3128
f 3128 3147 3148
f 3128 3148 3129
f 3129 3148 3149
f 3129 3149 3130
f 3130 3149 3150
f 3130 3150 3131
f 3131 3150 3151
f 3131 3151 3132
f 3132 3151 3135
f 3132 3135 3133
f 3133 3135 3137
f 3133 3137 3134
f 3152 3153 3154
f 2418 2481 2509
f 2509 2481 3155
f 2509 3155 3138
f 3138 3155 3156
f 3138 3156 3139
f 3139 3156 3157
f 3139 3157 3140
f 3140 3157 3158
f 3140 3158 3141
f 3141 3158 3159
f 3141 3159 3142
f 3142 3159 3160
f 3142 3160 3143
f 3143 3160 3161
f 3143 3161 3144
f 3144 3161 3162
f 3144 3162 3145
f 3145 3162 3163
f 3145 3163 3146
f 3146 3163 3164
f 3146 3164 3147
f 3147 3164 3165
f 3147 3165 3148
f 3148 3165 3166
f 3148 3166 3149
f 3149 3166 3167
f 3149 3167 3150
f 3150 3167 3168
f 3150 3168 3151
f 3151 3168 3152
f 3151 3152 3135
f 3135 3152 3154
f 3135 3154 3136
f 2417 2480 2481
f 2481 2480 3169
f 2481 3169 3155
f 3155 3169 3170
f 3155 3170 3156
f 3156 3170 3171
f 3156 3171 3157
f 3157 3171 3172
f 3157 3172 3158
f 3158 3172 3173
f 3158 3173 3159
f 3159 3173 3174
f 3159 3174 3160
f 3160 3174 3175
f 3160 3175 3161
f 3161 3175 3176
f 3161 3176 3162
f 3162 3176 3177
f 3162 3177 3163
f 3163 3177 3178
f 3163 3178 3164
f 3164 3178 3179
f 3164 3179 3165
f 3165 3179 3180
f 3165 3180 3166
f 3166 3180 3181
f 3166 3181 3167
f 3167 3181 3182
f 3167 3182 3168
f 3168 3182 2451
f 3168 2451 3152
f 3152 2451 2450
f 3152 2450 3153
f 2415 2510 2480
f 2480 2510 3183
f 2480 3183 3169
f 3169 3183 3184
f 3169 3184 3170
f 3170 3184 3185
f 3170 3185 3171
f 3171 3185 3186
f 3171 3186 3172
f 3172 3186 3187
f 3172 3187 3173
f 3173 3187 3188
f 3173 3188 3174
f 3174 3188 3189
f 3174 3189 3175
f 3175 3189 3190
f 3175 3190 3176
f 3176 3190 3191
f 3176 3191 3177
f 3177 3191 3192
f 3177 3192 3178
f 3178 3192 3193
f 3178 3193 3179
f 3179 3193 3194
f 3179 3194 3180
f 3180 3194 3195
f 3180 3195 3181
f 3181 3195 3196
f 3181 3196 3182
f 3182 3196 2448
f 3182 2448 2451
f 2451 2448 2447
f 2451 2447 2449
f 2412 2479 2510
f 2510 2479 3197
f 2510 3197 3183
f 3183 3197 3198
f 3183 3198 3184
f 3184 3198 3199
f 3184 3199 3185
f 3185 3199 3200
f 3185 3200 3186
f 3186 3200 3201
f 3186 3201 3187
f 3187 3201 3202
f 3187 3202 3188
f 3188 3202 3203
f 3188 3203 3189
f 3189 3203 3204
f 3189 3204 3190
f 3190 3204 3205
f 3190 3205 3191
f 3191 3205 3206
f 3191 3206 3192
f 3192 3206 3207
f 3192 3207 3193
f 3193 3207 3208
f 3193 3208 3194
f 3194 3208 3209
f 3194 3209 3195
f 3195 3209 3210
f 3195 3210 3196
f 3196 3210 3211
f 3196 3211 2448
f 2448 3211 3212
f 2448 3212 2446
f 3213 3214 3215
f 2411 2511 2479
f 2479 2511 3216
f 2479 3216 3197
f 3197 3216 3217
f 3197 3217 3198
f 3198 3217 3218
f 3198 3218 3199
f 3199 3218 3219
f 3199 3219 3200
f 3200 3219 3220
f 3200 3220 3201
f 3201 3220 3221
f 3201 3221 3202
f 3202 3221 3222
f 3202 3222 3203
f 3203 3222 3223
f 3203 3223 3204
f 3204 3223 3224
f 3204 3224 3205
f 3205 3224 3225
f 3205 3225 3206
f 3206 3225 3226
f 3206 3226 3207
f 3207 3226 3227
f 3207 3227 3208
f 3208 3227 3228
f 3208 3228 3209
f 3209 3228 3229
f 3209 3229 3210
f 3210 3229 3213
f 3210 3213 3211
f 3211 3213 3215
f 3211 3215 3212
f 3230 3231 3232
f 2409 2512 2511
f 2511 2512 3233
f 2511 3233 3216
f 3216 3233 3234
f 3216 3234 3217
f 3217 3234 3235
f 3217 3235 3218
f 3218 3235 3236
f 3218 3236 3219
f 3219 3236 3237
f 3219 3237 3220
f 3220 3237 3238
f 3220 3238 3221
f 3221 3238 3239
f 3221 3239 3222
f 3222 3239 3240
f 3222 3240 3223
f 3223 3240 3241
f 3223 3241 3224
f 3224 3241 3242
f 3224 3242 3225
f 3225 3242 3243
f 3225 3243 3226
f 3226 3243 3244
f 3226 3244 3227
f 3227 3244 3245
f 3227 3245 3228
f 3228 3245 3246
f 3228 3246 3229
f 3229 3246 3230
f 3229 3230 3213
f 3213 3230 3232
f 3213 3232 3214
f 2407 2515 2512
f 2512 2515 2514
f 2512 2514 3233
f 3233 2514 2524
f 3233 2524 3234
f 3234 2524 2523
f 3234 2523 3235
f 3235 2523 2530
f 3235 2530 3236
f 3236 2530 2968
f 3236 2968 3237
f 3237 2968 2958
f 3237 2958 3238
f 3238 2958 2798
f 3238 2798 3239
f 3239 2798 2797
f 3239 2797 3240
f 3240 2797 2782
f 3240 2782 3241
f 3241 2782 2773
f 3241 2773 3242
f 3242 2773 2603
f 3242 2603 3243
f 3243 2603 2602
f 3243 2602 3244
f 3244 2602 2932
f 3244 2932 3245
f 3245 2932 2933
f 3245 2933 3246
f 3246 2933 2934
f 3246 2934 3230
f 3230 2934 2936
f 3230 2936 3231
f 3247 2935 3248
f 3248 2935 2944
f 3248 2944 3249
f 3249 2944 2943
f 3249 2943 3250
f 3250 2943 2942
f 3250 2942 3251
f 3251 2942 2938
f 3251 2938 3252
f 3252 2938 2937
f 3252 2937 3253
f 3253 2937 2947
f 3253 2947 3254
f 3254 2947 2946
f 3254 2946 3255
f 3255 2946 2945
f 3255 2945 3256
f 3256 2945 2775
f 3256 2775 3257
f 3257 2775 2774
f 3257 2774 3258
f 3258 2774 2948
f 3258 2948 3259
f 3259 2948 2949
f 3259 2949 3260
f 3260 2949 2474
f 3260 2474 3261
f 3261 2474 2473
f 3261 2473 3262
f 3262 2473 2471
f 3262 2471 3263
f 3263 2471 2470
f 3263 2470 3264
f 3264 2470 2468
f 3264 2468 3265
f 2468 2467 3265
f 3265 2467 2969
f 3265 2969 3266
f 3266 2969 2970
f 3266 2970 3267
f 3267 2970 2989
f 3267 2989 3268
f 3268 2989 2988
f 3268 2988 3269
f 3269 2988 2987
f 3269 2987 3270
f 3270 2987 2972
f 3270 2972 3271
f 3271 2972 2971
f 3271 2971 3272
f 3272 2971 2992
f 3272 2992 3273
f 3273 2992 2991
f 3273 2991 3274
f 2991 2990 3274
f 3274 2990 2846
f 3274 2846 3275
f 3275 2846 2847
f 3275 2847 3276
f 3276 2847 2993
f 3276 2993 3277
f 3277 2993 3013
f 3277 3013 3278
f 3278 3013 3012
f 3278 3012 3279
f 3279 3012 3011
f 3279 3011 3280
f 3280 3011 2995
f 3280 2995 3281
f 3281 2995 2994
f 3281 2994 3282
f 3282 2994 2465
f 3282 2465 3283
f 3283 2465 2464
f 3283 2464 3284
f 3284 2464 3029
f 3284 3029 3285
f 3029 3030 3285
f 3285 3030 3050
f 3285 3050 3286
f 3286 3050 3049
f 3286 3049 3287
f 3287 3049 3048
f 3287 3048 3288
f 3288 3048 3032
f 3288 3032 3289
f 3289 3032 3031
f 3289 3031 3290
f 3290 3031 2462
f 3290 2462 3291
f 3291 2462 2461
f 3291 2461 3292
f 3292 2461 2459
f 3292 2459 3293
f 3293 2459 2458
f 3293 2458 3294
f 3294 2458 3080
f 3294 3080 3295
f 3295 3080 3081
f 3295 3081 3296
f 3296 3081 3101
f 3296 3101 3297
f 3297 3101 3100
f 3297 3100 3298
f 3298 3100 3099
f 3298 3099 3299
f 3299 3099 3083
f 3299 3083 3300
f 3300 3083 3082
f 3300 3082 3301
f 3301 3082 3104
f 3301 3104 3302
f 3302 3104 3103
f 3302 3103 3303
f 3103 3102 3303
f 3303 3102 2930
f 3303 2930 3304
f 3304 2930 2931
f 3304 2931 3305
f 3305 2931 2456
f 3305 2456 3306
f 3306 2456 2455
f 3306 2455 3307
f 3307 2455 2453
f 3307 2453 3308
f 3308 2453 2452
f 3308 2452 3309
f 3309 2452 3134
f 3309 3134 3310
f 3310 3134 3137
f 3310 3137 3311
f 3311 3137 3136
f 3311 3136 3312
f 3312 3136 3154
f 3312 3154 3313
f 3154 3153 3313
f 3313 3153 2450
f 3313 2450 3314
f 3314 2450 2449
f 3314 2449 3315
f 3315 2449 2447
f 3315 2447 3316
f 3316 2447 2446
f 3316 2446 3317
f 3317 2446 3212
f 3317 3212 3318
f 3318 3212 3215
f 3318 3215 3319
f 3319 3215 3214
f 3319 3214 3320
f 3320 3214 3232
f 3320 3232 3321
f 3321 3232 3231
f 3321 3231 3247
f 3247 3231 2936
f 3247 2936 2935
f 3322 3323 3324
f 3325 3326 3327
f 3328 3329 3330
f 3331 3332 3333
f 3334 3335 3336
f 3337 3338 3339
f 3340 3341 3342
f 3343 3344 3345
f 3346 3347 3348
f 3349 3350 3351
f 3352 3353 3354
f 3355 3356 3357
f 3358 3359 3360
f 3361 3362 3363
f 3364 3365 3366
f 3367 3368 3369
f 3370 3371 3372
f 3320 3321 3373
f 3296 3297 3374
f 3294 3295 3375
f 3292 3293 3376
f 3290 3291 3377
f 3288 3289 3378
f 3286 3287 3379
f 3284 3285 3380
f 3281 3282 3381
f 3265 3266 3382
f 3257 3258 3383
f 3255 3256 3384
f 3253 3254 3385
f 3251 3252 3386
f 3249 3250 3387
f 3247 3248 3388
f 3259 3260 3370
f 3370 3260 3261
f 3370 3261 3371
f 3371 3261 3262
f 3371 3262 3263
f 3389 3264 3265
f 3266 3267 3390
f 3390 3267 3268
f 3390 3268 3269
f 3269 3270 3391
f 3391 3270 3271
f 3271 3272 3392
f 3392 3272 3273
f 3273 3274 3393
f 3393 3274 3275
f 3275 3276 3394
f 3394 3276 3277
f 3277 3278 3395
f 3395 3278 3279
f 3279 3280 3396
f 3396 3280 3281
f 3298 3299 3367
f 3367 3299 3300
f 3367 3300 3368
f 3368 3300 3301
f 3368 3301 3302
f 3303 3304 3397
f 3397 3304 3305
f 3397 3305 3306
f 3306 3307 3398
f 3398 3307 3308
f 3308 3309 3399
f 3399 3309 3310
f 3310 3311 3400
f 3400 3311 3312
f 3312 3313 3401
f 3401 3313 3314
f 3314 3315 3402
f 3402 3315 3316
f 3316 3317 3403
f 3403 3317 3318
f 3318 3319 3404
f 3404 3319 3320
f 3373 3321 3405
f 3348 3372 3406
f 3406 3372 3371
f 3406 3371 3389
f 3389 3371 3263
f 3389 3263 3264
f 3407 3369 3408
f 3408 3369 3368
f 3408 3368 3409
f 3409 3368 3302
f 3409 3302 3303
f 3410 3373 3411
f 3411 3373 3405
f 3411 3405 3412
f 3413 3414 3415
f 3416 3417 3418
f 3418 3417 3413
f 3418 3413 3419
f 3419 3413 3415
f 3419 3415 3381
f 3420 3410 3421
f 3421 3410 3411
f 3421 3411 3422
f 3422 3411 3412
f 3422 3412 3423
f 3365 3424 3366
f 3366 3424 3423
f 3366 3423 3425
f 3425 3423 3412
f 3425 3412 3388
f 3388 3412 3405
f 3388 3405 3247
f 3247 3405 3321
f 3362 3364 3363
f 3363 3364 3366
f 3363 3366 3426
f 3426 3366 3425
f 3426 3425 3387
f 3387 3425 3388
f 3387 3388 3249
f 3249 3388 3248
f 3359 3361 3360
f 3360 3361 3363
f 3360 3363 3427
f 3427 3363 3426
f 3427 3426 3386
f 3386 3426 3387
f 3386 3387 3251
f 3251 3387 3250
f 3356 3358 3357
f 3357 3358 3360
f 3357 3360 3428
f 3428 3360 3427
f 3428 3427 3385
f 3385 3427 3386
f 3385 3386 3253
f 3253 3386 3252
f 3353 3355 3354
f 3354 3355 3357
f 3354 3357 3429
f 3429 3357 3428
f 3429 3428 3384
f 3384 3428 3385
f 3384 3385 3255
f 3255 3385 3254
f 3350 3352 3351
f 3351 3352 3354
f 3351 3354 3430
f 3430 3354 3429
f 3430 3429 3383
f 3383 3429 3384
f 3383 3384 3257
f 3257 3384 3256
f 3347 3349 3348
f 3348 3349 3351
f 3348 3351 3372
f 3372 3351 3430
f 3372 3430 3370
f 3370 3430 3383
f 3370 3383 3259
f 3259 3383 3258
f 3265 3382 3389
f 3389 3382 3431
f 3389 3431 3406
f 3406 3431 3432
f 3406 3432 3348
f 3348 3432 3433
f 3348 3433 3346
f 3434 3435 3436
f 3266 3390 3382
f 3382 3390 3437
f 3382 3437 3431
f 3431 3437 3434
f 3431 3434 3432
f 3432 3434 3436
f 3432 3436 3433
f 3438 3439 3440
f 3269 3391 3390
f 3390 3391 3441
f 3390 3441 3437
f 3437 3441 3438
f 3437 3438 3434
f 3434 3438 3440
f 3434 3440 3435
f 3442 3443 3444
f 3271 3392 3391
f 3391 3392 3445
f 3391 3445 3441
f 3441 3445 3442
f 3441 3442 3438
f 3438 3442 3444
f 3438 3444 3439
f 3446 3447 3448
f 3273 3393 3392
f 3392 3393 3449
f 3392 3449 3445
f 3445 3449 3446
f 3445 3446 3442
f 3442 3446 3448
f 3442 3448 3443
f 3450 3451 3452
f 3275 3394 3393
f 3393 3394 3453
f 3393 3453 3449
f 3449 3453 3450
f 3449 3450 3446
f 3446 3450 3452
f 3446 3452 3447
f 3454 3455 3456
f 3277 3395 3394
f 3394 3395 3457
f 3394 3457 3453
f 3453 3457 3454
f 3453 3454 3450
f 3450 3454 3456
f 3450 3456 3451
f 3458 3459 3460
f 3279 3396 3395
f 3395 3396 3461
f 3395 3461 3457
f 3457 3461 3458
f 3457 3458 3454
f 3454 3458 3460
f 3454 3460 3455
f 3281 3381 3396
f 3396 3381 3415
f 3396 3415 3461
f 3461 3415 3414
f 3461 3414 3458
f 3458 3414 3462
f 3458 3462 3459
f 3417 3463 3413
f 3413 3463 3464
f 3413 3464 3414
f 3414 3464 3465
f 3414 3465 3462
f 3344 3416 3345
f 3345 3416 3418
f 3345 3418 3466
f 3466 3418 3419
f 3466 3419 3467
f 3467 3419 3381
f 3467 3381 3283
f 3283 3381 3282
f 3341 3343 3342
f 3342 3343 3345
f 3342 3345 3468
f 3468 3345 3466
f 3468 3466 3380
f 3380 3466 3467
f 3380 3467 3284
f 3284 3467 3283
f 3338 3340 3339
f 3339 3340 3342
f 3339 3342 3469
f 3469 3342 3468
f 3469 3468 3379
f 3379 3468 3380
f 3379 3380 3286
f 3286 3380 3285
f 3335 3337 3336
f 3336 3337 3339
f 3336 3339 3470
f 3470 3339 3469
f 3470 3469 3378
f 3378 3469 3379
f 3378 3379 3288
f 3288 3379 3287
f 3332 3334 3333
f 3333 3334 3336
f 3333 3336 3471
f 3471 3336 3470
f 3471 3470 3377
f 3377 3470 3378
f 3377 3378 3290
f 3290 3378 3289
f 3329 3331 3330
f 3330 3331 3333
f 3330 3333 3472
f 3472 3333 3471
f 3472 3471 3376
f 3376 3471 3377
f 3376 3377 3292
f 3292 3377 3291
f 3326 3328 3327
f 3327 3328 3330
f 3327 3330 3473
f 3473 3330 3472
f 3473 3472 3375
f 3375 3472 3376
f 3375 3376 3294
f 3294 3376 3293
f 3323 3325 3324
f 3324 3325 3327
f 3324 3327 3474
f 3474 3327 3473
f 3474 3473 3374
f 3374 3473 3375
f 3374 3375 3296
f 3296 3375 3295
f 3475 3322 3407
f 3407 3322 3324
f 3407 3324 3369
f 3369 3324 3474
f 3369 3474 3367
f 3367 3474 3374
f 3367 3374 3298
f 3298 3374 3297
f 3476 3477 3478
f 3303 3397 3409
f 3409 3397 3479
f 3409 3479 3408
f 3408 3479 3476
f 3408 3476 3407
f 3407 3476 3478
f 3407 3478 3475
f 3480 3481 3482
f 3306 3398 3397
f 3397 3398 3483
f 3397 3483 3479
f 3479 3483 3480
f 3479 3480 3476
f 3476 3480 3482
f 3476 3482 3477
f 3484 3485 3486
f 3308 3399 3398
f 3398 3399 3487
f 3398 3487 3483
f 3483 3487 3484
f 3483 3484 3480
f 3480 3484 3486
f 3480 3486 3481
f 3488 3489 3490
f 3310 3400 3399
f 3399 3400 3491
f 3399 3491 3487
f 3487 3491 3488
f 3487 3488 3484
f 3484 3488 3490
f 3484 3490 3485
f 3492 3493 3494
f 3312 3401 3400
f 3400 3401 3495
f 3400 3495 3491
f 3491 3495 3492
f 3491 3492 3488
f 3488 3492 3494
f 3488 3494 3489
f 3496 3497 3498
f 3314 3402 3401
f 3401 3402 3499
f 3401 3499 3495
f 3495 3499 3496
f 3495 3496 3492
f 3492 3496 3498
f 3492 3498 3493
f 3500 3501 3502
f 3316 3403 3402
f 3402 3403 3503
f 3402 3503 3499
f 3499 3503 3500
f 3499 3500 3496
f 3496 3500 3502
f 3496 3502 3497
f 3504 3505 3506
f 3318 3404 3403
f 3403 3404 3507
f 3403 3507 3503
f 3503 3507 3504
f 3503 3504 3500
f 3500 3504 3506
f 3500 3506 3501
f 3320 3373 3404
f 3404 3373 3410
f 3404 3410 3507
f 3507 3410 3420
f 3507 3420 3504
f 3504 3420 3508
f 3504 3508 3505
f 3424 3509 3423
f 3423 3509 3510
f 3423 3510 3422
f 3422 3510 3511
f 3422 3511 3421
f 3421 3511 3512
f 3421 3512 3420
f 3420 3512 3513
f 3420 3513 3508
f 3514 3513 3515
f 3515 3513 3512
f 3515 3512 3516
f 3516 3512 3511
f 3516 3511 3517
f 3517 3511 3510
f 3517 3510 3518
f 3518 3510 3509
f 3518 3509 3519
f 3519 3509 3424
f 3519 3424 3520
f 3520 3424 3365
f 3520 3365 3521
f 3521 3365 3364
f 3521 3364 3522
f 3522 3364 3362
f 3522 3362 3523
f 3523 3362 3361
f 3523 3361 3524
f 3524 3361 3359
f 3524 3359 3525
f 3525 3359 3358
f 3525 3358 3526
f 3526 3358 3356
f 3526 3356 3527
f 3527 3356 3355
f 3527 3355 3528
f 3528 3355 3353
f 3528 3353 3529
f 3529 3353 3352
f 3529 3352 3530
f 3530 3352 3350
f 3530 3350 3531
f 3531 3350 3349
f 3531 3349 3532
f 3532 3349 3347
f 3532 3347 3533
f 3533 3347 3346
f 3533 3346 3534
f 3534 3346 3433
f 3534 3433 3535
f 3535 3433 3436
f 3535 3436 3536
f 3536 3436 3435
f 3536 3435 3537
f 3537 3435 3440
f 3537 3440 3538
f 3538 3440 3439
f 3538 3439 3539
f 3539 3439 3444
f 3539 3444 3540
f 3540 3444 3443
f 3540 3443 3541
f 3541 3443 3448
f 3541 3448 3542
f 3542 3448 3447
f 3542 3447 3543
f 3543 3447 3452
f 3543 3452 3544
f 3544 3452 3451
f 3544 3451 3545
f 3545 3451 3456
f 3545 3456 3546
f 3546 3456 3455
f 3546 3455 3547
f 3547 3455 3460
f 3547 3460 3548
f 3548 3460 3459
f 3548 3459 3549
f 3549 3459 3462
f 3549 3462 3550
f 3550 3462 3465
f 3550 3465 3551
f 3551 3465 3464
f 3551 3464 3552
f 3552 3464 3463
f 3552 3463 3553
f 3553 3463 3417
f 3553 3417 3554
f 3554 3417 3416
f 3554 3416 3555
f 3555 3416 3344
f 3555 3344 3556
f 3556 3344 3343
f 3556 3343 3557
f 3557 3343 3341
f 3557 3341 3558
f 3558 3341 3340
f 3558 3340 3559
f 3559 3340 3338
f 3559 3338 3560
f 3560 3338 3337
f 3560 3337 3561
f 3561 3337 3335
f 3561 3335 3562
f 3562 3335 3334
f 3562 3334 3563
f 3563 3334 3332
f 3563 3332 3564
f 3564 3332 3331
f 3564 3331 3565
f 3565 3331 3329
f 3565 3329 3566
f 3566 3329 3328
f 3566 3328 3567
f 3567 3328 3326
f 3567 3326 3568
f 3568 3326 3325
f 3568 3325 3569
f 3569 3325 3323
f 3569 3323 3570
f 3570 3323 3322
f 3570 3322 3571
f 3571 3322 3475
f 3571 3475 3572
f 3572 3475 3478
f 3572 3478 3573
f 3573 3478 3477
f 3573 3477 3574
f 3574 3477 3482
f 3574 3482 3575
f 3575 3482 3481
f 3575 3481 3576
f 3576 3481 3486
f 3576 3486 3577
f 3577 3486 3485
f 3577 3485 3578
f 3578 3485 3490
f 3578 3490 3579
f 3579 3490 3489
f 3579 3489 3580
f 3580 3489 3494
f 3580 3494 3581
f 3581 3494 3493
f 3581 3493 3582
f 3582 3493 3498
f 3582 3498 3583
f 3583 3498 3497
f 3583 3497 3584
f 3584 3497 3502
f 3584 3502 3585
f 3585 3502 3501
f 3585 3501 3586
f 3586 3501 3506
f 3586 3506 3587
f 3587 3506 3505
f 3587 3505 3588
f 3588 3505 3508
f 3588 3508 3514
f 3514 3508 3513
f 3589 3590 3591
f 3592 3593 3594
f 3595 3596 3597
f 3598 3599 3600
f 3601 3602 3603
f 3604 3605 3606
f 3607 3608 3609
f 3610 3611 3612
f 3613 3614 3615
f 3616 3617 3618
f 3619 3620 3621
f 3622 3623 3624
f 3625 3626 3627
f 3628 3629 3630
f 3631 3632 3633
f 3634 3635 3636
f 3637 3638 3639
f 3640 3641 3642
f 3643 3644 3645
f 3646 3647 3648
f 3649 3650 3651
f 3652 3653 3654
f 3588 3514 3655
f 3584 3585 3656
f 3582 3583 3657
f 3580 3581 3658
f 3578 3579 3659
f 3576 3577 3660
f 3574 3575 3661
f 3572 3573 3662
f 3549 3550 3663
f 3547 3548 3664
f 3531 3532 3665
f 3529 3530 3666
f 3527 3528 3667
f 3525 3526 3668
f 3523 3524 3669
f 3521 3522 3670
f 3519 3520 3671
f 3517 3518 3672
f 3515 3516 3673
f 3534 3535 3674
f 3536 3537 3675
f 3538 3539 3676
f 3540 3541 3677
f 3542 3543 3678
f 3544 3545 3679
f 3547 3664 3546
f 3552 3553 3652
f 3652 3553 3554
f 3652 3554 3653
f 3653 3554 3555
f 3653 3555 3556
f 3680 3557 3558
f 3681 3559 3560
f 3682 3561 3562
f 3683 3563 3564
f 3684 3565 3566
f 3685 3567 3568
f 3686 3569 3570
f 3586 3587 3687
f 3687 3587 3588
f 3688 3689 3690
f 3691 3654 3692
f 3692 3654 3653
f 3692 3653 3680
f 3680 3653 3556
f 3680 3556 3557
f 3693 3694 3689
f 3695 3691 3696
f 3696 3691 3692
f 3696 3692 3697
f 3697 3692 3680
f 3697 3680 3681
f 3681 3680 3558
f 3681 3558 3559
f 3698 3699 3694
f 3700 3695 3701
f 3701 3695 3696
f 3701 3696 3702
f 3702 3696 3697
f 3702 3697 3703
f 3703 3697 3681
f 3703 3681 3682
f 3682 3681 3560
f 3682 3560 3561
f 3704 3700 3705
f 3705 3700 3701
f 3705 3701 3706
f 3706 3701 3702
f 3706 3702 3707
f 3707 3702 3703
f 3707 3703 3708
f 3708 3703 3682
f 3708 3682 3683
f 3683 3682 3562
f 3683 3562 3563
f 3709 3704 3710
f 3710 3704 3705
f 3710 3705 3711
f 3711 3705 3706
f 3711 3706 3712
f 3712 3706 3707
f 3712 3707 3713
f 3713 3707 3708
f 3713 3708 3714
f 3714 3708 3683
f 3714 3683 3684
f 3684 3683 3564
f 3684 3564 3565
f 3715 3709 3716
f 3716 3709 3710
f 3716 3710 3717
f 3717 3710 3711
f 3717 3711 3718
f 3718 3711 3712
f 3718 3712 3719
f 3719 3712 3713
f 3719 3713 3720
f 3720 3713 3714
f 3720 3714 3721
f 3721 3714 3684
f 3721 3684 3685
f 3685 3684 3566
f 3685 3566 3567
f 3722 3715 3723
f 3723 3715 3716
f 3723 3716 3724
f 3724 3716 3717
f 3724 3717 3725
f 3725 3717 3718
f 3725 3718 3726
f 3726 3718 3719
f 3726 3719 3727
f 3727 3719 3720
f 3727 3720 3728
f 3728 3720 3721
f 3728 3721 3729
f 3729 3721 3685
f 3729 3685 3686
f 3686 3685 3568
f 3686 3568 3569
f 3730 3722 3731
f 3731 3722 3723
f 3731 3723 3732
f 3732 3723 3724
f 3732 3724 3733
f 3733 3724 3725
f 3733 3725 3734
f 3734 3725 3726
f 3734 3726 3735
f 3735 3726 3727
f 3735 3727 3736
f 3736 3727 3728
f 3736 3728 3737
f 3737 3728 3729
f 3737 3729 3738
f 3738 3729 3686
f 3738 3686 3739
f 3739 3686 3570
f 3739 3570 3571
f 3740 3730 3741
f 3741 3730 3731
f 3741 3731 3742
f 3742 3731 3732
f 3742 3732 3743
f 3743 3732 3733
f 3743 3733 3744
f 3744 3733 3734
f 3744 3734 3745
f 3745 3734 3735
f 3745 3735 3746
f 3746 3735 3736
f 3746 3736 3747
f 3747 3736 3737
f 3747 3737 3748
f 3748 3737 3738
f 3748 3738 3749
f 3749 3738 3739
f 3749 3739 3662
f 3662 3739 3571
f 3662 3571 3572
f 3750 3740 3751
f 3751 3740 3741
f 3751 3741 3752
f 3752 3741 3742
f 3752 3742 3753
f 3753 3742 3743
f 3753 3743 3754
f 3754 3743 3744
f 3754 3744 3755
f 3755 3744 3745
f 3755 3745 3756
f 3756 3745 3746
f 3756 3746 3757
f 3757 3746 3747
f 3757 3747 3758
f 3758 3747 3748
f 3758 3748 3759
f 3759 3748 3749
f 3759 3749 3760
f 3760 3749 3662
f 3760 3662 3661
f 3661 3662 3573
f 3661 3573 3574
f 3761 3750 3762
f 3762 3750 3751
f 3762 3751 3763
f 3763 3751 3752
f 3763 3752 3764
f 3764 3752 3753
f 3764 3753 3765
f 3765 3753 3754
f 3765 3754 3766
f 3766 3754 3755
f 3766 3755 3767
f 3767 3755 3756
f 3767 3756 3768
f 3768 3756 3757
f 3768 3757 3769
f 3769 3757 3758
f 3769 3758 3770
f 3770 3758 3759
f 3770 3759 3771
f 3771 3759 3760
f 3771 3760 3772
f 3772 3760 3661
f 3772 3661 3660
f 3660 3661 3575
f 3660 3575 3576
f 3773 3761 3774
f 3774 3761 3762
f 3774 3762 3775
f 3775 3762 3763
f 3775 3763 3776
f 3776 3763 3764
f 3776 3764 3777
f 3777 3764 3765
f 3777 3765 3778
f 3778 3765 3766
f 3778 3766 3779
f 3779 3766 3767
f 3779 3767 3780
f 3780 3767 3768
f 3780 3768 3781
f 3781 3768 3769
f 3781 3769 3782
f 3782 3769 3770
f 3782 3770 3783
f 3783 3770 3771
f 3783 3771 3784
f 3784 3771 3772
f 3784 3772 3785
f 3785 3772 3660
f 3785 3660 3659
f 3659 3660 3577
f 3659 3577 3578
f 3786 3773 3787
f 3787 3773 3774
f 3787 3774 3788
f 3788 3774 3775
f 3788 3775 3789
f 3789 3775 3776
f 3789 3776 3790
f 3790 3776 3777
f 3790 3777 3791
f 3791 3777 3778
f 3791 3778 3792
f 3792 3778 3779
f 3792 3779 3793
f 3793 3779 3780
f 3793 3780 3794
f 3794 3780 3781
f 3794 3781 3795
f 3795 3781 3782
f 3795 3782 3796
f 3796 3782 3783
f 3796 3783 3797
f 3797 3783 3784
f 3797 3784 3798
f 3798 3784 3785
f 3798 3785 3799
f 3799 3785 3659
f 3799 3659 3658
f 3658 3659 3579
f 3658 3579 3580
f 3689 3688 3693
f 3693 3688 3800
f 3693 3800 3801
f 3801 3800 3802
f 3801 3802 3803
f 3803 3802 3804
f 3803 3804 3805
f 3805 3804 3806
f 3805 3806 3807
f 3807 3806 3808
f 3807 3808 3809
f 3809 3808 3810
f 3809 3810 3811
f 3811 3810 3812
f 3811 3812 3813
f 3813 3812 3814
f 3813 3814 3815
f 3815 3814 3816
f 3815 3816 3817
f 3817 3816 3818
f 3817 3818 3819
f 3819 3818 3820
f 3819 3820 3821
f 3821 3820 3822
f 3821 3822 3823
f 3823 3822 3824
f 3823 3824 3825
f 3826 3786 3827
f 3827 3786 3787
f 3827 3787 3828
f 3828 3787 3788
f 3828 3788 3829
f 3829 3788 3789
f 3829 3789 3830
f 3830 3789 3790
f 3830 3790 3831
f 3831 3790 3791
f 3831 3791 3832
f 3832 3791 3792
f 3832 3792 3833
f 3833 3792 3793
f 3833 3793 3834
f 3834 3793 3794
f 3834 3794 3835
f 3835 3794 3795
f 3835 3795 3836
f 3836 3795 3796
f 3836 3796 3837
f 3837 3796 3797
f 3837 3797 3838
f 3838 3797 3798
f 3838 3798 3839
f 3839 3798 3799
f 3839 3799 3840
f 3840 3799 3658
f 3840 3658 3657
f 3657 3658 3581
f 3657 3581 3582
f 3694 3693 3698
f 3698 3693 3801
f 3698 3801 3841
f 3841 3801 3803
f 3841 3803 3842
f 3842 3803 3805
f 3842 3805 3843
f 3843 3805 3807
f 3843 3807 3844
f 3844 3807 3809
f 3844 3809 3845
f 3845 3809 3811
f 3845 3811 3846
f 3846 3811 3813
f 3846 3813 3847
f 3847 3813 3815
f 3847 3815 3848
f 3848 3815 3817
f 3848 3817 3849
f 3849 3817 3819
f 3849 3819 3850
f 3850 3819 3821
f 3850 3821 3851
f 3851 3821 3823
f 3851 3823 3852
f 3852 3823 3825
f 3852 3825 3853
f 3522 3523 3670
f 3670 3523 3669
f 3670 3669 3854
f 3854 3669 3855
f 3854 3855 3856
f 3856 3855 3857
f 3856 3857 3858
f 3858 3857 3859
f 3858 3859 3860
f 3860 3859 3861
f 3860 3861 3862
f 3862 3861 3863
f 3862 3863 3864
f 3864 3863 3865
f 3864 3865 3866
f 3866 3865 3867
f 3866 3867 3868
f 3868 3867 3869
f 3868 3869 3870
f 3870 3869 3871
f 3870 3871 3872
f 3872 3871 3873
f 3872 3873 3874
f 3874 3873 3875
f 3874 3875 3876
f 3876 3875 3877
f 3876 3877 3878
f 3878 3877 3879
f 3878 3879 3880
f 3880 3879 3881
f 3880 3881 3882
f 3882 3881 3883
f 3882 3883 3884
f 3543 3544 3678
f 3678 3544 3679
f 3678 3679 3885
f 3885 3679 3886
f 3885 3886 3887
f 3887 3886 3888
f 3887 3888 3889
f 3889 3888 3890
f 3889 3890 3891
f 3891 3890 3892
f 3891 3892 3893
f 3893 3892 3894
f 3893 3894 3895
f 3895 3894 3896
f 3895 3896 3897
f 3897 3896 3898
f 3897 3898 3899
f 3899 3898 3900
f 3899 3900 3901
f 3901 3900 3902
f 3901 3902 3903
f 3903 3902 3904
f 3903 3904 3905
f 3905 3904 3906
f 3905 3906 3907
f 3907 3906 3908
f 3907 3908 3909
f 3909 3908 3910
f 3909 3910 3911
f 3911 3910 3912
f 3911 3912 3913
f 3913 3912 3914
f 3913 3914 3915
f 3916 3826 3917
f 3917 3826 3827
f 3917 3827 3918
f 3918 3827 3828
f 3918 3828 3919
f 3919 3828 3829
f 3919 3829 3920
f 3920 3829 3830
f 3920 3830 3921
f 3921 3830 3831
f 3921 3831 3922
f 3922 3831 3832
f 3922 3832 3923
f 3923 3832 3833
f 3923 3833 3924
f 3924 3833 3834
f 3924 3834 3925
f 3925 3834 3835
f 3925 3835 3926
f 3926 3835 3836
f 3926 3836 3927
f 3927 3836 3837
f 3927 3837 3928
f 3928 3837 3838
f 3928 3838 3929
f 3929 3838 3839
f 3929 3839 3930
f 3930 3839 3840
f 3930 3840 3931
f 3931 3840 3657
f 3931 3657 3656
f 3656 3657 3583
f 3656 3583 3584
f 3699 3698 3932
f 3932 3698 3841
f 3932 3841 3933
f 3933 3841 3842
f 3933 3842 3934
f 3934 3842 3843
f 3934 3843 3935
f 3935 3843 3844
f 3935 3844 3936
f 3936 3844 3845
f 3936 3845 3937
f 3937 3845 3846
f 3937 3846 3938
f 3938 3846 3847
f 3938 3847 3939
f 3939 3847 3848
f 3939 3848 3940
f 3940 3848 3849
f 3940 3849 3941
f 3941 3849 3850
f 3941 3850 3942
f 3942 3850 3851
f 3942 3851 3943
f 3943 3851 3852
f 3943 3852 3944
f 3944 3852 3853
f 3944 3853 3636
f 3520 3521 3671
f 3671 3521 3670
f 3671 3670 3945
f 3945 3670 3854
f 3945 3854 3946
f 3946 3854 3856
f 3946 3856 3947
f 3947 3856 3858
f 3947 3858 3948
f 3948 3858 3860
f 3948 3860 3949
f 3949 3860 3862
f 3949 3862 3950
f 3950 3862 3864
f 3950 3864 3951
f 3951 3864 3866
f 3951 3866 3952
f 3952 3866 3868
f 3952 3868 3953
f 3953 3868 3870
f 3953 3870 3954
f 3954 3870 3872
f 3954 3872 3955
f 3955 3872 3874
f 3955 3874 3956
f 3956 3874 3876
f 3956 3876 3957
f 3957 3876 3878
f 3957 3878 3958
f 3958 3878 3880
f 3958 3880 3959
f 3959 3880 3882
f 3959 3882 3960
f 3960 3882 3884
f 3960 3884 3624
f 3541 3542 3677
f 3677 3542 3678
f 3677 3678 3961
f 3961 3678 3885
f 3961 3885 3962
f 3962 3885 3887
f 3962 3887 3963
f 3963 3887 3889
f 3963 3889 3964
f 3964 3889 3891
f 3964 3891 3965
f 3965 3891 3893
f 3965 3893 3966
f 3966 3893 3895
f 3966 3895 3967
f 3967 3895 3897
f 3967 3897 3968
f 3968 3897 3899
f 3968 3899 3969
f 3969 3899 3901
f 3969 3901 3970
f 3970 3901 3903
f 3970 3903 3971
f 3971 3903 3905
f 3971 3905 3972
f 3972 3905 3907
f 3972 3907 3973
f 3973 3907 3909
f 3973 3909 3974
f 3974 3909 3911
f 3974 3911 3975
f 3975 3911 3913
f 3975 3913 3976
f 3976 3913 3915
f 3976 3915 3606
f 3594 3916 3977
f 3977 3916 3917
f 3977 3917 3978
f 3978 3917 3918
f 3978 3918 3979
f 3979 3918 3919
f 3979 3919 3980
f 3980 3919 3920
f 3980 3920 3981
f 3981 3920 3921
f 3981 3921 3982
f 3982 3921 3922
f 3982 3922 3983
f 3983 3922 3923
f 3983 3923 3984
f 3984 3923 3924
f 3984 3924 3985
f 3985 3924 3925
f 3985 3925 3986
f 3986 3925 3926
f 3986 3926 3987
f 3987 3926 3927
f 3987 3927 3988
f 3988 3927 3928
f 3988 3928 3989
f 3989 3928 3929
f 3989 3929 3990
f 3990 3929 3930
f 3990 3930 3991
f 3991 3930 3931
f 3991 3931 3992
f 3992 3931 3656
f 3992 3656 3687
f 3687 3656 3585
f 3687 3585 3586
f 3993 3994 3995
f 3996 3997 3998
f 3998 3997 3999
f 3998 3999 4000
f 4000 3999 4001
f 4000 4001 4002
f 4002 4001 4003
f 4002 4003 4004
f 4004 4003 4005
f 4004 4005 4006
f 4006 4005 4007
f 4006 4007 4008
f 4008 4007 4009
f 4008 4009 4010
f 4010 4009 4011
f 4010 4011 4012
f 4012 4011 4013
f 4012 4013 4014
f 4014 4013 4015
f 4014 4015 4016
f 4017 4018 4019
f 4020 4021 4022
f 3532 3533 3665
f 3665 3533 4023
f 3665 4023 4024
f 4024 4023 4025
f 4024 4025 4026
f 4026 4025 4027
f 4026 4027 4028
f 4028 4027 4029
f 4028 4029 4030
f 4030 4029 4031
f 4030 4031 4032
f 4032 4031 4033
f 4032 4033 4034
f 4034 4033 4035
f 4034 4035 4036
f 4036 4035 4037
f 4036 4037 4038
f 4038 4037 4039
f 4038 4039 4040
f 4040 4039 4041
f 4040 4041 4042
f 4042 4041 4043
f 4042 4043 4044
f 4044 4043 4045
f 4044 4045 4046
f 4046 4045 4047
f 4046 4047 4048
f 4048 4047 4049
f 4048 4049 4050
f 4050 4049 4051
f 4050 4051 4052
f 4052 4051 4053
f 4052 4053 4054
f 4054 4053 4055
f 4054 4055 4056
f 4056 4055 4057
f 4058 4059 4060
f 4061 4062 4063
f 4064 4065 4066
f 4066 4065 4067
f 4066 4067 4068
f 4068 4067 4069
f 4068 4069 4070
f 4070 4069 4071
f 4070 4071 4072
f 4072 4071 4073
f 4072 4073 4074
f 4074 4073 4061
f 4074 4061 4075
f 4075 4061 4063
f 4075 4063 4076
f 4077 4078 4079
f 4065 4080 4067
f 4067 4080 4081
f 4067 4081 4069
f 4069 4081 4082
f 4069 4082 4071
f 4071 4082 4083
f 4071 4083 4073
f 4073 4083 4077
f 4073 4077 4061
f 4061 4077 4079
f 4061 4079 4062
f 4084 4085 4086
f 4086 4085 4087
f 4080 4088 4081
f 4081 4088 4089
f 4081 4089 4082
f 4082 4089 4090
f 4082 4090 4083
f 4083 4090 4086
f 4083 4086 4077
f 4077 4086 4087
f 4077 4087 4078
f 4088 4091 4089
f 4089 4091 4092
f 4089 4092 4090
f 4090 4092 3651
f 4090 3651 4086
f 4086 3651 3650
f 4086 3650 4084
f 4091 3995 4092
f 4092 3995 3994
f 4092 3994 3651
f 3651 3994 4093
f 3651 4093 3649
f 4094 4095 3993
f 3993 4095 4096
f 3993 4096 3994
f 3994 4096 4097
f 3994 4097 4093
f 3647 4094 3648
f 3648 4094 3993
f 3648 3993 4098
f 4098 3993 3995
f 4098 3995 4099
f 4099 3995 4091
f 4099 4091 4100
f 4100 4091 4088
f 4100 4088 4101
f 4101 4088 4080
f 4101 4080 4102
f 4102 4080 4065
f 4102 4065 4103
f 4103 4065 4064
f 4103 4064 4104
f 3644 3646 3645
f 3645 3646 3648
f 3645 3648 4105
f 4105 3648 4098
f 4105 4098 4106
f 4106 4098 4099
f 4106 4099 4107
f 4107 4099 4100
f 4107 4100 4108
f 4108 4100 4101
f 4108 4101 4109
f 4109 4101 4102
f 4109 4102 4110
f 4110 4102 4103
f 4110 4103 4111
f 4111 4103 4104
f 4111 4104 4112
f 4113 3643 3997
f 3997 3643 3645
f 3997 3645 3999
f 3999 3645 4105
f 3999 4105 4001
f 4001 4105 4106
f 4001 4106 4003
f 4003 4106 4107
f 4003 4107 4005
f 4005 4107 4108
f 4005 4108 4007
f 4007 4108 4109
f 4007 4109 4009
f 4009 4109 4110
f 4009 4110 4011
f 4011 4110 4111
f 4011 4111 4013
f 4013 4111 4112
f 4013 4112 4015
f 4114 4115 4116
f 4116 4115 3996
f 4116 3996 4117
f 4117 3996 3998
f 4117 3998 4118
f 4118 3998 4000
f 4118 4000 4119
f 4119 4000 4002
f 4119 4002 4120
f 4120 4002 4004
f 4120 4004 4121
f 4121 4004 4006
f 4121 4006 4122
f 4122 4006 4008
f 4122 4008 4123
f 4123 4008 4010
f 4123 4010 4124
f 4124 4010 4012
f 4124 4012 4125
f 4125 4012 4014
f 4125 4014 4126
f 4126 4014 4016
f 4126 4016 4127
f 4115 4128 3996
f 3996 4128 4129
f 3996 4129 3997
f 3997 4129 4130
f 3997 4130 4113
f 3641 4114 3642
f 3642 4114 4116
f 3642 4116 4131
f 4131 4116 4117
f 4131 4117 4132
f 4132 4117 4118
f 4132 4118 4133
f 4133 4118 4119
f 4133 4119 4134
f 4134 4119 4120
f 4134 4120 4135
f 4135 4120 4121
f 4135 4121 4136
f 4136 4121 4122
f 4136 4122 4137
f 4137 4122 4123
f 4137 4123 4138
f 4138 4123 4124
f 4138 4124 4139
f 4139 4124 4125
f 4139 4125 4140
f 4140 4125 4126
f 4140 4126 4141
f 4141 4126 4127
f 4141 4127 4142
f 3638 3640 3639
f 3639 3640 3642
f 3639 3642 4143
f 4143 3642 4131
f 4143 4131 4144
f 4144 4131 4132
f 4144 4132 4145
f 4145 4132 4133
f 4145 4133 4146
f 4146 4133 4134
f 4146 4134 4147
f 4147 4134 4135
f 4147 4135 4148
f 4148 4135 4136
f 4148 4136 4149
f 4149 4136 4137
f 4149 4137 4150
f 4150 4137 4138
f 4150 4138 4151
f 4151 4138 4139
f 4151 4139 4152
f 4152 4139 4140
f 4152 4140 4153
f 4153 4140 4141
f 4153 4141 4154
f 4154 4141 4142
f 4154 4142 4155
f 3635 3637 3636
f 3636 3637 3639
f 3636 3639 3944
f 3944 3639 4143
f 3944 4143 3943
f 3943 4143 4144
f 3943 4144 3942
f 3942 4144 4145
f 3942 4145 3941
f 3941 4145 4146
f 3941 4146 3940
f 3940 4146 4147
f 3940 4147 3939
f 3939 4147 4148
f 3939 4148 3938
f 3938 4148 4149
f 3938 4149 3937
f 3937 4149 4150
f 3937 4150 3936
f 3936 4150 4151
f 3936 4151 3935
f 3935 4151 4152
f 3935 4152 3934
f 3934 4152 4153
f 3934 4153 3933
f 3933 4153 4154
f 3933 4154 3932
f 3932 4154 4155
f 3932 4155 3699
f 3824 4156 3825
f 3825 4156 4157
f 3825 4157 3853
f 3853 4157 3633
f 3853 3633 3636
f 3636 3633 3632
f 3636 3632 3634
f 4156 4019 4157
f 4157 4019 4018
f 4157 4018 3633
f 3633 4018 4158
f 3633 4158 3631
f 4159 4160 4017
f 4017 4160 4161
f 4017 4161 4018
f 4018 4161 4162
f 4018 4162 4158
f 3629 4159 3630
f 3630 4159 4017
f 3630 4017 4163
f 4163 4017 4019
f 4163 4019 4164
f 4164 4019 4156
f 4164 4156 4165
f 4165 4156 3824
f 4165 3824 4166
f 4166 3824 3822
f 4166 3822 4167
f 4167 3822 3820
f 4167 3820 4168
f 4168 3820 3818
f 4168 3818 4169
f 4169 3818 3816
f 4169 3816 4170
f 4170 3816 3814
f 4170 3814 4171
f 4171 3814 3812
f 4171 3812 4172
f 4172 3812 3810
f 4172 3810 4173
f 4173 3810 3808
f 4173 3808 4174
f 4174 3808 3806
f 4174 3806 4175
f 4175 3806 3804
f 4175 3804 4176
f 4176 3804 3802
f 4176 3802 4177
f 4177 3802 3800
f 4177 3800 4178
f 4178 3800 3688
f 4178 3688 3673
f 3673 3688 3690
f 3673 3690 3515
f 3515 3690 3514
f 3626 3628 3627
f 3627 3628 3630
f 3627 3630 4179
f 4179 3630 4163
f 4179 4163 4180
f 4180 4163 4164
f 4180 4164 4181
f 4181 4164 4165
f 4181 4165 4182
f 4182 4165 4166
f 4182 4166 4183
f 4183 4166 4167
f 4183 4167 4184
f 4184 4167 4168
f 4184 4168 4185
f 4185 4168 4169
f 4185 4169 4186
f 4186 4169 4170
f 4186 4170 4187
f 4187 4170 4171
f 4187 4171 4188
f 4188 4171 4172
f 4188 4172 4189
f 4189 4172 4173
f 4189 4173 4190
f 4190 4173 4174
f 4190 4174 4191
f 4191 4174 4175
f 4191 4175 4192
f 4192 4175 4176
f 4192 4176 4193
f 4193 4176 4177
f 4193 4177 4194
f 4194 4177 4178
f 4194 4178 3672
f 3672 4178 3673
f 3672 3673 3517
f 3517 3673 3516
f 3623 3625 3624
f 3624 3625 3627
f 3624 3627 3960
f 3960 3627 4179
f 3960 4179 3959
f 3959 4179 4180
f 3959 4180 3958
f 3958 4180 4181
f 3958 4181 3957
f 3957 4181 4182
f 3957 4182 3956
f 3956 4182 4183
f 3956 4183 3955
f 3955 4183 4184
f 3955 4184 3954
f 3954 4184 4185
f 3954 4185 3953
f 3953 4185 4186
f 3953 4186 3952
f 3952 4186 4187
f 3952 4187 3951
f 3951 4187 4188
f 3951 4188 3950
f 3950 4188 4189
f 3950 4189 3949
f 3949 4189 4190
f 3949 4190 3948
f 3948 4190 4191
f 3948 4191 3947
f 3947 4191 4192
f 3947 4192 3946
f 3946 4192 4193
f 3946 4193 3945
f 3945 4193 4194
f 3945 4194 3671
f 3671 4194 3672
f 3671 3672 3519
f 3519 3672 3518
f 3883 4022 3884
f 3884 4022 4021
f 3884 4021 3624
f 3624 4021 4195
f 3624 4195 3622
f 4196 4197 4020
f 4020 4197 4198
f 4020 4198 4021
f 4021 4198 4199
f 4021 4199 4195
f 3620 4196 3621
f 3621 4196 4020
f 3621 4020 4200
f 4200 4020 4022
f 4200 4022 4201
f 4201 4022 3883
f 4201 3883 4202
f 4202 3883 3881
f 4202 3881 4203
f 4203 3881 3879
f 4203 3879 4204
f 4204 3879 3877
f 4204 3877 4205
f 4205 3877 3875
f 4205 3875 4206
f 4206 3875 3873
f 4206 3873 4207
f 4207 3873 3871
f 4207 3871 4208
f 4208 3871 3869
f 4208 3869 4209
f 4209 3869 3867
f 4209 3867 4210
f 4210 3867 3865
f 4210 3865 4211
f 4211 3865 3863
f 4211 3863 4212
f 4212 3863 3861
f 4212 3861 4213
f 4213 3861 3859
f 4213 3859 4214
f 4214 3859 3857
f 4214 3857 4215
f 4215 3857 3855
f 4215 3855 3668
f 3668 3855 3669
f 3668 3669 3525
f 3525 3669 3524
f 3617 3619 3618
f 3618 3619 3621
f 3618 3621 4216
f 4216 3621 4200
f 4216 4200 4217
f 4217 4200 4201
f 4217 4201 4218
f 4218 4201 4202
f 4218 4202 4219
f 4219 4202 4203
f 4219 4203 4220
f 4220 4203 4204
f 4220 4204 4221
f 4221 4204 4205
f 4221 4205 4222
f 4222 4205 4206
f 4222 4206 4223
f 4223 4206 4207
f 4223 4207 4224
f 4224 4207 4208
f 4224 4208 4225
f 4225 4208 4209
f 4225 4209 4226
f 4226 4209 4210
f 4226 4210 4227
f 4227 4210 4211
f 4227 4211 4228
f 4228 4211 4212
f 4228 4212 4229
f 4229 4212 4213
f 4229 4213 4230
f 4230 4213 4214
f 4230 4214 4231
f 4231 4214 4215
f 4231 4215 3667
f 3667 4215 3668
f 3667 3668 3527
f 3527 3668 3526
f 3614 3616 3615
f 3615 3616 3618
f 3615 3618 4232
f 4232 3618 4216
f 4232 4216 4233
f 4233 4216 4217
f 4233 4217 4234
f 4234 4217 4218
f 4234 4218 4235
f 4235 4218 4219
f 4235 4219 4236
f 4236 4219 4220
f 4236 4220 4237
f 4237 4220 4221
f 4237 4221 4238
f 4238 4221 4222
f 4238 4222 4239
f 4239 4222 4223
f 4239 4223 4240
f 4240 4223 4224
f 4240 4224 4241
f 4241 4224 4225
f 4241 4225 4242
f 4242 4225 4226
f 4242 4226 4243
f 4243 4226 4227
f 4243 4227 4244
f 4244 4227 4228
f 4244 4228 4245
f 4245 4228 4229
f 4245 4229 4246
f 4246 4229 4230
f 4246 4230 4247
f 4247 4230 4231
f 4247 4231 3666
f 3666 4231 3667
f 3666 3667 3529
f 3529 3667 3528
f 3530 3531 3666
f 3666 3531 3665
f 3666 3665 4247
f 4247 3665 4024
f 4247 4024 4246
f 4246 4024 4026
f 4246 4026 4245
f 4245 4026 4028
f 4245 4028 4244
f 4244 4028 4030
f 4244 4030 4243
f 4243 4030 4032
f 4243 4032 4242
f 4242 4032 4034
f 4242 4034 4241
f 4241 4034 4036
f 4241 4036 4240
f 4240 4036 4038
f 4240 4038 4239
f 4239 4038 4040
f 4239 4040 4238
f 4238 4040 4042
f 4238 4042 4237
f 4237 4042 4044
f 4237 4044 4236
f 4236 4044 4046
f 4236 4046 4235
f 4235 4046 4048
f 4235 4048 4234
f 4234 4048 4050
f 4234 4050 4233
f 4233 4050 4052
f 4233 4052 4232
f 4232 4052 4054
f 4232 4054 3615
f 3615 4054 4056
f 3615 4056 3613
f 3613 4056 4248
f 4249 4250 4251
f 4251 4250 4057
f 4251 4057 4252
f 4252 4057 4055
f 4252 4055 4253
f 4253 4055 4053
f 4253 4053 4254
f 4254 4053 4051
f 4254 4051 4255
f 4255 4051 4049
f 4255 4049 4256
f 4256 4049 4047
f 4256 4047 4257
f 4257 4047 4045
f 4257 4045 4258
f 4258 4045 4043
f 4258 4043 4259
f 4259 4043 4041
f 4259 4041 4260
f 4260 4041 4039
f 4260 4039 4261
f 4261 4039 4037
f 4261 4037 4262
f 4262 4037 4035
f 4262 4035 4263
f 4263 4035 4033
f 4263 4033 4264
f 4264 4033 4031
f 4264 4031 4265
f 4265 4031 4029
f 4265 4029 4266
f 4266 4029 4027
f 4266 4027 4267
f 4267 4027 4025
f 4267 4025 3674
f 3674 4025 4023
f 3674 4023 3534
f 3534 4023 3533
f 4250 4268 4057
f 4057 4268 4269
f 4057 4269 4056
f 4056 4269 4270
f 4056 4270 4248
f 3611 4249 3612
f 3612 4249 4251
f 3612 4251 4271
f 4271 4251 4252
f 4271 4252 4272
f 4272 4252 4253
f 4272 4253 4273
f 4273 4253 4254
f 4273 4254 4274
f 4274 4254 4255
f 4274 4255 4275
f 4275 4255 4256
f 4275 4256 4276
f 4276 4256 4257
f 4276 4257 4277
f 4277 4257 4258
f 4277 4258 4278
f 4278 4258 4259
f 4278 4259 4279
f 4279 4259 4260
f 4279 4260 4280
f 4280 4260 4261
f 4280 4261 4281
f 4281 4261 4262
f 4281 4262 4282
f 4282 4262 4263
f 4282 4263 4283
f 4283 4263 4264
f 4283 4264 4284
f 4284 4264 4265
f 4284 4265 4285
f 4285 4265 4266
f 4285 4266 4286
f 4286 4266 4267
f 4286 4267 3675
f 3675 4267 3674
f 3675 3674 3536
f 3536 3674 3535
f 3608 3610 3609
f 3609 3610 3612
f 3609 3612 4287
f 4287 3612 4271
f 4287 4271 4288
f 4288 4271 4272
f 4288 4272 4289
f 4289 4272 4273
f 4289 4273 4290
f 4290 4273 4274
f 4290 4274 4291
f 4291 4274 4275
f 4291 4275 4292
f 4292 4275 4276
f 4292 4276 4293
f 4293 4276 4277
f 4293 4277 4294
f 4294 4277 4278
f 4294 4278 4295
f 4295 4278 4279
f 4295 4279 4296
f 4296 4279 4280
f 4296 4280 4297
f 4297 4280 4281
f 4297 4281 4298
f 4298 4281 4282
f 4298 4282 4299
f 4299 4282 4283
f 4299 4283 4300
f 4300 4283 4284
f 4300 4284 4301
f 4301 4284 4285
f 4301 4285 4302
f 4302 4285 4286
f 4302 4286 3676
f 3676 4286 3675
f 3676 3675 3538
f 3538 3675 3537
f 3605 3607 3606
f 3606 3607 3609
f 3606 3609 3976
f 3976 3609 4287
f 3976 4287 3975
f 3975 4287 4288
f 3975 4288 3974
f 3974 4288 4289
f 3974 4289 3973
f 3973 4289 4290
f 3973 4290 3972
f 3972 4290 4291
f 3972 4291 3971
f 3971 4291 4292
f 3971 4292 3970
f 3970 4292 4293
f 3970 4293 3969
f 3969 4293 4294
f 3969 4294 3968
f 3968 4294 4295
f 3968 4295 3967
f 3967 4295 4296
f 3967 4296 3966
f 3966 4296 4297
f 3966 4297 3965
f 3965 4297 4298
f 3965 4298 3964
f 3964 4298 4299
f 3964 4299 3963
f 3963 4299 4300
f 3963 4300 3962
f 3962 4300 4301
f 3962 4301 3961
f 3961 4301 4302
f 3961 4302 3677
f 3677 4302 3676
f 3677 3676 3540
f 3540 3676 3539
f 3914 4060 3915
f 3915 4060 4059
f 3915 4059 3606
f 3606 4059 4303
f 3606 4303 3604
f 4304 4305 4058
f 4058 4305 4306
f 4058 4306 4059
f 4059 4306 4307
f 4059 4307 4303
f 3602 4304 3603
f 3603 4304 4058
f 3603 4058 4308
f 4308 4058 4060
f 4308 4060 4309
f 4309 4060 3914
f 4309 3914 4310
f 4310 3914 3912
f 4310 3912 4311
f 4311 3912 3910
f 4311 3910 4312
f 4312 3910 3908
f 4312 3908 4313
f 4313 3908 3906
f 4313 3906 4314
f 4314 3906 3904
f 4314 3904 4315
f 4315 3904 3902
f 4315 3902 4316
f 4316 3902 3900
f 4316 3900 4317
f 4317 3900 3898
f 4317 3898 4318
f 4318 3898 3896
f 4318 3896 4319
f 4319 3896 3894
f 4319 3894 4320
f 4320 3894 3892
f 4320 3892 4321
f 4321 3892 3890
f 4321 3890 4322
f 4322 3890 3888
f 4322 3888 4323
f 4323 3888 3886
f 4323 3886 3664
f 3664 3886 3679
f 3664 3679 3546
f 3546 3679 3545
f 3599 3601 3600
f 3600 3601 3603
f 3600 3603 4324
f 4324 3603 4308
f 4324 4308 4325
f 4325 4308 4309
f 4325 4309 4326
f 4326 4309 4310
f 4326 4310 4327
f 4327 4310 4311
f 4327 4311 4328
f 4328 4311 4312
f 4328 4312 4329
f 4329 4312 4313
f 4329 4313 4330
f 4330 4313 4314
f 4330 4314 4331
f 4331 4314 4315
f 4331 4315 4332
f 4332 4315 4316
f 4332 4316 4333
f 4333 4316 4317
f 4333 4317 4334
f 4334 4317 4318
f 4334 4318 4335
f 4335 4318 4319
f 4335 4319 4336
f 4336 4319 4320
f 4336 4320 4337
f 4337 4320 4321
f 4337 4321 4338
f 4338 4321 4322
f 4338 4322 4339
f 4339 4322 4323
f 4339 4323 3663
f 3663 4323 3664
f 3663 3664 3549
f 3549 3664 3548
f 3596 3598 3597
f 3597 3598 3600
f 3597 3600 4340
f 4340 3600 4324
f 4340 4324 4341
f 4341 4324 4325
f 4341 4325 4342
f 4342 4325 4326
f 4342 4326 4343
f 4343 4326 4327
f 4343 4327 4344
f 4344 4327 4328
f 4344 4328 4345
f 4345 4328 4329
f 4345 4329 4346
f 4346 4329 4330
f 4346 4330 4347
f 4347 4330 4331
f 4347 4331 4348
f 4348 4331 4332
f 4348 4332 4349
f 4349 4332 4333
f 4349 4333 4350
f 4350 4333 4334
f 4350 4334 4351
f 4351 4334 4335
f 4351 4335 4352
f 4352 4335 4336
f 4352 4336 4353
f 4353 4336 4337
f 4353 4337 4354
f 4354 4337 4338
f 4354 4338 4355
f 4355 4338 4339
f 4355 4339 4356
f 4356 4339 3663
f 4356 3663 3551
f 3551 3663 3550
f 3551 3552 4356
f 4356 3552 3652
f 4356 3652 4355
f 4355 3652 3654
f 4355 3654 4354
f 4354 3654 3691
f 4354 3691 4353
f 4353 3691 3695
f 4353 3695 4352
f 4352 3695 3700
f 4352 3700 4351
f 4351 3700 3704
f 4351 3704 4350
f 4350 3704 3709
f 4350 3709 4349
f 4349 3709 3715
f 4349 3715 4348
f 4348 3715 3722
f 4348 3722 4347
f 4347 3722 3730
f 4347 3730 4346
f 4346 3730 3740
f 4346 3740 4345
f 4345 3740 3750
f 4345 3750 4344
f 4344 3750 3761
f 4344 3761 4343
f 4343 3761 3773
f 4343 3773 4342
f 4342 3773 3786
f 4342 3786 4341
f 4341 3786 3826
f 4341 3826 4340
f 4340 3826 3916
f 4340 3916 3597
f 3597 3916 3594
f 3597 3594 3595
f 3595 3594 3593
f 3588 3655 3687
f 3687 3655 4357
f 3687 4357 3992
f 3992 4357 4358
f 3992 4358 3991
f 3991 4358 4359
f 3991 4359 3990
f 3990 4359 4360
f 3990 4360 3989
f 3989 4360 4361
f 3989 4361 3988
f 3988 4361 4362
f 3988 4362 3987
f 3987 4362 4363
f 3987 4363 3986
f 3986 4363 4364
f 3986 4364 3985
f 3985 4364 4365
f 3985 4365 3984
f 3984 4365 4366
f 3984 4366 3983
f 3983 4366 4367
f 3983 4367 3982
f 3982 4367 4368
f 3982 4368 3981
f 3981 4368 4369
f 3981 4369 3980
f 3980 4369 4370
f 3980 4370 3979
f 3979 4370 4371
f 3979 4371 3978
f 3978 4371 4372
f 3978 4372 3977
f 3977 4372 3591
f 3977 3591 3594
f 3594 3591 3590
f 3594 3590 3592
f 3514 3690 3655
f 3655 3690 3689
f 3655 3689 4357
f 4357 3689 3694
f 4357 3694 4358
f 4358 3694 3699
f 4358 3699 4359
f 4359 3699 4155
f 4359 4155 4360
f 4360 4155 4142
f 4360 4142 4361
f 4361 4142 4127
f 4361 4127 4362
f 4362 4127 4016
f 4362 4016 4363
f 4363 4016 4015
f 4363 4015 4364
f 4364 4015 4112
f 4364 4112 4365
f 4365 4112 4104
f 4365 4104 4366
f 4366 4104 4064
f 4366 4064 4367
f 4367 4064 4066
f 4367 4066 4368
f 4368 4066 4068
f 4368 4068 4369
f 4369 4068 4070
f 4369 4070 4370
f 4370 4070 4072
f 4370 4072 4371
f 4371 4072 4074
f 4371 4074 4372
f 4372 4074 4075
f 4372 4075 3591
f 3591 4075 4076
f 3591 4076 3589
f 4373 4374 4062
f 4062 4079 4373
f 4373 4079 4078
f 4373 4078 4375
f 4078 4087 4375
f 4375 4087 4085
f 4375 4085 4376
f 4085 4084 4376
f 4376 4084 3650
f 4376 3650 4377
f 3650 3649 4377
f 4377 3649 4093
f 4377 4093 4378
f 4378 4093 4097
f 4378 4097 4379
f 4097 4096 4379
f 4379 4096 4095
f 4379 4095 4380
f 4095 4094 4380
f 4380 4094 3647
f 4380 3647 4381
f 3647 3646 4381
f 4381 3646 3644
f 4381 3644 4382
f 3644 3643 4382
f 4382 3643 4113
f 4382 4113 4383
f 4113 4130 4383
f 4383 4130 4129
f 4383 4129 4384
f 4384 4129 4128
f 4384 4128 4385
f 4385 4128 4115
f 4385 4115 4386
f 4115 4114 4386
f 4386 4114 3641
f 4386 3641 4387
f 3641 3640 4387
f 4387 3640 3638
f 4387 3638 4388
f 3638 3637 4388
f 4388 3637 3635
f 4388 3635 4389
f 3635 3634 4389
f 4389 3634 3632
f 4389 3632 4390
f 3632 3631 4390
f 4390 3631 4158
f 4390 4158 4391
f 4391 4158 4162
f 4391 4162 4392
f 4162 4161 4392
f 4392 4161 4160
f 4392 4160 4393
f 4160 4159 4393
f 4393 4159 3629
f 4393 3629 4394
f 3629 3628 4394
f 4394 3628 3626
f 4394 3626 4395
f 3626 3625 4395
f 4395 3625 3623
f 4395 3623 4396
f 3623 3622 4396
f 4396 3622 4195
f 4396 4195 4397
f 4195 4199 4397
f 4397 4199 4198
f 4397 4198 4398
f 4398 4198 4197
f 4398 4197 4399
f 4197 4196 4399
f 4399 4196 3620
f 4399 3620 4400
f 3620 3619 4400
f 4400 3619 3617
f 4400 3617 4401
f 3617 3616 4401
f 4401 3616 3614
f 4401 3614 4402
f 3614 3613 4402
f 4402 3613 4248
f 4402 4248 4403
f 4248 4270 4403
f 4403 4270 4269
f 4403 4269 4404
f 4404 4269 4268
f 4404 4268 4405
f 4405 4268 4250
f 4405 4250 4406
f 4250 4249 4406
f 4406 4249 3611
f 4406 3611 4407
f 3611 3610 4407
f 4407 3610 3608
f 4407 3608 4408
f 3608 3607 4408
f 4408 3607 3605
f 4408 3605 4409
f 3605 3604 4409
f 4409 3604 4303
f 4409 4303 4410
f 4303 4307 4410
f 4410 4307 4306
f 4410 4306 4411
f 4411 4306 4305
f 4411 4305 4412
f 4305 4304 4412
f 4412 4304 3602
f 4412 3602 4413
f 3602 3601 4413
f 4413 3601 3599
f 4413 3599 4414
f 3599 3598 4414
f 4414 3598 3596
f 4414 3596 4415
f 3596 3595 4415
f 4415 3595 3593
f 4415 3593 4416
f 3593 3592 4416
f 4416 3592 3590
f 4416 3590 4417
f 4417 3590 3589
f 4417 3589 4418
f 4418 3589 4076
f 4418 4076 4374
f 4374 4076 4063
f 4374 4063 4062
f 4417 4419 4416
f 4416 4419 4420
f 4416 4420 4415
f 4415 4420 4421
f 4415 4421 4414
f 4414 4421 4422
f 4414 4422 4413
f 4413 4422 4423
f 4413 4423 4412
f 4412 4423 4424
f 4412 4424 4411
f 4411 4424 4425
f 4411 4425 4410
f 4410 4425 4426
f 4410 4426 4409
f 4409 4426 4427
f 4409 4427 4408
f 4408 4427 4428
f 4408 4428 4407
f 4407 4428 4429
f 4407 4429 4406
f 4406 4429 4430
f 4406 4430 4405
f 4405 4430 4431
f 4405 4431 4404
f 4404 4431 4432
f 4404 4432 4403
f 4403 4432 4433
f 4403 4433 4402
f 4402 4433 4434
f 4402 4434 4401
f 4401 4434 4435
f 4401 4435 4400
f 4400 4435 4436
f 4400 4436 4399
f 4399 4436 4437
f 4399 4437 4398
f 4398 4437 4438
f 4398 4438 4397
f 4397 4438 4439
f 4397 4439 4396
f 4396 4439 4440
f 4396 4440 4395
f 4395 4440 4441
f 4395 4441 4394
f 4394 4441 4442
f 4394 4442 4393
f 4393 4442 4443
f 4393 4443 4392
f 4392 4443 4444
f 4392 4444 4391
f 4391 4444 4445
f 4391 4445 4390
f 4390 4445 4446
f 4390 4446 4389
f 4389 4446 4447
f 4389 4447 4388
f 4388 4447 4448
f 4388 4448 4387
f 4387 4448 4449
f 4387 4449 4386
f 4386 4449 4450
f 4386 4450 4385
f 4385 4450 4451
f 4385 4451 4384
f 4384 4451 4452
f 4384 4452 4383
f 4383 4452 4453
f 4383 4453 4382
f 4382 4453 4454
f 4382 4454 4381
f 4381 4454 4455
f 4381 4455 4380
f 4380 4455 4456
f 4380 4456 4379
f 4379 4456 4457
f 4379 4457 4378
f 4378 4457 4458
f 4378 4458 4377
f 4377 4458 4459
f 4377 4459 4376
f 4376 4459 4460
f 4376 4460 4375
f 4375 4460 4461
f 4375 4461 4373
f 4373 4461 4462
f 4373 4462 4374
f 4374 4462 4463
f 4374 4463 4418
f 4418 4463 4464
f 4418 4464 4417
f 4417 4464 4419
f 4419 4465 4420
f 4420 4465 4466
f 4420 4466 4421
f 4421 4466 4467
f 4421 4467 4422
f 4422 4467 4468
f 4422 4468 4423
f 4423 4468 4469
f 4423 4469 4424
f 4424 4469 4470
f 4424 4470 4425
f 4425 4470 4471
f 4425 4471 4426
f 4426 4471 4472
f 4426 4472 4427
f 4427 4472 4473
f 4427 4473 4428
f 4428 4473 4474
f 4428 4474 4429
f 4429 4474 4475
f 4429 4475 4430
f 4430 4475 4476
f 4430 4476 4431
f 4431 4476 4477
f 4431 4477 4432
f 4432 4477 4478
f 4432 4478 4433
f 4433 4478 4479
f 4433 4479 4434
f 4434 4479 4480
f 4434 4480 4435
f 4435 4480 4481
f 4435 4481 4436
f 4436 4481 4482
f 4436 4482 4437
f 4437 4482 4483
f 4437 4483 4438
f 4438 4483 4484
f 4438 4484 4439
f 4439 4484 4485
f 4439 4485 4440
f 4440 4485 4486
f 4440 4486 4441
f 4441 4486 4487
f 4441 4487 4442
f 4442 4487 4488
f 4442 4488 4443
f 4443 4488 4489
f 4443 4489 4444
f 4444 4489 4490
f 4444 4490 4445
f 4445 4490 4491
f 4445 4491 4446
f 4446 4491 4492
f 4446 4492 4447
f 4447 4492 4493
f 4447 4493 4448
f 4448 4493 4494
f 4448 4494 4449
f 4449 4494 4495
f 4449 4495 4450
f 4450 4495 4496
f 4450 4496 4451
f 4451 4496 4497
f 4451 4497 4452
f 4452 4497 4498
f 4452 4498 4453
f 4453 4498 4499
f 4453 4499 4454
f 4454 4499 4500
f 4454 4500 4455
f 4455 4500 4501
f 4455 4501 4456
f 4456 4501 4502
f 4456 4502 4457
f 4457 4502 4503
f 4457 4503 4458
f 4458 4503 4504
f 4458 4504 4459
f 4459 4504 4505
f 4459 4505 4460
f 4460 4505 4506
f 4460 4506 4461
f 4461 4506 4507
f 4461 4507 4462
f 4462 4507 4508
f 4462 4508 4463
f 4463 4508 4509
f 4463 4509 4464
f 4464 4509 4510
f 4464 4510 4419
f 4419 4510 4465
f 4465 4511 4466
f 4466 4511 4512
f 4466 4512 4467
f 4467 4512 4513
f 4467 4513 4468
f 4468 4513 4514
f 4468 4514 4469
f 4469 4514 4515
f 4469 4515 4470
f 4470 4515 4516
f 4470 4516 4471
f 4471 4516 4517
f 4471 4517 4472
f 4472 4517 4518
f 4472 4518 4473
f 4473 4518 4519
f 4473 4519 4474
f 4474 4519 4520
f 4474 4520 4475
f 4475 4520 4521
f 4475 4521 4476
f 4476 4521 4522
f 4476 4522 4477
f 4477 4522 4523
f 4477 4523 4478
f 4478 4523 4524
f 4478 4524 4479
f 4479 4524 4525
f 4479 4525 4480
f 4480 4525 4526
f 4480 4526 4481
f 4481 4526 4527
f 4481 4527 4482
f 4482 4527 4528
f 4482 4528 4483
f 4483 4528 4529
f 4483 4529 4484
f 4484 4529 4530
f 4484 4530 4485
f 4485 4530 4531
f 4485 4531 4486
f 4486 4531 4532
f 4486 4532 4487
f 4487 4532 4533
f 4487 4533 4488
f 4488 4533 4534
f 4488 4534 4489
f 4489 4534 4535
f 4489 4535 4490
f 4490 4535 4536
f 4490 4536 4491
f 4491 4536 4537
f 4491 4537 4492
f 4492 4537 4538
f 4492 4538 4493
f 4493 4538 4539
f 4493 4539 4494
f 4494 4539 4540
f 4494 4540 4495
f 4495 4540 4541
f 4495 4541 4496
f 4496 4541 4542
f 4496 4542 4497
f 4497 4542 4543
f 4497 4543 4498
f 4498 4543 4544
f 4498 4544 4499
f 4499 4544 4545
f 4499 4545 4500
f 4500 4545 4546
f 4500 4546 4501
f 4501 4546 4547
f 4501 4547 4502
f 4502 4547 4548
f 4502 4548 4503
f 4503 4548 4549
f 4503 4549 4504
f 4504 4549 4550
f 4504 4550 4505
f 4505 4550 4551
f 4505 4551 4506
f 4506 4551 4552
f 4506 4552 4507
f 4507 4552 4553
f 4507 4553 4508
f 4508 4553 4554
f 4508 4554 4509
f 4509 4554 4555
f 4509 4555 4510
f 4510 4555 4556
f 4510 4556 4465
f 4465 4556 4511
f 4511 4557 4512
f 4512 4557 4558
f 4512 4558 4513
f 4513 4558 4559
f 4513 4559 4514
f 4514 4559 4560
f 4514 4560 4515
f 4515 4560 4561
f 4515 4561 4516
f 4516 4561 4562
f 4516 4562 4517
f 4517 4562 4563
f 4517 4563 4518
f 4518 4563 4564
f 4518 4564 4519
f 4519 4564 4565
f 4519 4565 4520
f 4520 4565 4566
f 4520 4566 4521
f 4521 4566 4567
f 4521 4567 4522
f 4522 4567 4568
f 4522 4568 4523
f 4523 4568 4569
f 4523 4569 4524
f 4524 4569 4570
f 4524 4570 4525
f 4525 4570 4571
f 4525 4571 4526
f 4526 4571 4572
f 4526 4572 4527
f 4527 4572 4573
f 4527 4573 4528
f 4528 4573 4574
f 4528 4574 4529
f 4529 4574 4575
f 4529 4575 4530
f 4530 4575 4576
f 4530 4576 4531
f 4531 4576 4577
f 4531 4577 4532
f 4532 4577 4578
f 4532 4578 4533
f 4533 4578 4579
f 4533 4579 4534
f 4534 4579 4580
f 4534 4580 4535
f 4535 4580 4581
f 4535 4581 4536
f 4536 4581 4582
f 4536 4582 4537
f 4537 4582 4583
f 4537 4583 4538
f 4538 4583 4584
f 4538 4584 4539
f 4539 4584 4585
f 4539 4585 4540
f 4540 4585 4586
f 4540 4586 4541
f 4541 4586 4587
f 4541 4587 4542
f 4542 4587 4588
f 4542 4588 4543
f 4543 4588 4589
f 4543 4589 4544
f 4544 4589 4590
f 4544 4590 4545
f 4545 4590 4591
f 4545 4591 4546
f 4546 4591 4592
f 4546 4592 4547
f 4547 4592 4593
f 4547 4593 4548
f 4548 4593 4594
f 4548 4594 4549
f 4549 4594 4595
f 4549 4595 4550
f 4550 4595 4596
f 4550 4596 4551
f 4551 4596 4597
f 4551 4597 4552
f 4552 4597 4598
f 4552 4598 4553
f 4553 4598 4599
f 4553 4599 4554
f 4554 4599 4600
f 4554 4600 4555
f 4555 4600 4601
f 4555 4601 4556
f 4556 4601 4602
f 4556 4602 4511
f 4511 4602 4557
f 4557 4603 4558
f 4558 4603 4604
f 4558 4604 4559
f 4559 4604 4605
f 4559 4605 4560
f 4560 4605 4606
f 4560 4606 4561
f 4561 4606 4607
f 4561 4607 4562
f 4562 4607 4608
f 4562 4608 4563
f 4563 4608 4609
f 4563 4609 4564
f 4564 4609 4610
f 4564 4610 4565
f 4565 4610 4611
f 4565 4611 4566
f 4566 4611 4612
f 4566 4612 4567
f 4567 4612 4613
f 4567 4613 4568
f 4568 4613 4614
f 4568 4614 4569
f 4569 4614 4615
f 4569 4615 4570
f 4570 4615 4616
f 4570 4616 4571
f 4571 4616 4617
f 4571 4617 4572
f 4572 4617 4618
f 4572 4618 4573
f 4573 4618 4619
f 4573 4619 4574
f 4574 4619 4620
f 4574 4620 4575
f 4575 4620 4621
f 4575 4621 4576
f 4576 4621 4622
f 4576 4622 4577
f 4577 4622 4623
f 4577 4623 4578
f 4578 4623 4624
f 4578 4624 4579
f 4579 4624 4625
f 4579 4625 4580
f 4580 4625 4626
f 4580 4626 4581
f 4581 4626 4627
f 4581 4627 4582
f 4582 4627 4628
f 4582 4628 4583
f 4583 4628 4629
f 4583 4629 4584
f 4584 4629 4630
f 4584 4630 4585
f 4585 4630 4631
f 4585 4631 4586
f 4586 4631 4632
f 4586 4632 4587
f 4587 4632 4633
f 4587 4633 4588
f 4588 4633 4634
f 4588 4634 4589
f 4589 4634 4635
f 4589 4635 4590
f 4590 4635 4636
f 4590 4636 4591
f 4591 4636 4637
f 4591 4637 4592
f 4592 4637 4638
f 4592 4638 4593
f 4593 4638 4639
f 4593 4639 4594
f 4594 4639 4640
f 4594 4640 4595
f 4595 4640 4641
f 4595 4641 4596
f 4596 4641 4642
f 4596 4642 4597
f 4597 4642 4643
f 4597 4643 4598
f 4598 4643 4644
f 4598 4644 4599
f 4599 4644 4645
f 4599 4645 4600
f 4600 4645 4646
f 4600 4646 4601
f 4601 4646 4647
f 4601 4647 4602
f 4602 4647 4648
f 4602 4648 4557
f 4557 4648 4603
f 4603 4649 4604
f 4604 4649 4650
f 4604 4650 4605
f 4605 4650 4651
f 4605 4651 4606
f 4606 4651 4652
f 4606 4652 4607
f 4607 4652 4653
f 4607 4653 4608
f 4608 4653 4654
f 4608 4654 4609
f 4609 4654 4655
f 4609 4655 4610
f 4610 4655 4656
f 4610 4656 4611
f 4611 4656 4657
f 4611 4657 4612
f 4612 4657 4658
f 4612 4658 4613
f 4613 4658 4659
f 4613 4659 4614
f 4614 4659 4660
f 4614 4660 4615
f 4615 4660 4661
f 4615 4661 4616
f 4616 4661 4662
f 4616 4662 4617
f 4617 4662 4663
f 4617 4663 4618
f 4618 4663 4664
f 4618 4664 4619
f 4619 4664 4665
f 4619 4665 4620
f 4620 4665 4666
f 4620 4666 4621
f 4621 4666 4667
f 4621 4667 4622
f 4622 4667 4668
f 4622 4668 4623
f 4623 4668 4669
f 4623 4669 4624
f 4624 4669 4670
f 4624 4670 4625
f 4625 4670 4671
f 4625 4671 4626
f 4626 4671 4672
f 4626 4672 4627
f 4627 4672 4673
f 4627 4673 4628
f 4628 4673 4674
f 4628 4674 4629
f 4629 4674 4675
f 4629 4675 4630
f 4630 4675 4676
f 4630 4676 4631
f 4631 4676 4677
f 4631 4677 4632
f 4632 4677 4678
f 4632 4678 4633
f 4633 4678 4679
f 4633 4679 4634
f 4634 4679 4680
f 4634 4680 4635
f 4635 4680 4681
f 4635 4681 4636
f 4636 4681 4682
f 4636 4682 4637
f 4637 4682 4683
f 4637 4683 4638
f 4638 4683 4684
f 4638 4684 4639
f 4639 4684 4685
f 4639 4685 4640
f 4640 4685 4686
f 4640 4686 4641
f 4641 4686 4687
f 4641 4687 4642
f 4642 4687 4688
f 4642 4688 4643
f 4643 4688 4689
f 4643 4689 4644
f 4644 4689 4690
f 4644 4690 4645
f 4645 4690 4691
f 4645 4691 4646
f 4646 4691 4692
f 4646 4692 4647
f 4647 4692 4693
f 4647 4693 4648
f 4648 4693 4694
f 4648 4694 4603
f 4603 4694 4649
f 4649 4695 4650
f 4650 4695 4696
f 4650 4696 4651
f 4651 4696 4697
f 4651 4697 4652
f 4652 4697 4698
f 4652 4698 4653
f 4653 4698 4699
f 4653 4699 4654
f 4654 4699 4700
f 4654 4700 4655
f 4655 4700 4701
f 4655 4701 4656
f 4656 4701 4702
f 4656 4702 4657
f 4657 4702 4703
f 4657 4703 4658
f 4658 4703 4704
f 4658 4704 4659
f 4659 4704 4705
f 4659 4705 4660
f 4660 4705 4706
f 4660 4706 4661
f 4661 4706 4707
f 4661 4707 4662
f 4662 4707 4708
f 4662 4708 4663
f 4663 4708 4709
f 4663 4709 4664
f 4664 4709 4710
f 4664 4710 4665
f 4665 4710 4711
f 4665 4711 4666
f 4666 4711 4712
f 4666 4712 4667
f 4667 4712 4713
f 4667 4713 4668
f 4668 4713 4714
f 4668 4714 4669
f 4669 4714 4715
f 4669 4715 4670
f 4670 4715 4716
f 4670 4716 4671
f 4671 4716 4717
f 4671 4717 4672
f 4672 4717 4718
f 4672 4718 4673
f 4673 4718 4719
f 4673 4719 4674
f 4674 4719 4720
f 4674 4720 4675
f 4675 4720 4721
f 4675 4721 4676
f 4676 4721 4722
f 4676 4722 4677
f 4677 4722 4723
f 4677 4723 4678
f 4678 4723 4724
f 4678 4724 4679
f 4679 4724 4725
f 4679 4725 4680
f 4680 4725 4726
f 4680 4726 4681
f 4681 4726 4727
f 4681 4727 4682
f 4682 4727 4728
f 4682 4728 4683
f 4683 4728 4729
f 4683 4729 4684
f 4684 4729 4730
f 4684 4730 4685
f 4685 4730 4731
f 4685 4731 4686
f 4686 4731 4732
f 4686 4732 4687
f 4687 4732 4733
f 4687 4733 4688
f 4688 4733 4734
f 4688 4734 4689
f 4689 4734 4735
f 4689 4735 4690
f 4690 4735 4736
f 4690 4736 4691
f 4691 4736 4737
f 4691 4737 4692
f 4692 4737 4738
f 4692 4738 4693
f 4693 4738 4739
f 4693 4739 4694
f 4694 4739 4740
f 4694 4740 4649
f 4649 4740 4695
f 4695 4741 4696
f 4696 4741 4742
f 4696 4742 4697
f 4697 4742 4743
f 4697 4743 4698
f 4698 4743 4744
f 4698 4744 4699
f 4699 4744 4745
f 4699 4745 4700
f 4700 4745 4746
f 4700 4746 4701
f 4701 4746 4747
f 4701 4747 4702
f 4702 4747 4748
f 4702 4748 4703
f 4703 4748 4749
f 4703 4749 4704
f 4704 4749 4750
f 4704 4750 4705
f 4705 4750 4751
f 4705 4751 4706
f 4706 4751 4752
f 4706 4752 4707
f 4707 4752 4753
f 4707 4753 4708
f 4708 4753 4754
f 4708 4754 4709
f 4709 4754 4755
f 4709 4755 4710
f 4710 4755 4756
f 4710 4756 4711
f 4711 4756 4757
f 4711 4757 4712
f 4712 4757 4758
f 4712 4758 4713
f 4713 4758 4759
f 4713 4759 4714
f 4714 4759 4760
f 4714 4760 4715
f 4715 4760 4761
f 4715 4761 4716
f 4716 4761 4762
f 4716 4762 4717
f 4717 4762 4763
f 4717 4763 4718
f 4718 4763 4764
f 4718 4764 4719
f 4719 4764 4765
f 4719 4765 4720
f 4720 4765 4766
f 4720 4766 4721
f 4721 4766 4767
f 4721 4767 4722
f 4722 4767 4768
f 4722 4768 4723
f 4723 4768 4769
f 4723 4769 4724
f 4724 4769 4770
f 4724 4770 4725
f 4725 4770 4771
f 4725 4771 4726
f 4726 4771 4772
f 4726 4772 4727
f 4727 4772 4773
f 4727 4773 4728
f 4728 4773 4774
f 4728 4774 4729
f 4729 4774 4775
f 4729 4775 4730
f 4730 4775 4776
f 4730 4776 4731
f 4731 4776 4777
f 4731 4777 4732
f 4732 4777 4778
f 4732 4778 4733
f 4733 4778 4779
f 4733 4779 4734
f 4734 4779 4780
f 4734 4780 4735
f 4735 4780 4781
f 4735 4781 4736
f 4736 4781 4782
f 4736 4782 4737
f 4737 4782 4783
f 4737 4783 4738
f 4738 4783 4784
f 4738 4784 4739
f 4739 4784 4785
f 4739 4785 4740
f 4740 4785 4786
f 4740 4786 4695
f 4695 4786 4741
f 4741 4787 4742
f 4742 4787 4788
f 4742 4788 4743
f 4743 4788 4789
f 4743 4789 4744
f 4744 4789 4790
f 4744 4790 4745
f 4745 4790 4791
f 4745 4791 4746
f 4746 4791 4792
f 4746 4792 4747
f 4747 4792 4793
f 4747 4793 4748
f 4748 4793 4794
f 4748 4794 4749
f 4749 4794 4795
f 4749 4795 4750
f 4750 4795 4796
f 4750 4796 4751
f 4751 4796 4797
f 4751 4797 4752
f 4752 4797 4798
f 4752 4798 4753
f 4753 4798 4799
f 4753 4799 4754
f 4754 4799 4800
f 4754 4800 4755
f 4755 4800 4801
f 4755 4801 4756
f 4756 4801 4802
f 4756 4802 4757
f 4757 4802 4803
f 4757 4803 4758
f 4758 4803 4804
f 4758 4804 4759
f 4759 4804 4805
f 4759 4805 4760
f 4760 4805 4806
f 4760 4806 4761
f 4761 4806 4807
f 4761 4807 4762
f 4762 4807 4808
f 4762 4808 4763
f 4763 4808 4809
f 4763 4809 4764
f 4764 4809 4810
f 4764 4810 4765
f 4765 4810 4811
f 4765 4811 4766
f 4766 4811 4812
f 4766 4812 4767
f 4767 4812 4813
f 4767 4813 4768
f 4768 4813 4814
f 4768 4814 4769
f 4769 4814 4815
f 4769 4815 4770
f 4770 4815 4816
f 4770 4816 4771
f 4771 4816 4817
f 4771 4817 4772
f 4772 4817 4818
f 4772 4818 4773
f 4773 4818 4819
f 4773 4819 4774
f 4774 4819 4820
f 4774 4820 4775
f 4775 4820 4821
f 4775 4821 4776
f 4776 4821 4822
f 4776 4822 4777
f 4777 4822 4823
f 4777 4823 4778
f 4778 4823 4824
f 4778 4824 4779
f 4779 4824 4825
f 4779 4825 4780
f 4780 4825 4826
f 4780 4826 4781
f 4781 4826 4827
f 4781 4827 4782
f 4782 4827 4828
f 4782 4828 4783
f 4783 4828 4829
f 4783 4829 4784
f 4784 4829 4830
f 4784 4830 4785
f 4785 4830 4831
f 4785 4831 4786
f 4786 4831 4832
f 4786 4832 4741
f 4741 4832 4787
f 4787 4833 4788
f 4788 4833 4834
f 4788 4834 4789
f 4789 4834 4835
f 4789 4835 4790
f 4790 4835 4836
f 4790 4836 4791
f 4791 4836 4837
f 4791 4837 4792
f 4792 4837 4838
f 4792 4838 4793
f 4793 4838 4839
f 4793 4839 4794
f 4794 4839 4840
f 4794 4840 4795
f 4795 4840 4841
f 4795 4841 4796
f 4796 4841 4842
f 4796 4842 4797
f 4797 4842 4843
f 4797 4843 4798
f 4798 4843 4844
f 4798 4844 4799
f 4799 4844 4845
f 4799 4845 4800
f 4800 4845 4846
f 4800 4846 4801
f 4801 4846 4847
f 4801 4847 4802
f 4802 4847 4848
f 4802 4848 4803
f 4803 4848 4849
f 4803 4849 4804
f 4804 4849 4850
f 4804 4850 4805
f 4805 4850 4851
f 4805 4851 4806
f 4806 4851 4852
f 4806 4852 4807
f 4807 4852 4853
f 4807 4853 4808
f 4808 4853 4854
f 4808 4854 4809
f 4809 4854 4855
f 4809 4855 4810
f 4810 4855 4856
f 4810 4856 4811
f 4811 4856 4857
f 4811 4857 4812
f 4812 4857 4858
f 4812 4858 4813
f 4813 4858 4859
f 4813 4859 4814
f 4814 4859 4860
f 4814 4860 4815
f 4815 4860 4861
f 4815 4861 4816
f 4816 4861 4862
f 4816 4862 4817
f 4817 4862 4863
f 4817 4863 4818
f 4818 4863 4864
f 4818 4864 4819
f 4819 4864 4865
f 4819 4865 4820
f 4820 4865 4866
f 4820 4866 4821
f 4821 4866 4867
f 4821 4867 4822
f 4822 4867 4868
f 4822 4868 4823
f 4823 4868 4869
f 4823 4869 4824
f 4824 4869 4870
f 4824 4870 4825
f 4825 4870 4871
f 4825 4871 4826
f 4826 4871 4872
f 4826 4872 4827
f 4827 4872 4873
f 4827 4873 4828
f 4828 4873 4874
f 4828 4874 4829
f 4829 4874 4875
f 4829 4875 4830
f 4830 4875 4876
f 4830 4876 4831
f 4831 4876 4877
f 4831 4877 4832
f 4832 4877 4878
f 4832 4878 4787
f 4787 4878 4833
f 4833 4879 4834
f 4834 4879 4880
f 4834 4880 4835
f 4835 4880 4881
f 4835 4881 4836
f 4836 4881 4882
f 4836 4882 4837
f 4837 4882 4883
f 4837 4883 4838
f 4838 4883 4884
f 4838 4884 4839
f 4839 4884 4885
f 4839 4885 4840
f 4840 4885 4886
f 4840 4886 4841
f 4841 4886 4887
f 4841 4887 4842
f 4842 4887 4888
f 4842 4888 4843
f 4843 4888 4889
f 4843 4889 4844
f 4844 4889 4890
f 4844 4890 4845
f 4845 4890 4891
f 4845 4891 4846
f 4846 4891 4892
f 4846 4892 4847
f 4847 4892 4893
f 4847 4893 4848
f 4848 4893 4894
f 4848 4894 4849
f 4849 4894 4895
f 4849 4895 4850
f 4850 4895 4896
f 4850 4896 4851
f 4851 4896 4897
f 4851 4897 4852
f 4852 4897 4898
f 4852 4898 4853
f 4853 4898 4899
f 4853 4899 4854
f 4854 4899 4900
f 4854 4900 4855
f 4855 4900 4901
f 4855 4901 4856
f 4856 4901 4902
f 4856 4902 4857
f 4857 4902 4903
f 4857 4903 4858
f 4858 4903 4904
f 4858 4904 4859
f 4859 4904 4905
f 4859 4905 4860
f 4860 4905 4906
f 4860 4906 4861
f 4861 4906 4907
f 4861 4907 4862
f 4862 4907 4908
f 4862 4908 4863
f 4863 4908 4909
f 4863 4909 4864
f 4864 4909 4910
f 4864 4910 4865
f 4865 4910 4911
f 4865 4911 4866
f 4866 4911 4912
f 4866 4912 4867
f 4867 4912 4913
f 4867 4913 4868
f 4868 4913 4914
f 4868 4914 4869
f 4869 4914 4915
f 4869 4915 4870
f 4870 4915 4916
f 4870 4916 4871
f 4871 4916 4917
f 4871 4917 4872
f 4872 4917 4918
f 4872 4918 4873
f 4873 4918 4919
f 4873 4919 4874
f 4874 4919 4920
f 4874 4920 4875
f 4875 4920 4921
f 4875 4921 4876
f 4876 4921 4922
f 4876 4922 4877
f 4877 4922 4923
f 4877 4923 4878
f 4878 4923 4924
f 4878 4924 4833
f 4833 4924 4879
f 4879 4925 4880
f 4880 4925 4926
f 4880 4926 4881
f 4881 4926 4927
f 4881 4927 4882
f 4882 4927 4928
f 4882 4928 4883
f 4883 4928 4929
f 4883 4929 4884
f 4884 4929 4930
f 4884 4930 4885
f 4885 4930 4931
f 4885 4931 4886
f 4886 4931 4932
f 4886 4932 4887
f 4887 4932 4933
f 4887 4933 4888
f 4888 4933 4934
f 4888 4934 4889
f 4889 4934 4935
f 4889 4935 4890
f 4890 4935 4936
f 4890 4936 4891
f 4891 4936 4937
f 4891 4937 4892
f 4892 4937 4938
f 4892 4938 4893
f 4893 4938 4939
f 4893 4939 4894
f 4894 4939 4940
f 4894 4940 4895
f 4895 4940 4941
f 4895 4941 4896
f 4896 4941 4942
f 4896 4942 4897
f 4897 4942 4943
f 4897 4943 4898
f 4898 4943 4944
f 4898 4944 4899
f 4899 4944 4945
f 4899 4945 4900
f 4900 4945 4946
f 4900 4946 4901
f 4901 4946 4947
f 4901 4947 4902
f 4902 4947 4948
f 4902 4948 4903
f 4903 4948 4949
f 4903 4949 4904
f 4904 4949 4950
f 4904 4950 4905
f 4905 4950 4951
f 4905 4951 4906
f 4906 4951 4952
f 4906 4952 4907
f 4907 4952 4953
f 4907 4953 4908
f 4908 4953 4954
f 4908 4954 4909
f 4909 4954 4955
f 4909 4955 4910
f 4910 4955 4956
f 4910 4956 4911
f 4911 4956 4957
f 4911 4957 4912
f 4912 4957 4958
f 4912 4958 4913
f 4913 4958 4959
f 4913 4959 4914
f 4914 4959 4960
f 4914 4960 4915
f 4915 4960 4961
f 4915 4961 4916
f 4916 4961 4962
f 4916 4962 4917
f 4917 4962 4963
f 4917 4963 4918
f 4918 4963 4964
f 4918 4964 4919
f 4919 4964 4965
f 4919 4965 4920
f 4920 4965 4966
f 4920 4966 4921
f 4921 4966 4967
f 4921 4967 4922
f 4922 4967 4968
f 4922 4968 4923
f 4923 4968 4969
f 4923 4969 4924
f 4924 4969 4970
f 4924 4970 4879
f 4879 4970 4925
f 4925 4971 4926
f 4926 4971 4972
f 4926 4972 4927
f 4927 4972 4973
f 4927 4973 4928
f 4928 4973 4974
f 4928 4974 4929
f 4929 4974 4975
f 4929 4975 4930
f 4930 4975 4976
f 4930 4976 4931
f 4931 4976 4977
f 4931 4977 4932
f 4932 4977 4978
f 4932 4978 4933
f 4933 4978 4979
f 4933 4979 4934
f 4934 4979 4980
f 4934 4980 4935
f 4935 4980 4981
f 4935 4981 4936
f 4936 4981 4982
f 4936 4982 4937
f 4937 4982 4983
f 4937 4983 4938
f 4938 4983 4984
f 4938 4984 4939
f 4939 4984 4985
f 4939 4985 4940
f 4940 4985 4986
f 4940 4986 4941
f 4941 4986 4987
f 4941 4987 4942
f 4942 4987 4988
f 4942 4988 4943
f 4943 4988 4989
f 4943 4989 4944
f 4944 4989 4990
f 4944 4990 4945
f 4945 4990 4991
f 4945 4991 4946
f 4946 4991 4992
f 4946 4992 4947
f 4947 4992 4993
f 4947 4993 4948
f 4948 4993 4994
f 4948 4994 4949
f 4949 4994 4995
f 4949 4995 4950
f 4950 4995 4996
f 4950 4996 4951
f 4951 4996 4997
f 4951 4997 4952
f 4952 4997 4998
f 4952 4998 4953
f 4953 4998 4999
f 4953 4999 4954
f 4954 4999 5000
f 4954 5000 4955
f 4955 5000 5001
f 4955 5001 4956
f 4956 5001 5002
f 4956 5002 4957
f 4957 5002 5003
f 4957 5003 4958
f 4958 5003 5004
f 4958 5004 4959
f 4959 5004 5005
f 4959 5005 4960
f 4960 5005 5006
f 4960 5006 4961
f 4961 5006 5007
f 4961 5007 4962
f 4962 5007 5008
f 4962 5008 4963
f 4963 5008 5009
f 4963 5009 4964
f 4964 5009 5010
f 4964 5010 4965
f 4965 5010 5011
f 4965 5011 4966
f 4966 5011 5012
f 4966 5012 4967
f 4967 5012 5013
f 4967 5013 4968
f 4968 5013 5014
f 4968 5014 4969
f 4969 5014 5015
f 4969 5015 4970
f 4970 5015 5016
f 4970 5016 4925
f 4925 5016 4971
f 4971 5017 4972
f 4972 5017 5018
f 4972 5018 4973
f 4973 5018 5019
f 4973 5019 4974
f 4974 5019 5020
f 4974 5020 4975
f 4975 5020 5021
f 4975 5021 4976
f 4976 5021 5022
f 4976 5022 4977
f 4977 5022 5023
f 4977 5023 4978
f 4978 5023 5024
f 4978 5024 4979
f 4979 5024 5025
f 4979 5025 4980
f 4980 5025 5026
f 4980 5026 4981
f 4981 5026 5027
f 4981 5027 4982
f 4982 5027 5028
f 4982 5028 4983
f 4983 5028 5029
f 4983 5029 4984
f 4984 5029 5030
f 4984 5030 4985
f 4985 5030 5031
f 4985 5031 4986
f 4986 5031 5032
f 4986 5032 4987
f 4987 5032 5033
f 4987 5033 4988
f 4988 5033 5034
f 4988 5034 4989
f 4989 5034 5035
f 4989 5035 4990
f 4990 5035 5036
f 4990 5036 4991
f 4991 5036 5037
f 4991 5037 4992
f 4992 5037 5038
f 4992 5038 4993
f 4993 5038 5039
f 4993 5039 4994
f 4994 5039 5040
f 4994 5040 4995
f 4995 5040 5041
f 4995 5041 4996
f 4996 5041 5042
f 4996 5042 4997
f 4997 5042 5043
f 4997 5043 4998
f 4998 5043 5044
f 4998 5044 4999
f 4999 5044 5045
f 4999 5045 5000
f 5000 5045 5046
f 5000 5046 5001
f 5001 5046 5047
f 5001 5047 5002
f 5002 5047 5048
f 5002 5048 5003
f 5003 5048 5049
f 5003 5049 5004
f 5004 5049 5050
f 5004 5050 5005
f 5005 5050 5051
f 5005 5051 5006
f 5006 5051 5052
f 5006 5052 5007
f 5007 5052 5053
f 5007 5053 5008
f 5008 5053 5054
f 5008 5054 5009
f 5009 5054 5055
f 5009 5055 5010
f 5010 5055 5056
f 5010 5056 5011
f 5011 5056 5057
f 5011 5057 5012
f 5012 5057 5058
f 5012 5058 5013
f 5013 5058 5059
f 5013 5059 5014
f 5014 5059 5060
f 5014 5060 5015
f 5015 5060 5061
f 5015 5061 5016
f 5016 5061 5062
f 5016 5062 4971
f 4971 5062 5017
f 5017 5063 5018
f 5018 5063 5064
f 5018 5064 5019
f 5019 5064 5065
f 5019 5065 5020
f 5020 5065 5066
f 5020 5066 5021
f 5021 5066 5067
f 5021 5067 5022
f 5022 5067 5068
f 5022 5068 5023
f 5023 5068 5069
f 5023 5069 5024
f 5024 5069 5070
f 5024 5070 5025
f 5025 5070 5071
f 5025 5071 5026
f 5026 5071 5072
f 5026 5072 5027
f 5027 5072 5073
f 5027 5073 5028
f 5028 5073 5074
f 5028 5074 5029
f 5029 5074 5075
f 5029 5075 5030
f 5030 5075 5076
f 5030 5076 5031
f 5031 5076 5077
f 5031 5077 5032
f 5032 5077 5078
f 5032 5078 5033
f 5033 5078 5079
f 5033 5079 5034
f 5034 5079 5080
f 5034 5080 5035
f 5035 5080 5081
f 5035 5081 5036
f 5036 5081 5082
f 5036 5082 5037
f 5037 5082 5083
f 5037 5083 5038
f 5038 5083 5084
f 5038 5084 5039
f 5039 5084 5085
f 5039 5085 5040
f 5040 5085 5086
f 5040 5086 5041
f 5041 5086 5087
f 5041 5087 5042
f 5042 5087 5088
f 5042 5088 5043
f 5043 5088 5089
f 5043 5089 5044
f 5044 5089 5090
f 5044 5090 5045
f 5045 5090 5091
f 5045 5091 5046
f 5046 5091 5092
f 5046 5092 5047
f 5047 5092 5093
f 5047 5093 5048
f 5048 5093 5094
f 5048 5094 5049
f 5049 5094 5095
f 5049 5095 5050
f 5050 5095 5096
f 5050 5096 5051
f 5051 5096 5097
f 5051 5097 5052
f 5052 5097 5098
f 5052 5098 5053
f 5053 5098 5099
f 5053 5099 5054
f 5054 5099 5100
f 5054 5100 5055
f 5055 5100 5101
f 5055 5101 5056
f 5056 5101 5102
f 5056 5102 5057
f 5057 5102 5103
f 5057 5103 5058
f 5058 5103 5104
f 5058 5104 5059
f 5059 5104 5105
f 5059 5105 5060
f 5060 5105 5106
f 5060 5106 5061
f 5061 5106 5107
f 5061 5107 5062
f 5062 5107 5108
f 5062 5108 5017
f 5017 5108 5063
f 5063 5109 5064
f 5064 5109 5110
f 5064 5110 5065
f 5065 5110 5111
f 5065 5111 5066
f 5066 5111 5112
f 5066 5112 5067
f 5067 5112 5113
f 5067 5113 5068
f 5068 5113 5114
f 5068 5114 5069
f 5069 5114 5115
f 5069 5115 5070
f 5070 5115 5116
f 5070 5116 5071
f 5071 5116 5117
f 5071 5117 5072
f 5072 5117 5118
f 5072 5118 5073
f 5073 5118 5119
f 5073 5119 5074
f 5074 5119 5120
f 5074 5120 5075
f 5075 5120 5121
f 5075 5121 5076
f 5076 5121 5122
f 5076 5122 5077
f 5077 5122 5123
f 5077 5123 5078
f 5078 5123 5124
f 5078 5124 5079
f 5079 5124 5125
f 5079 5125 5080
f 5080 5125 5126
f 5080 5126 5081
f 5081 5126 5127
f 5081 5127 5082
f 5082 5127 5128
f 5082 5128 5083
f 5083 5128 5129
f 5083 5129 5084
f 5084 5129 5130
f 5084 5130 5085
f 5085 5130 5131
f 5085 5131 5086
f 5086 5131 5132
f 5086 5132 5087
f 5087 5132 5133
f 5087 5133 5088
f 5088 5133 5134
f 5088 5134 5089
f 5089 5134 5135
f 5089 5135 5090
f 5090 5135 5136
f 5090 5136 5091
f 5091 5136 5137
f 5091 5137 5092
f 5092 5137 5138
f 5092 5138 5093
f 5093 5138 5139
f 5093 5139 5094
f 5094 5139 5140
f 5094 5140 5095
f 5095 5140 5141
f 5095 5141 5096
f 5096 5141 5142
f 5096 5142 5097
f 5097 5142 5143
f 5097 5143 5098
f 5098 5143 5144
f 5098 5144 5099
f 5099 5144 5145
f 5099 5145 5100
f 5100 5145 5146
f 5100 5146 5101
f 5101 5146 5147
f 5101 5147 5102
f 5102 5147 5148
f 5102 5148 5103
f 5103 5148 5149
f 5103 5149 5104
f 5104 5149 5150
f 5104 5150 5105
f 5105 5150 5151
f 5105 5151 5106
f 5106 5151 5152
f 5106 5152 5107
f 5107 5152 5153
f 5107 5153 5108
f 5108 5153 5154
f 5108 5154 5063
f 5063 5154 5109
f 5109 5155 5110
f 5110 5155 5156
f 5110 5156 5111
f 5111 5156 5157
f 5111 5157 5112
f 5112 5157 5158
f 5112 5158 5113
f 5113 5158 5159
f 5113 5159 5114
f 5114 5159 5160
f 5114 5160 5115
f 5115 5160 5161
f 5115 5161 5116
f 5116 5161 5162
f 5116 5162 5117
f 5117 5162 5163
f 5117 5163 5118
f 5118 5163 5164
f 5118 5164 5119
f 5119 5164 5165
f 5119 5165 5120
f 5120 5165 5166
f 5120 5166 5121
f 5121 5166 5167
f 5121 5167 5122
f 5122 5167 5168
f 5122 5168 5123
f 5123 5168 5169
f 5123 5169 5124
f 5124 5169 5170
f 5124 5170 5125
f 5125 5170 5171
f 5125 5171 5126
f 5126 5171 5172
f 5126 5172 5127
f 5127 5172 5173
f 5127 5173 5128
f 5128 5173 5174
f 5128 5174 5129
f 5129 5174 5175
f 5129 5175 5130
f 5130 5175 5176
f 5130 5176 5131
f 5131 5176 5177
f 5131 5177 5132
f 5132 5177 5178
f 5132 5178 5133
f 5133 5178 5179
f 5133 5179 5134
f 5134 5179 5180
f 5134 5180 5135
f 5135 5180 5181
f 5135 5181 5136
f 5136 5181 5182
f 5136 5182 5137
f 5137 5182 5183
f 5137 5183 5138
f 5138 5183 5184
f 5138 5184 5139
f 5139 5184 5185
f 5139 5185 5140
f 5140 5185 5186
f 5140 5186 5141
f 5141 5186 5187
f 5141 5187 5142
f 5142 5187 5188
f 5142 5188 5143
f 5143 5188 5189
f 5143 5189 5144
f 5144 5189 5190
f 5144 5190 5145
f 5145 5190 5191
f 5145 5191 5146
f 5146 5191 5192
f 5146 5192 5147
f 5147 5192 5193
f 5147 5193 5148
f 5148 5193 5194
f 5148 5194 5149
f 5149 5194 5195
f 5149 5195 5150
f 5150 5195 5196
f 5150 5196 5151
f 5151 5196 5197
f 5151 5197 5152
f 5152 5197 5198
f 5152 5198 5153
f 5153 5198 5199
f 5153 5199 5154
f 5154 5199 5200
f 5154 5200 5109
f 5109 5200 5155
f 5155 5201 5156
f 5156 5201 5202
f 5156 5202 5157
f 5157 5202 5203
f 5157 5203 5158
f 5158 5203 5204
f 5158 5204 5159
f 5159 5204 5205
f 5159 5205 5160
f 5160 5205 5206
f 5160 5206 5161
f 5161 5206 5207
f 5161 5207 5162
f 5162 5207 5208
f 5162 5208 5163
f 5163 5208 5209
f 5163 5209 5164
f 5164 5209 5210
f 5164 5210 5165
f 5165 5210 5211
f 5165 5211 5166
f 5166 5211 5212
f 5166 5212 5167
f 5167 5212 5213
f 5167 5213 5168
f 5168 5213 5214
f 5168 5214 5169
f 5169 5214 5215
f 5169 5215 5170
f 5170 5215 5216
f 5170 5216 5171
f 5171 5216 5217
f 5171 5217 5172
f 5172 5217 5218
f 5172 5218 5173
f 5173 5218 5219
f 5173 5219 5174
f 5174 5219 5220
f 5174 5220 5175
f 5175 5220 5221
f 5175 5221 5176
f 5176 5221 5222
f 5176 5222 5177
f 5177 5222 5223
f 5177 5223 5178
f 5178 5223 5224
f 5178 5224 5179
f 5179 5224 5225
f 5179 5225 5180
f 5180 5225 5226
f 5180 5226 5181
f 5181 5226 5227
f 5181 5227 5182
f 5182 5227 5228
f 5182 5228 5183
f 5183 5228 5229
f 5183 5229 5184
f 5184 5229 5230
f 5184 5230 5185
f 5185 5230 5231
f 5185 5231 5186
f 5186 5231 5232
f 5186 5232 5187
f 5187 5232 5233
f 5187 5233 5188
f 5188 5233 5234
f 5188 5234 5189
f 5189 5234 5235
f 5189 5235 5190
f 5190 5235 5236
f 5190 5236 5191
f 5191 5236 5237
f 5191 5237 5192
f 5192 5237 5238
f 5192 5238 5193
f 5193 5238 5239
f 5193 5239 5194
f 5194 5239 5240
f 5194 5240 5195
f 5195 5240 5241
f 5195 5241 5196
f 5196 5241 5242
f 5196 5242 5197
f 5197 5242 5243
f 5197 5243 5198
f 5198 5243 5244
f 5198 5244 5199
f 5199 5244 5245
f 5199 5245 5200
f 5200 5245 5246
f 5200 5246 5155
f 5155 5246 5201
f 132 5227 134
f 134 5227 5226
f 134 5226 136
f 136 5226 5225
f 136 5225 138
f 138 5225 5224
f 138 5224 140
f 140 5224 5223
f 140 5223 142
f 142 5223 5222
f 142 5222 144
f 144 5222 5221
f 144 5221 146
f 118 5235 120
f 120 5235 5234
f 120 5234 122
f 122 5234 5233
f 122 5233 124
f 124 5233 5232
f 124 5232 126
f 126 5232 5231
f 126 5231 128
f 128 5231 5230
f 128 5230 130
f 130 5230 5229
f 130 5229 132
f 132 5229 5228
f 132 5228 5227
f 5221 5220 146
f 146 5220 5219
f 146 5219 148
f 148 5219 5218
f 148 5218 150
f 150 5218 5217
f 150 5217 152
f 152 5217 5216
f 152 5216 154
f 154 5216 5215
f 154 5215 156
f 156 5215 5214
f 156 5214 158
f 158 5214 5213
f 158 5213 160
f 172 5204 174
f 174 5204 5203
f 174 5203 176
f 176 5203 5202
f 176 5202 178
f 178 5202 5201
f 178 5201 180
f 180 5201 5246
f 180 5246 102
f 102 5246 5245
f 102 5245 104
f 104 5245 5244
f 104 5244 106
f 5213 5212 160
f 160 5212 5211
f 160 5211 162
f 162 5211 5210
f 162 5210 164
f 164 5210 5209
f 164 5209 166
f 166 5209 5208
f 166 5208 168
f 168 5208 5207
f 168 5207 170
f 170 5207 5206
f 170 5206 172
f 172 5206 5205
f 172 5205 5204
f 5244 5243 106
f 106 5243 5242
f 106 5242 108
f 108 5242 5241
f 108 5241 110
f 110 5241 5240
f 110 5240 112
f 112 5240 5239
f 112 5239 114
f 114 5239 5238
f 114 5238 116
f 116 5238 5237
f 116 5237 118
f 118 5237 5236
f 118 5236 5235
f 34 37 36
f 22 30 32
f 12 36 7
f 7 36 100
f 7 100 8
f 12 14 36
f 36 14 16
f 36 16 18
f 30 22 28
f 28 22 24
f 28 24 26
f 18 20 36
f 36 20 22
f 36 22 34
f 34 22 32
f 5247 5248 5249
f 5249 5248 5250
f 5251 5252 100
f 5253 5254 5248
f 5253 5248 5255
f 5256 5257 5258
f 5258 5257 5259
f 5254 5260 5248
f 5248 5260 5261
f 5248 5261 5250
f 5262 5263 5257
f 5264 5265 5266
f 5266 5265 5267
f 5266 5267 5268
f 5268 5267 5248
f 5268 5248 5269
f 5269 5248 5247
f 5263 5270 5257
f 5257 5270 5271
f 5257 5271 5259
f 5272 5273 5274
f 5274 5273 5251
f 5274 5251 5275
f 5276 5277 5278
f 5279 5280 5281
f 5281 5280 5282
f 5281 5282 5283
f 5283 5282 5257
f 5283 5257 5284
f 5284 5257 5256
f 100 5285 5286
f 5287 5288 5289
f 5289 5288 5290
f 5289 5290 5291
f 5291 5290 5292
f 5291 5292 5293
f 5294 5295 5288
f 100 36 5251
f 5251 36 316
f 5251 316 318
f 5252 5296 100
f 100 5296 5297
f 100 5297 5298
f 5255 5248 5299
f 5299 5248 5300
f 5299 5300 5286
f 5286 5300 5301
f 5286 5301 100
f 5302 5292 5303
f 5303 5292 5304
f 5303 5304 5278
f 5278 5304 5305
f 5278 5305 5276
f 5292 5306 5307
f 5301 5308 100
f 100 5308 5309
f 100 5309 301
f 301 5309 5310
f 301 5310 5311
f 318 5312 5251
f 5251 5312 5313
f 5251 5313 5275
f 5298 5314 100
f 100 5314 5315
f 100 5315 5285
f 5302 5316 5292
f 5292 5316 5317
f 5292 5317 5318
f 5293 5292 5319
f 5319 5292 5307
f 5319 5307 5320
f 5320 5307 5321
f 5320 5321 5257
f 5257 5321 5322
f 5257 5322 5262
f 5323 5324 5325
f 5325 5324 5326
f 5324 5327 5326
f 5326 5327 5328
f 5326 5328 5329
f 5318 5330 5292
f 5292 5330 5331
f 5292 5331 5306
f 5311 5332 301
f 301 5332 5326
f 301 5326 302
f 302 5326 5329
f 5287 5333 5288
f 5288 5333 5334
f 5288 5334 5294
f 5335 5332 5336
f 5336 5332 5337
f 5335 5338 5332
f 5332 5338 5339
f 5332 5339 5326
f 5340 5333 5341
f 5341 5333 5342
f 5340 5343 5333
f 5333 5343 5344
f 5333 5344 5334
f 5345 5346 5333
f 5333 5346 5347
f 5333 5347 5342
f 5348 5349 5332
f 5332 5349 5350
f 5332 5350 5337
f 5351 5352 5333
f 5333 5352 5353
f 5354 5332 5333
f 5333 5332 5355
f 5333 5355 5351
f 5354 5356 5332
f 5332 5356 5357
f 5332 5357 5358
f 5353 5359 5333
f 5333 5359 5360
f 5333 5360 5345
f 5358 5361 5332
f 5332 5361 5362
f 5332 5362 5348
f 56 52 51
f 81 84 83
f 56 51 83
f 51 59 83
f 83 59 61
f 83 61 63
f 63 65 83
f 83 65 67
f 83 67 69
f 69 71 83
f 83 71 73
f 83 73 75
f 75 77 83
f 83 77 79
f 83 79 81
f 5363 5364 5365
f 5365 5364 5366
f 5367 5368 56
f 5369 5370 5364
f 5371 5372 5373
f 5373 5372 5374
f 5370 5375 5364
f 5364 5375 5376
f 5364 5376 5366
f 5377 5378 5372
f 56 5379 5380
f 5381 5382 5383
f 5383 5382 5384
f 5383 5384 5385
f 5385 5384 5364
f 5385 5364 5386
f 5386 5364 5363
f 5378 5387 5372
f 5372 5387 5388
f 5372 5388 5374
f 5389 5390 5391
f 5391 5390 5367
f 5391 5367 5392
f 5393 5394 5395
f 5396 5397 5398
f 5399 5400 5401
f 5401 5400 5402
f 5401 5402 5403
f 5403 5402 5372
f 5403 5372 5404
f 5404 5372 5371
f 56 5405 5406
f 56 5380 313
f 313 5380 5407
f 313 5407 5408
f 56 83 5367
f 5367 83 304
f 5367 304 306
f 5368 5409 56
f 56 5409 5410
f 56 5410 5411
f 5379 56 5412
f 5412 56 5406
f 5412 5406 5413
f 5413 5406 5414
f 5413 5414 5364
f 5364 5414 5415
f 5364 5415 5369
f 5416 5417 5418
f 5418 5417 5419
f 5418 5419 5395
f 5395 5419 5420
f 5395 5420 5393
f 5417 5421 5422
f 5423 5398 5424
f 5424 5398 5425
f 5424 5425 5426
f 5426 5425 5417
f 5426 5417 5427
f 306 5428 5367
f 5367 5428 5429
f 5367 5429 5392
f 5411 5430 56
f 56 5430 5431
f 56 5431 5405
f 5416 5432 5417
f 5417 5432 5433
f 5417 5433 5434
f 5427 5417 5435
f 5435 5417 5422
f 5435 5422 5436
f 5436 5422 5437
f 5436 5437 5372
f 5372 5437 5438
f 5372 5438 5377
f 5423 5439 5398
f 5398 5439 5440
f 5398 5440 5396
f 5434 5441 5417
f 5417 5441 5442
f 5417 5442 5421
f 5443 5444 5445
f 5445 5444 5446
f 5444 5447 5446
f 5446 5447 5448
f 5446 5448 5449
f 5408 5450 313
f 313 5450 5446
f 313 5446 314
f 314 5446 5449
f 5451 5450 5452
f 5452 5450 5453
f 5451 5454 5450
f 5450 5454 5455
f 5450 5455 5446
f 5456 5439 5457
f 5457 5439 5458
f 5456 5459 5439
f 5439 5459 5460
f 5439 5460 5440
f 5461 5462 5439
f 5439 5462 5463
f 5439 5463 5458
f 5464 5465 5450
f 5450 5465 5466
f 5450 5466 5453
f 5467 5468 5439
f 5439 5468 5469
f 5470 5450 5439
f 5439 5450 5471
f 5439 5471 5467
f 5470 5472 5450
f 5450 5472 5473
f 5450 5473 5474
f 5469 5475 5439
f 5439 5475 5476
f 5439 5476 5461
f 5474 5477 5450
f 5450 5477 5478
f 5450 5478 5464
f 5479 5480 5481
f 5443 5445 5482
f 5482 5445 5483
f 5482 5483 5484
f 5484 5483 5485
f 5486 5487 5488
f 5486 5488 5483
f 5483 5488 5489
f 5483 5489 5485
f 5490 5491 5492
f 5492 5491 5493
f 5493 5494 5492
f 5492 5494 5495
f 5492 5495 5486
f 5486 5495 5496
f 5486 5496 5487
f 5497 5481 5498
f 5498 5481 5499
f 5498 5499 5500
f 5497 5501 5481
f 5481 5501 5502
f 5481 5502 5490
f 5490 5502 5503
f 5490 5503 5491
f 349 5504 5505
f 5505 5504 5506
f 5505 5506 5499
f 5499 5506 5507
f 5499 5507 5500
f 349 5505 328
f 328 5505 5508
f 328 5508 329
f 5481 5480 5499
f 5499 5480 5509
f 5499 5509 5505
f 5505 5509 5510
f 5505 5510 5508
f 5479 5481 5511
f 5511 5481 5490
f 5511 5490 5512
f 5512 5490 5492
f 5512 5492 5513
f 5513 5492 5486
f 5513 5486 5514
f 5514 5486 5483
f 5514 5483 5515
f 5515 5483 5445
f 5515 5445 5446
f 5510 5509 5516
f 5480 5479 5517
f 5514 5515 5518
f 5515 5446 5455
f 5512 5513 5519
f 5511 5512 5520
f 5479 5511 5521
f 5522 5508 5510
f 5508 5522 329
f 5523 5518 5524
f 5525 5517 5526
f 5527 5528 5529
f 5529 5528 5530
f 5529 5530 5531
f 5531 5530 5532
f 5531 5532 5533
f 5533 5532 5534
f 5533 5534 5522
f 5522 5534 5535
f 5522 5535 329
f 5536 5537 5538
f 5538 5537 5539
f 5538 5539 5540
f 5540 5539 5541
f 5540 5541 5542
f 5542 5541 5543
f 5542 5543 5544
f 5544 5543 5545
f 5544 5545 5527
f 5527 5545 5546
f 5527 5546 5528
f 5547 5548 5549
f 5549 5548 5550
f 5549 5550 5551
f 5551 5550 5552
f 5551 5552 5553
f 5553 5552 5554
f 5553 5554 5555
f 5555 5554 5556
f 5555 5556 5557
f 5557 5556 5558
f 5557 5558 5536
f 5536 5558 5559
f 5536 5559 5537
f 5547 5549 5560
f 5560 5549 5561
f 5560 5561 5562
f 5562 5561 5563
f 5562 5563 5564
f 5564 5563 5565
f 5564 5565 5566
f 5515 5455 5518
f 5518 5455 5454
f 5518 5454 5524
f 5524 5454 5451
f 5524 5451 5567
f 5567 5451 5452
f 5567 5452 5568
f 5568 5452 5453
f 5568 5453 5569
f 5569 5453 5466
f 5569 5466 5570
f 5570 5466 5465
f 5570 5465 5571
f 5571 5465 5464
f 5571 5464 5572
f 5572 5464 5478
f 5572 5478 5573
f 5573 5478 5477
f 5573 5477 5574
f 5574 5477 5474
f 5574 5474 5575
f 5575 5474 5473
f 5575 5473 5576
f 5576 5473 5472
f 5576 5472 5577
f 5577 5472 5470
f 5577 5470 5578
f 5578 5470 5439
f 5578 5439 5579
f 5579 5439 5423
f 5579 5423 5580
f 5580 5423 5424
f 5580 5424 5581
f 5581 5424 5426
f 5581 5426 5582
f 5582 5426 5427
f 5582 5427 5583
f 5523 5524 5584
f 5584 5524 5567
f 5584 5567 5585
f 5585 5567 5568
f 5585 5568 5586
f 5586 5568 5569
f 5586 5569 5587
f 5587 5569 5570
f 5587 5570 5588
f 5588 5570 5571
f 5588 5571 5589
f 5589 5571 5572
f 5589 5572 5590
f 5590 5572 5573
f 5590 5573 5591
f 5591 5573 5574
f 5591 5574 5592
f 5592 5574 5575
f 5592 5575 5593
f 5593 5575 5576
f 5593 5576 5594
f 5594 5576 5577
f 5594 5577 5595
f 5595 5577 5578
f 5595 5578 5596
f 5596 5578 5579
f 5596 5579 5597
f 5597 5579 5580
f 5597 5580 5598
f 5598 5580 5581
f 5598 5581 5599
f 5599 5581 5582
f 5599 5582 5600
f 5600 5582 5583
f 5600 5583 5601
f 5514 5518 5513
f 5513 5518 5523
f 5513 5523 5519
f 5519 5523 5584
f 5519 5584 5602
f 5602 5584 5585
f 5602 5585 5603
f 5603 5585 5586
f 5603 5586 5604
f 5604 5586 5587
f 5604 5587 5605
f 5605 5587 5588
f 5605 5588 5606
f 5606 5588 5589
f 5606 5589 5607
f 5607 5589 5590
f 5607 5590 5608
f 5608 5590 5591
f 5608 5591 5609
f 5609 5591 5592
f 5609 5592 5610
f 5610 5592 5593
f 5610 5593 5611
f 5611 5593 5594
f 5611 5594 5612
f 5612 5594 5595
f 5612 5595 5613
f 5613 5595 5596
f 5613 5596 5614
f 5614 5596 5597
f 5614 5597 5615
f 5615 5597 5598
f 5615 5598 5616
f 5616 5598 5599
f 5616 5599 5617
f 5617 5599 5600
f 5617 5600 5618
f 5618 5600 5601
f 5618 5601 5619
f 5512 5519 5520
f 5520 5519 5602
f 5520 5602 5620
f 5620 5602 5603
f 5620 5603 5621
f 5621 5603 5604
f 5621 5604 5622
f 5622 5604 5605
f 5622 5605 5623
f 5623 5605 5606
f 5623 5606 5624
f 5624 5606 5607
f 5624 5607 5625
f 5625 5607 5608
f 5625 5608 5626
f 5626 5608 5609
f 5626 5609 5627
f 5627 5609 5610
f 5627 5610 5628
f 5628 5610 5611
f 5628 5611 5629
f 5629 5611 5612
f 5629 5612 5630
f 5630 5612 5613
f 5630 5613 5631
f 5631 5613 5614
f 5631 5614 5632
f 5632 5614 5615
f 5632 5615 5633
f 5633 5615 5616
f 5633 5616 5634
f 5634 5616 5617
f 5634 5617 5635
f 5635 5617 5618
f 5635 5618 5636
f 5636 5618 5619
f 5636 5619 5637
f 5511 5520 5521
f 5521 5520 5620
f 5521 5620 5638
f 5638 5620 5621
f 5638 5621 5639
f 5639 5621 5622
f 5639 5622 5640
f 5640 5622 5623
f 5640 5623 5641
f 5641 5623 5624
f 5641 5624 5642
f 5642 5624 5625
f 5642 5625 5643
f 5643 5625 5626
f 5643 5626 5644
f 5644 5626 5627
f 5644 5627 5645
f 5645 5627 5628
f 5645 5628 5646
f 5646 5628 5629
f 5646 5629 5647
f 5647 5629 5630
f 5647 5630 5648
f 5648 5630 5631
f 5648 5631 5649
f 5649 5631 5632
f 5649 5632 5650
f 5650 5632 5633
f 5650 5633 5651
f 5651 5633 5634
f 5651 5634 5652
f 5652 5634 5635
f 5652 5635 5653
f 5653 5635 5636
f 5653 5636 5654
f 5654 5636 5637
f 5654 5637 5655
f 5479 5521 5517
f 5517 5521 5638
f 5517 5638 5526
f 5526 5638 5639
f 5526 5639 5656
f 5656 5639 5640
f 5656 5640 5657
f 5657 5640 5641
f 5657 5641 5658
f 5658 5641 5642
f 5658 5642 5659
f 5659 5642 5643
f 5659 5643 5660
f 5660 5643 5644
f 5660 5644 5661
f 5661 5644 5645
f 5661 5645 5662
f 5662 5645 5646
f 5662 5646 5663
f 5663 5646 5647
f 5663 5647 5664
f 5664 5647 5648
f 5664 5648 5665
f 5665 5648 5649
f 5665 5649 5666
f 5666 5649 5650
f 5666 5650 5667
f 5667 5650 5651
f 5667 5651 5668
f 5668 5651 5652
f 5668 5652 5669
f 5669 5652 5653
f 5669 5653 5670
f 5670 5653 5654
f 5670 5654 5671
f 5671 5654 5655
f 5671 5655 5672
f 5525 5526 5673
f 5673 5526 5656
f 5673 5656 5674
f 5674 5656 5657
f 5674 5657 5675
f 5675 5657 5658
f 5675 5658 5676
f 5676 5658 5659
f 5676 5659 5677
f 5677 5659 5660
f 5677 5660 5678
f 5678 5660 5661
f 5678 5661 5679
f 5679 5661 5662
f 5679 5662 5680
f 5680 5662 5663
f 5680 5663 5681
f 5681 5663 5664
f 5681 5664 5682
f 5682 5664 5665
f 5682 5665 5683
f 5683 5665 5666
f 5683 5666 5684
f 5684 5666 5667
f 5684 5667 5685
f 5685 5667 5668
f 5685 5668 5686
f 5686 5668 5669
f 5686 5669 5687
f 5687 5669 5670
f 5687 5670 5688
f 5688 5670 5671
f 5688 5671 5689
f 5689 5671 5672
f 5689 5672 5690
f 5480 5517 5509
f 5509 5517 5525
f 5509 5525 5516
f 5516 5525 5673
f 5516 5673 5691
f 5691 5673 5674
f 5691 5674 5692
f 5692 5674 5675
f 5692 5675 5693
f 5693 5675 5676
f 5693 5676 5694
f 5694 5676 5677
f 5694 5677 5695
f 5695 5677 5678
f 5695 5678 5696
f 5696 5678 5679
f 5696 5679 5697
f 5697 5679 5680
f 5697 5680 5698
f 5698 5680 5681
f 5698 5681 5699
f 5699 5681 5682
f 5699 5682 5700
f 5700 5682 5683
f 5700 5683 5701
f 5701 5683 5684
f 5701 5684 5702
f 5702 5684 5685
f 5702 5685 5703
f 5703 5685 5686
f 5703 5686 5704
f 5704 5686 5687
f 5704 5687 5705
f 5705 5687 5688
f 5705 5688 5706
f 5706 5688 5689
f 5706 5689 5707
f 5707 5689 5690
f 5707 5690 5708
f 5510 5516 5522
f 5522 5516 5691
f 5522 5691 5533
f 5533 5691 5692
f 5533 5692 5531
f 5531 5692 5693
f 5531 5693 5529
f 5529 5693 5694
f 5529 5694 5527
f 5527 5694 5695
f 5527 5695 5544
f 5544 5695 5696
f 5544 5696 5542
f 5542 5696 5697
f 5542 5697 5540
f 5540 5697 5698
f 5540 5698 5538
f 5538 5698 5699
f 5538 5699 5536
f 5536 5699 5700
f 5536 5700 5557
f 5557 5700 5701
f 5557 5701 5555
f 5555 5701 5702
f 5555 5702 5553
f 5553 5702 5703
f 5553 5703 5551
f 5551 5703 5704
f 5551 5704 5549
f 5549 5704 5705
f 5549 5705 5561
f 5561 5705 5706
f 5561 5706 5563
f 5563 5706 5707
f 5563 5707 5565
f 5565 5707 5708
f 5565 5708 5709
f 5710 5711 5709
f 5709 5711 5712
f 5709 5712 5565
f 5565 5712 5713
f 5565 5713 5566
f 5714 5715 5716
f 5716 5715 5717
f 5716 5717 5718
f 5718 5717 5719
f 5718 5719 5720
f 5720 5719 5721
f 5720 5721 5722
f 5722 5721 5723
f 5722 5723 5724
f 5724 5723 5725
f 5724 5725 5726
f 5726 5725 5727
f 5726 5727 5728
f 5728 5727 5729
f 5728 5729 5730
f 5730 5729 5731
f 5730 5731 5436
f 5436 5731 5435
f 5732 5714 5733
f 5733 5714 5716
f 5733 5716 5734
f 5734 5716 5718
f 5734 5718 5735
f 5735 5718 5720
f 5735 5720 5736
f 5736 5720 5722
f 5736 5722 5737
f 5737 5722 5724
f 5737 5724 5738
f 5738 5724 5726
f 5738 5726 5739
f 5739 5726 5728
f 5739 5728 5740
f 5740 5728 5730
f 5740 5730 5372
f 5372 5730 5436
f 5427 5435 5583
f 5583 5435 5731
f 5583 5731 5601
f 5601 5731 5729
f 5601 5729 5619
f 5619 5729 5727
f 5619 5727 5637
f 5637 5727 5725
f 5637 5725 5655
f 5655 5725 5723
f 5655 5723 5672
f 5672 5723 5721
f 5672 5721 5690
f 5690 5721 5719
f 5690 5719 5708
f 5708 5719 5717
f 5708 5717 5709
f 5709 5717 5715
f 5709 5715 5710
f 5710 5715 5714
f 5710 5714 5741
f 5741 5714 5732
f 5741 5732 5742
f 5742 5732 5743
f 388 5743 5744
f 5744 5743 5732
f 5744 5732 5745
f 5745 5732 5733
f 5745 5733 5746
f 5746 5733 5734
f 5746 5734 5747
f 5747 5734 5735
f 5747 5735 5748
f 5748 5735 5736
f 5748 5736 5749
f 5749 5736 5737
f 5749 5737 5750
f 5750 5737 5738
f 5750 5738 5751
f 5751 5738 5739
f 5751 5739 5752
f 5752 5739 5740
f 5752 5740 5402
f 5402 5740 5372
f 5753 5754 5755
f 5756 5757 5758
f 5759 5760 5761
f 5275 5313 5762
f 5312 318 317
f 5482 5763 5443
f 5443 5763 5764
f 5765 320 315
f 314 5449 315
f 315 5449 5448
f 315 5448 5765
f 5765 5448 5447
f 5765 5447 5764
f 5764 5447 5444
f 5764 5444 5443
f 5312 317 5313
f 5275 5762 5274
f 5274 5762 5766
f 5274 5766 5272
f 5272 5766 5767
f 5272 5767 5768
f 5769 5770 5771
f 5771 5770 5772
f 5771 5772 5767
f 5767 5772 5773
f 5767 5773 5768
f 5761 5760 5771
f 5771 5760 5774
f 5771 5774 5769
f 5758 5757 5775
f 5757 5776 5775
f 5775 5776 5777
f 5775 5777 5761
f 5761 5777 5778
f 5761 5778 5759
f 5755 5754 5758
f 5758 5754 5779
f 5758 5779 5756
f 336 334 5780
f 5780 334 327
f 326 5781 327
f 327 5781 5782
f 327 5782 5780
f 5780 5782 5783
f 5780 5783 5755
f 5755 5783 5784
f 5755 5784 5753
f 349 348 5504
f 5504 348 5506
f 5497 5498 5785
f 5785 5498 5500
f 5785 5500 5786
f 5786 5500 5507
f 5786 5507 5506
f 5497 5785 5501
f 5501 5785 5787
f 5501 5787 5502
f 5788 5491 5787
f 5787 5491 5503
f 5787 5503 5502
f 5496 5495 5789
f 5789 5495 5494
f 5789 5494 5788
f 5788 5494 5493
f 5788 5493 5491
f 5496 5789 5487
f 5487 5789 5790
f 5487 5790 5488
f 5482 5484 5763
f 5763 5484 5485
f 5763 5485 5790
f 5790 5485 5489
f 5790 5489 5488
f 5506 348 5786
f 5786 348 346
f 5786 346 344
f 344 342 5791
f 5791 342 340
f 340 338 5792
f 5792 338 336
f 5793 324 319
f 344 5791 5786
f 5786 5791 5794
f 5786 5794 5785
f 5785 5794 5795
f 5785 5795 5787
f 5787 5795 5796
f 5787 5796 5788
f 5788 5796 5797
f 5788 5797 5789
f 5789 5797 5798
f 5789 5798 5790
f 5790 5798 5799
f 5790 5799 5763
f 5763 5799 5800
f 5763 5800 5764
f 5764 5800 5793
f 5764 5793 5765
f 5765 5793 319
f 5765 319 320
f 340 5792 5791
f 5791 5792 5801
f 5791 5801 5794
f 5794 5801 5802
f 5794 5802 5795
f 5795 5802 5803
f 5795 5803 5796
f 5796 5803 5804
f 5796 5804 5797
f 5797 5804 5805
f 5797 5805 5798
f 5798 5805 5806
f 5798 5806 5799
f 5799 5806 5807
f 5799 5807 5800
f 5800 5807 5808
f 5800 5808 5793
f 5793 5808 323
f 5793 323 324
f 5313 317 5762
f 5762 317 321
f 5762 321 322
f 336 5780 5792
f 5792 5780 5755
f 5792 5755 5801
f 5801 5755 5758
f 5801 5758 5802
f 5802 5758 5775
f 5802 5775 5803
f 5803 5775 5761
f 5803 5761 5804
f 5804 5761 5771
f 5804 5771 5805
f 5805 5771 5767
f 5805 5767 5806
f 5806 5767 5766
f 5806 5766 5807
f 5807 5766 5762
f 5807 5762 5808
f 5808 5762 322
f 5808 322 323
f 5751 5752 5809
f 5809 5752 5402
f 5809 5402 5400
f 5809 5810 5751
f 5751 5810 5811
f 5751 5811 5750
f 5811 5812 5750
f 5750 5812 5813
f 5750 5813 5749
f 5813 5814 5749
f 5749 5814 5815
f 5749 5815 5748
f 5815 5816 5748
f 5748 5816 5817
f 5748 5817 5747
f 5817 5818 5747
f 5747 5818 5819
f 5747 5819 5746
f 5819 5820 5746
f 5746 5820 5821
f 5746 5821 5745
f 5821 5822 5745
f 5745 5822 5823
f 5745 5823 5744
f 5823 5824 5744
f 5744 5824 5825
f 5744 5825 388
f 388 5825 5826
f 388 5826 389
f 343 345 5827
f 5535 5534 5828
f 5829 5830 5831
f 5831 5830 5832
f 5831 5832 5833
f 5834 5835 5836
f 5836 5835 5837
f 5836 5837 5829
f 5829 5837 5838
f 5829 5838 5830
f 5834 5836 5839
f 5839 5836 5840
f 5839 5840 5841
f 5842 5843 5840
f 5840 5843 5844
f 5840 5844 5841
f 5845 5846 5842
f 5842 5846 5847
f 5842 5847 5843
f 5845 5842 5848
f 5848 5842 5849
f 5848 5849 5850
f 5850 5849 5851
f 5850 5851 5852
f 5853 5854 5855
f 5855 5856 5853
f 5853 5856 5857
f 5853 5857 5851
f 5851 5857 5858
f 5851 5858 5852
f 5859 5860 5861
f 5861 5862 5859
f 5859 5862 5863
f 5859 5863 5854
f 5854 5863 5864
f 5854 5864 5855
f 5865 396 398
f 398 5866 5865
f 5865 5866 5867
f 5865 5867 5860
f 5860 5867 5868
f 5860 5868 5861
f 387 5869 388
f 388 5869 5743
f 5743 5869 5742
f 5742 5869 5870
f 5742 5870 5741
f 5741 5870 5710
f 5710 5870 5871
f 5710 5871 5711
f 5711 5871 5712
f 5712 5871 5872
f 5712 5872 5713
f 5713 5872 5566
f 5566 5872 5873
f 5566 5873 5564
f 5874 5560 5873
f 5873 5560 5562
f 5873 5562 5564
f 5552 5550 5875
f 5875 5550 5548
f 5875 5548 5874
f 5874 5548 5547
f 5874 5547 5560
f 5552 5875 5554
f 5554 5875 5876
f 5554 5876 5556
f 5539 5537 5877
f 5877 5537 5559
f 5877 5559 5876
f 5876 5559 5558
f 5876 5558 5556
f 5878 5543 5877
f 5877 5543 5541
f 5877 5541 5539
f 5530 5528 5879
f 5879 5528 5546
f 5879 5546 5878
f 5878 5546 5545
f 5878 5545 5543
f 5828 5534 5879
f 5879 5534 5532
f 5879 5532 5530
f 333 5831 332
f 332 5831 5833
f 332 5833 331
f 333 335 5880
f 5880 335 337
f 337 339 5881
f 5881 339 341
f 5881 341 343
f 329 5535 330
f 330 5535 5828
f 330 5828 347
f 347 5828 345
f 333 5880 5831
f 5831 5880 5882
f 5831 5882 5829
f 5829 5882 5883
f 5829 5883 5836
f 5836 5883 5884
f 5836 5884 5840
f 5840 5884 5885
f 5840 5885 5842
f 5842 5885 5886
f 5842 5886 5849
f 5849 5886 5887
f 5849 5887 5851
f 5851 5887 5888
f 5851 5888 5853
f 5853 5888 5889
f 5853 5889 5854
f 5854 5889 5890
f 5854 5890 5859
f 5859 5890 5891
f 5859 5891 5860
f 5860 5891 5892
f 5860 5892 5865
f 5865 5892 394
f 5865 394 396
f 337 5881 5880
f 5880 5881 5893
f 5880 5893 5882
f 5882 5893 5894
f 5882 5894 5883
f 5883 5894 5895
f 5883 5895 5884
f 5884 5895 5896
f 5884 5896 5885
f 5885 5896 5897
f 5885 5897 5886
f 5886 5897 5898
f 5886 5898 5887
f 5887 5898 5899
f 5887 5899 5888
f 5888 5899 5900
f 5888 5900 5889
f 5889 5900 5901
f 5889 5901 5890
f 5890 5901 5902
f 5890 5902 5891
f 5891 5902 5903
f 5891 5903 5892
f 5892 5903 392
f 5892 392 394
f 343 5827 5881
f 5881 5827 5904
f 5881 5904 5893
f 5893 5904 5905
f 5893 5905 5894
f 5894 5905 5906
f 5894 5906 5895
f 5895 5906 5907
f 5895 5907 5896
f 5896 5907 5908
f 5896 5908 5897
f 5897 5908 5909
f 5897 5909 5898
f 5898 5909 5910
f 5898 5910 5899
f 5899 5910 5911
f 5899 5911 5900
f 5900 5911 5912
f 5900 5912 5901
f 5901 5912 5913
f 5901 5913 5902
f 5902 5913 5914
f 5902 5914 5903
f 5903 5914 390
f 5903 390 392
f 345 5828 5827
f 5827 5828 5879
f 5827 5879 5904
f 5904 5879 5878
f 5904 5878 5905
f 5905 5878 5877
f 5905 5877 5906
f 5906 5877 5876
f 5906 5876 5907
f 5907 5876 5875
f 5907 5875 5908
f 5908 5875 5874
f 5908 5874 5909
f 5909 5874 5873
f 5909 5873 5910
f 5910 5873 5872
f 5910 5872 5911
f 5911 5872 5871
f 5911 5871 5912
f 5912 5871 5870
f 5912 5870 5913
f 5913 5870 5869
f 5913 5869 5914
f 5914 5869 387
f 5914 387 390
f 326 325 5781
f 5781 325 5915
f 5781 5915 5782
f 5782 5915 5783
f 5783 5915 5916
f 5783 5916 5784
f 5756 5779 5917
f 5917 5779 5754
f 5917 5754 5916
f 5916 5754 5753
f 5916 5753 5784
f 5756 5917 5757
f 5757 5917 5918
f 5757 5918 5776
f 5776 5918 5777
f 5777 5918 5919
f 5777 5919 5778
f 5920 5760 5919
f 5919 5760 5759
f 5919 5759 5778
f 5768 5773 5921
f 5921 5773 5772
f 5772 5770 5921
f 5921 5770 5769
f 5921 5769 5920
f 5920 5769 5774
f 5920 5774 5760
f 5273 5272 5768
f 5921 5922 5923
f 5768 5921 5273
f 5273 5921 5923
f 5273 5923 5251
f 5922 5921 5924
f 5924 5921 5920
f 5924 5920 5925
f 5925 5920 5919
f 5925 5919 5926
f 5926 5919 5918
f 5926 5918 5927
f 5927 5918 5928
f 5928 5918 5917
f 5928 5917 5929
f 5929 5917 5916
f 5929 5916 5930
f 5930 5916 5915
f 5930 5915 5931
f 5931 5915 325
f 5931 325 331
f 5932 5933 5400
f 5932 5400 5934
f 5935 5934 5400
f 5936 5935 5400
f 5937 5936 5400
f 5938 5937 5400
f 5939 5938 5400
f 5940 5939 5400
f 5941 5940 5400
f 5811 5810 5933
f 5942 5943 5944
f 5813 5812 5945
f 5946 5947 5948
f 5815 5814 5949
f 5950 5951 5952
f 5817 5816 5953
f 5954 5955 5956
f 5819 5818 5957
f 5958 5959 5960
f 5821 5820 5961
f 5962 5963 5964
f 5823 5822 5965
f 5966 5967 5968
f 5825 5824 5969
f 389 5826 5970
f 5970 5826 5971
f 5970 5971 5972
f 5972 5971 5973
f 5974 5975 5976
f 5976 5975 5977
f 5976 5977 5973
f 5973 5977 5978
f 5973 5978 5972
f 5979 5980 5981
f 5981 5980 5982
f 5982 5980 5983
f 5983 5980 5984
f 5983 5984 5985
f 5985 5984 5986
f 5985 5986 5987
f 5987 5986 5988
f 5988 5986 5989
f 5988 5989 5990
f 5990 5989 5991
f 5991 5989 5968
f 5991 5968 5992
f 5992 5968 5967
f 5992 5967 407
f 5826 5825 5971
f 5971 5825 5969
f 5971 5969 5973
f 5973 5969 5993
f 5973 5993 5976
f 5976 5993 5994
f 5976 5994 5974
f 5974 5994 5979
f 5974 5979 5995
f 5995 5979 5981
f 5824 5823 5969
f 5969 5823 5965
f 5969 5965 5993
f 5993 5965 5996
f 5993 5996 5994
f 5994 5996 5997
f 5994 5997 5979
f 5979 5997 5998
f 5979 5998 5980
f 5980 5998 5999
f 5980 5999 5984
f 5984 5999 6000
f 5984 6000 5986
f 5986 6000 6001
f 5986 6001 5989
f 5989 6001 6002
f 5989 6002 5968
f 5968 6002 5964
f 5968 5964 5966
f 5966 5964 5963
f 5822 5821 5965
f 5965 5821 5961
f 5965 5961 5996
f 5996 5961 6003
f 5996 6003 5997
f 5997 6003 6004
f 5997 6004 5998
f 5998 6004 6005
f 5998 6005 5999
f 5999 6005 6006
f 5999 6006 6000
f 6000 6006 6007
f 6000 6007 6001
f 6001 6007 6008
f 6001 6008 6002
f 6002 6008 6009
f 6002 6009 5964
f 5964 6009 5960
f 5964 5960 5962
f 5962 5960 5959
f 5820 5819 5961
f 5961 5819 5957
f 5961 5957 6003
f 6003 5957 6010
f 6003 6010 6004
f 6004 6010 6011
f 6004 6011 6005
f 6005 6011 6012
f 6005 6012 6006
f 6006 6012 6013
f 6006 6013 6007
f 6007 6013 6014
f 6007 6014 6008
f 6008 6014 6015
f 6008 6015 6009
f 6009 6015 6016
f 6009 6016 5960
f 5960 6016 5956
f 5960 5956 5958
f 5958 5956 5955
f 5818 5817 5957
f 5957 5817 5953
f 5957 5953 6010
f 6010 5953 6017
f 6010 6017 6011
f 6011 6017 6018
f 6011 6018 6012
f 6012 6018 6019
f 6012 6019 6013
f 6013 6019 6020
f 6013 6020 6014
f 6014 6020 6021
f 6014 6021 6015
f 6015 6021 6022
f 6015 6022 6016
f 6016 6022 6023
f 6016 6023 5956
f 5956 6023 5952
f 5956 5952 5954
f 5954 5952 5951
f 5816 5815 5953
f 5953 5815 5949
f 5953 5949 6017
f 6017 5949 6024
f 6017 6024 6018
f 6018 6024 6025
f 6018 6025 6019
f 6019 6025 6026
f 6019 6026 6020
f 6020 6026 6027
f 6020 6027 6021
f 6021 6027 6028
f 6021 6028 6022
f 6022 6028 6029
f 6022 6029 6023
f 6023 6029 6030
f 6023 6030 5952
f 5952 6030 5948
f 5952 5948 5950
f 5950 5948 5947
f 5814 5813 5949
f 5949 5813 5945
f 5949 5945 6024
f 6024 5945 6031
f 6024 6031 6025
f 6025 6031 6032
f 6025 6032 6026
f 6026 6032 6033
f 6026 6033 6027
f 6027 6033 6034
f 6027 6034 6028
f 6028 6034 6035
f 6028 6035 6029
f 6029 6035 6036
f 6029 6036 6030
f 6030 6036 6037
f 6030 6037 5948
f 5948 6037 5944
f 5948 5944 5946
f 5946 5944 5943
f 5812 5811 5945
f 5945 5811 5933
f 5945 5933 6031
f 6031 5933 5932
f 6031 5932 6032
f 6032 5932 5934
f 6032 5934 6033
f 6033 5934 5935
f 6033 5935 6034
f 6034 5935 5936
f 6034 5936 6035
f 6035 5936 5937
f 6035 5937 6036
f 6036 5937 5938
f 6036 5938 6037
f 6037 5938 5939
f 6037 5939 5944
f 5944 5939 5940
f 5944 5940 5942
f 5942 5940 5941
f 5810 5809 5933
f 5933 5809 5400
f 6038 5266 5268
f 6039 6038 6040
f 6041 6039 6042
f 6043 6041 6044
f 6045 6043 6046
f 6047 6045 6048
f 6049 6047 6050
f 6051 6049 6052
f 6053 6051 6054
f 5866 398 6055
f 6055 398 6053
f 5866 6055 5867
f 5867 6055 6056
f 5867 6056 5868
f 5868 6056 5861
f 5861 6056 6057
f 5861 6057 5862
f 5862 6057 5863
f 5863 6057 6058
f 5863 6058 5864
f 5864 6058 5855
f 5855 6058 6059
f 5855 6059 5856
f 5856 6059 5857
f 5857 6059 6060
f 5857 6060 5858
f 5858 6060 5852
f 5852 6060 6061
f 5852 6061 5850
f 5850 6061 6062
f 5850 6062 5848
f 5848 6062 6063
f 5848 6063 5845
f 5845 6063 6064
f 5845 6064 5846
f 5846 6064 5847
f 5847 6064 6065
f 5847 6065 5843
f 5843 6065 6066
f 5843 6066 5844
f 5844 6066 6067
f 5844 6067 5841
f 5841 6067 6068
f 5841 6068 5839
f 5839 6068 5834
f 5834 6068 6069
f 5834 6069 5835
f 5835 6069 6070
f 5835 6070 5837
f 5837 6070 6071
f 5837 6071 5838
f 5838 6071 6072
f 5838 6072 5830
f 6038 5268 6040
f 6040 5268 5269
f 6040 5269 6073
f 6073 5269 5247
f 6073 5247 6074
f 6074 5247 5249
f 6074 5249 6075
f 6075 5249 5250
f 6075 5250 6076
f 6076 5250 5261
f 6076 5261 6077
f 6077 5261 5260
f 6077 5260 6078
f 6078 5260 5254
f 6078 5254 6079
f 6079 5254 5253
f 6079 5253 6080
f 6080 5253 5255
f 6080 5255 6081
f 6081 5255 5299
f 6081 5299 6082
f 6082 5299 5286
f 6082 5286 6083
f 6083 5286 5285
f 6083 5285 6084
f 6084 5285 5315
f 6084 5315 6085
f 6085 5315 5314
f 6085 5314 6086
f 6086 5314 5298
f 6086 5298 6087
f 6087 5298 5297
f 6087 5297 6088
f 6088 5297 5296
f 6088 5296 6089
f 6089 5296 5252
f 6089 5252 6090
f 6043 6044 6046
f 6046 6044 6091
f 6046 6091 6092
f 6092 6091 6093
f 6092 6093 6094
f 6094 6093 6095
f 6094 6095 6096
f 6096 6095 6097
f 6096 6097 6098
f 6098 6097 6099
f 6098 6099 6100
f 6100 6099 6101
f 6100 6101 6102
f 6102 6101 6103
f 6102 6103 6104
f 6104 6103 6105
f 6104 6105 6106
f 6106 6105 6107
f 6106 6107 6108
f 6108 6107 6109
f 6108 6109 6110
f 6110 6109 6111
f 6110 6111 6112
f 6112 6111 6113
f 6112 6113 6114
f 6114 6113 6115
f 6114 6115 6116
f 6116 6115 6117
f 6116 6117 6118
f 6118 6117 6119
f 6118 6119 6120
f 6120 6119 6121
f 6120 6121 6122
f 6122 6121 6123
f 6122 6123 6124
f 6124 6123 6125
f 6124 6125 6126
f 6053 6054 6055
f 6055 6054 6127
f 6055 6127 6056
f 6056 6127 6128
f 6056 6128 6057
f 6057 6128 6129
f 6057 6129 6058
f 6058 6129 6130
f 6058 6130 6059
f 6059 6130 6131
f 6059 6131 6060
f 6060 6131 6132
f 6060 6132 6061
f 6061 6132 6133
f 6061 6133 6062
f 6062 6133 6134
f 6062 6134 6063
f 6063 6134 6135
f 6063 6135 6064
f 6064 6135 6136
f 6064 6136 6065
f 6065 6136 6137
f 6065 6137 6066
f 6066 6137 6138
f 6066 6138 6067
f 6067 6138 6139
f 6067 6139 6068
f 6068 6139 6140
f 6068 6140 6069
f 6069 6140 6141
f 6069 6141 6070
f 6070 6141 6142
f 6070 6142 6071
f 6071 6142 6143
f 6071 6143 6072
f 6072 6143 6144
f 6072 6144 6145
f 5252 5251 6090
f 6090 5251 5923
f 6090 5923 5922
f 6039 6040 6042
f 6042 6040 6073
f 6042 6073 6146
f 6146 6073 6074
f 6146 6074 6147
f 6147 6074 6075
f 6147 6075 6148
f 6148 6075 6076
f 6148 6076 6149
f 6149 6076 6077
f 6149 6077 6150
f 6150 6077 6078
f 6150 6078 6151
f 6151 6078 6079
f 6151 6079 6152
f 6152 6079 6080
f 6152 6080 6153
f 6153 6080 6081
f 6153 6081 6154
f 6154 6081 6082
f 6154 6082 6155
f 6155 6082 6083
f 6155 6083 6156
f 6156 6083 6084
f 6156 6084 6157
f 6157 6084 6085
f 6157 6085 6158
f 6158 6085 6086
f 6158 6086 6159
f 6159 6086 6087
f 6159 6087 6160
f 6160 6087 6088
f 6160 6088 6161
f 6161 6088 6089
f 6161 6089 6162
f 6162 6089 6090
f 6162 6090 6163
f 6163 6090 5922
f 6163 5922 5924
f 6041 6042 6044
f 6044 6042 6146
f 6044 6146 6091
f 6091 6146 6147
f 6091 6147 6093
f 6093 6147 6148
f 6093 6148 6095
f 6095 6148 6149
f 6095 6149 6097
f 6097 6149 6150
f 6097 6150 6099
f 6099 6150 6151
f 6099 6151 6101
f 6101 6151 6152
f 6101 6152 6103
f 6103 6152 6153
f 6103 6153 6105
f 6105 6153 6154
f 6105 6154 6107
f 6107 6154 6155
f 6107 6155 6109
f 6109 6155 6156
f 6109 6156 6111
f 6111 6156 6157
f 6111 6157 6113
f 6113 6157 6158
f 6113 6158 6115
f 6115 6158 6159
f 6115 6159 6117
f 6117 6159 6160
f 6117 6160 6119
f 6119 6160 6161
f 6119 6161 6121
f 6121 6161 6162
f 6121 6162 6123
f 6123 6162 6163
f 6123 6163 6125
f 6125 6163 5924
f 6125 5924 6126
f 6126 5924 5925
f 6126 5925 5926
f 6045 6046 6048
f 6048 6046 6092
f 6048 6092 6164
f 6164 6092 6094
f 6164 6094 6165
f 6165 6094 6096
f 6165 6096 6166
f 6166 6096 6098
f 6166 6098 6167
f 6167 6098 6100
f 6167 6100 6168
f 6168 6100 6102
f 6168 6102 6169
f 6169 6102 6104
f 6169 6104 6170
f 6170 6104 6106
f 6170 6106 6171
f 6171 6106 6108
f 6171 6108 6172
f 6172 6108 6110
f 6172 6110 6173
f 6173 6110 6112
f 6173 6112 6174
f 6174 6112 6114
f 6174 6114 6175
f 6175 6114 6116
f 6175 6116 6176
f 6176 6116 6118
f 6176 6118 6177
f 6177 6118 6120
f 6177 6120 6178
f 6178 6120 6122
f 6178 6122 6179
f 6179 6122 6124
f 6179 6124 6180
f 6180 6124 6126
f 6180 6126 6181
f 6181 6126 5926
f 6181 5926 5927
f 6047 6048 6050
f 6050 6048 6164
f 6050 6164 6182
f 6182 6164 6165
f 6182 6165 6183
f 6183 6165 6166
f 6183 6166 6184
f 6184 6166 6167
f 6184 6167 6185
f 6185 6167 6168
f 6185 6168 6186
f 6186 6168 6169
f 6186 6169 6187
f 6187 6169 6170
f 6187 6170 6188
f 6188 6170 6171
f 6188 6171 6189
f 6189 6171 6172
f 6189 6172 6190
f 6190 6172 6173
f 6190 6173 6191
f 6191 6173 6174
f 6191 6174 6192
f 6192 6174 6175
f 6192 6175 6193
f 6193 6175 6176
f 6193 6176 6194
f 6194 6176 6177
f 6194 6177 6195
f 6195 6177 6178
f 6195 6178 6196
f 6196 6178 6179
f 6196 6179 6197
f 6197 6179 6180
f 6197 6180 6198
f 6198 6180 6181
f 6198 6181 6199
f 6199 6181 5927
f 6199 5927 5928
f 6049 6050 6052
f 6052 6050 6182
f 6052 6182 6200
f 6200 6182 6183
f 6200 6183 6201
f 6201 6183 6184
f 6201 6184 6202
f 6202 6184 6185
f 6202 6185 6203
f 6203 6185 6186
f 6203 6186 6204
f 6204 6186 6187
f 6204 6187 6205
f 6205 6187 6188
f 6205 6188 6206
f 6206 6188 6189
f 6206 6189 6207
f 6207 6189 6190
f 6207 6190 6208
f 6208 6190 6191
f 6208 6191 6209
f 6209 6191 6192
f 6209 6192 6210
f 6210 6192 6193
f 6210 6193 6211
f 6211 6193 6194
f 6211 6194 6212
f 6212 6194 6195
f 6212 6195 6213
f 6213 6195 6196
f 6213 6196 6214
f 6214 6196 6197
f 6214 6197 6215
f 6215 6197 6198
f 6215 6198 6216
f 6216 6198 6199
f 6216 6199 6217
f 6217 6199 5928
f 6217 5928 5929
f 6051 6052 6054
f 6054 6052 6200
f 6054 6200 6127
f 6127 6200 6201
f 6127 6201 6128
f 6128 6201 6202
f 6128 6202 6129
f 6129 6202 6203
f 6129 6203 6130
f 6130 6203 6204
f 6130 6204 6131
f 6131 6204 6205
f 6131 6205 6132
f 6132 6205 6206
f 6132 6206 6133
f 6133 6206 6207
f 6133 6207 6134
f 6134 6207 6208
f 6134 6208 6135
f 6135 6208 6209
f 6135 6209 6136
f 6136 6209 6210
f 6136 6210 6137
f 6137 6210 6211
f 6137 6211 6138
f 6138 6211 6212
f 6138 6212 6139
f 6139 6212 6213
f 6139 6213 6140
f 6140 6213 6214
f 6140 6214 6141
f 6141 6214 6215
f 6141 6215 6142
f 6142 6215 6216
f 6142 6216 6143
f 6143 6216 6217
f 6143 6217 6144
f 6144 6217 5929
f 6144 5929 6145
f 6145 5929 5930
f 6145 5930 5931
f 5830 6072 5832
f 5832 6072 6145
f 5832 6145 5833
f 5833 6145 5931
f 5833 5931 331
f 408 407 6218
f 6218 407 5967
f 6218 5967 6219
f 6219 5967 5966
f 6219 5966 6220
f 6220 5966 5963
f 6220 5963 6221
f 6221 5963 5962
f 6221 5962 6222
f 6222 5962 5959
f 6222 5959 6223
f 6223 5959 5958
f 6223 5958 6224
f 6224 5958 5955
f 6224 5955 6225
f 6225 5955 5954
f 6225 5954 6226
f 6226 5954 5951
f 6226 5951 6227
f 6227 5951 5950
f 6227 5950 6228
f 6228 5950 5947
f 6228 5947 6229
f 6229 5947 5946
f 6229 5946 6230
f 6230 5946 5943
f 6230 5943 6231
f 6231 5943 5942
f 6231 5942 6232
f 6232 5942 5941
f 6232 5941 5399
f 5399 5941 5400
f 6233 6234 6235
f 6236 5987 5988
f 6237 5982 5983
f 6238 5978 5977
f 6239 6240 6238
f 6241 6242 6243
f 6243 6242 397
f 391 6240 393
f 393 6240 6239
f 393 6239 395
f 6244 6245 6241
f 5978 6238 5972
f 5972 6238 6240
f 5972 6240 5970
f 5970 6240 391
f 5970 391 389
f 6246 6247 6248
f 6248 6247 6245
f 6241 6243 6244
f 6244 6243 6249
f 6244 6249 6250
f 6250 6249 6251
f 6250 6251 6252
f 6253 6254 6255
f 6255 6254 6256
f 6255 6256 6246
f 397 395 6243
f 6243 395 6239
f 6243 6239 6249
f 6249 6239 6238
f 6249 6238 6251
f 6251 6238 5977
f 6251 5977 6252
f 6252 5977 5975
f 6257 6258 6253
f 5975 5974 6252
f 6252 5974 5995
f 6252 5995 5981
f 6245 6244 6248
f 6248 6244 6250
f 6248 6250 6259
f 6259 6250 6252
f 6259 6252 6237
f 6237 6252 5981
f 6237 5981 5982
f 6260 6261 6262
f 6262 6261 6258
f 6263 6264 6260
f 6246 6248 6255
f 6255 6248 6259
f 6255 6259 6265
f 6265 6259 6237
f 6265 6237 6266
f 6266 6237 5983
f 6266 5983 5985
f 6253 6255 6257
f 6257 6255 6265
f 6257 6265 6267
f 6267 6265 6266
f 6267 6266 6236
f 6236 6266 5985
f 6236 5985 5987
f 6268 6269 6270
f 6270 6269 6264
f 6260 6262 6263
f 6263 6262 6271
f 6263 6271 6272
f 6272 6271 6273
f 6272 6273 6274
f 6234 6268 6235
f 6235 6268 6270
f 6235 6270 6275
f 6258 6257 6262
f 6262 6257 6267
f 6262 6267 6271
f 6271 6267 6236
f 6271 6236 6273
f 6273 6236 5988
f 6273 5988 6274
f 6274 5988 5990
f 6274 5990 5991
f 400 6233 401
f 401 6233 6235
f 401 6235 403
f 403 6235 6275
f 403 6275 405
f 5992 407 405
f 6264 6263 6270
f 6270 6263 6272
f 6270 6272 6275
f 6275 6272 6274
f 6275 6274 405
f 405 6274 5991
f 405 5991 5992
f 6276 5264 6038
f 6038 5264 5266
f 6276 6038 6277
f 6277 6038 6039
f 6277 6039 6278
f 6278 6039 6279
f 6279 6039 6041
f 6279 6041 6280
f 6280 6041 6281
f 6281 6041 6043
f 6281 6043 6282
f 6282 6043 6283
f 6283 6043 6045
f 6283 6045 6284
f 6284 6045 6285
f 6285 6045 6047
f 6285 6047 6286
f 6286 6047 6287
f 6287 6047 6049
f 6287 6049 6288
f 6288 6049 6289
f 6289 6049 6051
f 6289 6051 6290
f 6290 6051 6291
f 6291 6051 6053
f 6291 6053 6292
f 6292 6053 6293
f 6293 6053 398
f 6293 398 397
f 6294 6295 5399
f 6296 6297 5399
f 6296 5399 6298
f 6299 6298 5399
f 6300 6299 5399
f 6231 6232 6295
f 6295 6232 5399
f 6297 6294 5399
f 6301 6302 6303
f 6304 6305 6306
f 6307 6308 6309
f 6310 6311 6312
f 6302 6313 408
f 6313 6302 6314
f 6314 6302 6301
f 6314 6301 6315
f 6304 6306 6316
f 6317 6318 6319
f 6320 6321 6322
f 6322 6321 6317
f 419 6320 6323
f 6323 6320 6322
f 6323 6322 6324
f 6324 6322 6325
f 6326 6327 6325
f 6325 6327 6328
f 6325 6328 6324
f 6329 6330 6331
f 6332 6333 6326
f 6326 6333 6334
f 6326 6334 6327
f 6335 6330 6336
f 6336 6330 6329
f 6336 6329 6337
f 6338 6310 6339
f 6339 6310 6312
f 6339 6312 6340
f 6340 6312 6341
f 6340 6341 6342
f 6342 6341 6343
f 6342 6343 6344
f 408 6218 6302
f 6302 6218 6219
f 6302 6219 6303
f 6303 6219 6220
f 6303 6220 6221
f 6311 6315 6312
f 6312 6315 6301
f 6312 6301 6341
f 6341 6301 6303
f 6341 6303 6343
f 6343 6303 6221
f 6345 6346 6332
f 6332 6346 6347
f 6332 6347 6333
f 6348 6335 6349
f 6349 6335 6336
f 6349 6336 6350
f 6350 6336 6337
f 6350 6337 6351
f 6352 6353 6345
f 6345 6353 6354
f 6345 6354 6346
f 6355 6348 6356
f 6356 6348 6349
f 6356 6349 6357
f 6357 6349 6350
f 6357 6350 6358
f 6358 6350 6351
f 6358 6351 6359
f 6305 6307 6306
f 6306 6307 6309
f 6306 6309 6360
f 6360 6309 6361
f 6360 6361 6362
f 6362 6361 6363
f 6362 6363 6364
f 6364 6363 6365
f 6364 6365 6366
f 6366 6365 6367
f 6366 6367 6368
f 6221 6222 6343
f 6343 6222 6223
f 6343 6223 6344
f 6344 6223 6224
f 6344 6224 6225
f 6308 6338 6309
f 6309 6338 6339
f 6309 6339 6361
f 6361 6339 6340
f 6361 6340 6363
f 6363 6340 6342
f 6363 6342 6365
f 6365 6342 6344
f 6365 6344 6367
f 6367 6344 6225
f 6369 6370 6352
f 6352 6370 6371
f 6352 6371 6353
f 6372 6355 6373
f 6373 6355 6356
f 6373 6356 6374
f 6374 6356 6357
f 6374 6357 6375
f 6375 6357 6358
f 6375 6358 6376
f 6376 6358 6359
f 6376 6359 6377
f 6378 6379 6369
f 6369 6379 6380
f 6369 6380 6370
f 6381 6372 6382
f 6382 6372 6373
f 6382 6373 6383
f 6383 6373 6374
f 6383 6374 6384
f 6384 6374 6375
f 6384 6375 6385
f 6385 6375 6376
f 6385 6376 6386
f 6386 6376 6377
f 6386 6377 6387
f 6225 6226 6367
f 6367 6226 6227
f 6367 6227 6368
f 6368 6227 6228
f 6368 6228 6229
f 6318 6388 6319
f 6319 6388 6316
f 6319 6316 6331
f 6331 6316 6306
f 6331 6306 6329
f 6329 6306 6360
f 6329 6360 6337
f 6337 6360 6362
f 6337 6362 6351
f 6351 6362 6364
f 6351 6364 6359
f 6359 6364 6366
f 6359 6366 6377
f 6377 6366 6368
f 6377 6368 6387
f 6387 6368 6229
f 6387 6229 6230
f 6389 6390 6378
f 6378 6390 6391
f 6378 6391 6379
f 6230 6231 6387
f 6387 6231 6295
f 6387 6295 6386
f 6386 6295 6294
f 6386 6294 6385
f 6385 6294 6297
f 6385 6297 6384
f 6384 6297 6296
f 6384 6296 6383
f 6383 6296 6298
f 6383 6298 6382
f 6382 6298 6299
f 6382 6299 6381
f 6381 6299 6300
f 5399 6392 6389
f 6389 6392 6393
f 6389 6393 6390
f 6317 6394 6322
f 6322 6394 6395
f 6322 6395 6325
f 6325 6395 6396
f 6325 6396 6326
f 6326 6396 6397
f 6326 6397 6332
f 6332 6397 6398
f 6332 6398 6345
f 6345 6398 6399
f 6345 6399 6352
f 6352 6399 6400
f 6352 6400 6369
f 6369 6400 6401
f 6369 6401 6378
f 6378 6401 6402
f 6378 6402 6389
f 6389 6402 5399
f 6317 6319 6394
f 6394 6319 6331
f 6394 6331 6395
f 6395 6331 6330
f 6395 6330 6396
f 6396 6330 6335
f 6396 6335 6397
f 6397 6335 6348
f 6397 6348 6398
f 6398 6348 6355
f 6398 6355 6399
f 6399 6355 6372
f 6399 6372 6400
f 6400 6372 6381
f 6400 6381 6401
f 6401 6381 6300
f 6401 6300 6402
f 6402 6300 5399
f 6403 6404 6405
f 6406 6407 6408
f 6409 6410 6411
f 6412 6413 6414
f 6415 6416 6417
f 6418 6419 6420
f 6278 6279 6421
f 5264 6422 6423
f 5264 6424 6425
f 400 6426 6427
f 6428 6234 6427
f 6427 6234 6233
f 6427 6233 400
f 6429 6264 6430
f 6430 6264 6269
f 6430 6269 6428
f 6428 6269 6268
f 6428 6268 6234
f 6254 6253 6431
f 6431 6253 6258
f 6431 6258 6432
f 6432 6258 6261
f 6432 6261 6429
f 6429 6261 6260
f 6429 6260 6264
f 6245 6247 6433
f 6433 6247 6246
f 6433 6246 6256
f 6241 6434 6242
f 6242 6434 6293
f 6242 6293 397
f 6277 6435 6276
f 6276 6435 5264
f 6422 5264 6435
f 6436 6437 6438
f 6438 6437 6439
f 6277 6278 6435
f 6435 6278 6421
f 6435 6421 6422
f 6422 6421 6440
f 6422 6440 6423
f 6423 6440 6441
f 6423 6441 6442
f 6419 6436 6420
f 6420 6436 6438
f 6420 6438 6443
f 6279 6280 6421
f 6421 6280 6416
f 6421 6416 6440
f 6440 6416 6415
f 6440 6415 6441
f 6442 5264 6423
f 6413 6418 6414
f 6414 6418 6420
f 6414 6420 6444
f 6444 6420 6443
f 6444 6443 6445
f 6410 6412 6411
f 6411 6412 6414
f 6411 6414 6446
f 6446 6414 6444
f 6446 6444 6447
f 6447 6444 6445
f 6447 6445 6448
f 6449 6450 6451
f 6451 6450 6452
f 6451 6452 6453
f 6453 6452 6454
f 6453 6454 6455
f 6455 6454 6456
f 6455 6456 6457
f 6457 6456 6458
f 6457 6458 6459
f 6280 6281 6416
f 6416 6281 6282
f 6416 6282 6417
f 6417 6282 6283
f 6417 6283 6284
f 6284 6458 6417
f 6417 6458 6456
f 6417 6456 6415
f 6415 6456 6454
f 6415 6454 6441
f 6441 6454 6452
f 6441 6452 6442
f 6442 6452 6450
f 6442 6450 5264
f 6449 5264 6450
f 6407 6409 6408
f 6408 6409 6411
f 6408 6411 6460
f 6460 6411 6446
f 6460 6446 6461
f 6461 6446 6447
f 6461 6447 6462
f 6462 6447 6448
f 6462 6448 6463
f 6404 6406 6405
f 6405 6406 6408
f 6405 6408 6464
f 6464 6408 6460
f 6464 6460 6465
f 6465 6460 6461
f 6465 6461 6466
f 6466 6461 6462
f 6466 6462 6467
f 6467 6462 6463
f 6467 6463 6468
f 6425 6424 6469
f 6469 6424 6470
f 6469 6470 6471
f 6471 6470 6472
f 6471 6472 6473
f 6473 6472 6474
f 6473 6474 6475
f 6475 6474 6476
f 6475 6476 6477
f 6477 6476 6478
f 6477 6478 6479
f 6479 6478 6480
f 6479 6480 6481
f 6482 5264 6425
f 6284 6285 6458
f 6458 6285 6286
f 6458 6286 6459
f 6459 6286 6287
f 6459 6287 6288
f 6288 6480 6459
f 6459 6480 6478
f 6459 6478 6457
f 6457 6478 6476
f 6457 6476 6455
f 6455 6476 6474
f 6455 6474 6453
f 6453 6474 6472
f 6453 6472 6451
f 6451 6472 6470
f 6451 6470 6449
f 6449 6470 6424
f 6449 6424 5264
f 6426 6403 6427
f 6427 6403 6405
f 6427 6405 6428
f 6428 6405 6464
f 6428 6464 6430
f 6430 6464 6465
f 6430 6465 6429
f 6429 6465 6466
f 6429 6466 6432
f 6432 6466 6467
f 6432 6467 6431
f 6431 6467 6468
f 6431 6468 6483
f 6254 6431 6256
f 6256 6431 6483
f 6256 6483 6433
f 6433 6483 6484
f 6433 6484 6245
f 6241 6245 6434
f 6434 6245 6484
f 6434 6484 6485
f 6485 6484 6483
f 6485 6483 6486
f 6486 6483 6468
f 6486 6468 6487
f 6487 6468 6463
f 6487 6463 6488
f 6488 6463 6448
f 6488 6448 6489
f 6489 6448 6445
f 6489 6445 6490
f 6490 6445 6443
f 6490 6443 6491
f 6491 6443 6438
f 6491 6438 6482
f 6482 6438 6439
f 6482 6439 6492
f 6288 6289 6480
f 6480 6289 6290
f 6480 6290 6481
f 6481 6290 6291
f 6481 6291 6292
f 6482 6425 6491
f 6491 6425 6469
f 6491 6469 6490
f 6490 6469 6471
f 6490 6471 6489
f 6489 6471 6473
f 6489 6473 6488
f 6488 6473 6475
f 6488 6475 6487
f 6487 6475 6477
f 6487 6477 6486
f 6486 6477 6479
f 6486 6479 6485
f 6485 6479 6481
f 6485 6481 6434
f 6434 6481 6292
f 6434 6292 6293
f 6492 5264 6482
f 6392 5399 6493
f 6493 5399 5401
f 6392 6493 6393
f 6393 6493 6494
f 6393 6494 6390
f 6390 6494 6391
f 6391 6494 6495
f 6391 6495 6379
f 6379 6495 6380
f 6380 6495 6496
f 6380 6496 6370
f 6370 6496 6371
f 6371 6496 6497
f 6371 6497 6353
f 6353 6497 6354
f 6354 6497 6498
f 6354 6498 6346
f 6346 6498 6347
f 6347 6498 6499
f 6347 6499 6333
f 6333 6499 6334
f 6334 6499 6500
f 6334 6500 6327
f 6327 6500 6328
f 6328 6500 6501
f 6328 6501 6324
f 6324 6501 6323
f 6323 6501 420
f 6323 420 419
f 6313 6314 6502
f 6503 6504 6505
f 6506 6507 6508
f 6509 6510 6511
f 6512 6513 6509
f 6321 6320 6514
f 6514 6320 419
f 426 6513 424
f 424 6513 6512
f 424 6512 422
f 6515 6317 6321
f 6510 6509 6516
f 6516 6509 6513
f 6516 6513 6517
f 6517 6513 426
f 6517 426 428
f 6388 6318 6518
f 6518 6318 6317
f 6321 6514 6515
f 6515 6514 6519
f 6515 6519 6520
f 6520 6519 6521
f 6520 6521 6522
f 6305 6304 6523
f 6523 6304 6316
f 6523 6316 6388
f 6317 6515 6518
f 6518 6515 6520
f 6518 6520 6524
f 6524 6520 6522
f 6524 6522 6525
f 419 422 6514
f 6514 422 6512
f 6514 6512 6519
f 6519 6512 6509
f 6519 6509 6521
f 6521 6509 6511
f 6521 6511 6522
f 6522 6511 6526
f 6522 6526 6527
f 6308 6307 6528
f 6528 6307 6305
f 6529 6338 6308
f 6527 6530 6522
f 6522 6530 6531
f 6522 6531 6525
f 6525 6531 6532
f 6525 6532 6533
f 6388 6518 6523
f 6523 6518 6524
f 6523 6524 6534
f 6534 6524 6525
f 6534 6525 6506
f 6506 6525 6533
f 6506 6533 6507
f 6311 6310 6535
f 6535 6310 6338
f 6315 6311 6536
f 6536 6311 6535
f 6536 6535 6537
f 6305 6523 6528
f 6528 6523 6534
f 6528 6534 6538
f 6538 6534 6506
f 6538 6506 6539
f 6539 6506 6508
f 6539 6508 6540
f 6308 6528 6529
f 6529 6528 6538
f 6529 6538 6541
f 6541 6538 6539
f 6541 6539 6503
f 6503 6539 6540
f 6503 6540 6504
f 6314 6315 6502
f 6502 6315 6536
f 6502 6536 6542
f 6542 6536 6537
f 6542 6537 6543
f 6543 402 6542
f 6542 402 404
f 6542 404 6502
f 6502 404 406
f 6502 406 6313
f 6313 406 408
f 6338 6529 6535
f 6535 6529 6541
f 6535 6541 6537
f 6537 6541 6503
f 6537 6503 6543
f 6543 6503 6505
f 6543 6505 402
f 402 6505 6544
f 402 6544 399
f 5265 5264 6545
f 6545 5264 6492
f 6545 6492 6546
f 6546 6492 6439
f 6546 6439 6547
f 6547 6439 6437
f 6547 6437 6548
f 6548 6437 6436
f 6548 6436 6549
f 6549 6436 6419
f 6549 6419 6550
f 6550 6419 6418
f 6550 6418 6551
f 6551 6418 6413
f 6551 6413 6552
f 6552 6413 6412
f 6552 6412 6553
f 6553 6412 6410
f 6553 6410 6554
f 6554 6410 6409
f 6554 6409 6555
f 6555 6409 6407
f 6555 6407 6556
f 6556 6407 6406
f 6556 6406 6557
f 6557 6406 6404
f 6557 6404 6558
f 6558 6404 6403
f 6558 6403 6559
f 6559 6403 6426
f 6559 6426 399
f 399 6426 400
f 6494 6493 6560
f 6495 6494 6561
f 6496 6495 6562
f 6497 6496 6563
f 6499 6498 6564
f 6501 6500 6565
f 6566 420 6567
f 6567 420 6501
f 6566 6567 6568
f 6568 6567 6569
f 6568 6569 6570
f 6570 6569 6571
f 6570 6571 6572
f 6572 6571 6573
f 6573 6571 6574
f 6573 6574 6575
f 6575 6574 6576
f 6575 6576 6577
f 6577 6576 6578
f 6578 6576 6579
f 6578 6579 6580
f 6580 6579 6581
f 6580 6581 6582
f 6582 6581 6583
f 6582 6583 6584
f 6584 6583 6585
f 6585 6583 6586
f 6585 6586 6587
f 6587 6586 6588
f 6587 6588 6589
f 6589 6588 6590
f 6589 6590 6591
f 6591 6590 6592
f 6591 6592 6593
f 6593 6592 6594
f 6594 6592 6595
f 6594 6595 6596
f 6596 6595 6597
f 6596 6597 6598
f 6598 6597 6599
f 6598 6599 6600
f 6600 6599 6601
f 6600 6601 6602
f 6602 6601 6603
f 6603 6601 6604
f 6603 6604 6605
f 6605 6604 6606
f 6605 6606 6607
f 6494 6560 6561
f 6561 6560 6608
f 6561 6608 6609
f 6609 6608 6610
f 6609 6610 6611
f 6611 6610 6612
f 6611 6612 6613
f 6613 6612 6614
f 6613 6614 6615
f 6615 6614 6616
f 6615 6616 6617
f 6617 6616 6618
f 6617 6618 6619
f 6619 6618 6620
f 6619 6620 6621
f 6621 6620 6622
f 6621 6622 6623
f 6623 6622 6624
f 6623 6624 6625
f 6625 6624 6626
f 6625 6626 6627
f 6627 6626 6628
f 6627 6628 6629
f 6629 6628 6630
f 6629 6630 6631
f 6631 6630 6632
f 6631 6632 6633
f 6633 6632 6634
f 6633 6634 6635
f 6635 6634 6636
f 6635 6636 6637
f 6637 6636 6638
f 6637 6638 6639
f 6639 6638 6640
f 6639 6640 6641
f 6641 6640 6642
f 6641 6642 6643
f 6499 6564 6644
f 6644 6564 6645
f 6644 6645 6646
f 6646 6645 6647
f 6646 6647 6648
f 6648 6647 6649
f 6648 6649 6650
f 6650 6649 6651
f 6650 6651 6652
f 6652 6651 6653
f 6652 6653 6654
f 6654 6653 6655
f 6654 6655 6656
f 6656 6655 6657
f 6656 6657 6658
f 6658 6657 6659
f 6658 6659 6660
f 6660 6659 6661
f 6660 6661 6662
f 6662 6661 6663
f 6662 6663 6664
f 6664 6663 6665
f 6664 6665 6666
f 6666 6665 6667
f 6666 6667 6668
f 6668 6667 6669
f 6668 6669 6670
f 6670 6669 6671
f 6670 6671 6672
f 6672 6671 6673
f 6672 6673 6674
f 6674 6673 6675
f 6674 6675 6676
f 6676 6675 6677
f 6676 6677 6678
f 6678 6677 6679
f 6678 6679 6680
f 6501 6565 6567
f 6567 6565 6681
f 6567 6681 6569
f 6569 6681 6682
f 6569 6682 6571
f 6571 6682 6683
f 6571 6683 6574
f 6574 6683 6684
f 6574 6684 6576
f 6576 6684 6685
f 6576 6685 6579
f 6579 6685 6686
f 6579 6686 6581
f 6581 6686 6687
f 6581 6687 6583
f 6583 6687 6688
f 6583 6688 6586
f 6586 6688 6689
f 6586 6689 6588
f 6588 6689 6690
f 6588 6690 6590
f 6590 6690 6691
f 6590 6691 6592
f 6592 6691 6692
f 6592 6692 6595
f 6595 6692 6693
f 6595 6693 6597
f 6597 6693 6694
f 6597 6694 6599
f 6599 6694 6695
f 6599 6695 6601
f 6601 6695 6696
f 6601 6696 6604
f 6604 6696 6697
f 6604 6697 6606
f 6606 6697 6698
f 6606 6698 6699
f 6607 6606 6700
f 6700 6606 6699
f 6700 6699 6701
f 5418 6642 5416
f 5416 6642 6640
f 5416 6640 5432
f 5432 6640 6638
f 5432 6638 5433
f 5433 6638 6636
f 5433 6636 5434
f 5434 6636 6634
f 5434 6634 5441
f 5441 6634 6632
f 5441 6632 5442
f 5442 6632 6630
f 5442 6630 5421
f 5421 6630 6628
f 5421 6628 5422
f 5422 6628 6626
f 5422 6626 5437
f 5437 6626 6624
f 5437 6624 5438
f 5438 6624 6622
f 5438 6622 5377
f 5377 6622 6620
f 5377 6620 5378
f 5378 6620 6618
f 5378 6618 5387
f 5387 6618 6616
f 5387 6616 5388
f 5388 6616 6614
f 5388 6614 5374
f 5374 6614 6612
f 5374 6612 5373
f 5373 6612 6610
f 5373 6610 5371
f 5371 6610 6608
f 5371 6608 5404
f 5404 6608 6560
f 5404 6560 5403
f 5403 6560 6493
f 5403 6493 5401
f 5418 6702 6642
f 6642 6702 6703
f 6642 6703 6643
f 6643 6703 6704
f 6643 6704 6705
f 6495 6561 6562
f 6562 6561 6609
f 6562 6609 6706
f 6706 6609 6611
f 6706 6611 6707
f 6707 6611 6613
f 6707 6613 6708
f 6708 6613 6615
f 6708 6615 6709
f 6709 6615 6617
f 6709 6617 6710
f 6710 6617 6619
f 6710 6619 6711
f 6711 6619 6621
f 6711 6621 6712
f 6712 6621 6623
f 6712 6623 6713
f 6713 6623 6625
f 6713 6625 6714
f 6714 6625 6627
f 6714 6627 6715
f 6715 6627 6629
f 6715 6629 6716
f 6716 6629 6631
f 6716 6631 6717
f 6717 6631 6633
f 6717 6633 6718
f 6718 6633 6635
f 6718 6635 6719
f 6719 6635 6637
f 6719 6637 6720
f 6720 6637 6639
f 6720 6639 6721
f 6721 6639 6641
f 6721 6641 6722
f 6722 6641 6643
f 6722 6643 6723
f 6723 6643 6705
f 6723 6705 6724
f 6496 6562 6563
f 6563 6562 6706
f 6563 6706 6725
f 6725 6706 6707
f 6725 6707 6726
f 6726 6707 6708
f 6726 6708 6727
f 6727 6708 6709
f 6727 6709 6728
f 6728 6709 6710
f 6728 6710 6729
f 6729 6710 6711
f 6729 6711 6730
f 6730 6711 6712
f 6730 6712 6731
f 6731 6712 6713
f 6731 6713 6732
f 6732 6713 6714
f 6732 6714 6733
f 6733 6714 6715
f 6733 6715 6734
f 6734 6715 6716
f 6734 6716 6735
f 6735 6716 6717
f 6735 6717 6736
f 6736 6717 6718
f 6736 6718 6737
f 6737 6718 6719
f 6737 6719 6738
f 6738 6719 6720
f 6738 6720 6739
f 6739 6720 6721
f 6739 6721 6740
f 6740 6721 6722
f 6740 6722 6741
f 6741 6722 6723
f 6741 6723 6742
f 6742 6723 6724
f 6742 6724 6743
f 6497 6563 6744
f 6744 6563 6725
f 6744 6725 6745
f 6745 6725 6726
f 6745 6726 6746
f 6746 6726 6727
f 6746 6727 6747
f 6747 6727 6728
f 6747 6728 6748
f 6748 6728 6729
f 6748 6729 6749
f 6749 6729 6730
f 6749 6730 6750
f 6750 6730 6731
f 6750 6731 6751
f 6751 6731 6732
f 6751 6732 6752
f 6752 6732 6733
f 6752 6733 6753
f 6753 6733 6734
f 6753 6734 6754
f 6754 6734 6735
f 6754 6735 6755
f 6755 6735 6736
f 6755 6736 6756
f 6756 6736 6737
f 6756 6737 6757
f 6757 6737 6738
f 6757 6738 6758
f 6758 6738 6739
f 6758 6739 6759
f 6759 6739 6740
f 6759 6740 6760
f 6760 6740 6741
f 6760 6741 6761
f 6761 6741 6742
f 6761 6742 6762
f 6762 6742 6743
f 6762 6743 6763
f 6763 6679 6762
f 6762 6679 6677
f 6762 6677 6761
f 6761 6677 6675
f 6761 6675 6760
f 6760 6675 6673
f 6760 6673 6759
f 6759 6673 6671
f 6759 6671 6758
f 6758 6671 6669
f 6758 6669 6757
f 6757 6669 6667
f 6757 6667 6756
f 6756 6667 6665
f 6756 6665 6755
f 6755 6665 6663
f 6755 6663 6754
f 6754 6663 6661
f 6754 6661 6753
f 6753 6661 6659
f 6753 6659 6752
f 6752 6659 6657
f 6752 6657 6751
f 6751 6657 6655
f 6751 6655 6750
f 6750 6655 6653
f 6750 6653 6749
f 6749 6653 6651
f 6749 6651 6748
f 6748 6651 6649
f 6748 6649 6747
f 6747 6649 6647
f 6747 6647 6746
f 6746 6647 6645
f 6746 6645 6745
f 6745 6645 6564
f 6745 6564 6744
f 6744 6564 6498
f 6744 6498 6497
f 6763 6764 6679
f 6679 6764 6765
f 6679 6765 6680
f 6680 6765 6766
f 6680 6766 6767
f 6767 6698 6680
f 6680 6698 6697
f 6680 6697 6678
f 6678 6697 6696
f 6678 6696 6676
f 6676 6696 6695
f 6676 6695 6674
f 6674 6695 6694
f 6674 6694 6672
f 6672 6694 6693
f 6672 6693 6670
f 6670 6693 6692
f 6670 6692 6668
f 6668 6692 6691
f 6668 6691 6666
f 6666 6691 6690
f 6666 6690 6664
f 6664 6690 6689
f 6664 6689 6662
f 6662 6689 6688
f 6662 6688 6660
f 6660 6688 6687
f 6660 6687 6658
f 6658 6687 6686
f 6658 6686 6656
f 6656 6686 6685
f 6656 6685 6654
f 6654 6685 6684
f 6654 6684 6652
f 6652 6684 6683
f 6652 6683 6650
f 6650 6683 6682
f 6650 6682 6648
f 6648 6682 6681
f 6648 6681 6646
f 6646 6681 6565
f 6646 6565 6644
f 6644 6565 6500
f 6644 6500 6499
f 476 6701 6768
f 6768 6701 6699
f 6768 6699 6769
f 6769 6699 6698
f 6769 6698 6770
f 6770 6698 6767
f 6771 6772 6773
f 5265 6774 6775
f 6776 6774 5265
f 6545 6776 5265
f 6505 6504 6777
f 6508 6507 6778
f 6511 6510 6779
f 6779 6510 6516
f 6532 6531 6780
f 6780 6531 6530
f 6780 6530 6527
f 6781 6559 6544
f 6544 6559 399
f 5265 6782 6783
f 6783 6782 6784
f 6784 6782 6785
f 6785 6782 6786
f 6785 6786 6787
f 6788 6789 6790
f 6545 6546 6776
f 6776 6546 6772
f 6776 6772 6774
f 6774 6772 6771
f 6774 6771 6775
f 6787 6786 6791
f 6791 6786 6792
f 6791 6792 6793
f 6793 6792 6794
f 6794 6792 6795
f 6794 6795 6796
f 6797 6798 6799
f 6799 6798 6800
f 6799 6800 6801
f 6801 6800 6802
f 6801 6802 6803
f 6803 6802 6804
f 6803 6804 6805
f 6546 6547 6772
f 6772 6547 6548
f 6772 6548 6773
f 6773 6548 6549
f 6773 6549 6550
f 6550 6804 6773
f 6773 6804 6802
f 6773 6802 6771
f 6771 6802 6800
f 6771 6800 6775
f 6775 6800 6798
f 6775 6798 5265
f 6797 5265 6798
f 6796 6795 6806
f 6806 6795 6807
f 6806 6807 6808
f 6808 6807 6809
f 6809 6807 6810
f 6809 6810 6811
f 6790 6812 6788
f 6788 6812 6813
f 6788 6813 6814
f 6814 6813 6815
f 6814 6815 6816
f 6816 6815 6817
f 6816 6817 6818
f 6818 6817 6819
f 6818 6819 6820
f 6820 6819 6821
f 6820 6821 6822
f 6550 6551 6804
f 6804 6551 6552
f 6804 6552 6805
f 6805 6552 6553
f 6805 6553 6554
f 6554 6821 6805
f 6805 6821 6819
f 6805 6819 6803
f 6803 6819 6817
f 6803 6817 6801
f 6801 6817 6815
f 6801 6815 6799
f 6799 6815 6813
f 6799 6813 6797
f 6797 6813 6812
f 6797 6812 5265
f 6790 5265 6812
f 6811 6810 6823
f 6823 6810 6824
f 6823 6824 6825
f 6825 6824 6826
f 6826 6824 6827
f 6826 6827 6828
f 6829 6780 6830
f 6830 6780 6527
f 6830 6527 6831
f 6831 6527 6526
f 6831 6526 6511
f 6533 6532 6832
f 6832 6532 6780
f 6832 6780 6833
f 6833 6780 6829
f 6833 6829 6834
f 6507 6533 6778
f 6778 6533 6832
f 6778 6832 6835
f 6835 6832 6833
f 6835 6833 6836
f 6836 6833 6834
f 6836 6834 6837
f 6540 6508 6838
f 6838 6508 6778
f 6838 6778 6839
f 6839 6778 6835
f 6839 6835 6840
f 6840 6835 6836
f 6840 6836 6841
f 6841 6836 6837
f 6841 6837 6842
f 6504 6540 6777
f 6777 6540 6838
f 6777 6838 6843
f 6843 6838 6839
f 6843 6839 6844
f 6844 6839 6840
f 6844 6840 6845
f 6845 6840 6841
f 6845 6841 6846
f 6846 6841 6842
f 6846 6842 6847
f 6544 6505 6781
f 6781 6505 6777
f 6781 6777 6848
f 6848 6777 6843
f 6848 6843 6849
f 6849 6843 6844
f 6849 6844 6850
f 6850 6844 6845
f 6850 6845 6851
f 6851 6845 6846
f 6851 6846 6852
f 6852 6846 6847
f 6852 6847 6789
f 6554 6555 6821
f 6821 6555 6556
f 6821 6556 6822
f 6822 6556 6557
f 6822 6557 6558
f 6789 6788 6852
f 6852 6788 6814
f 6852 6814 6851
f 6851 6814 6816
f 6851 6816 6850
f 6850 6816 6818
f 6850 6818 6849
f 6849 6818 6820
f 6849 6820 6848
f 6848 6820 6822
f 6848 6822 6781
f 6781 6822 6558
f 6781 6558 6559
f 6828 6827 6853
f 6853 6827 6854
f 6853 6854 6855
f 6855 6854 6517
f 6855 6517 428
f 5265 6856 6782
f 6782 6856 6857
f 6782 6857 6786
f 6786 6857 6858
f 6786 6858 6792
f 6792 6858 6859
f 6792 6859 6795
f 6795 6859 6860
f 6795 6860 6807
f 6807 6860 6861
f 6807 6861 6810
f 6810 6861 6862
f 6810 6862 6824
f 6824 6862 6863
f 6824 6863 6827
f 6827 6863 6779
f 6827 6779 6854
f 6854 6779 6516
f 6854 6516 6517
f 6511 6779 6831
f 6831 6779 6863
f 6831 6863 6830
f 6830 6863 6862
f 6830 6862 6829
f 6829 6862 6861
f 6829 6861 6834
f 6834 6861 6860
f 6834 6860 6837
f 6837 6860 6859
f 6837 6859 6842
f 6842 6859 6858
f 6842 6858 6847
f 6847 6858 6857
f 6847 6857 6789
f 6789 6857 6856
f 6789 6856 6790
f 6790 6856 5265
f 6864 6703 6702
f 6703 6864 6704
f 6704 6864 6865
f 6704 6865 6705
f 6705 6865 6724
f 6724 6865 6866
f 6724 6866 6743
f 6743 6866 6763
f 6763 6866 6867
f 6763 6867 6764
f 6764 6867 6868
f 6764 6868 6765
f 6765 6868 6766
f 6766 6868 6869
f 6766 6869 6767
f 6767 6869 6770
f 6770 6869 6870
f 6770 6870 6769
f 6769 6870 6768
f 6768 6870 469
f 6768 469 476
f 5394 6864 5395
f 5395 6864 6702
f 5395 6702 5418
f 5394 6871 6864
f 6864 6871 6872
f 6864 6872 6865
f 6865 6872 6873
f 6865 6873 6866
f 6866 6873 6874
f 6866 6874 6867
f 6867 6874 6875
f 6867 6875 6868
f 6868 6875 6876
f 6868 6876 6869
f 6869 6876 6877
f 6869 6877 6870
f 6870 6877 6878
f 6870 6878 469
f 469 6878 6879
f 469 6879 470
f 487 485 6880
f 6575 6881 6882
f 6883 6884 6885
f 6886 6887 6888
f 429 6889 430
f 430 6889 6890
f 6890 6889 6891
f 6891 6889 6892
f 6891 6892 6893
f 6893 6892 6894
f 6894 6892 6895
f 6894 6895 6896
f 6896 6895 6897
f 6897 6895 6898
f 6897 6898 6899
f 6899 6898 6900
f 6900 6898 6901
f 6900 6901 6902
f 6902 6901 6903
f 6903 6901 6904
f 6903 6904 6905
f 6905 6904 6906
f 6906 6904 6907
f 6906 6907 6908
f 6908 6907 6909
f 6909 6907 6910
f 6909 6910 6911
f 6887 6912 6888
f 6888 6912 6913
f 6888 6913 6910
f 6910 6913 6914
f 6910 6914 6911
f 6885 6884 6888
f 6888 6884 6915
f 6888 6915 6886
f 6916 6917 6918
f 6918 6917 6919
f 6918 6919 6920
f 6916 6921 6917
f 6917 6921 6922
f 6917 6922 6885
f 6885 6922 6923
f 6885 6923 6883
f 6603 6605 6924
f 6924 6605 6607
f 6924 6607 6925
f 6925 6607 6700
f 6925 6700 6701
f 6603 6924 6602
f 6602 6924 6926
f 6602 6926 6600
f 6927 6596 6926
f 6926 6596 6598
f 6926 6598 6600
f 6591 6593 6927
f 6927 6593 6594
f 6927 6594 6596
f 6591 6927 6589
f 6589 6927 6928
f 6589 6928 6587
f 6587 6928 6929
f 6587 6929 6585
f 6585 6929 6584
f 6584 6929 6930
f 6584 6930 6582
f 6881 6575 6931
f 6575 6577 6931
f 6931 6577 6578
f 6931 6578 6930
f 6930 6578 6580
f 6930 6580 6582
f 6570 6572 6882
f 6882 6572 6573
f 6882 6573 6575
f 6882 6932 6570
f 6570 6932 6933
f 6570 6933 6568
f 421 420 6933
f 6933 420 6566
f 6933 6566 6568
f 478 6925 477
f 477 6925 6701
f 477 6701 476
f 478 480 6934
f 6934 480 481
f 481 468 6935
f 6935 468 488
f 6935 488 487
f 473 6920 474
f 474 6920 6919
f 474 6919 483
f 483 6919 485
f 478 6934 6925
f 6925 6934 6936
f 6925 6936 6924
f 6924 6936 6937
f 6924 6937 6926
f 6926 6937 6938
f 6926 6938 6927
f 6927 6938 6939
f 6927 6939 6928
f 6928 6939 6940
f 6928 6940 6929
f 6929 6940 6941
f 6929 6941 6930
f 6930 6941 6942
f 6930 6942 6931
f 6931 6942 6943
f 6931 6943 6881
f 6881 6943 6944
f 6881 6944 6882
f 6882 6944 6945
f 6882 6945 6932
f 6932 6945 6946
f 6932 6946 6933
f 6933 6946 423
f 6933 423 421
f 481 6935 6934
f 6934 6935 6947
f 6934 6947 6936
f 6936 6947 6948
f 6936 6948 6937
f 6937 6948 6949
f 6937 6949 6938
f 6938 6949 6950
f 6938 6950 6939
f 6939 6950 6951
f 6939 6951 6940
f 6940 6951 6952
f 6940 6952 6941
f 6941 6952 6953
f 6941 6953 6942
f 6942 6953 6954
f 6942 6954 6943
f 6943 6954 6955
f 6943 6955 6944
f 6944 6955 6956
f 6944 6956 6945
f 6945 6956 6957
f 6945 6957 6946
f 6946 6957 425
f 6946 425 423
f 487 6880 6935
f 6935 6880 6958
f 6935 6958 6947
f 6947 6958 6959
f 6947 6959 6948
f 6948 6959 6960
f 6948 6960 6949
f 6949 6960 6961
f 6949 6961 6950
f 6950 6961 6962
f 6950 6962 6951
f 6951 6962 6963
f 6951 6963 6952
f 6952 6963 6964
f 6952 6964 6953
f 6953 6964 6965
f 6953 6965 6954
f 6954 6965 6966
f 6954 6966 6955
f 6955 6966 6967
f 6955 6967 6956
f 6956 6967 6968
f 6956 6968 6957
f 6957 6968 427
f 6957 427 425
f 485 6919 6880
f 6880 6919 6917
f 6880 6917 6958
f 6958 6917 6885
f 6958 6885 6959
f 6959 6885 6888
f 6959 6888 6960
f 6960 6888 6910
f 6960 6910 6961
f 6961 6910 6907
f 6961 6907 6962
f 6962 6907 6904
f 6962 6904 6963
f 6963 6904 6901
f 6963 6901 6964
f 6964 6901 6898
f 6964 6898 6965
f 6965 6898 6895
f 6965 6895 6966
f 6966 6895 6892
f 6966 6892 6967
f 6967 6892 6889
f 6967 6889 6968
f 6968 6889 429
f 6968 429 427
f 6969 6970 6783
f 6783 6970 5267
f 6783 5267 5265
f 6783 6784 6969
f 6969 6784 6785
f 6969 6785 6971
f 6785 6787 6971
f 6971 6787 6791
f 6971 6791 6972
f 6791 6793 6972
f 6972 6793 6794
f 6972 6794 6973
f 6794 6796 6973
f 6973 6796 6806
f 6973 6806 6974
f 6806 6808 6974
f 6974 6808 6809
f 6974 6809 6975
f 6809 6811 6975
f 6975 6811 6823
f 6975 6823 6976
f 6823 6825 6976
f 6976 6825 6826
f 6976 6826 6977
f 6826 6828 6977
f 6977 6828 6853
f 6977 6853 430
f 430 6853 6855
f 430 6855 428
f 6871 5394 6978
f 6979 6980 6981
f 6982 6983 6984
f 6985 6986 6987
f 6988 6989 6990
f 6991 6992 6993
f 6980 6994 470
f 6994 6980 6995
f 6995 6980 6979
f 6995 6979 6996
f 6985 6987 6997
f 6998 6999 7000
f 7000 6999 7001
f 7000 7001 7002
f 608 6982 7003
f 7003 6982 6984
f 7003 6984 7004
f 7004 6984 7005
f 7004 7005 7006
f 7006 7005 7007
f 470 6879 6980
f 6980 6879 6878
f 6980 6878 6981
f 6981 6878 6877
f 6981 6877 6876
f 7008 7009 7010
f 7010 7009 7011
f 7010 7011 7007
f 7007 7011 7012
f 7007 7012 7006
f 7013 7014 7015
f 6992 6996 6993
f 6993 6996 6979
f 6993 6979 7016
f 7016 6979 6981
f 7016 6981 7017
f 7017 6981 6876
f 7017 6876 6875
f 7018 7019 7014
f 7020 6991 7021
f 7021 6991 6993
f 7021 6993 7022
f 7022 6993 7016
f 7022 7016 7023
f 7023 7016 7017
f 7023 7017 7024
f 7024 7017 6875
f 7024 6875 6874
f 7025 7026 7027
f 7027 7026 7028
f 7027 7028 7008
f 7008 7028 7029
f 7008 7029 7009
f 7030 7031 7019
f 6989 7020 6990
f 6990 7020 7021
f 6990 7021 7032
f 7032 7021 7022
f 7032 7022 7033
f 7033 7022 7023
f 7033 7023 7034
f 7034 7023 7024
f 7034 7024 7035
f 7035 7024 6874
f 7035 6874 6873
f 7036 7037 7031
f 7038 6988 7039
f 7039 6988 6990
f 7039 6990 7040
f 7040 6990 7032
f 7040 7032 7041
f 7041 7032 7033
f 7041 7033 7042
f 7042 7033 7034
f 7042 7034 7043
f 7043 7034 7035
f 7043 7035 7044
f 7044 7035 6873
f 7044 6873 6872
f 7045 7046 7025
f 7025 7046 7047
f 7025 7047 7026
f 5394 7048 7049
f 7049 7048 7037
f 7037 7036 7049
f 7049 7036 7050
f 7049 7050 5394
f 7031 7030 7036
f 7036 7030 7051
f 7036 7051 7050
f 7050 7051 7052
f 7050 7052 5394
f 7019 7018 7030
f 7030 7018 7053
f 7030 7053 7051
f 7051 7053 7054
f 7051 7054 7052
f 7052 7054 7055
f 7052 7055 5394
f 7014 7013 7018
f 7018 7013 7056
f 7018 7056 7053
f 7053 7056 7057
f 7053 7057 7054
f 7054 7057 7058
f 7054 7058 7055
f 7055 7058 7059
f 7055 7059 5394
f 6999 7060 7001
f 7001 7060 6997
f 7001 6997 7002
f 7002 6997 6987
f 7002 6987 7061
f 7061 6987 7062
f 7061 7062 7063
f 7063 7062 7064
f 7063 7064 7065
f 7065 7064 7066
f 7065 7066 7067
f 7067 7066 7068
f 7067 7068 7069
f 7069 7068 7070
f 7069 7070 7071
f 7071 7070 6978
f 7071 6978 5394
f 5394 7072 7045
f 7045 7072 7073
f 7045 7073 7046
f 6984 7074 7005
f 7005 7074 7075
f 7005 7075 7007
f 7007 7075 7076
f 7007 7076 7010
f 7010 7076 7077
f 7010 7077 7008
f 7008 7077 7078
f 7008 7078 7027
f 7027 7078 7079
f 7027 7079 7025
f 7025 7079 7080
f 7025 7080 7045
f 7045 7080 5394
f 7074 7015 7075
f 7075 7015 7014
f 7075 7014 7076
f 7076 7014 7019
f 7076 7019 7077
f 7077 7019 7031
f 7077 7031 7078
f 7078 7031 7037
f 7078 7037 7079
f 7079 7037 7048
f 7079 7048 7080
f 7080 7048 5394
f 6986 7038 6987
f 6987 7038 7039
f 6987 7039 7062
f 7062 7039 7040
f 7062 7040 7064
f 7064 7040 7041
f 7064 7041 7066
f 7066 7041 7042
f 7066 7042 7068
f 7068 7042 7043
f 7068 7043 7070
f 7070 7043 7044
f 7070 7044 6978
f 6978 7044 6872
f 6978 6872 6871
f 6983 6998 6984
f 6984 6998 7000
f 6984 7000 7074
f 7074 7000 7002
f 7074 7002 7015
f 7015 7002 7061
f 7015 7061 7013
f 7013 7061 7063
f 7013 7063 7056
f 7056 7063 7065
f 7056 7065 7057
f 7057 7065 7067
f 7057 7067 7058
f 7058 7067 7069
f 7058 7069 7059
f 7059 7069 7071
f 7059 7071 5394
f 6902 6903 7081
f 6908 6909 7082
f 6887 6886 7083
f 6922 6921 7084
f 6918 6920 7085
f 7085 6920 473
f 5334 5344 7086
f 7086 5344 7087
f 7086 7087 7088
f 7088 7087 7089
f 7090 7091 7089
f 7089 7091 7092
f 7089 7092 7088
f 7093 7094 7090
f 7090 7094 7095
f 7090 7095 7091
f 7096 7097 7098
f 7098 7097 7099
f 7098 7099 7100
f 7100 7099 7101
f 7100 7101 7102
f 7102 7101 7103
f 7102 7103 7093
f 7093 7103 7104
f 7093 7104 7094
f 473 7105 7085
f 7085 7105 7106
f 7085 7106 7096
f 7096 7106 7107
f 7096 7107 7097
f 6916 6918 7108
f 7108 6918 7085
f 7108 7085 7109
f 7109 7085 7096
f 7109 7096 7110
f 7110 7096 7098
f 7110 7098 7111
f 7111 7098 7100
f 7111 7100 7112
f 7112 7100 7102
f 7112 7102 7113
f 7113 7102 7093
f 7113 7093 7114
f 7114 7093 7090
f 7114 7090 7115
f 7115 7090 7089
f 7115 7089 7116
f 7116 7089 7087
f 7116 7087 5343
f 5343 7087 5344
f 6921 6916 7084
f 7084 6916 7108
f 7084 7108 7117
f 7117 7108 7109
f 7117 7109 7118
f 7118 7109 7110
f 7118 7110 7119
f 7119 7110 7111
f 7119 7111 7120
f 7120 7111 7112
f 7120 7112 7121
f 7121 7112 7113
f 7121 7113 7122
f 7122 7113 7114
f 7122 7114 7123
f 7123 7114 7115
f 7123 7115 7124
f 7124 7115 7116
f 7124 7116 5340
f 5340 7116 5343
f 6923 6922 7125
f 7125 6922 7084
f 7125 7084 7126
f 7126 7084 7117
f 7126 7117 7127
f 7127 7117 7118
f 7127 7118 7128
f 7128 7118 7119
f 7128 7119 7129
f 7129 7119 7120
f 7129 7120 7130
f 7130 7120 7121
f 7130 7121 7131
f 7131 7121 7122
f 7131 7122 7132
f 7132 7122 7123
f 7132 7123 7133
f 7133 7123 7124
f 7133 7124 5341
f 5341 7124 5340
f 6883 6923 7134
f 7134 6923 7125
f 7134 7125 7135
f 7135 7125 7126
f 7135 7126 7136
f 7136 7126 7127
f 7136 7127 7137
f 7137 7127 7128
f 7137 7128 7138
f 7138 7128 7129
f 7138 7129 7139
f 7139 7129 7130
f 7139 7130 7140
f 7140 7130 7131
f 7140 7131 7141
f 7141 7131 7132
f 7141 7132 7142
f 7142 7132 7133
f 7142 7133 5342
f 5342 7133 5341
f 6884 6883 7143
f 7143 6883 7134
f 7143 7134 7144
f 7144 7134 7135
f 7144 7135 7145
f 7145 7135 7136
f 7145 7136 7146
f 7146 7136 7137
f 7146 7137 7147
f 7147 7137 7138
f 7147 7138 7148
f 7148 7138 7139
f 7148 7139 7149
f 7149 7139 7140
f 7149 7140 7150
f 7150 7140 7141
f 7150 7141 7151
f 7151 7141 7142
f 7151 7142 5347
f 5347 7142 5342
f 6915 6884 7152
f 7152 6884 7143
f 7152 7143 7153
f 7153 7143 7144
f 7153 7144 7154
f 7154 7144 7145
f 7154 7145 7155
f 7155 7145 7146
f 7155 7146 7156
f 7156 7146 7147
f 7156 7147 7157
f 7157 7147 7148
f 7157 7148 7158
f 7158 7148 7149
f 7158 7149 7159
f 7159 7149 7150
f 7159 7150 7160
f 7160 7150 7151
f 7160 7151 5346
f 5346 7151 5347
f 6886 6915 7083
f 7083 6915 7152
f 7083 7152 7161
f 7161 7152 7153
f 7161 7153 7162
f 7162 7153 7154
f 7162 7154 7163
f 7163 7154 7155
f 7163 7155 7164
f 7164 7155 7156
f 7164 7156 7165
f 7165 7156 7157
f 7165 7157 7166
f 7166 7157 7158
f 7166 7158 7167
f 7167 7158 7159
f 7167 7159 7168
f 7168 7159 7160
f 7168 7160 5345
f 5345 7160 5346
f 6912 6887 7169
f 7169 6887 7083
f 7169 7083 7170
f 7170 7083 7161
f 7170 7161 7171
f 7171 7161 7162
f 7171 7162 7172
f 7172 7162 7163
f 7172 7163 7173
f 7173 7163 7164
f 7173 7164 7174
f 7174 7164 7165
f 7174 7165 7175
f 7175 7165 7166
f 7175 7166 7176
f 7176 7166 7167
f 7176 7167 7177
f 7177 7167 7168
f 7177 7168 5360
f 5360 7168 5345
f 6913 6912 7178
f 7178 6912 7169
f 7178 7169 7179
f 7179 7169 7170
f 7179 7170 7180
f 7180 7170 7171
f 7180 7171 7181
f 7181 7171 7172
f 7181 7172 7182
f 7182 7172 7173
f 7182 7173 7183
f 7183 7173 7174
f 7183 7174 7184
f 7184 7174 7175
f 7184 7175 7185
f 7185 7175 7176
f 7185 7176 7186
f 7186 7176 7177
f 7186 7177 5359
f 5359 7177 5360
f 6914 6913 7187
f 7187 6913 7178
f 7187 7178 7188
f 7188 7178 7179
f 7188 7179 7189
f 7189 7179 7180
f 7189 7180 7190
f 7190 7180 7181
f 7190 7181 7191
f 7191 7181 7182
f 7191 7182 7192
f 7192 7182 7183
f 7192 7183 7193
f 7193 7183 7184
f 7193 7184 7194
f 7194 7184 7185
f 7194 7185 7195
f 7195 7185 7186
f 7195 7186 5353
f 5353 7186 5359
f 6911 6914 7196
f 7196 6914 7187
f 7196 7187 7197
f 7197 7187 7188
f 7197 7188 7198
f 7198 7188 7189
f 7198 7189 7199
f 7199 7189 7190
f 7199 7190 7200
f 7200 7190 7191
f 7200 7191 7201
f 7201 7191 7192
f 7201 7192 7202
f 7202 7192 7193
f 7202 7193 7203
f 7203 7193 7194
f 7203 7194 7204
f 7204 7194 7195
f 7204 7195 5352
f 5352 7195 5353
f 6909 6911 7082
f 7082 6911 7196
f 7082 7196 7205
f 7205 7196 7197
f 7205 7197 7206
f 7206 7197 7198
f 7206 7198 7207
f 7207 7198 7199
f 7207 7199 7208
f 7208 7199 7200
f 7208 7200 7209
f 7209 7200 7201
f 7209 7201 7210
f 7210 7201 7202
f 7210 7202 7211
f 7211 7202 7203
f 7211 7203 7212
f 7212 7203 7204
f 7212 7204 5351
f 5351 7204 5352
f 6906 6908 7213
f 7213 6908 7082
f 7213 7082 7214
f 7214 7082 7205
f 7214 7205 7215
f 7215 7205 7206
f 7215 7206 7216
f 7216 7206 7207
f 7216 7207 7217
f 7217 7207 7208
f 7217 7208 7218
f 7218 7208 7209
f 7218 7209 7219
f 7219 7209 7210
f 7219 7210 7220
f 7220 7210 7211
f 7220 7211 7221
f 7221 7211 7212
f 7221 7212 5355
f 5355 7212 5351
f 6905 6906 7222
f 7222 6906 7213
f 7222 7213 7223
f 7223 7213 7214
f 7223 7214 7224
f 7224 7214 7215
f 7224 7215 7225
f 7225 7215 7216
f 7225 7216 7226
f 7226 7216 7217
f 7226 7217 7227
f 7227 7217 7218
f 7227 7218 7228
f 7228 7218 7219
f 7228 7219 7229
f 7229 7219 7220
f 7229 7220 7230
f 7230 7220 7221
f 7230 7221 5332
f 5332 7221 5355
f 6903 6905 7081
f 7081 6905 7222
f 7081 7222 7231
f 7231 7222 7223
f 7231 7223 7232
f 7232 7223 7224
f 7232 7224 7233
f 7233 7224 7225
f 7233 7225 7234
f 7234 7225 7226
f 7234 7226 7235
f 7235 7226 7227
f 7235 7227 7236
f 7236 7227 7228
f 7236 7228 7237
f 7237 7228 7229
f 7237 7229 7238
f 7238 7229 7230
f 7238 7230 5311
f 5311 7230 5332
f 6900 6902 7239
f 7239 6902 7081
f 7239 7081 7240
f 7240 7081 7231
f 7240 7231 7241
f 7241 7231 7232
f 7241 7232 7242
f 7242 7232 7233
f 7242 7233 7243
f 7243 7233 7234
f 7243 7234 7244
f 7244 7234 7235
f 7244 7235 7245
f 7245 7235 7236
f 7245 7236 7246
f 7246 7236 7237
f 7246 7237 7247
f 7247 7237 7238
f 7247 7238 5310
f 5310 7238 5311
f 6899 6900 7248
f 7248 6900 7239
f 7248 7239 7249
f 7249 7239 7240
f 7249 7240 7250
f 7250 7240 7241
f 7250 7241 7251
f 7251 7241 7242
f 7251 7242 7252
f 7252 7242 7243
f 7252 7243 7253
f 7253 7243 7244
f 7253 7244 7254
f 7254 7244 7245
f 7254 7245 7255
f 7255 7245 7246
f 7255 7246 7256
f 7256 7246 7247
f 7256 7247 5309
f 5309 7247 5310
f 5309 5308 7256
f 7256 5308 7257
f 7256 7257 7255
f 7255 7257 7258
f 7255 7258 7254
f 7254 7258 7259
f 7254 7259 7253
f 7253 7259 7260
f 7253 7260 7252
f 7252 7260 7261
f 7252 7261 7251
f 7251 7261 7262
f 7251 7262 7250
f 7250 7262 7263
f 7250 7263 7249
f 7249 7263 7264
f 7249 7264 7248
f 7248 7264 7265
f 7248 7265 6899
f 6894 6896 7265
f 7265 6896 6897
f 7265 6897 6899
f 7266 7267 7268
f 7268 7267 7269
f 7268 7269 7270
f 7270 7269 7271
f 7270 7271 7272
f 7272 7271 7273
f 7272 7273 7274
f 7274 7273 7275
f 7274 7275 7276
f 7276 7275 7277
f 7276 7277 7278
f 7278 7277 7279
f 7278 7279 7280
f 7280 7279 7281
f 7280 7281 7282
f 7282 7281 7283
f 7282 7283 5300
f 5300 7283 5301
f 7284 7266 7285
f 7285 7266 7268
f 7285 7268 7286
f 7286 7268 7270
f 7286 7270 7287
f 7287 7270 7272
f 7287 7272 7288
f 7288 7272 7274
f 7288 7274 7289
f 7289 7274 7276
f 7289 7276 7290
f 7290 7276 7278
f 7290 7278 7291
f 7291 7278 7280
f 7291 7280 7292
f 7292 7280 7282
f 7292 7282 5248
f 5248 7282 5300
f 5308 5301 7257
f 7257 5301 7283
f 7257 7283 7258
f 7258 7283 7281
f 7258 7281 7259
f 7259 7281 7279
f 7259 7279 7260
f 7260 7279 7277
f 7260 7277 7261
f 7261 7277 7275
f 7261 7275 7262
f 7262 7275 7273
f 7262 7273 7263
f 7263 7273 7271
f 7263 7271 7264
f 7264 7271 7269
f 7264 7269 7265
f 7265 7269 7267
f 7265 7267 6894
f 6894 7267 7266
f 6894 7266 6893
f 6893 7266 7284
f 6893 7284 6891
f 6891 7284 6890
f 430 6890 6977
f 6977 6890 7284
f 6977 7284 6976
f 6976 7284 7285
f 6976 7285 6975
f 6975 7285 7286
f 6975 7286 6974
f 6974 7286 7287
f 6974 7287 6973
f 6973 7287 7288
f 6973 7288 6972
f 6972 7288 7289
f 6972 7289 6971
f 6971 7289 7290
f 6971 7290 6969
f 6969 7290 7291
f 6969 7291 6970
f 6970 7291 7292
f 6970 7292 5267
f 5267 7292 5248
f 545 544 7293
f 7294 7295 7296
f 7297 7298 7294
f 7073 7072 7299
f 7299 7072 5394
f 5398 7298 5425
f 5425 7298 7297
f 5425 7297 5417
f 7047 7046 7300
f 7300 7046 7073
f 7295 7294 7301
f 7301 7294 7298
f 7301 7298 7302
f 7302 7298 5398
f 7302 5398 5397
f 7303 7026 7047
f 5419 5417 7304
f 7304 5417 7297
f 7304 7297 7305
f 7305 7297 7294
f 7305 7294 7306
f 7306 7294 7296
f 7306 7296 7307
f 7308 7028 7026
f 5420 5419 7309
f 7309 5419 7304
f 7309 7304 7310
f 7310 7304 7305
f 7310 7305 7311
f 7311 7305 7306
f 7311 7306 7312
f 7312 7306 7307
f 7312 7307 7313
f 7314 7009 7315
f 7315 7009 7029
f 5393 5420 7316
f 7316 5420 7309
f 7316 7309 7317
f 7317 7309 7310
f 7317 7310 7318
f 7318 7310 7311
f 7318 7311 7319
f 7319 7311 7312
f 7319 7312 7320
f 7320 7312 7313
f 7320 7313 7321
f 5394 5393 7299
f 7299 5393 7316
f 7299 7316 7322
f 7322 7316 7317
f 7322 7317 7323
f 7323 7317 7318
f 7323 7318 7324
f 7324 7318 7319
f 7324 7319 7325
f 7325 7319 7320
f 7325 7320 7326
f 7326 7320 7321
f 7326 7321 7327
f 7328 7329 7330
f 7073 7299 7300
f 7300 7299 7322
f 7300 7322 7331
f 7331 7322 7323
f 7331 7323 7332
f 7332 7323 7324
f 7332 7324 7333
f 7333 7324 7325
f 7333 7325 7334
f 7334 7325 7326
f 7334 7326 7335
f 7335 7326 7327
f 7335 7327 7336
f 7003 7004 7337
f 7337 7004 7006
f 7337 7006 7338
f 7338 7006 7012
f 7338 7012 7314
f 7314 7012 7011
f 7314 7011 7009
f 7339 7329 7293
f 7293 7329 7328
f 7293 7328 7340
f 560 564 7337
f 7337 564 562
f 7337 562 7003
f 7003 562 608
f 554 556 7339
f 7339 556 558
f 7315 7330 7314
f 7314 7330 7329
f 7314 7329 7338
f 7338 7329 7339
f 7338 7339 7337
f 7337 7339 558
f 7337 558 560
f 544 550 7293
f 7293 550 551
f 7293 551 7339
f 7339 551 553
f 7339 553 554
f 541 548 7340
f 7340 548 547
f 7340 547 7293
f 7293 547 546
f 7293 546 545
f 540 543 7340
f 7340 543 542
f 7340 542 541
f 531 616 7341
f 7341 616 528
f 7341 528 530
f 530 540 7341
f 7341 540 7340
f 7341 7340 7342
f 7342 7340 7328
f 7342 7328 7343
f 7343 7328 7330
f 7343 7330 7344
f 7344 7330 7315
f 7344 7315 7308
f 7308 7315 7029
f 7308 7029 7028
f 7026 7303 7308
f 7308 7303 7345
f 7308 7345 7344
f 7344 7345 7346
f 7344 7346 7343
f 7343 7346 7347
f 7343 7347 7342
f 7342 7347 7348
f 7342 7348 7341
f 7341 7348 7349
f 7341 7349 531
f 534 537 7349
f 7349 537 532
f 7349 532 531
f 7047 7300 7303
f 7303 7300 7331
f 7303 7331 7345
f 7345 7331 7332
f 7345 7332 7346
f 7346 7332 7333
f 7346 7333 7347
f 7347 7333 7334
f 7347 7334 7348
f 7348 7334 7335
f 7348 7335 7349
f 7349 7335 7336
f 7349 7336 534
f 534 7336 7350
f 534 7350 535
f 609 610 7351
f 611 606 7352
f 7353 7354 7355
f 482 484 7356
f 7356 484 486
f 466 479 7357
f 7357 479 471
f 7357 471 6994
f 6994 471 470
f 475 482 7358
f 7358 482 7356
f 7358 7356 7359
f 7359 7356 7360
f 7359 7360 7361
f 7354 7353 7360
f 7360 7353 7362
f 7360 7362 7361
f 6994 6995 7357
f 7357 6995 6996
f 7357 6996 7363
f 7363 6996 6992
f 7363 6992 7364
f 7365 7366 7367
f 7367 7366 7368
f 7367 7368 7355
f 7355 7368 7369
f 7355 7369 7353
f 6992 6991 7364
f 7364 6991 7020
f 7364 7020 7370
f 7370 7020 6989
f 7370 6989 7371
f 7372 7373 7374
f 7374 7373 7375
f 7374 7375 7365
f 7365 7375 7376
f 7365 7376 7366
f 6985 7377 6986
f 6986 7377 7378
f 6986 7378 7038
f 7038 7378 7371
f 7038 7371 6988
f 6988 7371 6989
f 7379 7380 7381
f 7381 7380 7374
f 7381 7374 7382
f 7382 7374 7365
f 7382 7365 7383
f 7383 7365 7367
f 7383 7367 7384
f 7384 7367 7355
f 7384 7355 7385
f 7385 7355 7354
f 7385 7354 7386
f 7386 7354 7360
f 7386 7360 7387
f 7387 7360 7356
f 7387 7356 7388
f 7388 7356 486
f 7388 486 467
f 6985 6997 7377
f 7377 6997 7060
f 7377 7060 7389
f 7390 7391 7392
f 7351 7379 7393
f 7393 7379 7381
f 7393 7381 7389
f 7389 7381 7382
f 7389 7382 7377
f 7377 7382 7383
f 7377 7383 7378
f 7378 7383 7384
f 7378 7384 7371
f 7371 7384 7385
f 7371 7385 7370
f 7370 7385 7386
f 7370 7386 7364
f 7364 7386 7387
f 7364 7387 7363
f 7363 7387 7388
f 7363 7388 7357
f 7357 7388 467
f 7357 467 466
f 7394 7395 7396
f 605 603 7394
f 7394 603 527
f 7394 527 7395
f 7395 527 526
f 606 605 7352
f 7352 605 7394
f 7352 7394 7390
f 7390 7394 7396
f 7390 7396 7391
f 610 611 7351
f 7351 611 7352
f 7351 7352 7379
f 7379 7352 7390
f 7379 7390 7380
f 7380 7390 7392
f 7380 7392 7374
f 7374 7392 7397
f 7374 7397 7372
f 7060 6999 7389
f 7389 6999 6998
f 7389 6998 7393
f 7393 6998 6983
f 7393 6983 7351
f 7351 6983 6982
f 7351 6982 609
f 609 6982 608
f 473 472 7105
f 7105 472 7398
f 7105 7398 7106
f 7106 7398 7107
f 7107 7398 7399
f 7107 7399 7097
f 7097 7399 7099
f 7099 7399 7400
f 7099 7400 7101
f 7101 7400 7103
f 7103 7400 7401
f 7103 7401 7104
f 7104 7401 7402
f 7104 7402 7094
f 7094 7402 7095
f 7095 7402 7403
f 7095 7403 7091
f 7091 7403 7092
f 7092 7403 7404
f 7092 7404 7088
f 7088 7404 7086
f 7086 7404 5294
f 7086 5294 5334
f 472 475 7405
f 472 7405 7398
f 7398 7405 7406
f 7398 7406 7399
f 7399 7406 7407
f 7399 7407 7400
f 7400 7407 7408
f 7400 7408 7401
f 7401 7408 7409
f 7401 7409 7402
f 7402 7409 7410
f 7402 7410 7403
f 7403 7410 7411
f 7403 7411 7404
f 5295 5294 7412
f 7412 5294 7404
f 7412 7404 7413
f 7413 7404 7411
f 7414 7415 7416
f 7417 7418 7419
f 7420 535 7350
f 7421 7422 7423
f 7424 7425 7426
f 7427 7428 7429
f 7415 7430 7431
f 7430 7415 7432
f 7432 7415 7414
f 7432 7414 7433
f 7434 7435 7417
f 7420 7350 7436
f 7436 7350 7336
f 7436 7336 7437
f 452 7435 7438
f 7438 7435 7434
f 7438 7434 7439
f 7439 7434 7440
f 7439 7440 7441
f 7441 7440 7442
f 7443 7444 7419
f 7445 7416 7446
f 7446 7416 7415
f 7446 7415 7447
f 7447 7415 7431
f 7447 7431 7448
f 7449 7450 7444
f 7451 7445 7452
f 7452 7445 7446
f 7452 7446 7453
f 7453 7446 7447
f 7453 7447 7427
f 7427 7447 7448
f 7427 7448 7428
f 7454 7455 7456
f 7456 7455 7457
f 7456 7457 7442
f 7442 7457 7458
f 7442 7458 7441
f 7459 7460 7450
f 7461 7451 7462
f 7462 7451 7452
f 7462 7452 7463
f 7463 7452 7453
f 7463 7453 7464
f 7464 7453 7427
f 7464 7427 7424
f 7424 7427 7429
f 7424 7429 7425
f 7465 7466 7460
f 7467 7461 7468
f 7468 7461 7462
f 7468 7462 7469
f 7469 7462 7463
f 7469 7463 7470
f 7470 7463 7464
f 7470 7464 7471
f 7471 7464 7424
f 7471 7424 7472
f 7472 7424 7426
f 7472 7426 7473
f 7473 7426 7474
f 7473 7474 7475
f 7476 7477 7478
f 7478 7477 7479
f 7478 7479 7454
f 7454 7479 7480
f 7454 7480 7455
f 7481 7482 7466
f 7483 7467 7484
f 7484 7467 7468
f 7484 7468 7485
f 7485 7468 7469
f 7485 7469 7486
f 7486 7469 7470
f 7486 7470 7487
f 7487 7470 7471
f 7487 7471 7488
f 7488 7471 7472
f 7488 7472 7489
f 7489 7472 7473
f 7489 7473 7421
f 7421 7473 7475
f 7421 7475 7422
f 5397 7490 7491
f 7491 7490 7482
f 7482 7481 7491
f 7491 7481 7492
f 7491 7492 5397
f 7466 7465 7481
f 7481 7465 7493
f 7481 7493 7492
f 7492 7493 7494
f 7492 7494 5397
f 7460 7459 7465
f 7465 7459 7495
f 7465 7495 7493
f 7493 7495 7496
f 7493 7496 7494
f 7494 7496 7497
f 7494 7497 5397
f 7450 7449 7459
f 7459 7449 7498
f 7459 7498 7495
f 7495 7498 7499
f 7495 7499 7496
f 7496 7499 7500
f 7496 7500 7497
f 7497 7500 7501
f 7497 7501 5397
f 7444 7443 7449
f 7449 7443 7502
f 7449 7502 7498
f 7498 7502 7503
f 7498 7503 7499
f 7499 7503 7504
f 7499 7504 7500
f 7500 7504 7505
f 7500 7505 7501
f 7501 7505 7506
f 7501 7506 5397
f 5397 7483 7507
f 7507 7483 7484
f 7507 7484 7508
f 7508 7484 7485
f 7508 7485 7509
f 7509 7485 7486
f 7509 7486 7510
f 7510 7486 7487
f 7510 7487 7511
f 7511 7487 7488
f 7511 7488 7512
f 7512 7488 7489
f 7512 7489 7437
f 7437 7489 7421
f 7437 7421 7436
f 7436 7421 7423
f 7436 7423 7420
f 5397 7513 7476
f 7476 7513 7514
f 7476 7514 7477
f 7417 7419 7434
f 7434 7419 7444
f 7434 7444 7440
f 7440 7444 7450
f 7440 7450 7442
f 7442 7450 7460
f 7442 7460 7456
f 7456 7460 7466
f 7456 7466 7454
f 7454 7466 7482
f 7454 7482 7478
f 7478 7482 7490
f 7478 7490 7476
f 7476 7490 5397
f 7336 7327 7437
f 7437 7327 7321
f 7437 7321 7512
f 7512 7321 7313
f 7512 7313 7511
f 7511 7313 7307
f 7511 7307 7510
f 7510 7307 7296
f 7510 7296 7509
f 7509 7296 7295
f 7509 7295 7508
f 7508 7295 7301
f 7508 7301 7507
f 7507 7301 7302
f 7507 7302 5397
f 7418 7433 7419
f 7419 7433 7414
f 7419 7414 7443
f 7443 7414 7416
f 7443 7416 7502
f 7502 7416 7445
f 7502 7445 7503
f 7503 7445 7451
f 7503 7451 7504
f 7504 7451 7461
f 7504 7461 7505
f 7505 7461 7467
f 7505 7467 7506
f 7506 7467 7483
f 7506 7483 5397
f 7406 7405 7515
f 7516 7517 7518
f 7517 7516 5295
f 5295 7519 7520
f 7521 7519 5295
f 7522 5295 7523
f 7392 7391 7524
f 7524 7391 7396
f 7525 7397 7392
f 7526 7373 7372
f 7397 7525 7372
f 7372 7525 7527
f 7372 7527 7526
f 7373 7526 7375
f 7375 7526 7528
f 7375 7528 7376
f 7376 7528 7366
f 7366 7528 7529
f 7366 7529 7368
f 7368 7529 7530
f 7368 7530 7369
f 7369 7530 7353
f 7353 7530 7531
f 7353 7531 7362
f 7362 7531 7532
f 7362 7532 7361
f 7361 7532 7359
f 7359 7532 7515
f 7359 7515 7358
f 7358 7515 7405
f 7358 7405 475
f 7533 5295 7412
f 7522 7523 7534
f 7534 7523 7535
f 7534 7535 7536
f 7537 7520 7538
f 7538 7520 7519
f 7538 7519 7539
f 7539 7519 7521
f 7539 7521 7540
f 7541 7518 7542
f 7542 7518 7517
f 7542 7517 7543
f 7543 7517 5295
f 7544 7537 7545
f 7545 7537 7538
f 7545 7538 7546
f 7546 7538 7539
f 7546 7539 7547
f 7547 7539 7540
f 7547 7540 7548
f 7549 7541 7550
f 7550 7541 7542
f 7550 7542 7551
f 7551 7542 7543
f 7551 7543 7552
f 7552 7543 5295
f 7536 7535 7553
f 7553 7535 7554
f 7553 7554 7555
f 7555 7554 7556
f 7555 7556 7557
f 7558 7544 7559
f 7559 7544 7545
f 7559 7545 7560
f 7560 7545 7546
f 7560 7546 7561
f 7561 7546 7547
f 7561 7547 7562
f 7562 7547 7548
f 7562 7548 7563
f 7564 7549 7565
f 7565 7549 7550
f 7565 7550 7566
f 7566 7550 7551
f 7566 7551 7567
f 7567 7551 7552
f 7567 7552 7533
f 7533 7552 5295
f 7568 7558 7569
f 7569 7558 7559
f 7569 7559 7570
f 7570 7559 7560
f 7570 7560 7571
f 7571 7560 7561
f 7571 7561 7572
f 7572 7561 7562
f 7572 7562 7573
f 7573 7562 7563
f 7573 7563 7574
f 7407 7564 7408
f 7408 7564 7565
f 7408 7565 7409
f 7409 7565 7566
f 7409 7566 7410
f 7410 7566 7567
f 7410 7567 7411
f 7411 7567 7533
f 7411 7533 7413
f 7413 7533 7412
f 7557 7556 7575
f 7575 7556 7576
f 7575 7576 7577
f 7577 7576 7578
f 7577 7578 7579
f 7580 7568 7581
f 7581 7568 7569
f 7581 7569 7582
f 7582 7569 7570
f 7582 7570 7583
f 7583 7570 7571
f 7583 7571 7584
f 7584 7571 7572
f 7584 7572 7585
f 7585 7572 7573
f 7585 7573 7586
f 7586 7573 7574
f 7586 7574 7587
f 7407 7587 7564
f 7564 7587 7574
f 7564 7574 7549
f 7549 7574 7563
f 7549 7563 7541
f 7541 7563 7548
f 7541 7548 7518
f 7518 7548 7540
f 7518 7540 7516
f 7516 7540 7521
f 7516 7521 5295
f 7579 7578 7588
f 7588 7578 7589
f 7588 7589 7590
f 7407 7406 7587
f 7587 7406 7515
f 7587 7515 7586
f 7586 7515 7532
f 7586 7532 7585
f 7585 7532 7531
f 7585 7531 7584
f 7584 7531 7530
f 7584 7530 7583
f 7583 7530 7529
f 7583 7529 7582
f 7582 7529 7528
f 7582 7528 7581
f 7581 7528 7526
f 7581 7526 7580
f 7580 7526 7527
f 7590 7589 7591
f 7591 7589 7592
f 7591 7592 7593
f 7593 7592 7395
f 7593 7395 526
f 5295 7594 7523
f 7523 7594 7595
f 7523 7595 7535
f 7535 7595 7596
f 7535 7596 7554
f 7554 7596 7597
f 7554 7597 7556
f 7556 7597 7598
f 7556 7598 7576
f 7576 7598 7599
f 7576 7599 7578
f 7578 7599 7600
f 7578 7600 7589
f 7589 7600 7524
f 7589 7524 7592
f 7592 7524 7396
f 7592 7396 7395
f 7392 7524 7525
f 7525 7524 7600
f 7525 7600 7527
f 7527 7600 7599
f 7527 7599 7580
f 7580 7599 7598
f 7580 7598 7568
f 7568 7598 7597
f 7568 7597 7558
f 7558 7597 7596
f 7558 7596 7544
f 7544 7596 7595
f 7544 7595 7537
f 7537 7595 7594
f 7537 7594 7520
f 7520 7594 5295
f 7601 7602 7603
f 450 449 7604
f 7604 449 7605
f 7603 7602 7606
f 7606 7602 7607
f 7606 7607 7605
f 7605 7607 7608
f 7605 7608 7604
f 7601 7603 7609
f 7609 7603 7610
f 7609 7610 7611
f 7611 7610 7612
f 7611 7612 7613
f 7613 7612 7614
f 7613 7614 7615
f 7615 7614 7616
f 7615 7616 7617
f 7617 7616 5396
f 7617 5396 5440
f 449 452 7438
f 449 7438 7605
f 7605 7438 7439
f 7605 7439 7606
f 7439 7441 7606
f 7606 7441 7458
f 7606 7458 7603
f 7603 7458 7457
f 7603 7457 7610
f 7457 7455 7610
f 7610 7455 7480
f 7610 7480 7612
f 7612 7480 7479
f 7612 7479 7614
f 5397 5396 7513
f 7513 5396 7616
f 7513 7616 7514
f 7514 7616 7614
f 7514 7614 7477
f 7477 7614 7479
f 7432 7618 7619
f 463 444 7620
f 459 461 7621
f 7621 461 463
f 444 443 7622
f 7622 443 456
f 7622 456 448
f 452 459 7435
f 7435 459 7621
f 7435 7621 7417
f 7417 7621 7623
f 7417 7623 7418
f 7618 7432 7623
f 7623 7432 7433
f 7623 7433 7418
f 447 7624 448
f 448 7624 7625
f 448 7625 7622
f 7622 7625 7626
f 7622 7626 7627
f 7627 7626 7628
f 7627 7628 7629
f 7630 7448 7631
f 7631 7448 7431
f 7631 7431 7619
f 7619 7431 7430
f 7619 7430 7432
f 7628 7632 7629
f 7629 7632 7633
f 7629 7633 7634
f 7634 7633 7635
f 7634 7635 7636
f 7637 7429 7630
f 7630 7429 7428
f 7630 7428 7448
f 7638 7639 7640
f 7640 7639 7641
f 7640 7641 7642
f 7642 7641 7636
f 7642 7636 7643
f 7643 7636 7635
f 7475 7474 7637
f 7474 7426 7637
f 7637 7426 7425
f 7637 7425 7429
f 7638 7644 7639
f 7639 7644 7645
f 7639 7645 7646
f 7637 7647 7475
f 7475 7647 7648
f 7475 7648 7422
f 7649 595 536
f 7422 7648 7423
f 7423 7648 7649
f 7423 7649 7420
f 7420 7649 536
f 7420 536 535
f 7650 598 597
f 463 7620 7621
f 7621 7620 7651
f 7621 7651 7623
f 7623 7651 7652
f 7623 7652 7618
f 7618 7652 7653
f 7618 7653 7619
f 7619 7653 7654
f 7619 7654 7631
f 7631 7654 7655
f 7631 7655 7630
f 7630 7655 7656
f 7630 7656 7637
f 7637 7656 7657
f 7637 7657 7647
f 7647 7657 7658
f 7647 7658 7648
f 7648 7658 7650
f 7648 7650 7649
f 7649 7650 597
f 7649 597 595
f 602 601 7659
f 7659 601 600
f 444 7622 7620
f 7620 7622 7627
f 7620 7627 7651
f 7651 7627 7629
f 7651 7629 7652
f 7652 7629 7634
f 7652 7634 7653
f 7653 7634 7636
f 7653 7636 7654
f 7654 7636 7641
f 7654 7641 7655
f 7655 7641 7639
f 7655 7639 7656
f 7656 7639 7646
f 7656 7646 7657
f 7657 7646 7660
f 7657 7660 7658
f 7658 7660 7659
f 7658 7659 7650
f 7650 7659 600
f 7650 600 598
f 594 602 7661
f 7661 602 7659
f 7661 7659 7662
f 7662 7659 7660
f 7662 7660 7663
f 7663 7660 7646
f 7663 7646 7664
f 7664 7646 7645
f 523 522 7665
f 5288 5295 7522
f 5277 5276 7666
f 7667 7668 7669
f 7669 7668 7670
f 7669 7670 7666
f 7666 7670 7671
f 7666 7671 5277
f 5288 7522 7672
f 7672 7522 7534
f 7672 7534 7673
f 7674 7667 7675
f 7675 7667 7669
f 7675 7669 7676
f 7676 7669 7666
f 7676 7666 7677
f 7677 7666 5276
f 7677 5276 5305
f 7678 7674 7679
f 7679 7674 7675
f 7679 7675 7680
f 7680 7675 7676
f 7680 7676 7681
f 7681 7676 7677
f 7681 7677 7682
f 7682 7677 5305
f 7682 5305 5304
f 7534 7536 7673
f 7673 7536 7553
f 7673 7553 7683
f 7683 7553 7555
f 7683 7555 7684
f 7685 7678 7686
f 7686 7678 7679
f 7686 7679 7687
f 7687 7679 7680
f 7687 7680 7688
f 7688 7680 7681
f 7688 7681 7689
f 7689 7681 7682
f 7689 7682 7690
f 7690 7682 5304
f 7690 5304 5292
f 7691 7692 7693
f 7694 7685 7695
f 7695 7685 7686
f 7695 7686 7696
f 7696 7686 7687
f 7696 7687 7697
f 7697 7687 7688
f 7697 7688 7698
f 7698 7688 7689
f 7698 7689 7699
f 7699 7689 7690
f 7699 7690 7700
f 7700 7690 5292
f 7700 5292 5290
f 7555 7557 7684
f 7684 7557 7575
f 7684 7575 7701
f 7701 7575 7577
f 7701 7577 7702
f 7703 7692 7704
f 7704 7692 7691
f 7704 7691 7705
f 7706 7694 7707
f 7707 7694 7695
f 7707 7695 7702
f 7702 7695 7696
f 7702 7696 7701
f 7701 7696 7697
f 7701 7697 7684
f 7684 7697 7698
f 7684 7698 7683
f 7683 7698 7699
f 7683 7699 7673
f 7673 7699 7700
f 7673 7700 7672
f 7672 7700 5290
f 7672 5290 5288
f 7708 7703 7665
f 7665 7703 7704
f 7665 7704 7709
f 7709 7704 7705
f 7709 7705 7710
f 7708 7665 7711
f 7711 7665 522
f 7711 522 594
f 587 593 7709
f 7709 593 591
f 7709 591 7665
f 7665 591 589
f 7665 589 523
f 577 581 7710
f 7710 581 584
f 7710 584 7709
f 7709 584 585
f 7709 585 587
f 580 579 7710
f 7710 579 578
f 7710 578 577
f 574 580 7712
f 7712 580 7710
f 7712 7710 7713
f 7713 7710 7705
f 7713 7705 7714
f 7714 7705 7691
f 7714 7691 7715
f 7715 7691 7693
f 7715 7693 7716
f 572 576 7712
f 7712 576 575
f 7712 575 574
f 571 569 7717
f 7717 569 568
f 7717 568 573
f 573 572 7717
f 7717 572 7712
f 7717 7712 7718
f 7718 7712 7713
f 7718 7713 7719
f 7719 7713 7714
f 7719 7714 7720
f 7720 7714 7715
f 7720 7715 7721
f 7721 7715 7716
f 7721 7716 7722
f 525 566 7706
f 7706 566 565
f 565 571 7706
f 7706 571 7717
f 7706 7717 7694
f 7694 7717 7718
f 7694 7718 7685
f 7685 7718 7719
f 7685 7719 7678
f 7678 7719 7720
f 7678 7720 7674
f 7674 7720 7721
f 7674 7721 7667
f 7667 7721 7722
f 7667 7722 7668
f 7577 7579 7702
f 7702 7579 7588
f 7702 7588 7707
f 7707 7588 7590
f 7707 7590 7706
f 7706 7590 7591
f 7706 7591 525
f 525 7591 7593
f 525 7593 526
f 7608 7607 7723
f 7602 7601 7724
f 7615 7617 7725
f 7617 5440 5460
f 7611 7613 7726
f 7609 7611 7727
f 7601 7609 7728
f 7729 7604 7608
f 7604 7729 450
f 7730 7725 7731
f 7732 7724 7733
f 7734 7735 7736
f 7736 7735 7737
f 7736 7737 7738
f 7738 7737 7739
f 7738 7739 7740
f 7740 7739 7741
f 7740 7741 7729
f 7729 7741 7742
f 7729 7742 450
f 7743 7744 7745
f 7745 7744 7746
f 7745 7746 7747
f 7747 7746 7748
f 7747 7748 7749
f 7749 7748 7750
f 7749 7750 7751
f 7751 7750 7752
f 7751 7752 7734
f 7734 7752 7753
f 7734 7753 7735
f 7754 7755 7756
f 7756 7755 7757
f 7756 7757 7758
f 7758 7757 7759
f 7758 7759 7760
f 7760 7759 7761
f 7760 7761 7762
f 7762 7761 7763
f 7762 7763 7764
f 7764 7763 7765
f 7764 7765 7743
f 7743 7765 7766
f 7743 7766 7744
f 7754 7756 7767
f 7767 7756 7768
f 7767 7768 7769
f 7769 7768 7770
f 7769 7770 7771
f 7771 7770 7772
f 7771 7772 7773
f 7617 5460 7725
f 7725 5460 5459
f 7725 5459 7731
f 7731 5459 5456
f 7731 5456 7774
f 7774 5456 5457
f 7774 5457 7775
f 7775 5457 5458
f 7775 5458 7776
f 7776 5458 5463
f 7776 5463 7777
f 7777 5463 5462
f 7777 5462 7778
f 7778 5462 5461
f 7778 5461 7779
f 7779 5461 5476
f 7779 5476 7780
f 7780 5476 5475
f 7780 5475 7781
f 7781 5475 5469
f 7781 5469 7782
f 7782 5469 5468
f 7782 5468 7783
f 7783 5468 5467
f 7783 5467 7784
f 7784 5467 5471
f 7784 5471 7785
f 7785 5471 5450
f 7785 5450 7786
f 7786 5450 5408
f 7786 5408 7787
f 7787 5408 5407
f 7787 5407 7788
f 7788 5407 5380
f 7788 5380 7789
f 7789 5380 5379
f 7789 5379 7790
f 7730 7731 7791
f 7791 7731 7774
f 7791 7774 7792
f 7792 7774 7775
f 7792 7775 7793
f 7793 7775 7776
f 7793 7776 7794
f 7794 7776 7777
f 7794 7777 7795
f 7795 7777 7778
f 7795 7778 7796
f 7796 7778 7779
f 7796 7779 7797
f 7797 7779 7780
f 7797 7780 7798
f 7798 7780 7781
f 7798 7781 7799
f 7799 7781 7782
f 7799 7782 7800
f 7800 7782 7783
f 7800 7783 7801
f 7801 7783 7784
f 7801 7784 7802
f 7802 7784 7785
f 7802 7785 7803
f 7803 7785 7786
f 7803 7786 7804
f 7804 7786 7787
f 7804 7787 7805
f 7805 7787 7788
f 7805 7788 7806
f 7806 7788 7789
f 7806 7789 7807
f 7807 7789 7790
f 7807 7790 7808
f 7615 7725 7613
f 7613 7725 7730
f 7613 7730 7726
f 7726 7730 7791
f 7726 7791 7809
f 7809 7791 7792
f 7809 7792 7810
f 7810 7792 7793
f 7810 7793 7811
f 7811 7793 7794
f 7811 7794 7812
f 7812 7794 7795
f 7812 7795 7813
f 7813 7795 7796
f 7813 7796 7814
f 7814 7796 7797
f 7814 7797 7815
f 7815 7797 7798
f 7815 7798 7816
f 7816 7798 7799
f 7816 7799 7817
f 7817 7799 7800
f 7817 7800 7818
f 7818 7800 7801
f 7818 7801 7819
f 7819 7801 7802
f 7819 7802 7820
f 7820 7802 7803
f 7820 7803 7821
f 7821 7803 7804
f 7821 7804 7822
f 7822 7804 7805
f 7822 7805 7823
f 7823 7805 7806
f 7823 7806 7824
f 7824 7806 7807
f 7824 7807 7825
f 7825 7807 7808
f 7825 7808 7826
f 7611 7726 7727
f 7727 7726 7809
f 7727 7809 7827
f 7827 7809 7810
f 7827 7810 7828
f 7828 7810 7811
f 7828 7811 7829
f 7829 7811 7812
f 7829 7812 7830
f 7830 7812 7813
f 7830 7813 7831
f 7831 7813 7814
f 7831 7814 7832
f 7832 7814 7815
f 7832 7815 7833
f 7833 7815 7816
f 7833 7816 7834
f 7834 7816 7817
f 7834 7817 7835
f 7835 7817 7818
f 7835 7818 7836
f 7836 7818 7819
f 7836 7819 7837
f 7837 7819 7820
f 7837 7820 7838
f 7838 7820 7821
f 7838 7821 7839
f 7839 7821 7822
f 7839 7822 7840
f 7840 7822 7823
f 7840 7823 7841
f 7841 7823 7824
f 7841 7824 7842
f 7842 7824 7825
f 7842 7825 7843
f 7843 7825 7826
f 7843 7826 7844
f 7609 7727 7728
f 7728 7727 7827
f 7728 7827 7845
f 7845 7827 7828
f 7845 7828 7846
f 7846 7828 7829
f 7846 7829 7847
f 7847 7829 7830
f 7847 7830 7848
f 7848 7830 7831
f 7848 7831 7849
f 7849 7831 7832
f 7849 7832 7850
f 7850 7832 7833
f 7850 7833 7851
f 7851 7833 7834
f 7851 7834 7852
f 7852 7834 7835
f 7852 7835 7853
f 7853 7835 7836
f 7853 7836 7854
f 7854 7836 7837
f 7854 7837 7855
f 7855 7837 7838
f 7855 7838 7856
f 7856 7838 7839
f 7856 7839 7857
f 7857 7839 7840
f 7857 7840 7858
f 7858 7840 7841
f 7858 7841 7859
f 7859 7841 7842
f 7859 7842 7860
f 7860 7842 7843
f 7860 7843 7861
f 7861 7843 7844
f 7861 7844 7862
f 7601 7728 7724
f 7724 7728 7845
f 7724 7845 7733
f 7733 7845 7846
f 7733 7846 7863
f 7863 7846 7847
f 7863 7847 7864
f 7864 7847 7848
f 7864 7848 7865
f 7865 7848 7849
f 7865 7849 7866
f 7866 7849 7850
f 7866 7850 7867
f 7867 7850 7851
f 7867 7851 7868
f 7868 7851 7852
f 7868 7852 7869
f 7869 7852 7853
f 7869 7853 7870
f 7870 7853 7854
f 7870 7854 7871
f 7871 7854 7855
f 7871 7855 7872
f 7872 7855 7856
f 7872 7856 7873
f 7873 7856 7857
f 7873 7857 7874
f 7874 7857 7858
f 7874 7858 7875
f 7875 7858 7859
f 7875 7859 7876
f 7876 7859 7860
f 7876 7860 7877
f 7877 7860 7861
f 7877 7861 7878
f 7878 7861 7862
f 7878 7862 7879
f 7732 7733 7880
f 7880 7733 7863
f 7880 7863 7881
f 7881 7863 7864
f 7881 7864 7882
f 7882 7864 7865
f 7882 7865 7883
f 7883 7865 7866
f 7883 7866 7884
f 7884 7866 7867
f 7884 7867 7885
f 7885 7867 7868
f 7885 7868 7886
f 7886 7868 7869
f 7886 7869 7887
f 7887 7869 7870
f 7887 7870 7888
f 7888 7870 7871
f 7888 7871 7889
f 7889 7871 7872
f 7889 7872 7890
f 7890 7872 7873
f 7890 7873 7891
f 7891 7873 7874
f 7891 7874 7892
f 7892 7874 7875
f 7892 7875 7893
f 7893 7875 7876
f 7893 7876 7894
f 7894 7876 7877
f 7894 7877 7895
f 7895 7877 7878
f 7895 7878 7896
f 7896 7878 7879
f 7896 7879 7897
f 7602 7724 7607
f 7607 7724 7732
f 7607 7732 7723
f 7723 7732 7880
f 7723 7880 7898
f 7898 7880 7881
f 7898 7881 7899
f 7899 7881 7882
f 7899 7882 7900
f 7900 7882 7883
f 7900 7883 7901
f 7901 7883 7884
f 7901 7884 7902
f 7902 7884 7885
f 7902 7885 7903
f 7903 7885 7886
f 7903 7886 7904
f 7904 7886 7887
f 7904 7887 7905
f 7905 7887 7888
f 7905 7888 7906
f 7906 7888 7889
f 7906 7889 7907
f 7907 7889 7890
f 7907 7890 7908
f 7908 7890 7891
f 7908 7891 7909
f 7909 7891 7892
f 7909 7892 7910
f 7910 7892 7893
f 7910 7893 7911
f 7911 7893 7894
f 7911 7894 7912
f 7912 7894 7895
f 7912 7895 7913
f 7913 7895 7896
f 7913 7896 7914
f 7914 7896 7897
f 7914 7897 7915
f 7608 7723 7729
f 7729 7723 7898
f 7729 7898 7740
f 7740 7898 7899
f 7740 7899 7738
f 7738 7899 7900
f 7738 7900 7736
f 7736 7900 7901
f 7736 7901 7734
f 7734 7901 7902
f 7734 7902 7751
f 7751 7902 7903
f 7751 7903 7749
f 7749 7903 7904
f 7749 7904 7747
f 7747 7904 7905
f 7747 7905 7745
f 7745 7905 7906
f 7745 7906 7743
f 7743 7906 7907
f 7743 7907 7764
f 7764 7907 7908
f 7764 7908 7762
f 7762 7908 7909
f 7762 7909 7760
f 7760 7909 7910
f 7760 7910 7758
f 7758 7910 7911
f 7758 7911 7756
f 7756 7911 7912
f 7756 7912 7768
f 7768 7912 7913
f 7768 7913 7770
f 7770 7913 7914
f 7770 7914 7772
f 7772 7914 7915
f 7772 7915 7916
f 7917 7918 7916
f 7916 7918 7919
f 7916 7919 7772
f 7772 7919 7920
f 7772 7920 7773
f 7921 7922 7923
f 7923 7922 7924
f 7923 7924 7925
f 7925 7924 7926
f 7925 7926 7927
f 7927 7926 7928
f 7927 7928 7929
f 7929 7928 7930
f 7929 7930 7931
f 7931 7930 7932
f 7931 7932 7933
f 7933 7932 7934
f 7933 7934 7935
f 7935 7934 7936
f 7935 7936 7937
f 7937 7936 7938
f 7937 7938 5413
f 5413 7938 5412
f 7939 7921 7940
f 7940 7921 7923
f 7940 7923 7941
f 7941 7923 7925
f 7941 7925 7942
f 7942 7925 7927
f 7942 7927 7943
f 7943 7927 7929
f 7943 7929 7944
f 7944 7929 7931
f 7944 7931 7945
f 7945 7931 7933
f 7945 7933 7946
f 7946 7933 7935
f 7946 7935 7947
f 7947 7935 7937
f 7947 7937 5364
f 5364 7937 5413
f 5379 5412 7790
f 7790 5412 7938
f 7790 7938 7808
f 7808 7938 7936
f 7808 7936 7826
f 7826 7936 7934
f 7826 7934 7844
f 7844 7934 7932
f 7844 7932 7862
f 7862 7932 7930
f 7862 7930 7879
f 7879 7930 7928
f 7879 7928 7897
f 7897 7928 7926
f 7897 7926 7915
f 7915 7926 7924
f 7915 7924 7916
f 7916 7924 7922
f 7916 7922 7917
f 7917 7922 7921
f 7917 7921 7948
f 7948 7921 7939
f 7948 7939 7949
f 7949 7939 7950
f 442 7950 7951
f 7951 7950 7939
f 7951 7939 7952
f 7952 7939 7940
f 7952 7940 7953
f 7953 7940 7941
f 7953 7941 7954
f 7954 7941 7942
f 7954 7942 7955
f 7955 7942 7943
f 7955 7943 7956
f 7956 7943 7944
f 7956 7944 7957
f 7957 7944 7945
f 7957 7945 7958
f 7958 7945 7946
f 7958 7946 7959
f 7959 7946 7947
f 7959 7947 5384
f 5384 7947 5364
f 7644 7960 7645
f 7625 7624 7961
f 7961 7624 447
f 7962 7628 7626
f 7963 7635 7633
f 7638 7640 7964
f 7964 7640 7642
f 7960 7644 7965
f 7966 7663 7664
f 7661 7662 7967
f 7967 7662 7663
f 7968 7969 7970
f 7970 7969 7971
f 7970 7971 5277
f 7972 5277 7671
f 7973 7974 7975
f 7975 7974 7976
f 7975 7976 7968
f 7968 7976 7977
f 7968 7977 7969
f 7978 7979 7980
f 7980 7979 7981
f 7980 7981 7973
f 7973 7981 7982
f 7973 7982 7974
f 447 7983 7961
f 7961 7983 7984
f 7961 7984 7978
f 7978 7984 7985
f 7978 7985 7979
f 5277 7986 7987
f 7987 7986 7988
f 7987 7988 7989
f 7989 7988 7990
f 7989 7990 7991
f 7991 7990 7992
f 7991 7992 7993
f 7993 7992 7994
f 7993 7994 7995
f 7995 7994 7996
f 7995 7996 7997
f 7997 7996 7962
f 7997 7962 7998
f 7998 7962 7626
f 7998 7626 7625
f 5277 7999 7986
f 7986 7999 8000
f 7986 8000 7988
f 7988 8000 8001
f 7988 8001 7990
f 7990 8001 8002
f 7990 8002 7992
f 7992 8002 8003
f 7992 8003 7994
f 7994 8003 8004
f 7994 8004 7996
f 7996 8004 8005
f 7996 8005 7962
f 7962 8005 7632
f 7962 7632 7628
f 5277 8006 7999
f 7999 8006 8007
f 7999 8007 8000
f 8000 8007 8008
f 8000 8008 8001
f 8001 8008 8009
f 8001 8009 8002
f 8002 8009 8010
f 8002 8010 8003
f 8003 8010 8011
f 8003 8011 8004
f 8004 8011 7963
f 8004 7963 8005
f 8005 7963 7633
f 8005 7633 7632
f 5277 8012 8006
f 8006 8012 8013
f 8006 8013 8007
f 8007 8013 8014
f 8007 8014 8008
f 8008 8014 8015
f 8008 8015 8009
f 8009 8015 8016
f 8009 8016 8010
f 8010 8016 8017
f 8010 8017 8011
f 8011 8017 8018
f 8011 8018 7963
f 7963 8018 7643
f 7963 7643 7635
f 5277 8019 8012
f 8012 8019 8020
f 8012 8020 8013
f 8013 8020 8021
f 8013 8021 8014
f 8014 8021 8022
f 8014 8022 8015
f 8015 8022 8023
f 8015 8023 8016
f 8016 8023 8024
f 8016 8024 8017
f 8017 8024 7964
f 8017 7964 8018
f 8018 7964 7642
f 8018 7642 7643
f 5277 8025 8019
f 8019 8025 8026
f 8019 8026 8020
f 8020 8026 8027
f 8020 8027 8021
f 8021 8027 8028
f 8021 8028 8022
f 8022 8028 8029
f 8022 8029 8023
f 8023 8029 8030
f 8023 8030 8024
f 8024 8030 7965
f 8024 7965 7964
f 7964 7965 7644
f 7964 7644 7638
f 5277 8031 8025
f 8025 8031 8032
f 8025 8032 8026
f 8026 8032 8033
f 8026 8033 8027
f 8027 8033 8034
f 8027 8034 8028
f 8028 8034 8035
f 8028 8035 8029
f 8029 8035 8036
f 8029 8036 8030
f 8030 8036 8037
f 8030 8037 7965
f 7965 8037 7966
f 7965 7966 7960
f 7960 7966 7664
f 7960 7664 7645
f 7663 7966 7967
f 7967 7966 8037
f 7967 8037 8038
f 8038 8037 8036
f 8038 8036 8039
f 8039 8036 8035
f 8039 8035 8040
f 8040 8035 8034
f 8040 8034 8041
f 8041 8034 8033
f 8041 8033 8042
f 8042 8033 8032
f 8042 8032 8043
f 8043 8032 8031
f 8043 8031 7972
f 7972 8031 5277
f 594 7661 7711
f 7711 7661 7967
f 7711 7967 7708
f 7708 7967 8038
f 7708 8038 7703
f 7703 8038 8039
f 7703 8039 7692
f 7692 8039 8040
f 7692 8040 7693
f 7693 8040 8041
f 7693 8041 7716
f 7716 8041 8042
f 7716 8042 7722
f 7722 8042 8043
f 7722 8043 7668
f 7668 8043 7972
f 7668 7972 7670
f 7670 7972 7671
f 7625 7961 7998
f 7998 7961 7978
f 7998 7978 7997
f 7997 7978 7980
f 7997 7980 7995
f 7995 7980 7973
f 7995 7973 7993
f 7993 7973 7975
f 7993 7975 7991
f 7991 7975 7968
f 7991 7968 7989
f 7989 7968 7970
f 7989 7970 7987
f 7987 7970 5277
f 7958 7959 8044
f 8044 7959 5384
f 8044 5384 5382
f 8044 8045 7958
f 7958 8045 8046
f 7958 8046 7957
f 8046 8047 7957
f 7957 8047 8048
f 7957 8048 7956
f 8048 8049 7956
f 7956 8049 8050
f 7956 8050 7955
f 8050 8051 7955
f 7955 8051 8052
f 7955 8052 7954
f 8052 8053 7954
f 7954 8053 8054
f 7954 8054 7953
f 8054 8055 7953
f 7953 8055 8056
f 7953 8056 7952
f 8056 8057 7952
f 7952 8057 8058
f 7952 8058 7951
f 8058 8059 7951
f 7951 8059 8060
f 7951 8060 442
f 442 8060 8061
f 442 8061 440
f 464 462 8062
f 7742 7741 8063
f 8064 8065 8066
f 8066 8065 8067
f 8066 8067 8068
f 8069 8070 8071
f 8071 8070 8072
f 8071 8072 8064
f 8064 8072 8073
f 8064 8073 8065
f 8069 8071 8074
f 8074 8071 8075
f 8074 8075 8076
f 8077 8078 8075
f 8075 8078 8079
f 8075 8079 8076
f 8080 8081 8077
f 8077 8081 8082
f 8077 8082 8078
f 8080 8077 8083
f 8083 8077 8084
f 8083 8084 8085
f 8085 8084 8086
f 8085 8086 8087
f 8088 8089 8090
f 8090 8091 8088
f 8088 8091 8092
f 8088 8092 8086
f 8086 8092 8093
f 8086 8093 8087
f 8094 8095 8096
f 8096 8097 8094
f 8094 8097 8098
f 8094 8098 8089
f 8089 8098 8099
f 8089 8099 8090
f 8100 433 432
f 432 8101 8100
f 8100 8101 8102
f 8100 8102 8095
f 8095 8102 8103
f 8095 8103 8096
f 441 8104 442
f 442 8104 7950
f 7950 8104 7949
f 7949 8104 8105
f 7949 8105 7948
f 7948 8105 7917
f 7917 8105 8106
f 7917 8106 7918
f 7918 8106 7919
f 7919 8106 8107
f 7919 8107 7920
f 7920 8107 7773
f 7773 8107 8108
f 7773 8108 7771
f 8109 7767 8108
f 8108 7767 7769
f 8108 7769 7771
f 7759 7757 8110
f 8110 7757 7755
f 8110 7755 8109
f 8109 7755 7754
f 8109 7754 7767
f 7759 8110 7761
f 7761 8110 8111
f 7761 8111 7763
f 7746 7744 8112
f 8112 7744 7766
f 8112 7766 8111
f 8111 7766 7765
f 8111 7765 7763
f 8113 7750 8112
f 8112 7750 7748
f 8112 7748 7746
f 7737 7735 8114
f 8114 7735 7753
f 8114 7753 8113
f 8113 7753 7752
f 8113 7752 7750
f 8063 7741 8114
f 8114 7741 7739
f 8114 7739 7737
f 455 8066 454
f 454 8066 8068
f 454 8068 453
f 455 457 8115
f 8115 457 458
f 458 445 8116
f 8116 445 465
f 8116 465 464
f 450 7742 451
f 451 7742 8063
f 451 8063 460
f 460 8063 462
f 455 8115 8066
f 8066 8115 8117
f 8066 8117 8064
f 8064 8117 8118
f 8064 8118 8071
f 8071 8118 8119
f 8071 8119 8075
f 8075 8119 8120
f 8075 8120 8077
f 8077 8120 8121
f 8077 8121 8084
f 8084 8121 8122
f 8084 8122 8086
f 8086 8122 8123
f 8086 8123 8088
f 8088 8123 8124
f 8088 8124 8089
f 8089 8124 8125
f 8089 8125 8094
f 8094 8125 8126
f 8094 8126 8095
f 8095 8126 8127
f 8095 8127 8100
f 8100 8127 435
f 8100 435 433
f 458 8116 8115
f 8115 8116 8128
f 8115 8128 8117
f 8117 8128 8129
f 8117 8129 8118
f 8118 8129 8130
f 8118 8130 8119
f 8119 8130 8131
f 8119 8131 8120
f 8120 8131 8132
f 8120 8132 8121
f 8121 8132 8133
f 8121 8133 8122
f 8122 8133 8134
f 8122 8134 8123
f 8123 8134 8135
f 8123 8135 8124
f 8124 8135 8136
f 8124 8136 8125
f 8125 8136 8137
f 8125 8137 8126
f 8126 8137 8138
f 8126 8138 8127
f 8127 8138 437
f 8127 437 435
f 464 8062 8116
f 8116 8062 8139
f 8116 8139 8128
f 8128 8139 8140
f 8128 8140 8129
f 8129 8140 8141
f 8129 8141 8130
f 8130 8141 8142
f 8130 8142 8131
f 8131 8142 8143
f 8131 8143 8132
f 8132 8143 8144
f 8132 8144 8133
f 8133 8144 8145
f 8133 8145 8134
f 8134 8145 8146
f 8134 8146 8135
f 8135 8146 8147
f 8135 8147 8136
f 8136 8147 8148
f 8136 8148 8137
f 8137 8148 8149
f 8137 8149 8138
f 8138 8149 439
f 8138 439 437
f 462 8063 8062
f 8062 8063 8114
f 8062 8114 8139
f 8139 8114 8113
f 8139 8113 8140
f 8140 8113 8112
f 8140 8112 8141
f 8141 8112 8111
f 8141 8111 8142
f 8142 8111 8110
f 8142 8110 8143
f 8143 8110 8109
f 8143 8109 8144
f 8144 8109 8108
f 8144 8108 8145
f 8145 8108 8107
f 8145 8107 8146
f 8146 8107 8106
f 8146 8106 8147
f 8147 8106 8105
f 8147 8105 8148
f 8148 8105 8104
f 8148 8104 8149
f 8149 8104 441
f 8149 441 439
f 8150 8151 8152
f 8153 8154 8155
f 8154 8153 8156
f 8152 8151 8157
f 8157 8151 8158
f 8157 8158 8159
f 8159 8158 8160
f 8160 8158 8161
f 8160 8161 8162
f 8162 8161 8163
f 8162 8163 8164
f 8164 8163 8165
f 8164 8165 8166
f 8166 8165 446
f 8166 446 453
f 5277 8153 5278
f 5278 8153 8155
f 5278 8155 5303
f 5277 7971 8153
f 8153 7971 8150
f 8153 8150 8156
f 8156 8150 8152
f 7971 7969 8150
f 8150 7969 7977
f 8150 7977 8151
f 8151 7977 7976
f 8151 7976 8158
f 7976 7974 8158
f 8158 7974 7982
f 8158 7982 8161
f 8161 7982 7981
f 8161 7981 8163
f 7981 7979 8163
f 8163 7979 7985
f 8163 7985 8165
f 8165 7985 7984
f 8165 7984 446
f 446 7984 7983
f 446 7983 447
f 8167 8168 5382
f 8167 5382 8169
f 8170 8169 5382
f 8171 8170 5382
f 8172 8171 5382
f 8173 8172 5382
f 8174 8173 5382
f 8175 8174 5382
f 8176 8175 5382
f 8046 8045 8168
f 8177 8178 8179
f 8048 8047 8180
f 8181 8182 8183
f 8050 8049 8184
f 8185 8186 8187
f 8052 8051 8188
f 8189 8190 8191
f 8054 8053 8192
f 8193 8194 8195
f 8056 8055 8196
f 8197 8198 8199
f 8058 8057 8200
f 8201 8202 8203
f 8060 8059 8204
f 440 8061 8205
f 8205 8061 8206
f 8205 8206 8207
f 8207 8206 8208
f 8209 8210 8211
f 8211 8210 8212
f 8211 8212 8208
f 8208 8212 8213
f 8208 8213 8207
f 8214 8215 8216
f 8216 8215 8217
f 8217 8215 8218
f 8218 8215 8219
f 8218 8219 8220
f 8220 8219 8221
f 8220 8221 8222
f 8222 8221 8223
f 8223 8221 8224
f 8223 8224 8225
f 8225 8224 8226
f 8226 8224 8203
f 8226 8203 8227
f 8227 8203 8202
f 8227 8202 409
f 8061 8060 8206
f 8206 8060 8204
f 8206 8204 8208
f 8208 8204 8228
f 8208 8228 8211
f 8211 8228 8229
f 8211 8229 8209
f 8209 8229 8214
f 8209 8214 8230
f 8230 8214 8216
f 8059 8058 8204
f 8204 8058 8200
f 8204 8200 8228
f 8228 8200 8231
f 8228 8231 8229
f 8229 8231 8232
f 8229 8232 8214
f 8214 8232 8233
f 8214 8233 8215
f 8215 8233 8234
f 8215 8234 8219
f 8219 8234 8235
f 8219 8235 8221
f 8221 8235 8236
f 8221 8236 8224
f 8224 8236 8237
f 8224 8237 8203
f 8203 8237 8199
f 8203 8199 8201
f 8201 8199 8198
f 8057 8056 8200
f 8200 8056 8196
f 8200 8196 8231
f 8231 8196 8238
f 8231 8238 8232
f 8232 8238 8239
f 8232 8239 8233
f 8233 8239 8240
f 8233 8240 8234
f 8234 8240 8241
f 8234 8241 8235
f 8235 8241 8242
f 8235 8242 8236
f 8236 8242 8243
f 8236 8243 8237
f 8237 8243 8244
f 8237 8244 8199
f 8199 8244 8195
f 8199 8195 8197
f 8197 8195 8194
f 8055 8054 8196
f 8196 8054 8192
f 8196 8192 8238
f 8238 8192 8245
f 8238 8245 8239
f 8239 8245 8246
f 8239 8246 8240
f 8240 8246 8247
f 8240 8247 8241
f 8241 8247 8248
f 8241 8248 8242
f 8242 8248 8249
f 8242 8249 8243
f 8243 8249 8250
f 8243 8250 8244
f 8244 8250 8251
f 8244 8251 8195
f 8195 8251 8191
f 8195 8191 8193
f 8193 8191 8190
f 8053 8052 8192
f 8192 8052 8188
f 8192 8188 8245
f 8245 8188 8252
f 8245 8252 8246
f 8246 8252 8253
f 8246 8253 8247
f 8247 8253 8254
f 8247 8254 8248
f 8248 8254 8255
f 8248 8255 8249
f 8249 8255 8256
f 8249 8256 8250
f 8250 8256 8257
f 8250 8257 8251
f 8251 8257 8258
f 8251 8258 8191
f 8191 8258 8187
f 8191 8187 8189
f 8189 8187 8186
f 8051 8050 8188
f 8188 8050 8184
f 8188 8184 8252
f 8252 8184 8259
f 8252 8259 8253
f 8253 8259 8260
f 8253 8260 8254
f 8254 8260 8261
f 8254 8261 8255
f 8255 8261 8262
f 8255 8262 8256
f 8256 8262 8263
f 8256 8263 8257
f 8257 8263 8264
f 8257 8264 8258
f 8258 8264 8265
f 8258 8265 8187
f 8187 8265 8183
f 8187 8183 8185
f 8185 8183 8182
f 8049 8048 8184
f 8184 8048 8180
f 8184 8180 8259
f 8259 8180 8266
f 8259 8266 8260
f 8260 8266 8267
f 8260 8267 8261
f 8261 8267 8268
f 8261 8268 8262
f 8262 8268 8269
f 8262 8269 8263
f 8263 8269 8270
f 8263 8270 8264
f 8264 8270 8271
f 8264 8271 8265
f 8265 8271 8272
f 8265 8272 8183
f 8183 8272 8179
f 8183 8179 8181
f 8181 8179 8178
f 8047 8046 8180
f 8180 8046 8168
f 8180 8168 8266
f 8266 8168 8167
f 8266 8167 8267
f 8267 8167 8169
f 8267 8169 8268
f 8268 8169 8170
f 8268 8170 8269
f 8269 8170 8171
f 8269 8171 8270
f 8270 8171 8172
f 8270 8172 8271
f 8271 8172 8173
f 8271 8173 8272
f 8272 8173 8174
f 8272 8174 8179
f 8179 8174 8175
f 8179 8175 8177
f 8177 8175 8176
f 8045 8044 8168
f 8168 8044 5382
f 8273 5281 5283
f 8274 8273 8275
f 8276 8274 8277
f 8278 8276 8279
f 8280 8278 8281
f 8282 8280 8283
f 8284 8282 8285
f 8286 8284 8287
f 8288 8286 8289
f 8101 432 8290
f 8290 432 8288
f 8101 8290 8102
f 8102 8290 8291
f 8102 8291 8103
f 8103 8291 8096
f 8096 8291 8292
f 8096 8292 8097
f 8097 8292 8098
f 8098 8292 8293
f 8098 8293 8099
f 8099 8293 8090
f 8090 8293 8294
f 8090 8294 8091
f 8091 8294 8092
f 8092 8294 8295
f 8092 8295 8093
f 8093 8295 8087
f 8087 8295 8296
f 8087 8296 8085
f 8085 8296 8297
f 8085 8297 8083
f 8083 8297 8298
f 8083 8298 8080
f 8080 8298 8299
f 8080 8299 8081
f 8081 8299 8082
f 8082 8299 8300
f 8082 8300 8078
f 8078 8300 8301
f 8078 8301 8079
f 8079 8301 8302
f 8079 8302 8076
f 8076 8302 8303
f 8076 8303 8074
f 8074 8303 8069
f 8069 8303 8304
f 8069 8304 8070
f 8070 8304 8305
f 8070 8305 8072
f 8072 8305 8306
f 8072 8306 8073
f 8073 8306 8307
f 8073 8307 8065
f 8273 5283 8275
f 8275 5283 5284
f 8275 5284 8308
f 8308 5284 5256
f 8308 5256 8309
f 8309 5256 5258
f 8309 5258 8310
f 8310 5258 5259
f 8310 5259 8311
f 8311 5259 5271
f 8311 5271 8312
f 8312 5271 5270
f 8312 5270 8313
f 8313 5270 5263
f 8313 5263 8314
f 8314 5263 5262
f 8314 5262 8315
f 8315 5262 5322
f 8315 5322 8316
f 8316 5322 5321
f 8316 5321 8317
f 8317 5321 5307
f 8317 5307 8318
f 8318 5307 5306
f 8318 5306 8319
f 8319 5306 5331
f 8319 5331 8320
f 8320 5331 5330
f 8320 5330 8321
f 8321 5330 5318
f 8321 5318 8322
f 8322 5318 5317
f 8322 5317 8323
f 8323 5317 5316
f 8323 5316 8324
f 8324 5316 5302
f 8324 5302 8325
f 8278 8279 8281
f 8281 8279 8326
f 8281 8326 8327
f 8327 8326 8328
f 8327 8328 8329
f 8329 8328 8330
f 8329 8330 8331
f 8331 8330 8332
f 8331 8332 8333
f 8333 8332 8334
f 8333 8334 8335
f 8335 8334 8336
f 8335 8336 8337
f 8337 8336 8338
f 8337 8338 8339
f 8339 8338 8340
f 8339 8340 8341
f 8341 8340 8342
f 8341 8342 8343
f 8343 8342 8344
f 8343 8344 8345
f 8345 8344 8346
f 8345 8346 8347
f 8347 8346 8348
f 8347 8348 8349
f 8349 8348 8350
f 8349 8350 8351
f 8351 8350 8352
f 8351 8352 8353
f 8353 8352 8354
f 8353 8354 8355
f 8355 8354 8356
f 8355 8356 8357
f 8357 8356 8358
f 8357 8358 8359
f 8359 8358 8360
f 8359 8360 8361
f 8288 8289 8290
f 8290 8289 8362
f 8290 8362 8291
f 8291 8362 8363
f 8291 8363 8292
f 8292 8363 8364
f 8292 8364 8293
f 8293 8364 8365
f 8293 8365 8294
f 8294 8365 8366
f 8294 8366 8295
f 8295 8366 8367
f 8295 8367 8296
f 8296 8367 8368
f 8296 8368 8297
f 8297 8368 8369
f 8297 8369 8298
f 8298 8369 8370
f 8298 8370 8299
f 8299 8370 8371
f 8299 8371 8300
f 8300 8371 8372
f 8300 8372 8301
f 8301 8372 8373
f 8301 8373 8302
f 8302 8373 8374
f 8302 8374 8303
f 8303 8374 8375
f 8303 8375 8304
f 8304 8375 8376
f 8304 8376 8305
f 8305 8376 8377
f 8305 8377 8306
f 8306 8377 8378
f 8306 8378 8307
f 8307 8378 8379
f 8307 8379 8380
f 5302 5303 8325
f 8325 5303 8155
f 8325 8155 8154
f 8274 8275 8277
f 8277 8275 8308
f 8277 8308 8381
f 8381 8308 8309
f 8381 8309 8382
f 8382 8309 8310
f 8382 8310 8383
f 8383 8310 8311
f 8383 8311 8384
f 8384 8311 8312
f 8384 8312 8385
f 8385 8312 8313
f 8385 8313 8386
f 8386 8313 8314
f 8386 8314 8387
f 8387 8314 8315
f 8387 8315 8388
f 8388 8315 8316
f 8388 8316 8389
f 8389 8316 8317
f 8389 8317 8390
f 8390 8317 8318
f 8390 8318 8391
f 8391 8318 8319
f 8391 8319 8392
f 8392 8319 8320
f 8392 8320 8393
f 8393 8320 8321
f 8393 8321 8394
f 8394 8321 8322
f 8394 8322 8395
f 8395 8322 8323
f 8395 8323 8396
f 8396 8323 8324
f 8396 8324 8397
f 8397 8324 8325
f 8397 8325 8398
f 8398 8325 8154
f 8398 8154 8156
f 8276 8277 8279
f 8279 8277 8381
f 8279 8381 8326
f 8326 8381 8382
f 8326 8382 8328
f 8328 8382 8383
f 8328 8383 8330
f 8330 8383 8384
f 8330 8384 8332
f 8332 8384 8385
f 8332 8385 8334
f 8334 8385 8386
f 8334 8386 8336
f 8336 8386 8387
f 8336 8387 8338
f 8338 8387 8388
f 8338 8388 8340
f 8340 8388 8389
f 8340 8389 8342
f 8342 8389 8390
f 8342 8390 8344
f 8344 8390 8391
f 8344 8391 8346
f 8346 8391 8392
f 8346 8392 8348
f 8348 8392 8393
f 8348 8393 8350
f 8350 8393 8394
f 8350 8394 8352
f 8352 8394 8395
f 8352 8395 8354
f 8354 8395 8396
f 8354 8396 8356
f 8356 8396 8397
f 8356 8397 8358
f 8358 8397 8398
f 8358 8398 8360
f 8360 8398 8156
f 8360 8156 8361
f 8361 8156 8152
f 8361 8152 8157
f 8280 8281 8283
f 8283 8281 8327
f 8283 8327 8399
f 8399 8327 8329
f 8399 8329 8400
f 8400 8329 8331
f 8400 8331 8401
f 8401 8331 8333
f 8401 8333 8402
f 8402 8333 8335
f 8402 8335 8403
f 8403 8335 8337
f 8403 8337 8404
f 8404 8337 8339
f 8404 8339 8405
f 8405 8339 8341
f 8405 8341 8406
f 8406 8341 8343
f 8406 8343 8407
f 8407 8343 8345
f 8407 8345 8408
f 8408 8345 8347
f 8408 8347 8409
f 8409 8347 8349
f 8409 8349 8410
f 8410 8349 8351
f 8410 8351 8411
f 8411 8351 8353
f 8411 8353 8412
f 8412 8353 8355
f 8412 8355 8413
f 8413 8355 8357
f 8413 8357 8414
f 8414 8357 8359
f 8414 8359 8415
f 8415 8359 8361
f 8415 8361 8416
f 8416 8361 8157
f 8416 8157 8159
f 8282 8283 8285
f 8285 8283 8399
f 8285 8399 8417
f 8417 8399 8400
f 8417 8400 8418
f 8418 8400 8401
f 8418 8401 8419
f 8419 8401 8402
f 8419 8402 8420
f 8420 8402 8403
f 8420 8403 8421
f 8421 8403 8404
f 8421 8404 8422
f 8422 8404 8405
f 8422 8405 8423
f 8423 8405 8406
f 8423 8406 8424
f 8424 8406 8407
f 8424 8407 8425
f 8425 8407 8408
f 8425 8408 8426
f 8426 8408 8409
f 8426 8409 8427
f 8427 8409 8410
f 8427 8410 8428
f 8428 8410 8411
f 8428 8411 8429
f 8429 8411 8412
f 8429 8412 8430
f 8430 8412 8413
f 8430 8413 8431
f 8431 8413 8414
f 8431 8414 8432
f 8432 8414 8415
f 8432 8415 8433
f 8433 8415 8416
f 8433 8416 8434
f 8434 8416 8159
f 8434 8159 8160
f 8284 8285 8287
f 8287 8285 8417
f 8287 8417 8435
f 8435 8417 8418
f 8435 8418 8436
f 8436 8418 8419
f 8436 8419 8437
f 8437 8419 8420
f 8437 8420 8438
f 8438 8420 8421
f 8438 8421 8439
f 8439 8421 8422
f 8439 8422 8440
f 8440 8422 8423
f 8440 8423 8441
f 8441 8423 8424
f 8441 8424 8442
f 8442 8424 8425
f 8442 8425 8443
f 8443 8425 8426
f 8443 8426 8444
f 8444 8426 8427
f 8444 8427 8445
f 8445 8427 8428
f 8445 8428 8446
f 8446 8428 8429
f 8446 8429 8447
f 8447 8429 8430
f 8447 8430 8448
f 8448 8430 8431
f 8448 8431 8449
f 8449 8431 8432
f 8449 8432 8450
f 8450 8432 8433
f 8450 8433 8451
f 8451 8433 8434
f 8451 8434 8452
f 8452 8434 8160
f 8452 8160 8162
f 8286 8287 8289
f 8289 8287 8435
f 8289 8435 8362
f 8362 8435 8436
f 8362 8436 8363
f 8363 8436 8437
f 8363 8437 8364
f 8364 8437 8438
f 8364 8438 8365
f 8365 8438 8439
f 8365 8439 8366
f 8366 8439 8440
f 8366 8440 8367
f 8367 8440 8441
f 8367 8441 8368
f 8368 8441 8442
f 8368 8442 8369
f 8369 8442 8443
f 8369 8443 8370
f 8370 8443 8444
f 8370 8444 8371
f 8371 8444 8445
f 8371 8445 8372
f 8372 8445 8446
f 8372 8446 8373
f 8373 8446 8447
f 8373 8447 8374
f 8374 8447 8448
f 8374 8448 8375
f 8375 8448 8449
f 8375 8449 8376
f 8376 8449 8450
f 8376 8450 8377
f 8377 8450 8451
f 8377 8451 8378
f 8378 8451 8452
f 8378 8452 8379
f 8379 8452 8162
f 8379 8162 8380
f 8380 8162 8164
f 8380 8164 8166
f 8065 8307 8067
f 8067 8307 8380
f 8067 8380 8068
f 8068 8380 8166
f 8068 8166 453
f 351 350 8453
f 8453 350 8454
f 8453 8454 8455
f 8455 8454 8456
f 8456 8454 8457
f 8456 8457 8458
f 8458 8457 8459
f 8459 8457 8460
f 8459 8460 8461
f 8461 8460 8462
f 8462 8460 8463
f 8462 8463 8464
f 8464 8463 8465
f 8465 8463 8466
f 8465 8466 8467
f 8467 8466 8468
f 8468 8466 8469
f 8468 8469 8470
f 8471 8472 8473
f 8473 8472 8474
f 8473 8474 8469
f 8469 8474 8475
f 8469 8475 8470
f 8471 5390 8476
f 8476 5390 5389
f 8473 8477 8478
f 8471 8473 5390
f 5390 8473 8478
f 5390 8478 5367
f 8477 8473 8479
f 8479 8473 8469
f 8479 8469 8480
f 8480 8469 8466
f 8480 8466 8481
f 8481 8466 8463
f 8481 8463 8482
f 8482 8463 8483
f 8483 8463 8460
f 8483 8460 8484
f 8484 8460 8457
f 8484 8457 8485
f 8485 8457 8454
f 8485 8454 8486
f 8486 8454 350
f 8486 350 356
f 8487 5381 8488
f 8488 5381 5383
f 8487 8488 8489
f 8489 8488 8490
f 8489 8490 8491
f 8491 8490 8492
f 8492 8490 8493
f 8492 8493 8494
f 8494 8493 8495
f 8495 8493 8496
f 8495 8496 8497
f 8497 8496 8498
f 8498 8496 8499
f 8498 8499 8500
f 8500 8499 8501
f 8501 8499 8502
f 8501 8502 8503
f 8503 8502 8504
f 8504 8502 8505
f 8504 8505 8506
f 8506 8505 8507
f 8507 8505 8508
f 8507 8508 8509
f 8509 8508 8510
f 8510 8508 8511
f 8510 8511 8512
f 8512 8511 8513
f 8513 8511 376
f 8513 376 375
f 5382 5381 8176
f 8176 5381 8514
f 8176 8514 8177
f 8177 8514 8515
f 8177 8515 8178
f 8178 8515 8516
f 8178 8516 8181
f 8181 8516 8517
f 8181 8517 8182
f 8182 8517 8518
f 8182 8518 8185
f 8185 8518 8519
f 8185 8519 8186
f 8186 8519 8520
f 8186 8520 8189
f 8189 8520 8521
f 8189 8521 8190
f 8190 8521 8522
f 8190 8522 8193
f 8193 8522 8523
f 8193 8523 8194
f 8194 8523 8524
f 8194 8524 8197
f 8197 8524 8525
f 8197 8525 8198
f 8198 8525 8526
f 8198 8526 8201
f 8201 8526 8527
f 8201 8527 8202
f 8202 8527 8528
f 8202 8528 409
f 409 8528 410
f 8529 8530 8531
f 8532 8222 8223
f 8533 8217 8218
f 8534 8213 8212
f 8535 8536 8534
f 8537 8538 8539
f 8539 8538 431
f 438 8536 436
f 436 8536 8535
f 436 8535 434
f 8540 8541 8537
f 8213 8534 8207
f 8207 8534 8536
f 8207 8536 8205
f 8205 8536 438
f 8205 438 440
f 8542 8543 8544
f 8544 8543 8541
f 8537 8539 8540
f 8540 8539 8545
f 8540 8545 8546
f 8546 8545 8547
f 8546 8547 8548
f 8549 8550 8551
f 8551 8550 8552
f 8551 8552 8542
f 431 434 8539
f 8539 434 8535
f 8539 8535 8545
f 8545 8535 8534
f 8545 8534 8547
f 8547 8534 8212
f 8547 8212 8548
f 8548 8212 8210
f 8553 8554 8549
f 8210 8209 8548
f 8548 8209 8230
f 8548 8230 8216
f 8541 8540 8544
f 8544 8540 8546
f 8544 8546 8555
f 8555 8546 8548
f 8555 8548 8533
f 8533 8548 8216
f 8533 8216 8217
f 8556 8557 8558
f 8558 8557 8554
f 8559 8560 8556
f 8542 8544 8551
f 8551 8544 8555
f 8551 8555 8561
f 8561 8555 8533
f 8561 8533 8562
f 8562 8533 8218
f 8562 8218 8220
f 8549 8551 8553
f 8553 8551 8561
f 8553 8561 8563
f 8563 8561 8562
f 8563 8562 8532
f 8532 8562 8220
f 8532 8220 8222
f 8564 8565 8566
f 8566 8565 8560
f 8556 8558 8559
f 8559 8558 8567
f 8559 8567 8568
f 8568 8567 8569
f 8568 8569 8570
f 8530 8564 8531
f 8531 8564 8566
f 8531 8566 8571
f 8554 8553 8558
f 8558 8553 8563
f 8558 8563 8567
f 8567 8563 8532
f 8567 8532 8569
f 8569 8532 8223
f 8569 8223 8570
f 8570 8223 8225
f 8570 8225 8226
f 418 8529 416
f 416 8529 8531
f 416 8531 414
f 414 8531 8571
f 414 8571 412
f 8227 409 412
f 8560 8559 8566
f 8566 8559 8568
f 8566 8568 8571
f 8571 8568 8570
f 8571 8570 412
f 412 8570 8226
f 412 8226 8227
f 8572 5279 8273
f 8273 5279 5281
f 8572 8273 8573
f 8573 8273 8274
f 8573 8274 8574
f 8574 8274 8575
f 8575 8274 8276
f 8575 8276 8576
f 8576 8276 8577
f 8577 8276 8278
f 8577 8278 8578
f 8578 8278 8579
f 8579 8278 8280
f 8579 8280 8580
f 8580 8280 8581
f 8581 8280 8282
f 8581 8282 8582
f 8582 8282 8583
f 8583 8282 8284
f 8583 8284 8584
f 8584 8284 8585
f 8585 8284 8286
f 8585 8286 8586
f 8586 8286 8587
f 8587 8286 8288
f 8587 8288 8588
f 8588 8288 8589
f 8589 8288 432
f 8589 432 431
f 5428 306 305
f 5428 305 5429
f 8590 5391 8591
f 8591 5391 5392
f 8591 5392 5429
f 8472 8471 8592
f 8592 8471 8476
f 8592 8476 8590
f 8590 8476 5389
f 8590 5389 5391
f 8472 8592 8474
f 8474 8592 8593
f 8474 8593 8475
f 8594 8595 8465
f 8465 8467 8594
f 8594 8467 8468
f 8594 8468 8593
f 8593 8468 8470
f 8593 8470 8475
f 8596 8597 8459
f 8459 8461 8596
f 8596 8461 8462
f 8596 8462 8595
f 8595 8462 8464
f 8595 8464 8465
f 361 359 8598
f 8598 359 352
f 351 8453 352
f 352 8453 8455
f 352 8455 8598
f 8598 8455 8456
f 8598 8456 8597
f 8597 8456 8458
f 8597 8458 8459
f 374 373 8599
f 8599 373 8600
f 8601 8602 8603
f 8603 8602 8604
f 8603 8604 8600
f 8605 8606 8601
f 8601 8606 8607
f 8601 8607 8602
f 8608 8609 8605
f 8605 8609 8610
f 8605 8610 8606
f 8611 8612 8608
f 8608 8612 8613
f 8608 8613 8609
f 8614 8615 8611
f 8611 8615 8616
f 8611 8616 8612
f 8617 8618 8619
f 8619 8618 8620
f 8619 8620 8614
f 8614 8620 8621
f 8614 8621 8615
f 8617 8619 8622
f 8622 8619 8623
f 8622 8623 5323
f 8624 308 303
f 302 5329 303
f 303 5329 5328
f 303 5328 8624
f 8624 5328 5327
f 8624 5327 8623
f 8623 5327 5324
f 8623 5324 5323
f 8600 373 8603
f 8603 373 371
f 8603 371 369
f 369 367 8625
f 8625 367 365
f 365 363 8626
f 8626 363 361
f 8627 312 307
f 369 8625 8603
f 8603 8625 8628
f 8603 8628 8601
f 8601 8628 8629
f 8601 8629 8605
f 8605 8629 8630
f 8605 8630 8608
f 8608 8630 8631
f 8608 8631 8611
f 8611 8631 8632
f 8611 8632 8614
f 8614 8632 8633
f 8614 8633 8619
f 8619 8633 8634
f 8619 8634 8623
f 8623 8634 8627
f 8623 8627 8624
f 8624 8627 307
f 8624 307 308
f 365 8626 8625
f 8625 8626 8635
f 8625 8635 8628
f 8628 8635 8636
f 8628 8636 8629
f 8629 8636 8637
f 8629 8637 8630
f 8630 8637 8638
f 8630 8638 8631
f 8631 8638 8639
f 8631 8639 8632
f 8632 8639 8640
f 8632 8640 8633
f 8633 8640 8641
f 8633 8641 8634
f 8634 8641 8642
f 8634 8642 8627
f 8627 8642 311
f 8627 311 312
f 5429 305 8591
f 8591 305 309
f 8591 309 310
f 361 8598 8626
f 8626 8598 8597
f 8626 8597 8635
f 8635 8597 8596
f 8635 8596 8636
f 8636 8596 8595
f 8636 8595 8637
f 8637 8595 8594
f 8637 8594 8638
f 8638 8594 8593
f 8638 8593 8639
f 8639 8593 8592
f 8639 8592 8640
f 8640 8592 8590
f 8640 8590 8641
f 8641 8590 8591
f 8641 8591 8642
f 8642 8591 310
f 8642 310 311
f 8488 5383 5385
f 8490 8488 8643
f 8493 8490 8644
f 8496 8493 8645
f 8499 8496 8646
f 8502 8499 8647
f 8505 8502 8648
f 8508 8505 8649
f 8511 8508 8650
f 8651 376 8652
f 8652 376 8511
f 8651 8652 8653
f 8653 8652 8654
f 8653 8654 8655
f 8655 8654 8656
f 8655 8656 8657
f 8657 8656 8658
f 8658 8656 8659
f 8658 8659 8660
f 8660 8659 8661
f 8660 8661 8662
f 8662 8661 8663
f 8663 8661 8664
f 8663 8664 8665
f 8665 8664 8666
f 8665 8666 8667
f 8667 8666 8668
f 8667 8668 8669
f 8669 8668 8670
f 8670 8668 8671
f 8670 8671 8672
f 8672 8671 8673
f 8672 8673 8674
f 8674 8673 8675
f 8674 8675 8676
f 8676 8675 8677
f 8676 8677 8678
f 8678 8677 8679
f 8679 8677 8680
f 8679 8680 8681
f 8681 8680 8682
f 8681 8682 8683
f 8683 8682 8684
f 8683 8684 8685
f 8685 8684 8686
f 8685 8686 8687
f 8687 8686 8688
f 8688 8686 8689
f 8688 8689 8690
f 8690 8689 8691
f 8690 8691 8692
f 8488 5385 8643
f 8643 5385 5386
f 8643 5386 8693
f 8693 5386 5363
f 8693 5363 8694
f 8694 5363 5365
f 8694 5365 8695
f 8695 5365 5366
f 8695 5366 8696
f 8696 5366 5376
f 8696 5376 8697
f 8697 5376 5375
f 8697 5375 8698
f 8698 5375 5370
f 8698 5370 8699
f 8699 5370 5369
f 8699 5369 8700
f 8700 5369 5415
f 8700 5415 8701
f 8701 5415 5414
f 8701 5414 8702
f 8702 5414 5406
f 8702 5406 8703
f 8703 5406 5405
f 8703 5405 8704
f 8704 5405 5431
f 8704 5431 8705
f 8705 5431 5430
f 8705 5430 8706
f 8706 5430 5411
f 8706 5411 8707
f 8707 5411 5410
f 8707 5410 8708
f 8708 5410 5409
f 8708 5409 8709
f 8709 5409 5368
f 8709 5368 8710
f 8496 8645 8646
f 8646 8645 8711
f 8646 8711 8712
f 8712 8711 8713
f 8712 8713 8714
f 8714 8713 8715
f 8714 8715 8716
f 8716 8715 8717
f 8716 8717 8718
f 8718 8717 8719
f 8718 8719 8720
f 8720 8719 8721
f 8720 8721 8722
f 8722 8721 8723
f 8722 8723 8724
f 8724 8723 8725
f 8724 8725 8726
f 8726 8725 8727
f 8726 8727 8728
f 8728 8727 8729
f 8728 8729 8730
f 8730 8729 8731
f 8730 8731 8732
f 8732 8731 8733
f 8732 8733 8734
f 8734 8733 8735
f 8734 8735 8736
f 8736 8735 8737
f 8736 8737 8738
f 8738 8737 8739
f 8738 8739 8740
f 8740 8739 8741
f 8740 8741 8742
f 8742 8741 8743
f 8742 8743 8744
f 8744 8743 8745
f 8744 8745 8746
f 8511 8650 8652
f 8652 8650 8747
f 8652 8747 8654
f 8654 8747 8748
f 8654 8748 8656
f 8656 8748 8749
f 8656 8749 8659
f 8659 8749 8750
f 8659 8750 8661
f 8661 8750 8751
f 8661 8751 8664
f 8664 8751 8752
f 8664 8752 8666
f 8666 8752 8753
f 8666 8753 8668
f 8668 8753 8754
f 8668 8754 8671
f 8671 8754 8755
f 8671 8755 8673
f 8673 8755 8756
f 8673 8756 8675
f 8675 8756 8757
f 8675 8757 8677
f 8677 8757 8758
f 8677 8758 8680
f 8680 8758 8759
f 8680 8759 8682
f 8682 8759 8760
f 8682 8760 8684
f 8684 8760 8761
f 8684 8761 8686
f 8686 8761 8762
f 8686 8762 8689
f 8689 8762 8763
f 8689 8763 8691
f 8691 8763 8764
f 8691 8764 8765
f 5368 5367 8710
f 8710 5367 8478
f 8710 8478 8477
f 8490 8643 8644
f 8644 8643 8693
f 8644 8693 8766
f 8766 8693 8694
f 8766 8694 8767
f 8767 8694 8695
f 8767 8695 8768
f 8768 8695 8696
f 8768 8696 8769
f 8769 8696 8697
f 8769 8697 8770
f 8770 8697 8698
f 8770 8698 8771
f 8771 8698 8699
f 8771 8699 8772
f 8772 8699 8700
f 8772 8700 8773
f 8773 8700 8701
f 8773 8701 8774
f 8774 8701 8702
f 8774 8702 8775
f 8775 8702 8703
f 8775 8703 8776
f 8776 8703 8704
f 8776 8704 8777
f 8777 8704 8705
f 8777 8705 8778
f 8778 8705 8706
f 8778 8706 8779
f 8779 8706 8707
f 8779 8707 8780
f 8780 8707 8708
f 8780 8708 8781
f 8781 8708 8709
f 8781 8709 8782
f 8782 8709 8710
f 8782 8710 8783
f 8783 8710 8477
f 8783 8477 8479
f 8493 8644 8645
f 8645 8644 8766
f 8645 8766 8711
f 8711 8766 8767
f 8711 8767 8713
f 8713 8767 8768
f 8713 8768 8715
f 8715 8768 8769
f 8715 8769 8717
f 8717 8769 8770
f 8717 8770 8719
f 8719 8770 8771
f 8719 8771 8721
f 8721 8771 8772
f 8721 8772 8723
f 8723 8772 8773
f 8723 8773 8725
f 8725 8773 8774
f 8725 8774 8727
f 8727 8774 8775
f 8727 8775 8729
f 8729 8775 8776
f 8729 8776 8731
f 8731 8776 8777
f 8731 8777 8733
f 8733 8777 8778
f 8733 8778 8735
f 8735 8778 8779
f 8735 8779 8737
f 8737 8779 8780
f 8737 8780 8739
f 8739 8780 8781
f 8739 8781 8741
f 8741 8781 8782
f 8741 8782 8743
f 8743 8782 8783
f 8743 8783 8745
f 8745 8783 8479
f 8745 8479 8746
f 8746 8479 8480
f 8746 8480 8481
f 8499 8646 8647
f 8647 8646 8712
f 8647 8712 8784
f 8784 8712 8714
f 8784 8714 8785
f 8785 8714 8716
f 8785 8716 8786
f 8786 8716 8718
f 8786 8718 8787
f 8787 8718 8720
f 8787 8720 8788
f 8788 8720 8722
f 8788 8722 8789
f 8789 8722 8724
f 8789 8724 8790
f 8790 8724 8726
f 8790 8726 8791
f 8791 8726 8728
f 8791 8728 8792
f 8792 8728 8730
f 8792 8730 8793
f 8793 8730 8732
f 8793 8732 8794
f 8794 8732 8734
f 8794 8734 8795
f 8795 8734 8736
f 8795 8736 8796
f 8796 8736 8738
f 8796 8738 8797
f 8797 8738 8740
f 8797 8740 8798
f 8798 8740 8742
f 8798 8742 8799
f 8799 8742 8744
f 8799 8744 8800
f 8800 8744 8746
f 8800 8746 8801
f 8801 8746 8481
f 8801 8481 8482
f 8502 8647 8648
f 8648 8647 8784
f 8648 8784 8802
f 8802 8784 8785
f 8802 8785 8803
f 8803 8785 8786
f 8803 8786 8804
f 8804 8786 8787
f 8804 8787 8805
f 8805 8787 8788
f 8805 8788 8806
f 8806 8788 8789
f 8806 8789 8807
f 8807 8789 8790
f 8807 8790 8808
f 8808 8790 8791
f 8808 8791 8809
f 8809 8791 8792
f 8809 8792 8810
f 8810 8792 8793
f 8810 8793 8811
f 8811 8793 8794
f 8811 8794 8812
f 8812 8794 8795
f 8812 8795 8813
f 8813 8795 8796
f 8813 8796 8814
f 8814 8796 8797
f 8814 8797 8815
f 8815 8797 8798
f 8815 8798 8816
f 8816 8798 8799
f 8816 8799 8817
f 8817 8799 8800
f 8817 8800 8818
f 8818 8800 8801
f 8818 8801 8819
f 8819 8801 8482
f 8819 8482 8483
f 8505 8648 8649
f 8649 8648 8802
f 8649 8802 8820
f 8820 8802 8803
f 8820 8803 8821
f 8821 8803 8804
f 8821 8804 8822
f 8822 8804 8805
f 8822 8805 8823
f 8823 8805 8806
f 8823 8806 8824
f 8824 8806 8807
f 8824 8807 8825
f 8825 8807 8808
f 8825 8808 8826
f 8826 8808 8809
f 8826 8809 8827
f 8827 8809 8810
f 8827 8810 8828
f 8828 8810 8811
f 8828 8811 8829
f 8829 8811 8812
f 8829 8812 8830
f 8830 8812 8813
f 8830 8813 8831
f 8831 8813 8814
f 8831 8814 8832
f 8832 8814 8815
f 8832 8815 8833
f 8833 8815 8816
f 8833 8816 8834
f 8834 8816 8817
f 8834 8817 8835
f 8835 8817 8818
f 8835 8818 8836
f 8836 8818 8819
f 8836 8819 8837
f 8837 8819 8483
f 8837 8483 8484
f 8508 8649 8650
f 8650 8649 8820
f 8650 8820 8747
f 8747 8820 8821
f 8747 8821 8748
f 8748 8821 8822
f 8748 8822 8749
f 8749 8822 8823
f 8749 8823 8750
f 8750 8823 8824
f 8750 8824 8751
f 8751 8824 8825
f 8751 8825 8752
f 8752 8825 8826
f 8752 8826 8753
f 8753 8826 8827
f 8753 8827 8754
f 8754 8827 8828
f 8754 8828 8755
f 8755 8828 8829
f 8755 8829 8756
f 8756 8829 8830
f 8756 8830 8757
f 8757 8830 8831
f 8757 8831 8758
f 8758 8831 8832
f 8758 8832 8759
f 8759 8832 8833
f 8759 8833 8760
f 8760 8833 8834
f 8760 8834 8761
f 8761 8834 8835
f 8761 8835 8762
f 8762 8835 8836
f 8762 8836 8763
f 8763 8836 8837
f 8763 8837 8764
f 8764 8837 8484
f 8764 8484 8765
f 8765 8484 8485
f 8765 8485 8486
f 8692 8691 8838
f 8838 8691 8765
f 8838 8765 8839
f 8839 8765 8486
f 8839 8486 356
f 8840 8841 5381
f 8842 8843 5381
f 8842 5381 8844
f 8845 8844 5381
f 8846 8845 5381
f 8515 8514 8841
f 8841 8514 5381
f 8843 8840 5381
f 8847 8848 8849
f 8850 8851 8852
f 8853 8854 8855
f 8856 8857 8858
f 8848 8859 410
f 8859 8848 8860
f 8860 8848 8847
f 8860 8847 8861
f 8850 8852 8862
f 8863 8864 8865
f 8866 8867 8868
f 8868 8867 8863
f 375 8866 8513
f 8513 8866 8868
f 8513 8868 8512
f 8512 8868 8869
f 8870 8509 8869
f 8869 8509 8510
f 8869 8510 8512
f 8871 8872 8873
f 8874 8506 8870
f 8870 8506 8507
f 8870 8507 8509
f 8875 8872 8876
f 8876 8872 8871
f 8876 8871 8877
f 8878 8856 8879
f 8879 8856 8858
f 8879 8858 8880
f 8880 8858 8881
f 8880 8881 8882
f 8882 8881 8883
f 8882 8883 8884
f 410 8528 8848
f 8848 8528 8527
f 8848 8527 8849
f 8849 8527 8526
f 8849 8526 8525
f 8857 8861 8858
f 8858 8861 8847
f 8858 8847 8881
f 8881 8847 8849
f 8881 8849 8883
f 8883 8849 8525
f 8885 8503 8874
f 8874 8503 8504
f 8874 8504 8506
f 8886 8875 8887
f 8887 8875 8876
f 8887 8876 8888
f 8888 8876 8877
f 8888 8877 8889
f 8890 8500 8885
f 8885 8500 8501
f 8885 8501 8503
f 8891 8886 8892
f 8892 8886 8887
f 8892 8887 8893
f 8893 8887 8888
f 8893 8888 8894
f 8894 8888 8889
f 8894 8889 8895
f 8851 8853 8852
f 8852 8853 8855
f 8852 8855 8896
f 8896 8855 8897
f 8896 8897 8898
f 8898 8897 8899
f 8898 8899 8900
f 8900 8899 8901
f 8900 8901 8902
f 8902 8901 8903
f 8902 8903 8904
f 8525 8524 8883
f 8883 8524 8523
f 8883 8523 8884
f 8884 8523 8522
f 8884 8522 8521
f 8854 8878 8855
f 8855 8878 8879
f 8855 8879 8897
f 8897 8879 8880
f 8897 8880 8899
f 8899 8880 8882
f 8899 8882 8901
f 8901 8882 8884
f 8901 8884 8903
f 8903 8884 8521
f 8905 8497 8890
f 8890 8497 8498
f 8890 8498 8500
f 8906 8891 8907
f 8907 8891 8892
f 8907 8892 8908
f 8908 8892 8893
f 8908 8893 8909
f 8909 8893 8894
f 8909 8894 8910
f 8910 8894 8895
f 8910 8895 8911
f 8912 8494 8905
f 8905 8494 8495
f 8905 8495 8497
f 8913 8906 8914
f 8914 8906 8907
f 8914 8907 8915
f 8915 8907 8908
f 8915 8908 8916
f 8916 8908 8909
f 8916 8909 8917
f 8917 8909 8910
f 8917 8910 8918
f 8918 8910 8911
f 8918 8911 8919
f 8521 8520 8903
f 8903 8520 8519
f 8903 8519 8904
f 8904 8519 8518
f 8904 8518 8517
f 8864 8920 8865
f 8865 8920 8862
f 8865 8862 8873
f 8873 8862 8852
f 8873 8852 8871
f 8871 8852 8896
f 8871 8896 8877
f 8877 8896 8898
f 8877 8898 8889
f 8889 8898 8900
f 8889 8900 8895
f 8895 8900 8902
f 8895 8902 8911
f 8911 8902 8904
f 8911 8904 8919
f 8919 8904 8517
f 8919 8517 8516
f 8921 8491 8912
f 8912 8491 8492
f 8912 8492 8494
f 8516 8515 8919
f 8919 8515 8841
f 8919 8841 8918
f 8918 8841 8840
f 8918 8840 8917
f 8917 8840 8843
f 8917 8843 8916
f 8916 8843 8842
f 8916 8842 8915
f 8915 8842 8844
f 8915 8844 8914
f 8914 8844 8845
f 8914 8845 8913
f 8913 8845 8846
f 5381 8487 8921
f 8921 8487 8489
f 8921 8489 8491
f 8863 8922 8868
f 8868 8922 8923
f 8868 8923 8869
f 8869 8923 8924
f 8869 8924 8870
f 8870 8924 8925
f 8870 8925 8874
f 8874 8925 8926
f 8874 8926 8885
f 8885 8926 8927
f 8885 8927 8890
f 8890 8927 8928
f 8890 8928 8905
f 8905 8928 8929
f 8905 8929 8912
f 8912 8929 8930
f 8912 8930 8921
f 8921 8930 5381
f 8863 8865 8922
f 8922 8865 8873
f 8922 8873 8923
f 8923 8873 8872
f 8923 8872 8924
f 8924 8872 8875
f 8924 8875 8925
f 8925 8875 8886
f 8925 8886 8926
f 8926 8886 8891
f 8926 8891 8927
f 8927 8891 8906
f 8927 8906 8928
f 8928 8906 8913
f 8928 8913 8929
f 8929 8913 8846
f 8929 8846 8930
f 8930 8846 5381
f 8931 8932 8933
f 8934 8935 8936
f 8937 8938 8939
f 8940 8941 8942
f 8943 8944 8945
f 8946 8947 8948
f 8574 8575 8949
f 5279 8950 8951
f 5279 8952 8953
f 418 8954 8955
f 8956 8530 8955
f 8955 8530 8529
f 8955 8529 418
f 8957 8560 8958
f 8958 8560 8565
f 8958 8565 8956
f 8956 8565 8564
f 8956 8564 8530
f 8550 8549 8959
f 8959 8549 8554
f 8959 8554 8960
f 8960 8554 8557
f 8960 8557 8957
f 8957 8557 8556
f 8957 8556 8560
f 8541 8543 8961
f 8961 8543 8542
f 8961 8542 8552
f 8537 8962 8538
f 8538 8962 8589
f 8538 8589 431
f 8573 8963 8572
f 8572 8963 5279
f 8950 5279 8963
f 8964 8965 8966
f 8966 8965 8967
f 8573 8574 8963
f 8963 8574 8949
f 8963 8949 8950
f 8950 8949 8968
f 8950 8968 8951
f 8951 8968 8969
f 8951 8969 8970
f 8947 8964 8948
f 8948 8964 8966
f 8948 8966 8971
f 8575 8576 8949
f 8949 8576 8944
f 8949 8944 8968
f 8968 8944 8943
f 8968 8943 8969
f 8970 5279 8951
f 8941 8946 8942
f 8942 8946 8948
f 8942 8948 8972
f 8972 8948 8971
f 8972 8971 8973
f 8938 8940 8939
f 8939 8940 8942
f 8939 8942 8974
f 8974 8942 8972
f 8974 8972 8975
f 8975 8972 8973
f 8975 8973 8976
f 8977 8978 8979
f 8979 8978 8980
f 8979 8980 8981
f 8981 8980 8982
f 8981 8982 8983
f 8983 8982 8984
f 8983 8984 8985
f 8985 8984 8986
f 8985 8986 8987
f 8576 8577 8944
f 8944 8577 8578
f 8944 8578 8945
f 8945 8578 8579
f 8945 8579 8580
f 8580 8986 8945
f 8945 8986 8984
f 8945 8984 8943
f 8943 8984 8982
f 8943 8982 8969
f 8969 8982 8980
f 8969 8980 8970
f 8970 8980 8978
f 8970 8978 5279
f 8977 5279 8978
f 8935 8937 8936
f 8936 8937 8939
f 8936 8939 8988
f 8988 8939 8974
f 8988 8974 8989
f 8989 8974 8975
f 8989 8975 8990
f 8990 8975 8976
f 8990 8976 8991
f 8932 8934 8933
f 8933 8934 8936
f 8933 8936 8992
f 8992 8936 8988
f 8992 8988 8993
f 8993 8988 8989
f 8993 8989 8994
f 8994 8989 8990
f 8994 8990 8995
f 8995 8990 8991
f 8995 8991 8996
f 8953 8952 8997
f 8997 8952 8998
f 8997 8998 8999
f 8999 8998 9000
f 8999 9000 9001
f 9001 9000 9002
f 9001 9002 9003
f 9003 9002 9004
f 9003 9004 9005
f 9005 9004 9006
f 9005 9006 9007
f 9007 9006 9008
f 9007 9008 9009
f 9010 5279 8953
f 8580 8581 8986
f 8986 8581 8582
f 8986 8582 8987
f 8987 8582 8583
f 8987 8583 8584
f 8584 9008 8987
f 8987 9008 9006
f 8987 9006 8985
f 8985 9006 9004
f 8985 9004 8983
f 8983 9004 9002
f 8983 9002 8981
f 8981 9002 9000
f 8981 9000 8979
f 8979 9000 8998
f 8979 8998 8977
f 8977 8998 8952
f 8977 8952 5279
f 8954 8931 8955
f 8955 8931 8933
f 8955 8933 8956
f 8956 8933 8992
f 8956 8992 8958
f 8958 8992 8993
f 8958 8993 8957
f 8957 8993 8994
f 8957 8994 8960
f 8960 8994 8995
f 8960 8995 8959
f 8959 8995 8996
f 8959 8996 9011
f 8550 8959 8552
f 8552 8959 9011
f 8552 9011 8961
f 8961 9011 9012
f 8961 9012 8541
f 8537 8541 8962
f 8962 8541 9012
f 8962 9012 9013
f 9013 9012 9011
f 9013 9011 9014
f 9014 9011 8996
f 9014 8996 9015
f 9015 8996 8991
f 9015 8991 9016
f 9016 8991 8976
f 9016 8976 9017
f 9017 8976 8973
f 9017 8973 9018
f 9018 8973 8971
f 9018 8971 9019
f 9019 8971 8966
f 9019 8966 9010
f 9010 8966 8967
f 9010 8967 9020
f 8584 8585 9008
f 9008 8585 8586
f 9008 8586 9009
f 9009 8586 8587
f 9009 8587 8588
f 9010 8953 9019
f 9019 8953 8997
f 9019 8997 9018
f 9018 8997 8999
f 9018 8999 9017
f 9017 8999 9001
f 9017 9001 9016
f 9016 9001 9003
f 9016 9003 9015
f 9015 9003 9005
f 9015 9005 9014
f 9014 9005 9007
f 9014 9007 9013
f 9013 9007 9009
f 9013 9009 8962
f 8962 9009 8588
f 8962 8588 8589
f 9020 5279 9010
f 8599 8600 9021
f 8612 9022 9023
f 5323 5325 8622
f 8622 5325 8617
f 8618 9024 8620
f 8620 9024 9025
f 8620 9025 8621
f 8621 9025 8615
f 9022 8612 9025
f 9025 8612 8616
f 9025 8616 8615
f 8610 8609 9023
f 9023 8609 8613
f 9023 8613 8612
f 8600 8604 9026
f 8604 8602 9026
f 9026 8602 8607
f 9026 8607 8606
f 8599 9021 374
f 9021 9027 9028
f 374 9021 353
f 353 9021 9028
f 353 9028 354
f 8600 9026 9021
f 9021 9026 9029
f 9021 9029 9027
f 8610 9023 8606
f 8606 9023 9030
f 8606 9030 9026
f 9026 9030 9031
f 9026 9031 9029
f 5326 9024 5325
f 5325 9024 8618
f 5325 8618 8617
f 5326 9032 9024
f 9024 9032 9033
f 9024 9033 9025
f 9025 9033 9034
f 9025 9034 9022
f 9022 9034 9035
f 9022 9035 9023
f 9023 9035 9036
f 9023 9036 9030
f 9030 9036 9037
f 9030 9037 9031
f 368 370 9038
f 8660 9039 9040
f 9041 9042 9043
f 9044 9045 9046
f 385 9047 386
f 386 9047 9048
f 9048 9047 9049
f 9049 9047 9050
f 9049 9050 9051
f 9051 9050 9052
f 9052 9050 9053
f 9052 9053 9054
f 9054 9053 9055
f 9055 9053 9056
f 9055 9056 9057
f 9057 9056 9058
f 9058 9056 9059
f 9058 9059 9060
f 9060 9059 9061
f 9061 9059 9062
f 9061 9062 9063
f 9063 9062 9064
f 9064 9062 9065
f 9064 9065 9066
f 9066 9065 9067
f 9067 9065 9068
f 9067 9068 9069
f 9045 9070 9046
f 9046 9070 9071
f 9046 9071 9068
f 9068 9071 9072
f 9068 9072 9069
f 9043 9042 9046
f 9046 9042 9073
f 9046 9073 9044
f 9074 9075 9076
f 9076 9075 9077
f 9076 9077 9078
f 9074 9079 9075
f 9075 9079 9080
f 9075 9080 9043
f 9043 9080 9081
f 9043 9081 9041
f 8688 8690 9082
f 9082 8690 8692
f 9082 8692 9083
f 9083 8692 8838
f 9083 8838 8839
f 8688 9082 8687
f 8687 9082 9084
f 8687 9084 8685
f 9085 8681 9084
f 9084 8681 8683
f 9084 8683 8685
f 8676 8678 9085
f 9085 8678 8679
f 9085 8679 8681
f 8676 9085 8674
f 8674 9085 9086
f 8674 9086 8672
f 8672 9086 9087
f 8672 9087 8670
f 8670 9087 8669
f 8669 9087 9088
f 8669 9088 8667
f 9039 8660 9089
f 8660 8662 9089
f 9089 8662 8663
f 9089 8663 9088
f 9088 8663 8665
f 9088 8665 8667
f 8655 8657 9040
f 9040 8657 8658
f 9040 8658 8660
f 9040 9090 8655
f 8655 9090 9091
f 8655 9091 8653
f 377 376 9091
f 9091 376 8651
f 9091 8651 8653
f 358 9083 357
f 357 9083 8839
f 357 8839 356
f 358 360 9092
f 9092 360 362
f 362 364 9093
f 9093 364 366
f 9093 366 368
f 354 9078 355
f 355 9078 9077
f 355 9077 372
f 372 9077 370
f 358 9092 9083
f 9083 9092 9094
f 9083 9094 9082
f 9082 9094 9095
f 9082 9095 9084
f 9084 9095 9096
f 9084 9096 9085
f 9085 9096 9097
f 9085 9097 9086
f 9086 9097 9098
f 9086 9098 9087
f 9087 9098 9099
f 9087 9099 9088
f 9088 9099 9100
f 9088 9100 9089
f 9089 9100 9101
f 9089 9101 9039
f 9039 9101 9102
f 9039 9102 9040
f 9040 9102 9103
f 9040 9103 9090
f 9090 9103 9104
f 9090 9104 9091
f 9091 9104 379
f 9091 379 377
f 362 9093 9092
f 9092 9093 9105
f 9092 9105 9094
f 9094 9105 9106
f 9094 9106 9095
f 9095 9106 9107
f 9095 9107 9096
f 9096 9107 9108
f 9096 9108 9097
f 9097 9108 9109
f 9097 9109 9098
f 9098 9109 9110
f 9098 9110 9099
f 9099 9110 9111
f 9099 9111 9100
f 9100 9111 9112
f 9100 9112 9101
f 9101 9112 9113
f 9101 9113 9102
f 9102 9113 9114
f 9102 9114 9103
f 9103 9114 9115
f 9103 9115 9104
f 9104 9115 381
f 9104 381 379
f 368 9038 9093
f 9093 9038 9116
f 9093 9116 9105
f 9105 9116 9117
f 9105 9117 9106
f 9106 9117 9118
f 9106 9118 9107
f 9107 9118 9119
f 9107 9119 9108
f 9108 9119 9120
f 9108 9120 9109
f 9109 9120 9121
f 9109 9121 9110
f 9110 9121 9122
f 9110 9122 9111
f 9111 9122 9123
f 9111 9123 9112
f 9112 9123 9124
f 9112 9124 9113
f 9113 9124 9125
f 9113 9125 9114
f 9114 9125 9126
f 9114 9126 9115
f 9115 9126 383
f 9115 383 381
f 370 9077 9038
f 9038 9077 9075
f 9038 9075 9116
f 9116 9075 9043
f 9116 9043 9117
f 9117 9043 9046
f 9117 9046 9118
f 9118 9046 9068
f 9118 9068 9119
f 9119 9068 9065
f 9119 9065 9120
f 9120 9065 9062
f 9120 9062 9121
f 9121 9062 9059
f 9121 9059 9122
f 9122 9059 9056
f 9122 9056 9123
f 9123 9056 9053
f 9123 9053 9124
f 9124 9053 9050
f 9124 9050 9125
f 9125 9050 9047
f 9125 9047 9126
f 9126 9047 385
f 9126 385 383
f 8859 8860 9127
f 9128 9129 9130
f 9131 9132 9133
f 9134 9135 9136
f 9137 9138 9134
f 8867 8866 9139
f 9139 8866 375
f 382 9138 380
f 380 9138 9137
f 380 9137 378
f 9140 8863 8867
f 9135 9134 9141
f 9141 9134 9138
f 9141 9138 9142
f 9142 9138 382
f 9142 382 384
f 8920 8864 9143
f 9143 8864 8863
f 8867 9139 9140
f 9140 9139 9144
f 9140 9144 9145
f 9145 9144 9146
f 9145 9146 9147
f 8851 8850 9148
f 9148 8850 8862
f 9148 8862 8920
f 8863 9140 9143
f 9143 9140 9145
f 9143 9145 9149
f 9149 9145 9147
f 9149 9147 9150
f 375 378 9139
f 9139 378 9137
f 9139 9137 9144
f 9144 9137 9134
f 9144 9134 9146
f 9146 9134 9136
f 9146 9136 9147
f 9147 9136 9151
f 9147 9151 9152
f 8854 8853 9153
f 9153 8853 8851
f 9154 8878 8854
f 9152 9155 9147
f 9147 9155 9156
f 9147 9156 9150
f 9150 9156 9157
f 9150 9157 9158
f 8920 9143 9148
f 9148 9143 9149
f 9148 9149 9159
f 9159 9149 9150
f 9159 9150 9131
f 9131 9150 9158
f 9131 9158 9132
f 8857 8856 9160
f 9160 8856 8878
f 8861 8857 9161
f 9161 8857 9160
f 9161 9160 9162
f 8851 9148 9153
f 9153 9148 9159
f 9153 9159 9163
f 9163 9159 9131
f 9163 9131 9164
f 9164 9131 9133
f 9164 9133 9165
f 8854 9153 9154
f 9154 9153 9163
f 9154 9163 9166
f 9166 9163 9164
f 9166 9164 9128
f 9128 9164 9165
f 9128 9165 9129
f 8860 8861 9127
f 9127 8861 9161
f 9127 9161 9167
f 9167 9161 9162
f 9167 9162 9168
f 9168 415 9167
f 9167 415 413
f 9167 413 9127
f 9127 413 411
f 9127 411 8859
f 8859 411 410
f 8878 9154 9160
f 9160 9154 9166
f 9160 9166 9162
f 9162 9166 9128
f 9162 9128 9168
f 9168 9128 9130
f 9168 9130 415
f 415 9130 9169
f 415 9169 417
f 418 417 8954
f 8954 417 9170
f 8954 9170 8931
f 8931 9170 9171
f 8931 9171 8932
f 8932 9171 9172
f 8932 9172 8934
f 8934 9172 9173
f 8934 9173 8935
f 8935 9173 9174
f 8935 9174 8937
f 8937 9174 9175
f 8937 9175 8938
f 8938 9175 9176
f 8938 9176 8940
f 8940 9176 9177
f 8940 9177 8941
f 8941 9177 9178
f 8941 9178 8946
f 8946 9178 9179
f 8946 9179 8947
f 8947 9179 9180
f 8947 9180 8964
f 8964 9180 9181
f 8964 9181 8965
f 8965 9181 9182
f 8965 9182 8967
f 8967 9182 9183
f 8967 9183 9020
f 9020 9183 9184
f 9020 9184 5279
f 5279 9184 5280
f 9060 9061 9185
f 9066 9067 9186
f 9045 9044 9187
f 9080 9079 9188
f 9076 9078 9189
f 9189 9078 354
f 5326 5339 9032
f 9032 5339 9190
f 9032 9190 9033
f 9033 9190 9034
f 9190 9191 9034
f 9034 9191 9192
f 9034 9192 9035
f 9035 9192 9193
f 9035 9193 9036
f 9036 9193 9194
f 9036 9194 9037
f 9037 9194 9195
f 9037 9195 9031
f 9031 9195 9029
f 9195 9196 9029
f 9029 9196 9197
f 9029 9197 9027
f 9027 9197 9189
f 9027 9189 9028
f 9028 9189 354
f 9074 9076 9198
f 9198 9076 9189
f 9198 9189 9199
f 9199 9189 9197
f 9199 9197 9200
f 9200 9197 9196
f 9200 9196 9201
f 9201 9196 9195
f 9201 9195 9202
f 9202 9195 9194
f 9202 9194 9203
f 9203 9194 9193
f 9203 9193 9204
f 9204 9193 9192
f 9204 9192 9205
f 9205 9192 9191
f 9205 9191 9206
f 9206 9191 9190
f 9206 9190 5338
f 5338 9190 5339
f 9079 9074 9188
f 9188 9074 9198
f 9188 9198 9207
f 9207 9198 9199
f 9207 9199 9208
f 9208 9199 9200
f 9208 9200 9209
f 9209 9200 9201
f 9209 9201 9210
f 9210 9201 9202
f 9210 9202 9211
f 9211 9202 9203
f 9211 9203 9212
f 9212 9203 9204
f 9212 9204 9213
f 9213 9204 9205
f 9213 9205 9214
f 9214 9205 9206
f 9214 9206 5335
f 5335 9206 5338
f 9081 9080 9215
f 9215 9080 9188
f 9215 9188 9216
f 9216 9188 9207
f 9216 9207 9217
f 9217 9207 9208
f 9217 9208 9218
f 9218 9208 9209
f 9218 9209 9219
f 9219 9209 9210
f 9219 9210 9220
f 9220 9210 9211
f 9220 9211 9221
f 9221 9211 9212
f 9221 9212 9222
f 9222 9212 9213
f 9222 9213 9223
f 9223 9213 9214
f 9223 9214 5336
f 5336 9214 5335
f 9041 9081 9224
f 9224 9081 9215
f 9224 9215 9225
f 9225 9215 9216
f 9225 9216 9226
f 9226 9216 9217
f 9226 9217 9227
f 9227 9217 9218
f 9227 9218 9228
f 9228 9218 9219
f 9228 9219 9229
f 9229 9219 9220
f 9229 9220 9230
f 9230 9220 9221
f 9230 9221 9231
f 9231 9221 9222
f 9231 9222 9232
f 9232 9222 9223
f 9232 9223 5337
f 5337 9223 5336
f 9042 9041 9233
f 9233 9041 9224
f 9233 9224 9234
f 9234 9224 9225
f 9234 9225 9235
f 9235 9225 9226
f 9235 9226 9236
f 9236 9226 9227
f 9236 9227 9237
f 9237 9227 9228
f 9237 9228 9238
f 9238 9228 9229
f 9238 9229 9239
f 9239 9229 9230
f 9239 9230 9240
f 9240 9230 9231
f 9240 9231 9241
f 9241 9231 9232
f 9241 9232 5350
f 5350 9232 5337
f 9073 9042 9242
f 9242 9042 9233
f 9242 9233 9243
f 9243 9233 9234
f 9243 9234 9244
f 9244 9234 9235
f 9244 9235 9245
f 9245 9235 9236
f 9245 9236 9246
f 9246 9236 9237
f 9246 9237 9247
f 9247 9237 9238
f 9247 9238 9248
f 9248 9238 9239
f 9248 9239 9249
f 9249 9239 9240
f 9249 9240 9250
f 9250 9240 9241
f 9250 9241 5349
f 5349 9241 5350
f 9044 9073 9187
f 9187 9073 9242
f 9187 9242 9251
f 9251 9242 9243
f 9251 9243 9252
f 9252 9243 9244
f 9252 9244 9253
f 9253 9244 9245
f 9253 9245 9254
f 9254 9245 9246
f 9254 9246 9255
f 9255 9246 9247
f 9255 9247 9256
f 9256 9247 9248
f 9256 9248 9257
f 9257 9248 9249
f 9257 9249 9258
f 9258 9249 9250
f 9258 9250 5348
f 5348 9250 5349
f 9070 9045 9259
f 9259 9045 9187
f 9259 9187 9260
f 9260 9187 9251
f 9260 9251 9261
f 9261 9251 9252
f 9261 9252 9262
f 9262 9252 9253
f 9262 9253 9263
f 9263 9253 9254
f 9263 9254 9264
f 9264 9254 9255
f 9264 9255 9265
f 9265 9255 9256
f 9265 9256 9266
f 9266 9256 9257
f 9266 9257 9267
f 9267 9257 9258
f 9267 9258 5362
f 5362 9258 5348
f 9071 9070 9268
f 9268 9070 9259
f 9268 9259 9269
f 9269 9259 9260
f 9269 9260 9270
f 9270 9260 9261
f 9270 9261 9271
f 9271 9261 9262
f 9271 9262 9272
f 9272 9262 9263
f 9272 9263 9273
f 9273 9263 9264
f 9273 9264 9274
f 9274 9264 9265
f 9274 9265 9275
f 9275 9265 9266
f 9275 9266 9276
f 9276 9266 9267
f 9276 9267 5361
f 5361 9267 5362
f 9072 9071 9277
f 9277 9071 9268
f 9277 9268 9278
f 9278 9268 9269
f 9278 9269 9279
f 9279 9269 9270
f 9279 9270 9280
f 9280 9270 9271
f 9280 9271 9281
f 9281 9271 9272
f 9281 9272 9282
f 9282 9272 9273
f 9282 9273 9283
f 9283 9273 9274
f 9283 9274 9284
f 9284 9274 9275
f 9284 9275 9285
f 9285 9275 9276
f 9285 9276 5358
f 5358 9276 5361
f 9069 9072 9286
f 9286 9072 9277
f 9286 9277 9287
f 9287 9277 9278
f 9287 9278 9288
f 9288 9278 9279
f 9288 9279 9289
f 9289 9279 9280
f 9289 9280 9290
f 9290 9280 9281
f 9290 9281 9291
f 9291 9281 9282
f 9291 9282 9292
f 9292 9282 9283
f 9292 9283 9293
f 9293 9283 9284
f 9293 9284 9294
f 9294 9284 9285
f 9294 9285 5357
f 5357 9285 5358
f 9067 9069 9186
f 9186 9069 9286
f 9186 9286 9295
f 9295 9286 9287
f 9295 9287 9296
f 9296 9287 9288
f 9296 9288 9297
f 9297 9288 9289
f 9297 9289 9298
f 9298 9289 9290
f 9298 9290 9299
f 9299 9290 9291
f 9299 9291 9300
f 9300 9291 9292
f 9300 9292 9301
f 9301 9292 9293
f 9301 9293 9302
f 9302 9293 9294
f 9302 9294 5356
f 5356 9294 5357
f 9064 9066 9303
f 9303 9066 9186
f 9303 9186 9304
f 9304 9186 9295
f 9304 9295 9305
f 9305 9295 9296
f 9305 9296 9306
f 9306 9296 9297
f 9306 9297 9307
f 9307 9297 9298
f 9307 9298 9308
f 9308 9298 9299
f 9308 9299 9309
f 9309 9299 9300
f 9309 9300 9310
f 9310 9300 9301
f 9310 9301 9311
f 9311 9301 9302
f 9311 9302 5354
f 5354 9302 5356
f 9063 9064 9312
f 9312 9064 9303
f 9312 9303 9313
f 9313 9303 9304
f 9313 9304 9314
f 9314 9304 9305
f 9314 9305 9315
f 9315 9305 9306
f 9315 9306 9316
f 9316 9306 9307
f 9316 9307 9317
f 9317 9307 9308
f 9317 9308 9318
f 9318 9308 9309
f 9318 9309 9319
f 9319 9309 9310
f 9319 9310 9320
f 9320 9310 9311
f 9320 9311 5333
f 5333 9311 5354
f 9061 9063 9185
f 9185 9063 9312
f 9185 9312 9321
f 9321 9312 9313
f 9321 9313 9322
f 9322 9313 9314
f 9322 9314 9323
f 9323 9314 9315
f 9323 9315 9324
f 9324 9315 9316
f 9324 9316 9325
f 9325 9316 9317
f 9325 9317 9326
f 9326 9317 9318
f 9326 9318 9327
f 9327 9318 9319
f 9327 9319 9328
f 9328 9319 9320
f 9328 9320 5287
f 5287 9320 5333
f 9058 9060 9329
f 9329 9060 9185
f 9329 9185 9330
f 9330 9185 9321
f 9330 9321 9331
f 9331 9321 9322
f 9331 9322 9332
f 9332 9322 9323
f 9332 9323 9333
f 9333 9323 9324
f 9333 9324 9334
f 9334 9324 9325
f 9334 9325 9335
f 9335 9325 9326
f 9335 9326 9336
f 9336 9326 9327
f 9336 9327 9337
f 9337 9327 9328
f 9337 9328 5289
f 5289 9328 5287
f 9057 9058 9338
f 9338 9058 9329
f 9338 9329 9339
f 9339 9329 9330
f 9339 9330 9340
f 9340 9330 9331
f 9340 9331 9341
f 9341 9331 9332
f 9341 9332 9342
f 9342 9332 9333
f 9342 9333 9343
f 9343 9333 9334
f 9343 9334 9344
f 9344 9334 9335
f 9344 9335 9345
f 9345 9335 9336
f 9345 9336 9346
f 9346 9336 9337
f 9346 9337 5291
f 5291 9337 5289
f 5291 5293 9346
f 9346 5293 9347
f 9346 9347 9345
f 9345 9347 9348
f 9345 9348 9344
f 9344 9348 9349
f 9344 9349 9343
f 9343 9349 9350
f 9343 9350 9342
f 9342 9350 9351
f 9342 9351 9341
f 9341 9351 9352
f 9341 9352 9340
f 9340 9352 9353
f 9340 9353 9339
f 9339 9353 9354
f 9339 9354 9338
f 9338 9354 9355
f 9338 9355 9057
f 9052 9054 9355
f 9355 9054 9055
f 9355 9055 9057
f 9356 9357 9358
f 9358 9357 9359
f 9358 9359 9360
f 9360 9359 9361
f 9360 9361 9362
f 9362 9361 9363
f 9362 9363 9364
f 9364 9363 9365
f 9364 9365 9366
f 9366 9365 9367
f 9366 9367 9368
f 9368 9367 9369
f 9368 9369 9370
f 9370 9369 9371
f 9370 9371 9372
f 9372 9371 9373
f 9372 9373 5320
f 5320 9373 5319
f 9374 9356 9375
f 9375 9356 9358
f 9375 9358 9376
f 9376 9358 9360
f 9376 9360 9377
f 9377 9360 9362
f 9377 9362 9378
f 9378 9362 9364
f 9378 9364 9379
f 9379 9364 9366
f 9379 9366 9380
f 9380 9366 9368
f 9380 9368 9381
f 9381 9368 9370
f 9381 9370 9382
f 9382 9370 9372
f 9382 9372 5257
f 5257 9372 5320
f 5293 5319 9347
f 9347 5319 9373
f 9347 9373 9348
f 9348 9373 9371
f 9348 9371 9349
f 9349 9371 9369
f 9349 9369 9350
f 9350 9369 9367
f 9350 9367 9351
f 9351 9367 9365
f 9351 9365 9352
f 9352 9365 9363
f 9352 9363 9353
f 9353 9363 9361
f 9353 9361 9354
f 9354 9361 9359
f 9354 9359 9355
f 9355 9359 9357
f 9355 9357 9052
f 9052 9357 9356
f 9052 9356 9051
f 9051 9356 9374
f 9051 9374 9049
f 9049 9374 9048
f 386 9048 9383
f 9383 9048 9374
f 9383 9374 9384
f 9384 9374 9375
f 9384 9375 9385
f 9385 9375 9376
f 9385 9376 9386
f 9386 9376 9377
f 9386 9377 9387
f 9387 9377 9378
f 9387 9378 9388
f 9388 9378 9379
f 9388 9379 9389
f 9389 9379 9380
f 9389 9380 9390
f 9390 9380 9381
f 9390 9381 9391
f 9391 9381 9382
f 9391 9382 5282
f 5282 9382 5257
f 9392 9393 9394
f 5280 9395 9396
f 9397 9395 5280
f 9184 9397 5280
f 9130 9129 9398
f 9133 9132 9399
f 9136 9135 9400
f 9400 9135 9141
f 9157 9156 9401
f 9401 9156 9155
f 9401 9155 9152
f 9402 9170 9169
f 9169 9170 417
f 5280 9403 9404
f 9404 9403 9405
f 9405 9403 9406
f 9406 9403 9407
f 9406 9407 9408
f 9409 9410 9411
f 9184 9183 9397
f 9397 9183 9393
f 9397 9393 9395
f 9395 9393 9392
f 9395 9392 9396
f 9408 9407 9412
f 9412 9407 9413
f 9412 9413 9414
f 9414 9413 9415
f 9415 9413 9416
f 9415 9416 9417
f 9418 9419 9420
f 9420 9419 9421
f 9420 9421 9422
f 9422 9421 9423
f 9422 9423 9424
f 9424 9423 9425
f 9424 9425 9426
f 9183 9182 9393
f 9393 9182 9181
f 9393 9181 9394
f 9394 9181 9180
f 9394 9180 9179
f 9179 9425 9394
f 9394 9425 9423
f 9394 9423 9392
f 9392 9423 9421
f 9392 9421 9396
f 9396 9421 9419
f 9396 9419 5280
f 9418 5280 9419
f 9417 9416 9427
f 9427 9416 9428
f 9427 9428 9429
f 9429 9428 9430
f 9430 9428 9431
f 9430 9431 9432
f 9411 9433 9409
f 9409 9433 9434
f 9409 9434 9435
f 9435 9434 9436
f 9435 9436 9437
f 9437 9436 9438
f 9437 9438 9439
f 9439 9438 9440
f 9439 9440 9441
f 9441 9440 9442
f 9441 9442 9443
f 9179 9178 9425
f 9425 9178 9177
f 9425 9177 9426
f 9426 9177 9176
f 9426 9176 9175
f 9175 9442 9426
f 9426 9442 9440
f 9426 9440 9424
f 9424 9440 9438
f 9424 9438 9422
f 9422 9438 9436
f 9422 9436 9420
f 9420 9436 9434
f 9420 9434 9418
f 9418 9434 9433
f 9418 9433 5280
f 9411 5280 9433
f 9432 9431 9444
f 9444 9431 9445
f 9444 9445 9446
f 9446 9445 9447
f 9447 9445 9448
f 9447 9448 9449
f 9450 9401 9451
f 9451 9401 9152
f 9451 9152 9452
f 9452 9152 9151
f 9452 9151 9136
f 9158 9157 9453
f 9453 9157 9401
f 9453 9401 9454
f 9454 9401 9450
f 9454 9450 9455
f 9132 9158 9399
f 9399 9158 9453
f 9399 9453 9456
f 9456 9453 9454
f 9456 9454 9457
f 9457 9454 9455
f 9457 9455 9458
f 9165 9133 9459
f 9459 9133 9399
f 9459 9399 9460
f 9460 9399 9456
f 9460 9456 9461
f 9461 9456 9457
f 9461 9457 9462
f 9462 9457 9458
f 9462 9458 9463
f 9129 9165 9398
f 9398 9165 9459
f 9398 9459 9464
f 9464 9459 9460
f 9464 9460 9465
f 9465 9460 9461
f 9465 9461 9466
f 9466 9461 9462
f 9466 9462 9467
f 9467 9462 9463
f 9467 9463 9468
f 9169 9130 9402
f 9402 9130 9398
f 9402 9398 9469
f 9469 9398 9464
f 9469 9464 9470
f 9470 9464 9465
f 9470 9465 9471
f 9471 9465 9466
f 9471 9466 9472
f 9472 9466 9467
f 9472 9467 9473
f 9473 9467 9468
f 9473 9468 9410
f 9175 9174 9442
f 9442 9174 9173
f 9442 9173 9443
f 9443 9173 9172
f 9443 9172 9171
f 9410 9409 9473
f 9473 9409 9435
f 9473 9435 9472
f 9472 9435 9437
f 9472 9437 9471
f 9471 9437 9439
f 9471 9439 9470
f 9470 9439 9441
f 9470 9441 9469
f 9469 9441 9443
f 9469 9443 9402
f 9402 9443 9171
f 9402 9171 9170
f 9449 9448 9474
f 9474 9448 9475
f 9474 9475 9476
f 9476 9475 9142
f 9476 9142 384
f 5280 9477 9403
f 9403 9477 9478
f 9403 9478 9407
f 9407 9478 9479
f 9407 9479 9413
f 9413 9479 9480
f 9413 9480 9416
f 9416 9480 9481
f 9416 9481 9428
f 9428 9481 9482
f 9428 9482 9431
f 9431 9482 9483
f 9431 9483 9445
f 9445 9483 9484
f 9445 9484 9448
f 9448 9484 9400
f 9448 9400 9475
f 9475 9400 9141
f 9475 9141 9142
f 9136 9400 9452
f 9452 9400 9484
f 9452 9484 9451
f 9451 9484 9483
f 9451 9483 9450
f 9450 9483 9482
f 9450 9482 9455
f 9455 9482 9481
f 9455 9481 9458
f 9458 9481 9480
f 9458 9480 9463
f 9463 9480 9479
f 9463 9479 9468
f 9468 9479 9478
f 9468 9478 9410
f 9410 9478 9477
f 9410 9477 9411
f 9411 9477 5280
f 9390 9391 9404
f 9404 9391 5282
f 9404 5282 5280
f 9404 9405 9390
f 9390 9405 9406
f 9390 9406 9389
f 9406 9408 9389
f 9389 9408 9412
f 9389 9412 9388
f 9412 9414 9388
f 9388 9414 9415
f 9388 9415 9387
f 9415 9417 9387
f 9387 9417 9427
f 9387 9427 9386
f 9427 9429 9386
f 9386 9429 9430
f 9386 9430 9385
f 9430 9432 9385
f 9385 9432 9444
f 9385 9444 9384
f 9444 9446 9384
f 9384 9446 9447
f 9384 9447 9383
f 9447 9449 9383
f 9383 9449 9474
f 9383 9474 386
f 386 9474 9476
f 386 9476 384

