# https://github.com/mikedh/trimesh
v 20.48528290 0.00000000 3.51471925
v 4.69486284 0.00000000 21.52024078
v 19.30513763 0.00000000 2.47975993
v 3.51471925 0.00000000 20.48528290
v 2.47975993 0.00000000 19.30513763
v 1.60769558 0.00000000 18.00000000
v 0.91344583 0.00000000 16.59220123
v 8.89417171 0.00000000 23.59111023
v 7.40779877 0.00000000 23.08655548
v 23.59111023 0.00000000 15.10582829
v 0.40888971 0.00000000 15.10582829
v 0.10266155 0.00000000 13.56631470
v 0.00000000 0.00000000 12.00000000
v 0.10266155 0.00000000 10.43368626
v 0.40888971 0.00000000 8.89417171
v 0.91344583 0.00000000 7.40779877
v 21.52024078 0.00000000 4.69486284
v 22.39230537 0.00000000 6.00000000
v 23.08655548 0.00000000 7.40779877
v 23.59111023 0.00000000 8.89417171
v 23.89733887 0.00000000 10.43368626
v 24.00000000 0.00000000 12.00000000
v 23.08655548 0.00000000 16.59220123
v 22.39230537 0.00000000 18.00000000
v 12.00000000 0.00000000 24.00000000
v 21.52024078 0.00000000 19.30513763
v 23.89733887 0.00000000 13.56631470
v 6.00000000 0.00000000 22.39230537
v 1.60769558 0.00000000 6.00000000
v 2.47975993 0.00000000 4.69486284
v 3.51471925 0.00000000 3.51471925
v 4.69486284 0.00000000 2.47975993
v 6.00000000 0.00000000 1.60769558
v 7.40779877 0.00000000 0.91344583
v 10.43368626 0.00000000 23.89733887
v 12.00000000 0.00000000 0.00000000
v 13.56631470 0.00000000 0.10266155
v 10.43368626 0.00000000 0.10266155
v 15.10582829 0.00000000 0.40888971
v 16.59220123 0.00000000 0.91344583
v 8.89417171 0.00000000 0.40888971
v 18.00000000 0.00000000 1.60769558
v 20.48528290 0.00000000 20.48528290
v 19.30513763 0.00000000 21.52024078
v 18.00000000 0.00000000 22.39230537
v 16.59220123 0.00000000 23.08655548
v 15.10582829 0.00000000 23.59111023
v 13.56631470 0.00000000 23.89733887
v 13.56631470 3.00000000 0.10266155
v 12.00000000 3.00000000 0.00000000
v 10.43368626 3.00000000 0.10266155
v 8.89417171 3.00000000 0.40888971
v 7.40779877 3.00000000 0.91344583
v 6.00000000 3.00000000 1.60769558
v 4.69486284 3.00000000 2.47975993
v 3.51471925 3.00000000 3.51471925
v 2.47975993 3.00000000 4.69486284
v 1.60769558 3.00000000 6.00000000
v 0.91344583 3.00000000 7.40779877
v 0.40888971 3.00000000 8.89417171
v 0.10266155 3.00000000 10.43368626
v 0.00000000 3.00000000 12.00000000
v 0.10266155 3.00000000 13.56631470
v 0.40888971 3.00000000 15.10582829
v 0.91344583 3.00000000 16.59220123
v 1.60769558 3.00000000 18.00000000
v 2.47975993 3.00000000 19.30513763
v 3.51471925 3.00000000 20.48528290
v 4.69486284 3.00000000 21.52024078
v 6.00000000 3.00000000 22.39230537
v 7.40779877 3.00000000 23.08655548
v 8.89417171 3.00000000 23.59111023
v 10.43368626 3.00000000 23.89733887
v 12.00000000 3.00000000 24.00000000
v 13.56631470 3.00000000 23.89733887
v 15.10582829 3.00000000 23.59111023
v 16.59220123 3.00000000 23.08655548
v 18.00000000 3.00000000 22.39230537
v 19.30513763 3.00000000 21.52024078
v 20.48528290 3.00000000 20.48528290
v 21.52024078 3.00000000 19.30513763
v 22.39230537 3.00000000 18.00000000
v 23.08655548 3.00000000 16.59220123
v 23.59111023 3.00000000 15.10582829
v 23.89733887 3.00000000 13.56631470
v 24.00000000 3.00000000 12.00000000
v 23.89733887 3.00000000 10.43368626
v 23.59111023 3.00000000 8.89417171
v 23.08655548 3.00000000 7.40779877
v 22.39230537 3.00000000 6.00000000
v 21.52024078 3.00000000 4.69486284
v 20.48528290 3.00000000 3.51471925
v 19.30513763 3.00000000 2.47975993
v 18.00000000 3.00000000 1.60769558
v 16.59220123 3.00000000 0.91344583
v 15.10582829 3.00000000 0.40888971
v 18.62898064 4.00000000 3.22181082
v 18.69408417 4.00000000 3.27587223
v 22.58008385 4.00000000 8.98970699
v 22.61883736 4.00000000 9.15448380
v 20.77819061 4.00000000 18.62898064
v 20.72412872 4.00000000 18.69408417
v 15.01029396 4.00000000 22.58008385
v 14.84551620 4.00000000 22.61883736
v 5.37101936 4.00000000 20.77819061
v 5.30591536 4.00000000 20.72412872
v 1.41991770 4.00000000 15.01029396
v 1.38116348 4.00000000 14.84551620
v 3.22181082 4.00000000 5.37101936
v 3.27587223 4.00000000 5.30591536
v 9.97875500 4.00000000 1.18729568
v 9.15448380 4.00000000 1.38116348
v 8.98970699 4.00000000 1.41991770
v 8.02634144 4.00000000 1.74280536
v 7.79403782 4.00000000 1.84537745
v 7.09687805 4.00000000 2.15320373
v 6.50507689 4.00000000 2.48283529
v 5.30591536 4.00000000 3.27587223
v 5.37101936 4.00000000 3.22181082
v 6.20924616 4.00000000 2.64761138
v 4.58934832 4.00000000 3.87090158
v 4.23012495 4.00000000 4.23012495
v 3.87090158 4.00000000 4.58934832
v 2.64761138 4.00000000 6.20924616
v 2.48283529 4.00000000 6.50507689
v 1.41991770 4.00000000 8.98970699
v 1.74280536 4.00000000 8.02634144
v 1.84537745 4.00000000 7.79403782
v 2.15320373 4.00000000 7.09687805
v 1.04692388 4.00000000 10.98504829
v 1.10540819 4.00000000 10.56578827
v 1.18729568 4.00000000 9.97875500
v 1.38116348 4.00000000 9.15448380
v 1.00000012 4.00000000 12.00000000
v 1.04692388 4.00000000 13.01495171
v 1.10540819 4.00000000 13.43421173
v 1.18729568 4.00000000 14.02124500
v 1.74280536 4.00000000 15.97365761
v 1.84537745 4.00000000 16.20596313
v 2.15320373 4.00000000 16.90312195
v 2.48283529 4.00000000 17.49492455
v 3.27587223 4.00000000 18.69408417
v 3.22181082 4.00000000 18.62898064
v 2.64761138 4.00000000 17.79075432
v 3.87090158 4.00000000 19.41065025
v 4.23012495 4.00000000 19.76987457
v 4.58934832 4.00000000 20.12909889
v 6.20924616 4.00000000 21.35238838
v 6.50507689 4.00000000 21.51716423
v 8.98970699 4.00000000 22.58008385
v 8.02634144 4.00000000 22.25719452
v 7.79403782 4.00000000 22.15462112
v 7.09687805 4.00000000 21.84679794
v 10.98504829 4.00000000 22.95307541
v 10.56578827 4.00000000 22.89459038
v 9.97875500 4.00000000 22.81270599
v 9.15448380 4.00000000 22.61883736
v 12.00000000 4.00000000 23.00000000
v 13.01495171 4.00000000 22.95307541
v 13.43421173 4.00000000 22.89459038
v 14.02124500 4.00000000 22.81270599
v 15.97365761 4.00000000 22.25719452
v 16.20596313 4.00000000 22.15462112
v 16.90312195 4.00000000 21.84679794
v 17.49492455 4.00000000 21.51716423
v 18.69408417 4.00000000 20.72412872
v 18.62898064 4.00000000 20.77819061
v 17.79075432 4.00000000 21.35238838
v 19.41065025 4.00000000 20.12909889
v 19.76987457 4.00000000 19.76987457
v 20.12909889 4.00000000 19.41065025
v 21.35238838 4.00000000 17.79075432
v 21.51716423 4.00000000 17.49492455
v 22.58008385 4.00000000 15.01029396
v 22.25719452 4.00000000 15.97365761
v 22.15462112 4.00000000 16.20596313
v 21.84679794 4.00000000 16.90312195
v 22.95307541 4.00000000 13.01495171
v 22.89459038 4.00000000 13.43421173
v 22.81270599 4.00000000 14.02124500
v 22.61883736 4.00000000 14.84551620
v 23.00000000 4.00000000 12.00000000
v 22.95307541 4.00000000 10.98504829
v 22.89459038 4.00000000 10.56578827
v 22.81270599 4.00000000 9.97875500
v 22.25719452 4.00000000 8.02634144
v 22.15462112 4.00000000 7.79403782
v 21.84679794 4.00000000 7.09687805
v 21.51716423 4.00000000 6.50507689
v 20.72412872 4.00000000 5.30591536
v 20.77819061 4.00000000 5.37101936
v 21.35238838 4.00000000 6.20924616
v 20.12909889 4.00000000 4.58934832
v 19.76987457 4.00000000 4.23012495
v 19.41065025 4.00000000 3.87090158
v 17.79075432 4.00000000 2.64761138
v 17.49492455 4.00000000 2.48283529
v 14.84551620 4.00000000 1.38116348
v 15.01029396 4.00000000 1.41991770
v 15.97365761 4.00000000 1.74280536
v 16.20596313 4.00000000 1.84537745
v 16.90312195 4.00000000 2.15320373
v 14.02124500 4.00000000 1.18729568
v 13.43421173 4.00000000 1.10540819
v 10.56578827 4.00000000 1.10540819
v 10.98504829 4.00000000 1.04692388
v 12.00000000 4.00000000 1.00000012
v 13.01495171 4.00000000 1.04692388
v 15.71890926 11.14065742 3.80428696
v 16.00638008 11.14065742 3.95366454
v 16.28197289 10.86766529 3.40063787
v 16.56899261 11.14065742 4.24601316
v 16.73327827 11.14065742 4.35499668
v 17.05715561 10.86766529 3.83241200
v 17.36730766 11.14065742 4.77559519
v 17.42149353 11.14065742 4.82052040
v 17.78919411 10.86766529 4.33386850
v 19.87286568 11.14065742 7.63904190
v 20.04535484 11.14065742 7.99375963
v 20.59936142 10.86766529 7.71802664
v 20.29180908 11.14065742 8.50058270
v 20.38258743 11.14065742 8.75230980
v 20.95776939 10.86766529 8.52974129
v 20.61680031 11.14065742 9.40177250
v 20.65021515 11.14065742 9.53855133
v 21.23975372 10.86766529 9.37106323
v 20.84415817 11.14065742 10.33240223
v 20.84602356 11.14065742 10.34635353
v 21.44290543 10.86766529 10.23481464
v 20.74286842 11.14065742 14.13593960
v 20.64527512 11.14065742 14.45960331
v 21.23975372 10.86766529 14.62893677
v 20.46630096 11.14065742 15.05315018
v 20.38416862 11.14065742 15.24776363
v 20.95776939 10.86766529 15.47025871
v 20.09380913 11.14065742 15.93576527
v 20.05287933 11.14065742 16.00965691
v 20.59936142 10.86766529 16.28197289
v 17.74419785 11.14065742 18.92850494
v 17.41626930 11.14065742 19.17213821
v 17.78919411 10.86766529 19.66613197
v 16.97520256 11.14065742 19.49982452
v 16.73251152 11.14065742 19.64282799
v 17.05715561 10.86766529 20.16758919
v 16.14983177 11.14065742 19.98616791
v 16.00878716 11.14065742 20.05016899
v 16.28197289 10.86766529 20.59936142
v 15.27744484 11.14065742 20.38202477
v 15.25071812 11.14065742 20.39086914
v 15.47025871 10.86766529 20.95776939
v 11.52100086 11.14065742 20.98724365
v 11.17084503 11.14065742 20.94981384
v 11.11362648 10.86766529 21.56549263
v 10.56842899 11.14065742 20.88541603
v 10.34819508 11.14065742 20.83778572
v 10.23481464 10.86766529 21.44290543
v 9.63207722 11.14065742 20.68291283
v 9.53851223 11.14065742 20.65195847
v 9.37106323 10.86766529 21.23975372
v 5.55188942 11.14065742 18.27868462
v 5.35711575 11.14065742 18.05608940
v 4.90073061 10.86766529 18.47183800
v 4.92103624 11.14065742 17.55772209
v 4.82391262 11.14065742 17.41945076
v 4.33386850 10.86766529 17.78919411
v 4.37039042 11.14065742 16.77378845
v 4.34992790 11.14065742 16.73684692
v 3.83241200 10.86766529 17.05715561
v 3.07962489 11.14065742 13.19452953
v 3.05040359 11.14065742 12.82945347
v 2.43450618 10.86766529 12.88637352
v 3.00318933 11.14065742 12.23958492
v 3.00956321 11.14065742 12.00025463
v 2.39352703 10.86766529 12.00000000
v 3.02869177 11.14065742 11.28192520
v 3.04364133 11.14065742 11.17028809
v 2.43450618 10.86766529 11.11362648
v 4.63527536 11.14065742 6.82691336
v 4.82662821 11.14065742 6.58318424
v 4.33386850 10.86766529 6.21080637
v 5.22686291 11.14065742 6.07339764
v 5.35457230 11.14065742 5.94224262
v 4.90073061 10.86766529 5.52816105
v 5.89519358 11.14065742 5.38703299
v 5.93854189 11.14065742 5.35109425
v 5.52816105 10.86766529 4.90073061
v 9.17330933 11.14065742 3.45542192
v 9.54024696 11.14065742 3.35535407
v 9.37106323 10.86766529 2.76024723
v 10.09755707 11.14065742 3.20336962
v 10.34783363 11.14065742 3.16304612
v 10.23481464 10.86766529 2.55709505
v 11.04335880 11.14065742 3.05098677
v 11.16989613 11.14065742 3.04424286
v 11.11362648 10.86766529 2.43450618
v 12.00000000 4.54829359 0.62355769
v 13.04968548 4.54829359 0.67208707
v 14.09041595 4.54829359 0.81726348
v 16.10964584 4.54829359 1.39178336
v 18.85583878 4.54829359 2.92140341
v 21.67244720 4.54829359 6.01107502
v 22.94215584 4.54829359 8.88668919
v 23.37644196 4.54829359 12.00000000
v 23.32791328 4.54829359 13.04968548
v 23.18273735 4.54829359 14.09041595
v 22.60821724 4.54829359 16.10964584
v 21.07859802 4.54829359 18.85583878
v 19.66425896 4.54829359 20.40729332
v 17.98892593 4.54829359 21.67244720
v 15.11331081 4.54829359 22.94215584
v 12.00000000 4.54829359 23.37644196
v 10.95031452 4.54829359 23.32791328
v 9.90958405 4.54829359 23.18273735
v 7.89035463 4.54829359 22.60821724
v 5.14416170 4.54829359 21.07859802
v 3.59270716 4.54829359 19.66425896
v 2.32755399 4.54829359 17.98892593
v 1.05784559 4.54829359 15.11331081
v 0.62355769 4.54829359 12.00000000
v 0.67208707 4.54829359 10.95031452
v 0.81726348 4.54829359 9.90958405
v 1.39178336 4.54829359 7.89035463
v 2.92140341 4.54829359 5.14416170
v 4.33574009 4.54829359 3.59270716
v 6.01107502 4.54829359 2.32755399
v 8.88668919 4.54829359 1.05784559
v 10.95031452 4.54829359 0.67208707
v 9.90958405 4.54829359 0.81726348
v 7.89035463 4.54829359 1.39178336
v 6.92908335 4.54829359 1.81622612
v 5.14416170 4.54829359 2.92140341
v 3.59270716 4.54829359 4.33574009
v 2.32755399 4.54829359 6.01107502
v 1.81622612 4.54829359 6.92908335
v 1.05784559 4.54829359 8.88668919
v 0.67208707 4.54829359 13.04968548
v 0.81726348 4.54829359 14.09041595
v 1.39178336 4.54829359 16.10964584
v 1.81622612 4.54829359 17.07091713
v 2.92140341 4.54829359 18.85583878
v 4.33574009 4.54829359 20.40729332
v 6.01107502 4.54829359 21.67244720
v 6.92908335 4.54829359 22.18377495
v 8.88668919 4.54829359 22.94215584
v 13.04968548 4.54829359 23.32791328
v 14.09041595 4.54829359 23.18273735
v 16.10964584 4.54829359 22.60821724
v 17.07091713 4.54829359 22.18377495
v 18.85583878 4.54829359 21.07859802
v 20.40729332 4.54829359 19.66425896
v 21.67244720 4.54829359 17.98892593
v 22.18377495 4.54829359 17.07091713
v 22.94215584 4.54829359 15.11331081
v 23.32791328 4.54829359 10.95031452
v 23.18273735 4.54829359 9.90958405
v 22.60821724 4.54829359 7.89035463
v 22.18377495 4.54829359 6.92908335
v 21.07859802 4.54829359 5.14416170
v 20.40729332 4.54829359 4.33574009
v 19.66425896 4.54829359 3.59270716
v 17.98892593 4.54829359 2.32755399
v 17.07091713 4.54829359 1.81622612
v 15.11331081 4.54829359 1.05784559
v 10.92329884 5.14545870 0.38054121
v 12.00000000 5.14545870 0.33076200
v 10.90457344 5.77882338 0.17847028
v 12.00000000 5.77882338 0.12782496
v 10.89453793 6.43495131 0.07016212
v 12.00000000 6.43495131 0.01905393
v 10.89340305 7.09992027 0.05791616
v 12.00000000 7.09992027 0.00675488
v 10.90119362 7.75962114 0.14199130
v 12.00000000 7.75962114 0.09119045
v 10.91774464 8.40005779 0.32060313
v 12.00000000 8.40005779 0.27056783
v 10.94270515 9.00764084 0.58996308
v 12.00000000 9.00764084 0.54108167
v 10.97554302 9.56947899 0.94435549
v 12.00000000 9.56947899 0.89699215
v 11.01556587 10.07365227 1.37626100
v 12.00000000 10.07365227 1.33074820
v 11.06192112 10.50946426 1.87651622
v 12.00000000 10.50946426 1.83314550
v 12.00000000 10.86766529 2.39352703
v 12.00000000 11.14065742 3.00000048
v 9.85578346 5.14545870 0.52945316
v 9.81849384 5.77882338 0.32997131
v 9.79850674 6.43495131 0.22305176
v 9.79624653 7.09992027 0.21096319
v 9.81176186 7.75962114 0.29396081
v 9.84472179 8.40005779 0.47028345
v 9.89442921 9.00764084 0.73619092
v 9.95982838 9.56947899 1.08604228
v 10.03953075 10.07365227 1.51241195
v 10.13184547 10.50946426 2.00625610
v 8.80656147 5.14545870 0.77622759
v 8.75102520 5.77882338 0.58103818
v 8.72125816 6.43495131 0.47641900
v 8.71789265 7.09992027 0.46458933
v 8.74100018 7.75962114 0.54580158
v 8.79008865 8.40005779 0.71833098
v 8.86411762 9.00764084 0.97851825
v 8.96151733 9.56947899 1.32084262
v 9.08022118 10.07365227 1.73803973
v 9.21770859 10.50946426 2.22125936
v 7.78458500 5.14545870 1.11875963
v 7.71127605 5.77882338 0.92952698
v 7.67198277 6.43495131 0.82810038
v 7.66754007 7.09992027 0.81663203
v 7.69804192 7.75962114 0.89536607
v 7.76284027 8.40005779 1.06262970
v 7.86056185 9.00764084 1.31487656
v 7.98913097 9.56947899 1.64675343
v 8.14582253 10.07365227 2.05121851
v 8.32730865 10.50946426 2.51969147
v 8.52974129 10.86766529 3.04223037
v 8.75345421 11.14065742 3.61958885
v 7.71802664 10.86766529 3.40063787
v 7.99362087 11.14065742 3.95366454
v 8.28109074 11.14065742 3.80428696
v 6.79857302 5.14545870 1.55412591
v 6.70811605 5.77882338 1.37246490
v 6.65963316 6.43495131 1.27509701
v 6.65415096 7.09992027 1.26408792
v 6.69178677 7.75962114 1.33967030
v 6.77174234 8.40005779 1.50024235
v 6.89232063 9.00764084 1.74239647
v 7.05096340 9.56947899 2.06099463
v 7.24430513 10.07365227 2.44927692
v 7.46824312 10.50946426 2.89900517
v 6.94284344 10.86766529 3.83241200
v 7.26672173 11.14065742 4.35499668
v 7.43100786 11.14065742 4.24601316
v 5.85693789 5.14545870 2.07861423
v 5.75010538 5.77882338 1.90607369
v 5.69284487 6.43495131 1.81359422
v 5.68637037 7.09992027 1.80313730
v 5.73081923 7.75962114 1.87492561
v 5.82524967 8.40005779 2.02743530
v 5.96765661 9.00764084 2.25743103
v 6.15501976 9.56947899 2.56003261
v 6.38336277 10.07365227 2.92881942
v 6.64784098 10.50946426 3.35596681
v 6.21080637 10.86766529 4.33386850
v 6.57850647 11.14065742 4.82052040
v 6.63269424 11.14065742 4.77559519
v 4.96771288 5.14545870 2.68774676
v 4.84541607 5.77882338 2.52579999
v 4.77986670 6.43495131 2.43899870
v 4.77245522 7.09992027 2.42918348
v 4.82333851 7.75962114 2.49656487
v 4.93143797 8.40005779 2.63971090
v 5.09445858 9.00764084 2.85558581
v 5.30894279 9.56947899 3.13960862
v 5.57033920 10.07365227 3.48575330
v 5.87310171 10.50946426 3.88667536
v 4.13848543 5.14545870 3.37632942
v 4.00176716 5.77882338 3.22635746
v 3.92848897 6.43495131 3.14597416
v 3.92020297 7.09992027 3.13688540
v 3.97708631 7.75962114 3.19928312
v 4.09793282 8.40005779 3.33184481
v 4.28017664 9.00764084 3.53175688
v 4.51995182 9.56947899 3.79477811
v 4.81217098 10.07365227 4.11532736
v 5.15063477 10.50946426 4.48660421
v 3.37632942 5.14545870 4.13848543
v 3.22635746 5.77882338 4.00176716
v 3.14597416 6.43495131 3.92848897
v 3.13688540 7.09992027 3.92020297
v 3.19928312 7.75962114 3.97708631
v 3.33184481 8.40005779 4.09793282
v 3.53175688 9.00764084 4.28017664
v 3.79477811 9.56947899 4.51995182
v 4.11532736 10.07365227 4.81217098
v 4.48660421 10.50946426 5.15063477
v 2.68774676 5.14545870 4.96771288
v 2.52579999 5.77882338 4.84541607
v 2.43899870 6.43495131 4.77986670
v 2.42918348 7.09992027 4.77245522
v 2.49656487 7.75962114 4.82333851
v 2.63971090 8.40005779 4.93143797
v 2.85558581 9.00764084 5.09445858
v 3.13960862 9.56947899 5.30894279
v 3.48575330 10.07365227 5.57033920
v 3.88667536 10.50946426 5.87310171
v 2.07861423 5.14545870 5.85693789
v 1.90607369 5.77882338 5.75010538
v 1.81359422 6.43495131 5.69284487
v 1.80313730 7.09992027 5.68637037
v 1.87492561 7.75962114 5.73081923
v 2.02743530 8.40005779 5.82524967
v 2.25743103 9.00764084 5.96765661
v 2.56003261 9.56947899 6.15501976
v 2.92881942 10.07365227 6.38336277
v 3.35596681 10.50946426 6.64784098
v 3.83241200 10.86766529 6.94284344
v 4.35877514 11.14065742 7.26882362
v 3.40063787 10.86766529 7.71802664
v 3.95464420 11.14065742 7.99375963
v 4.12713289 11.14065742 7.63904190
v 1.55412591 5.14545870 6.79857302
v 1.37246490 5.77882338 6.70811605
v 1.27509701 6.43495131 6.65963316
v 1.26408792 7.09992027 6.65415096
v 1.33967030 7.75962114 6.69178677
v 1.50024235 8.40005779 6.77174234
v 1.74239647 9.00764084 6.89232063
v 2.06099463 9.56947899 7.05096340
v 2.44927692 10.07365227 7.24430513
v 2.89900517 10.50946426 7.46824312
v 3.04223037 10.86766529 8.52974129
v 3.61741328 11.14065742 8.75230980
v 3.70819211 11.14065742 8.50058270
v 1.11875963 5.14545870 7.78458500
v 0.92952698 5.77882338 7.71127605
v 0.82810038 6.43495131 7.67198277
v 0.81663203 7.09992027 7.66754007
v 0.89536607 7.75962114 7.69804192
v 1.06262970 8.40005779 7.76284027
v 1.31487656 9.00764084 7.86056185
v 1.64675343 9.56947899 7.98913097
v 2.05121851 10.07365227 8.14582253
v 2.51969147 10.50946426 8.32730865
v 2.76024723 10.86766529 9.37106323
v 3.34978580 11.14065742 9.53855133
v 3.38320160 11.14065742 9.40177250
v 0.77622759 5.14545870 8.80656147
v 0.58103818 5.77882338 8.75102520
v 0.47641900 6.43495131 8.72125816
v 0.46458933 7.09992027 8.71789265
v 0.54580158 7.75962114 8.74100018
v 0.71833098 8.40005779 8.79008865
v 0.97851825 9.00764084 8.86411762
v 1.32084262 9.56947899 8.96151733
v 1.73803973 10.07365227 9.08022118
v 2.22125936 10.50946426 9.21770859
v 2.55709505 10.86766529 10.23481464
v 3.15397501 11.14065742 10.34635353
v 3.15584326 11.14065742 10.33240223
v 0.52945316 5.14545870 9.85578346
v 0.32997131 5.77882338 9.81849384
v 0.22305176 6.43495131 9.79850674
v 0.21096319 7.09992027 9.79624653
v 0.29396081 7.75962114 9.81176186
v 0.47028345 8.40005779 9.84472179
v 0.73619092 9.00764084 9.89442921
v 1.08604228 9.56947899 9.95982838
v 1.51241195 10.07365227 10.03953075
v 2.00625610 10.50946426 10.13184547
v 0.38054121 5.14545870 10.92329884
v 0.17847028 5.77882338 10.90457344
v 0.07016212 6.43495131 10.89453793
v 0.05791616 7.09992027 10.89340305
v 0.14199130 7.75962114 10.90119362
v 0.32060313 8.40005779 10.91774464
v 0.58996308 9.00764084 10.94270515
v 0.94435549 9.56947899 10.97554302
v 1.37626100 10.07365227 11.01556587
v 1.87651622 10.50946426 11.06192112
v 0.33076200 5.14545870 12.00000000
v 0.12782496 5.77882338 12.00000000
v 0.01905393 6.43495131 12.00000000
v 0.00675488 7.09992027 12.00000000
v 0.09119045 7.75962114 12.00000000
v 0.27056783 8.40005779 12.00000000
v 0.54108167 9.00764084 12.00000000
v 0.89699215 9.56947899 12.00000000
v 1.33074820 10.07365227 12.00000000
v 1.83314550 10.50946426 12.00000000
v 0.38054121 5.14545870 13.07670116
v 0.17847028 5.77882338 13.09542656
v 0.07016212 6.43495131 13.10546207
v 0.05791616 7.09992027 13.10659790
v 0.14199130 7.75962114 13.09880638
v 0.32060313 8.40005779 13.08225536
v 0.58996308 9.00764084 13.05729485
v 0.94435549 9.56947899 13.02445698
v 1.37626100 10.07365227 12.98443413
v 1.87651622 10.50946426 12.93807983
v 0.52945316 5.14545870 14.14421654
v 0.32997131 5.77882338 14.18150711
v 0.22305176 6.43495131 14.20149326
v 0.21096319 7.09992027 14.20375347
v 0.29396081 7.75962114 14.18823814
v 0.47028345 8.40005779 14.15527821
v 0.73619092 9.00764084 14.10557175
v 1.08604228 9.56947899 14.04017258
v 1.51241195 10.07365227 13.96046925
v 2.00625610 10.50946426 13.86815453
v 2.55709505 10.86766529 13.76518536
v 3.16576672 11.14065742 13.65138435
v 2.76024723 10.86766529 14.62893677
v 3.35472536 11.14065742 14.45960331
v 3.25713110 11.14065742 14.13593960
v 0.77622759 5.14545870 15.19343948
v 0.58103818 5.77882338 15.24897480
v 0.47641900 6.43495131 15.27874184
v 0.46458933 7.09992027 15.28210735
v 0.54580158 7.75962114 15.25900078
v 0.71833098 8.40005779 15.20991135
v 0.97851825 9.00764084 15.13588238
v 1.32084262 9.56947899 15.03848267
v 1.73803973 10.07365227 14.91977882
v 2.22125936 10.50946426 14.78229141
v 3.04223037 10.86766529 15.47025871
v 3.61583185 11.14065742 15.24776363
v 3.53369761 11.14065742 15.05315018
v 1.11875963 5.14545870 16.21541595
v 0.92952698 5.77882338 16.28872299
v 0.82810038 6.43495131 16.32801819
v 0.81663203 7.09992027 16.33246040
v 0.89536607 7.75962114 16.30195808
v 1.06262970 8.40005779 16.23715973
v 1.31487656 9.00764084 16.13943863
v 1.64675343 9.56947899 16.01086998
v 2.05121851 10.07365227 15.85417843
v 2.51969147 10.50946426 15.67269135
v 3.40063787 10.86766529 16.28197289
v 3.94712019 11.14065742 16.00965691
v 3.90619135 11.14065742 15.93576527
v 1.55412591 5.14545870 17.20142746
v 1.37246490 5.77882338 17.29188538
v 1.27509701 6.43495131 17.34036827
v 1.26408792 7.09992027 17.34584999
v 1.33967030 7.75962114 17.30821228
v 1.50024235 8.40005779 17.22825623
v 1.74239647 9.00764084 17.10768127
v 2.06099463 9.56947899 16.94903755
v 2.44927692 10.07365227 16.75569534
v 2.89900517 10.50946426 16.53175735
v 2.07861423 5.14545870 18.14306068
v 1.90607369 5.77882338 18.24989510
v 1.81359422 6.43495131 18.30715561
v 1.80313730 7.09992027 18.31362915
v 1.87492561 7.75962114 18.26918030
v 2.02743530 8.40005779 18.17475128
v 2.25743103 9.00764084 18.03234482
v 2.56003261 9.56947899 17.84498024
v 2.92881942 10.07365227 17.61663628
v 3.35596681 10.50946426 17.35215950
v 2.68774676 5.14545870 19.03228760
v 2.52579999 5.77882338 19.15458488
v 2.43899870 6.43495131 19.22013283
v 2.42918348 7.09992027 19.22754478
v 2.49656487 7.75962114 19.17666245
v 2.63971090 8.40005779 19.06856155
v 2.85558581 9.00764084 18.90554047
v 3.13960862 9.56947899 18.69105721
v 3.48575330 10.07365227 18.42966080
v 3.88667536 10.50946426 18.12689781
v 3.37632942 5.14545870 19.86151505
v 3.22635746 5.77882338 19.99823380
v 3.14597416 6.43495131 20.07151031
v 3.13688540 7.09992027 20.07979774
v 3.19928312 7.75962114 20.02291298
v 3.33184481 8.40005779 19.90206718
v 3.53175688 9.00764084 19.71982384
v 3.79477811 9.56947899 19.48004723
v 4.11532736 10.07365227 19.18782806
v 4.48660421 10.50946426 18.84936523
v 4.13848543 5.14545870 20.62367058
v 4.00176716 5.77882338 20.77364159
v 3.92848897 6.43495131 20.85402679
v 3.92020297 7.09992027 20.86311531
v 3.97708631 7.75962114 20.80071640
v 4.09793282 8.40005779 20.66815567
v 4.28017664 9.00764084 20.46824265
v 4.51995182 9.56947899 20.20522118
v 4.81217098 10.07365227 19.88467216
v 5.15063477 10.50946426 19.51339722
v 5.52816105 10.86766529 19.09926987
v 5.94527197 11.14065742 18.64183617
v 6.21080637 10.86766529 19.66613197
v 6.58373117 11.14065742 19.17213821
v 6.25580215 11.14065742 18.92850494
v 4.96771288 5.14545870 21.31225395
v 4.84541607 5.77882338 21.47420120
v 4.77986670 6.43495131 21.56100082
v 4.77245522 7.09992027 21.57081604
v 4.82333851 7.75962114 21.50343513
v 4.93143797 8.40005779 21.36028862
v 5.09445858 9.00764084 21.14441490
v 5.30894279 9.56947899 20.86039352
v 5.57033920 10.07365227 20.51424599
v 5.87310171 10.50946426 20.11332512
v 6.94284344 10.86766529 20.16758919
v 7.26748800 11.14065742 19.64282799
v 7.02479935 11.14065742 19.49982452
v 5.85693789 5.14545870 21.92138481
v 5.75010538 5.77882338 22.09392548
v 5.69284487 6.43495131 22.18640518
v 5.68637037 7.09992027 22.19686317
v 5.73081923 7.75962114 22.12507439
v 5.82524967 8.40005779 21.97256470
v 5.96765661 9.00764084 21.74256897
v 6.15501976 9.56947899 21.43996811
v 6.38336277 10.07365227 21.07118034
v 6.64784098 10.50946426 20.64403343
v 7.71802664 10.86766529 20.59936142
v 7.99121332 11.14065742 20.05016899
v 7.85016823 11.14065742 19.98616791
v 6.79857302 5.14545870 22.44587517
v 6.70811605 5.77882338 22.62753677
v 6.65963316 6.43495131 22.72490501
v 6.65415096 7.09992027 22.73591232
v 6.69178677 7.75962114 22.66032982
v 6.77174234 8.40005779 22.49975967
v 6.89232063 9.00764084 22.25760460
v 7.05096340 9.56947899 21.93900490
v 7.24430513 10.07365227 21.55072212
v 7.46824312 10.50946426 21.10099411
v 8.52974129 10.86766529 20.95776939
v 8.74928188 11.14065742 20.39086914
v 8.72255516 11.14065742 20.38202477
v 7.78458500 5.14545870 22.88123894
v 7.71127605 5.77882338 23.07047272
v 7.67198277 6.43495131 23.17189980
v 7.66754007 7.09992027 23.18336868
v 7.69804192 7.75962114 23.10463333
v 7.76284027 8.40005779 22.93737030
v 7.86056185 9.00764084 22.68512344
v 7.98913097 9.56947899 22.35324669
v 8.14582253 10.07365227 21.94878006
v 8.32730865 10.50946426 21.48030853
v 8.80656147 5.14545870 23.22377205
v 8.75102520 5.77882338 23.41896248
v 8.72125816 6.43495131 23.52358055
v 8.71789265 7.09992027 23.53541183
v 8.74100018 7.75962114 23.45419884
v 8.79008865 8.40005779 23.28166962
v 8.86411762 9.00764084 23.02148247
v 8.96151733 9.56947899 22.67915726
v 9.08022118 10.07365227 22.26196098
v 9.21770859 10.50946426 21.77873993
v 9.85578346 5.14545870 23.47054672
v 9.81849384 5.77882338 23.67002869
v 9.79850674 6.43495131 23.77694893
v 9.79624653 7.09992027 23.78903770
v 9.81176186 7.75962114 23.70603943
v 9.84472179 8.40005779 23.52971649
v 9.89442921 9.00764084 23.26380920
v 9.95982838 9.56947899 22.91395950
v 10.03953075 10.07365227 22.48758888
v 10.13184547 10.50946426 21.99374580
v 10.92329884 5.14545870 23.61945724
v 10.90457344 5.77882338 23.82152939
v 10.89453793 6.43495131 23.92983818
v 10.89340305 7.09992027 23.94208336
v 10.90119362 7.75962114 23.85800934
v 10.91774464 8.40005779 23.67939758
v 10.94270515 9.00764084 23.41003799
v 10.97554302 9.56947899 23.05564499
v 11.01556587 10.07365227 22.62373924
v 11.06192112 10.50946426 22.12348366
v 12.00000000 5.14545870 23.66923904
v 12.00000000 5.77882338 23.87217522
v 12.00000000 6.43495131 23.98094559
v 12.00000000 7.09992027 23.99324608
v 12.00000000 7.75962114 23.90880966
v 12.00000000 8.40005779 23.72943306
v 12.00000000 9.00764084 23.45891762
v 12.00000000 9.56947899 23.10300827
v 12.00000000 10.07365227 22.66925240
v 12.00000000 10.50946426 22.16685486
v 12.00000000 10.86766529 21.60647392
v 12.00000000 11.14065742 20.98724365
v 12.88637352 10.86766529 21.56549263
v 12.82915497 11.14065742 20.94981384
v 12.47900009 11.14065742 20.98724365
v 13.07670116 5.14545870 23.61945724
v 13.09542656 5.77882338 23.82152939
v 13.10546207 6.43495131 23.92983818
v 13.10659790 7.09992027 23.94208336
v 13.09880638 7.75962114 23.85800934
v 13.08225536 8.40005779 23.67939758
v 13.05729485 9.00764084 23.41003799
v 13.02445698 9.56947899 23.05564499
v 12.98443413 10.07365227 22.62373924
v 12.93807983 10.50946426 22.12348366
v 13.76518536 10.86766529 21.44290543
v 13.65180492 11.14065742 20.83778572
v 13.43157101 11.14065742 20.88541603
v 14.14421654 5.14545870 23.47054672
v 14.18150711 5.77882338 23.67002869
v 14.20149326 6.43495131 23.77694893
v 14.20375347 7.09992027 23.78903770
v 14.18823814 7.75962114 23.70603943
v 14.15527821 8.40005779 23.52971649
v 14.10557175 9.00764084 23.26380920
v 14.04017258 9.56947899 22.91395950
v 13.96046925 10.07365227 22.48758888
v 13.86815453 10.50946426 21.99374580
v 14.62893677 10.86766529 21.23975372
v 14.46148777 11.14065742 20.65195847
v 14.36792278 11.14065742 20.68291283
v 15.19343948 5.14545870 23.22377205
v 15.24897480 5.77882338 23.41896248
v 15.27874184 6.43495131 23.52358055
v 15.28210735 7.09992027 23.53541183
v 15.25900078 7.75962114 23.45419884
v 15.20991135 8.40005779 23.28166962
v 15.13588238 9.00764084 23.02148247
v 15.03848267 9.56947899 22.67915726
v 14.91977882 10.07365227 22.26196098
v 14.78229141 10.50946426 21.77873993
v 16.21541595 5.14545870 22.88123894
v 16.28872299 5.77882338 23.07047272
v 16.32801819 6.43495131 23.17189980
v 16.33246040 7.09992027 23.18336868
v 16.30195808 7.75962114 23.10463333
v 16.23715973 8.40005779 22.93737030
v 16.13943863 9.00764084 22.68512344
v 16.01086998 9.56947899 22.35324669
v 15.85417843 10.07365227 21.94878006
v 15.67269135 10.50946426 21.48030853
v 17.20142746 5.14545870 22.44587517
v 17.29188538 5.77882338 22.62753677
v 17.34036827 6.43495131 22.72490501
v 17.34584999 7.09992027 22.73591232
v 17.30821228 7.75962114 22.66032982
v 17.22825623 8.40005779 22.49975967
v 17.10768127 9.00764084 22.25760460
v 16.94903755 9.56947899 21.93900490
v 16.75569534 10.07365227 21.55072212
v 16.53175735 10.50946426 21.10099411
v 18.14306068 5.14545870 21.92138481
v 18.24989510 5.77882338 22.09392548
v 18.30715561 6.43495131 22.18640518
v 18.31362915 7.09992027 22.19686317
v 18.26918030 7.75962114 22.12507439
v 18.17475128 8.40005779 21.97256470
v 18.03234482 9.00764084 21.74256897
v 17.84498024 9.56947899 21.43996811
v 17.61663628 10.07365227 21.07118034
v 17.35215950 10.50946426 20.64403343
v 19.03228760 5.14545870 21.31225395
v 19.15458488 5.77882338 21.47420120
v 19.22013283 6.43495131 21.56100082
v 19.22754478 7.09992027 21.57081604
v 19.17666245 7.75962114 21.50343513
v 19.06856155 8.40005779 21.36028862
v 18.90554047 9.00764084 21.14441490
v 18.69105721 9.56947899 20.86039352
v 18.42966080 10.07365227 20.51424599
v 18.12689781 10.50946426 20.11332512
v 19.86151505 5.14545870 20.62367058
v 19.99823380 5.77882338 20.77364159
v 20.07151031 6.43495131 20.85402679
v 20.07979774 7.09992027 20.86311531
v 20.02291298 7.75962114 20.80071640
v 19.90206718 8.40005779 20.66815567
v 19.71982384 9.00764084 20.46824265
v 19.48004723 9.56947899 20.20522118
v 19.18782806 10.07365227 19.88467216
v 18.84936523 10.50946426 19.51339722
v 18.47183800 10.86766529 19.09926987
v 18.05472755 11.14065742 18.64183617
v 19.09926987 10.86766529 18.47183800
v 18.64288330 11.14065742 18.05608940
v 18.44811058 11.14065742 18.27868462
v 20.62367058 5.14545870 19.86151505
v 20.77364159 5.77882338 19.99823380
v 20.85402679 6.43495131 20.07151031
v 20.86311531 7.09992027 20.07979774
v 20.80071640 7.75962114 20.02291298
v 20.66815567 8.40005779 19.90206718
v 20.46824265 9.00764084 19.71982384
v 20.20522118 9.56947899 19.48004723
v 19.88467216 10.07365227 19.18782806
v 19.51339722 10.50946426 18.84936523
v 19.66613197 10.86766529 17.78919411
v 19.17608833 11.14065742 17.41945076
v 19.07896423 11.14065742 17.55772209
v 21.31225395 5.14545870 19.03228760
v 21.47420120 5.77882338 19.15458488
v 21.56100082 6.43495131 19.22013283
v 21.57081604 7.09992027 19.22754478
v 21.50343513 7.75962114 19.17666245
v 21.36028862 8.40005779 19.06856155
v 21.14441490 9.00764084 18.90554047
v 20.86039352 9.56947899 18.69105721
v 20.51424599 10.07365227 18.42966080
v 20.11332512 10.50946426 18.12689781
v 20.16758919 10.86766529 17.05715561
v 19.65007210 11.14065742 16.73684692
v 19.62960815 11.14065742 16.77378845
v 21.92138481 5.14545870 18.14306068
v 22.09392548 5.77882338 18.24989510
v 22.18640518 6.43495131 18.30715561
v 22.19686317 7.09992027 18.31362915
v 22.12507439 7.75962114 18.26918030
v 21.97256470 8.40005779 18.17475128
v 21.74256897 9.00764084 18.03234482
v 21.43996811 9.56947899 17.84498024
v 21.07118034 10.07365227 17.61663628
v 20.64403343 10.50946426 17.35215950
v 22.44587517 5.14545870 17.20142746
v 22.62753677 5.77882338 17.29188538
v 22.72490501 6.43495131 17.34036827
v 22.73591232 7.09992027 17.34584999
v 22.66032982 7.75962114 17.30821228
v 22.49975967 8.40005779 17.22825623
v 22.25760460 9.00764084 17.10768127
v 21.93900490 9.56947899 16.94903755
v 21.55072212 10.07365227 16.75569534
v 21.10099411 10.50946426 16.53175735
v 22.88123894 5.14545870 16.21541595
v 23.07047272 5.77882338 16.28872299
v 23.17189980 6.43495131 16.32801819
v 23.18336868 7.09992027 16.33246040
v 23.10463333 7.75962114 16.30195808
v 22.93737030 8.40005779 16.23715973
v 22.68512344 9.00764084 16.13943863
v 22.35324669 9.56947899 16.01086998
v 21.94878006 10.07365227 15.85417843
v 21.48030853 10.50946426 15.67269135
v 23.22377205 5.14545870 15.19343948
v 23.41896248 5.77882338 15.24897480
v 23.52358055 6.43495131 15.27874184
v 23.53541183 7.09992027 15.28210735
v 23.45419884 7.75962114 15.25900078
v 23.28166962 8.40005779 15.20991135
v 23.02148247 9.00764084 15.13588238
v 22.67915726 9.56947899 15.03848267
v 22.26196098 10.07365227 14.91977882
v 21.77873993 10.50946426 14.78229141
v 23.47054672 5.14545870 14.14421654
v 23.67002869 5.77882338 14.18150711
v 23.77694893 6.43495131 14.20149326
v 23.78903770 7.09992027 14.20375347
v 23.70603943 7.75962114 14.18823814
v 23.52971649 8.40005779 14.15527821
v 23.26380920 9.00764084 14.10557175
v 22.91395950 9.56947899 14.04017258
v 22.48758888 10.07365227 13.96046925
v 21.99374580 10.50946426 13.86815453
v 21.44290543 10.86766529 13.76518536
v 20.83423424 11.14065742 13.65138435
v 21.56549263 10.86766529 12.88637352
v 20.94959641 11.14065742 12.82945347
v 20.92037582 11.14065742 13.19452953
v 23.61945724 5.14545870 13.07670116
v 23.82152939 5.77882338 13.09542656
v 23.92983818 6.43495131 13.10546207
v 23.94208336 7.09992027 13.10659790
v 23.85800934 7.75962114 13.09880638
v 23.67939758 8.40005779 13.08225536
v 23.41003799 9.00764084 13.05729485
v 23.05564499 9.56947899 13.02445698
v 22.62373924 10.07365227 12.98443413
v 22.12348366 10.50946426 12.93807983
v 21.60647392 10.86766529 12.00000000
v 20.99043655 11.14065742 12.00025463
v 20.99681091 11.14065742 12.23958492
v 23.66923904 5.14545870 12.00000000
v 23.87217522 5.77882338 12.00000000
v 23.98094559 6.43495131 12.00000000
v 23.99324608 7.09992027 12.00000000
v 23.90880966 7.75962114 12.00000000
v 23.72943306 8.40005779 12.00000000
v 23.45891762 9.00764084 12.00000000
v 23.10300827 9.56947899 12.00000000
v 22.66925240 10.07365227 12.00000000
v 22.16685486 10.50946426 12.00000000
v 21.56549263 10.86766529 11.11362648
v 20.95635986 11.14065742 11.17028809
v 20.97130966 11.14065742 11.28192520
v 23.61945724 5.14545870 10.92329884
v 23.82152939 5.77882338 10.90457344
v 23.92983818 6.43495131 10.89453793
v 23.94208336 7.09992027 10.89340305
v 23.85800934 7.75962114 10.90119362
v 23.67939758 8.40005779 10.91774464
v 23.41003799 9.00764084 10.94270515
v 23.05564499 9.56947899 10.97554302
v 22.62373924 10.07365227 11.01556587
v 22.12348366 10.50946426 11.06192112
v 23.47054672 5.14545870 9.85578346
v 23.67002869 5.77882338 9.81849384
v 23.77694893 6.43495131 9.79850674
v 23.78903770 7.09992027 9.79624653
v 23.70603943 7.75962114 9.81176186
v 23.52971649 8.40005779 9.84472179
v 23.26380920 9.00764084 9.89442921
v 22.91395950 9.56947899 9.95982838
v 22.48758888 10.07365227 10.03953075
v 21.99374580 10.50946426 10.13184547
v 23.22377205 5.14545870 8.80656147
v 23.41896248 5.77882338 8.75102520
v 23.52358055 6.43495131 8.72125816
v 23.53541183 7.09992027 8.71789265
v 23.45419884 7.75962114 8.74100018
v 23.28166962 8.40005779 8.79008865
v 23.02148247 9.00764084 8.86411762
v 22.67915726 9.56947899 8.96151733
v 22.26196098 10.07365227 9.08022118
v 21.77873993 10.50946426 9.21770859
v 22.88123894 5.14545870 7.78458500
v 23.07047272 5.77882338 7.71127605
v 23.17189980 6.43495131 7.67198277
v 23.18336868 7.09992027 7.66754007
v 23.10463333 7.75962114 7.69804192
v 22.93737030 8.40005779 7.76284027
v 22.68512344 9.00764084 7.86056185
v 22.35324669 9.56947899 7.98913097
v 21.94878006 10.07365227 8.14582253
v 21.48030853 10.50946426 8.32730865
v 22.44587517 5.14545870 6.79857302
v 22.62753677 5.77882338 6.70811605
v 22.72490501 6.43495131 6.65963316
v 22.73591232 7.09992027 6.65415096
v 22.66032982 7.75962114 6.69178677
v 22.49975967 8.40005779 6.77174234
v 22.25760460 9.00764084 6.89232063
v 21.93900490 9.56947899 7.05096340
v 21.55072212 10.07365227 7.24430513
v 21.10099411 10.50946426 7.46824312
v 21.92138481 5.14545870 5.85693789
v 22.09392548 5.77882338 5.75010538
v 22.18640518 6.43495131 5.69284487
v 22.19686317 7.09992027 5.68637037
v 22.12507439 7.75962114 5.73081923
v 21.97256470 8.40005779 5.82524967
v 21.74256897 9.00764084 5.96765661
v 21.43996811 9.56947899 6.15501976
v 21.07118034 10.07365227 6.38336277
v 20.64403343 10.50946426 6.64784098
v 20.16758919 10.86766529 6.94284344
v 19.64122391 11.14065742 7.26882362
v 19.66613197 10.86766529 6.21080637
v 19.17337227 11.14065742 6.58318424
v 19.36472511 11.14065742 6.82691336
v 21.31225395 5.14545870 4.96771288
v 21.47420120 5.77882338 4.84541607
v 21.56100082 6.43495131 4.77986670
v 21.57081604 7.09992027 4.77245522
v 21.50343513 7.75962114 4.82333851
v 21.36028862 8.40005779 4.93143797
v 21.14441490 9.00764084 5.09445858
v 20.86039352 9.56947899 5.30894279
v 20.51424599 10.07365227 5.57033920
v 20.11332512 10.50946426 5.87310171
v 19.09926987 10.86766529 5.52816105
v 18.64542770 11.14065742 5.94224262
v 18.77313614 11.14065742 6.07339764
v 20.62367058 5.14545870 4.13848543
v 20.77364159 5.77882338 4.00176716
v 20.85402679 6.43495131 3.92848897
v 20.86311531 7.09992027 3.92020297
v 20.80071640 7.75962114 3.97708631
v 20.66815567 8.40005779 4.09793282
v 20.46824265 9.00764084 4.28017664
v 20.20522118 9.56947899 4.51995182
v 19.88467216 10.07365227 4.81217098
v 19.51339722 10.50946426 5.15063477
v 18.47183800 10.86766529 4.90073061
v 18.06145859 11.14065742 5.35109425
v 18.10480690 11.14065742 5.38703299
v 19.86151505 5.14545870 3.37632942
v 19.99823380 5.77882338 3.22635746
v 20.07151031 6.43495131 3.14597416
v 20.07979774 7.09992027 3.13688540
v 20.02291298 7.75962114 3.19928312
v 19.90206718 8.40005779 3.33184481
v 19.71982384 9.00764084 3.53175688
v 19.48004723 9.56947899 3.79477811
v 19.18782806 10.07365227 4.11532736
v 18.84936523 10.50946426 4.48660421
v 19.03228760 5.14545870 2.68774676
v 19.15458488 5.77882338 2.52579999
v 19.22013283 6.43495131 2.43899870
v 19.22754478 7.09992027 2.42918348
v 19.17666245 7.75962114 2.49656487
v 19.06856155 8.40005779 2.63971090
v 18.90554047 9.00764084 2.85558581
v 18.69105721 9.56947899 3.13960862
v 18.42966080 10.07365227 3.48575330
v 18.12689781 10.50946426 3.88667536
v 18.14306068 5.14545870 2.07861423
v 18.24989510 5.77882338 1.90607369
v 18.30715561 6.43495131 1.81359422
v 18.31362915 7.09992027 1.80313730
v 18.26918030 7.75962114 1.87492561
v 18.17475128 8.40005779 2.02743530
v 18.03234482 9.00764084 2.25743103
v 17.84498024 9.56947899 2.56003261
v 17.61663628 10.07365227 2.92881942
v 17.35215950 10.50946426 3.35596681
v 17.20142746 5.14545870 1.55412591
v 17.29188538 5.77882338 1.37246490
v 17.34036827 6.43495131 1.27509701
v 17.34584999 7.09992027 1.26408792
v 17.30821228 7.75962114 1.33967030
v 17.22825623 8.40005779 1.50024235
v 17.10768127 9.00764084 1.74239647
v 16.94903755 9.56947899 2.06099463
v 16.75569534 10.07365227 2.44927692
v 16.53175735 10.50946426 2.89900517
v 16.21541595 5.14545870 1.11875963
v 16.28872299 5.77882338 0.92952698
v 16.32801819 6.43495131 0.82810038
v 16.33246040 7.09992027 0.81663203
v 16.30195808 7.75962114 0.89536607
v 16.23715973 8.40005779 1.06262970
v 16.13943863 9.00764084 1.31487656
v 16.01086998 9.56947899 1.64675343
v 15.85417843 10.07365227 2.05121851
v 15.67269135 10.50946426 2.51969147
v 15.47025871 10.86766529 3.04223037
v 15.24654579 11.14065742 3.61958885
v 14.62893677 10.86766529 2.76024723
v 14.45975304 11.14065742 3.35535407
v 14.82669067 11.14065742 3.45542192
v 15.19343948 5.14545870 0.77622759
v 15.24897480 5.77882338 0.58103818
v 15.27874184 6.43495131 0.47641900
v 15.28210735 7.09992027 0.46458933
v 15.25900078 7.75962114 0.54580158
v 15.20991135 8.40005779 0.71833098
v 15.13588238 9.00764084 0.97851825
v 15.03848267 9.56947899 1.32084262
v 14.91977882 10.07365227 1.73803973
v 14.78229141 10.50946426 2.22125936
v 13.76518536 10.86766529 2.55709505
v 13.65216637 11.14065742 3.16304612
v 13.90244389 11.14065742 3.20336962
v 14.14421654 5.14545870 0.52945316
v 14.18150711 5.77882338 0.32997131
v 14.20149326 6.43495131 0.22305176
v 14.20375347 7.09992027 0.21096319
v 14.18823814 7.75962114 0.29396081
v 14.15527821 8.40005779 0.47028345
v 14.10557175 9.00764084 0.73619092
v 14.04017258 9.56947899 1.08604228
v 13.96046925 10.07365227 1.51241195
v 13.86815453 10.50946426 2.00625610
v 12.88637352 10.86766529 2.43450618
v 12.83010387 11.14065742 3.04424286
v 12.95664120 11.14065742 3.05098677
v 13.07670116 5.14545870 0.38054121
v 13.09542656 5.77882338 0.17847028
v 13.10546207 6.43495131 0.07016212
v 13.10659790 7.09992027 0.05791616
v 13.09880638 7.75962114 0.14199130
v 13.08225536 8.40005779 0.32060313
v 13.05729485 9.00764084 0.58996308
v 13.02445698 9.56947899 0.94435549
v 12.98443413 10.07365227 1.37626100
v 12.93807983 10.50946426 1.87651622
v 11.09440994 11.36516094 3.52854848
v 12.00000000 11.36516094 3.48028255
v 10.19908047 11.36516094 3.67279911
v 9.32415581 11.36516094 3.91140103
v 8.47954845 11.36516094 4.24164915
v 7.67483091 11.36516094 4.65980244
v 6.91911840 11.36516094 5.16112375
v 6.22097492 11.36516094 5.73993206
v 5.58830976 11.36516094 6.38966894
v 5.02829170 11.36516094 7.10297394
v 4.54726601 11.36516094 7.87176371
v 4.15068197 11.36516094 8.68732834
v 3.84303451 11.36516094 9.54042625
v 3.62780881 11.36516094 10.42139244
v 3.50744367 11.36516094 11.32024574
v 3.48330188 11.36516094 12.22679996
v 3.55565834 11.36516094 13.13078403
v 3.72369218 11.36516094 14.02195644
v 3.98549986 11.36516094 14.89021873
v 4.33811522 11.36516094 15.72573566
v 4.77754211 11.36516094 16.51903534
v 5.29880333 11.36516094 17.26113701
v 5.89599085 11.36516094 17.94362450
v 6.56234026 11.36516094 18.55876923
v 7.29029942 11.36516094 19.09959793
v 8.07162189 11.36516094 19.55998802
v 8.89745522 11.36516094 19.93472099
v 9.75844097 11.36516094 20.21954918
v 10.64482403 11.36516094 20.41124725
v 11.54656219 11.36516094 20.50764275
v 12.45343781 11.36516094 20.50764275
v 13.35517597 11.36516094 20.41124725
v 14.24155903 11.36516094 20.21954918
v 15.10254478 11.36516094 19.93472099
v 15.92837811 11.36516094 19.55998802
v 16.70969963 11.36516094 19.09959793
v 17.43765831 11.36516094 18.55876923
v 18.10400963 11.36516094 17.94362450
v 18.70119667 11.36516094 17.26113701
v 19.22245789 11.36516094 16.51903534
v 19.66188431 11.36516094 15.72573566
v 20.01449966 11.36516094 14.89021873
v 20.27630806 11.36516094 14.02195644
v 20.44434166 11.36516094 13.13078403
v 20.51669693 11.36516094 12.22679996
v 20.49255753 11.36516094 11.32024574
v 20.37219238 11.36516094 10.42139244
v 20.15696526 11.36516094 9.54042625
v 19.84931946 11.36516094 8.68732834
v 19.45273399 11.36516094 7.87176371
v 18.97170830 11.36516094 7.10297394
v 18.41168976 11.36516094 6.38966894
v 17.77902603 11.36516094 5.73993206
v 17.08088112 11.36516094 5.16112375
v 16.32516861 11.36516094 4.65980244
v 15.52045155 11.36516094 4.24164915
v 14.67584419 11.36516094 3.91140103
v 13.80091953 11.36516094 3.67279911
v 12.90559006 11.36516094 3.52854848
v 12.85945415 11.66959190 3.96013451
v 13.70917034 11.66959190 4.09703588
v 14.53952122 11.66959190 4.32348204
v 15.34109879 11.66959190 4.63690567
v 16.10481834 11.66959190 5.03375626
v 16.82203102 11.66959190 5.50953674
v 17.48460770 11.66959190 6.05885696
v 18.08504105 11.66959190 6.67549229
v 18.61652756 11.66959190 7.35245752
v 19.07304955 11.66959190 8.08208084
v 19.44942856 11.66959190 8.85609531
v 19.74140167 11.66959190 9.66573143
v 19.94566154 11.66959190 10.50181580
v 20.05989456 11.66959190 11.35487556
v 20.08280754 11.66959190 12.21524429
v 20.01413727 11.66959190 13.07317543
v 19.85466385 11.66959190 13.91894531
v 19.60619545 11.66959190 14.74297428
v 19.27154350 11.66959190 15.53592396
v 18.85450172 11.66959190 16.28880882
v 18.35979843 11.66959190 16.99310112
v 17.79303551 11.66959190 17.64081955
v 17.16063309 11.66959190 18.22462463
v 16.46975899 11.66959190 18.73790550
v 15.72824287 11.66959190 19.17483902
v 14.94448376 11.66959190 19.53047943
v 14.12736130 11.66959190 19.80079651
v 13.28613472 11.66959190 19.98272896
v 12.43033695 11.66959190 20.07421303
v 11.56966305 11.66959190 20.07421303
v 10.71386528 11.66959190 19.98272896
v 9.87263870 11.66959190 19.80079651
v 9.05551624 11.66959190 19.53047943
v 8.27175713 11.66959190 19.17483902
v 7.53024006 11.66959190 18.73790550
v 6.83936644 11.66959190 18.22462463
v 6.20696545 11.66959190 17.64081955
v 5.64020157 11.66959190 16.99310112
v 5.14549732 11.66959190 16.28880882
v 4.72845650 11.66959190 15.53592396
v 4.39380598 11.66959190 14.74297428
v 4.14533615 11.66959190 13.91894531
v 3.98586321 11.66959190 13.07317543
v 3.91719294 11.66959190 12.21524429
v 3.94010448 11.66959190 11.35487556
v 4.05433750 11.66959190 10.50181580
v 4.25859928 11.66959190 9.66573143
v 4.55057287 11.66959190 8.85609531
v 4.92695189 11.66959190 8.08208084
v 5.38347197 11.66959190 7.35245752
v 5.91495895 11.66959190 6.67549229
v 6.51539278 11.66959190 6.05885696
v 7.17796898 11.66959190 5.50953674
v 7.89518118 11.66959190 5.03375626
v 8.65890217 11.66959190 4.63690567
v 9.46047878 11.66959190 4.32348204
v 10.29082966 11.66959190 4.09703588
v 11.14054585 11.66959190 3.96013451
v 12.00000000 11.66959190 3.91432738
v 12.81963253 12.04471588 4.33265257
v 13.62997818 12.04471588 4.46321106
v 14.42185593 12.04471588 4.67916489
v 15.18629169 12.04471588 4.97806644
v 15.91462612 12.04471588 5.35652924
v 16.59860802 12.04471588 5.81026506
v 17.23048401 12.04471588 6.33413315
v 17.80309677 12.04471588 6.92219782
v 18.30995750 12.04471588 7.56779575
v 18.74532509 12.04471588 8.26361275
v 19.10426712 12.04471588 9.00176430
v 19.38271141 12.04471588 9.77388763
v 19.57750893 12.04471588 10.57123280
v 19.68644905 12.04471588 11.38476658
v 19.70829964 12.04471588 12.20527172
v 19.64281082 12.04471588 13.02345085
v 19.49072647 12.04471588 13.83003426
v 19.25377083 12.04471588 14.61588192
v 18.93462372 12.04471588 15.37209129
v 18.53690720 12.04471588 16.09009361
v 18.06512451 12.04471588 16.76175117
v 17.52462006 12.04471588 17.37945938
v 16.92152023 12.04471588 17.93621445
v 16.26265717 12.04471588 18.42571068
v 15.55549908 12.04471588 18.84240150
v 14.80805397 12.04471588 19.18156242
v 14.02879238 12.04471588 19.43935585
v 13.22654343 12.04471588 19.61285782
v 12.41039753 12.04471588 19.70010185
v 11.58960247 12.04471588 19.70010185
v 10.77345657 12.04471588 19.61285782
v 9.97120762 12.04471588 19.43935585
v 9.19194603 12.04471588 19.18156242
v 8.44450092 12.04471588 18.84240150
v 7.73734140 12.04471588 18.42571068
v 7.07847881 12.04471588 17.93621445
v 6.47537899 12.04471588 17.37945938
v 5.93487597 12.04471588 16.76175117
v 5.46309328 12.04471588 16.09009361
v 5.06537533 12.04471588 15.37209129
v 4.74623013 12.04471588 14.61588192
v 4.50927305 12.04471588 13.83003426
v 4.35718918 12.04471588 13.02345085
v 4.29170084 12.04471588 12.20527172
v 4.31355095 12.04471588 11.38476658
v 4.42249155 12.04471588 10.57123280
v 4.61728811 12.04471588 9.77388763
v 4.89573431 12.04471588 9.00176430
v 5.25467443 12.04471588 8.26361275
v 5.69004154 12.04471588 7.56779575
v 6.19690323 12.04471588 6.92219782
v 6.76951599 12.04471588 6.33413315
v 7.40139246 12.04471588 5.81026506
v 8.08537292 12.04471588 5.35652924
v 8.81370831 12.04471588 4.97806644
v 9.57814407 12.04471588 4.67916489
v 10.37002182 12.04471588 4.46321106
v 11.18036747 12.04471588 4.33265257
v 12.00000000 12.04471588 4.28896809
v 12.78733253 12.47915173 4.63480282
v 13.56574535 12.47915173 4.76021624
v 14.32641697 12.47915173 4.96765995
v 15.06072807 12.47915173 5.25478220
v 15.76036263 12.47915173 5.61833096
v 16.41738701 12.47915173 6.05418634
v 17.02436447 12.47915173 6.55741024
v 17.57441330 12.47915173 7.12230062
v 18.06129837 12.47915173 7.74245739
v 18.47951126 12.47915173 8.41085434
v 18.82430458 12.47915173 9.11991692
v 19.09177780 12.47915173 9.86161232
v 19.27889824 12.47915173 10.62753677
v 19.38354683 12.47915173 11.40901184
v 19.40453339 12.47915173 12.19718266
v 19.34162903 12.47915173 12.98311901
v 19.19553757 12.47915173 13.75791740
v 18.96791649 12.47915173 14.51279736
v 18.66135025 12.47915173 15.23920536
v 18.27930450 12.47915173 15.92891312
v 17.82611465 12.47915173 16.57410431
v 17.30690956 12.47915173 17.16746712
v 16.72757721 12.47915173 17.70228386
v 16.09467888 12.47915173 18.17248917
v 15.41538620 12.47915173 18.57275963
v 14.69739532 12.47915173 18.89855576
v 13.94884300 12.47915173 19.14619064
v 13.17820930 12.47915173 19.31285477
v 12.39422512 12.47915173 19.39666367
v 11.60577488 12.47915173 19.39666367
v 10.82179165 12.47915173 19.31285477
v 10.05115700 12.47915173 19.14619064
v 9.30260468 12.47915173 18.89855576
v 8.58461380 12.47915173 18.57275963
v 7.90532112 12.47915173 18.17248917
v 7.27242327 12.47915173 17.70228386
v 6.69309044 12.47915173 17.16746712
v 6.17388678 12.47915173 16.57410431
v 5.72069550 12.47915173 15.92891312
v 5.33865118 12.47915173 15.23920536
v 5.03208256 12.47915173 14.51279736
v 4.80446291 12.47915173 13.75791740
v 4.65837193 12.47915173 12.98311901
v 4.59546518 12.47915173 12.19718266
v 4.61645365 12.47915173 11.40901184
v 4.72110128 12.47915173 10.62753677
v 4.90822172 12.47915173 9.86161232
v 5.17569494 12.47915173 9.11991692
v 5.52048969 12.47915173 8.41085434
v 5.93870020 12.47915173 7.74245739
v 6.42558813 12.47915173 7.12230062
v 6.97563553 12.47915173 6.55741024
v 7.58261156 12.47915173 6.05418634
v 8.23963833 12.47915173 5.61833096
v 8.93927193 12.47915173 5.25478220
v 9.67358303 12.47915173 4.96765995
v 10.43425465 12.47915173 4.76021624
v 11.21266747 12.47915173 4.63480282
v 12.00000000 12.47915173 4.59283972
v 12.76353550 12.95972347 4.85741949
v 13.51842022 12.95972347 4.97904253
v 14.25609970 12.95972347 5.18021536
v 14.96821690 12.95972347 5.45865965
v 15.64670372 12.95972347 5.81122017
v 16.28387070 12.95972347 6.23390102
v 16.87250137 12.95972347 6.72191525
v 17.40592384 12.95972347 7.26973104
v 17.87809563 12.95972347 7.87114334
v 18.28366470 12.95972347 8.51933765
v 18.61803818 12.95972347 9.20696926
v 18.87742615 12.95972347 9.92624664
v 19.05889130 12.95972347 10.66901970
v 19.16037560 12.95972347 11.42687416
v 19.18073082 12.95972347 12.19122314
v 19.11972427 12.95972347 12.95340443
v 18.97804832 12.95972347 13.70478344
v 18.75730896 12.95972347 14.43684673
v 18.46000671 12.95972347 15.14129925
v 18.08950996 12.95972347 15.81015968
v 17.65001488 12.95972347 16.43585014
v 17.14650536 12.95972347 17.01128006
v 16.58468246 12.95972347 17.52992821
v 15.97091579 12.95972347 17.98592377
v 15.31215477 12.95972347 18.37409401
v 14.61586571 12.95972347 18.69004440
v 13.88993835 12.95972347 18.93019295
v 13.14259720 12.95972347 19.09181976
v 12.38230991 12.95972347 19.17309570
v 11.61769009 12.95972347 19.17309570
v 10.85740280 12.95972347 19.09181976
v 10.11006165 12.95972347 18.93019295
v 9.38413525 12.95972347 18.69004440
v 8.68784523 12.95972347 18.37409401
v 8.02908421 12.95972347 17.98592377
v 7.41531658 12.95972347 17.52992821
v 6.85349369 12.95972347 17.01128006
v 6.34998369 12.95972347 16.43585014
v 5.91049004 12.95972347 15.81015968
v 5.53999329 12.95972347 15.14129925
v 5.24269104 12.95972347 14.43684673
v 5.02195168 12.95972347 13.70478344
v 4.88027668 12.95972347 12.95340443
v 4.81927013 12.95972347 12.19122314
v 4.83962488 12.95972347 11.42687416
v 4.94110966 12.95972347 10.66901970
v 5.12257385 12.95972347 9.92624664
v 5.38196230 12.95972347 9.20696926
v 5.71633577 12.95972347 8.51933765
v 6.12190580 12.95972347 7.87114334
v 6.59407663 12.95972347 7.26973104
v 7.12749910 12.95972347 6.72191525
v 7.71612930 12.95972347 6.23390102
v 8.35329628 12.95972347 5.81122017
v 9.03178310 12.95972347 5.45865965
v 9.74390125 12.95972347 5.18021536
v 10.48157978 12.95972347 4.97904253
v 11.23646450 12.95972347 4.85741949
v 12.00000000 12.95972347 4.81672430
v 12.74896240 13.47185135 4.99374866
v 13.48943806 13.47185135 5.11305094
v 14.21303749 13.47185135 5.31038427
v 14.91156292 13.47185135 5.58351374
v 15.57709885 13.47185135 5.92934418
v 16.20210457 13.47185135 6.34395838
v 16.77950096 13.47185135 6.82265711
v 17.30274010 13.47185135 7.36001778
v 17.76589966 13.47185135 7.94995117
v 18.16372871 13.47185135 8.58577251
v 18.49171829 13.47185135 9.26027870
v 18.74615860 13.47185135 9.96582794
v 18.92415810 13.47185135 10.69442463
v 19.02370453 13.47185135 11.43781376
v 19.04367256 13.47185135 12.18757343
v 18.98382950 13.47185135 12.93520641
v 18.84486008 13.47185135 13.67224407
v 18.62833214 13.47185135 14.39033413
v 18.33670616 13.47185135 15.08134174
v 17.97327995 13.47185135 15.73743439
v 17.54217529 13.47185135 16.35118294
v 17.04827499 13.47185135 16.91563034
v 16.49717522 13.47185135 17.42438126
v 15.89512253 13.47185135 17.87166977
v 15.24893570 13.47185135 18.25243187
v 14.56593704 13.47185135 18.56235313
v 13.85386467 13.47185135 18.79791641
v 13.12078857 13.47185135 18.95646095
v 12.37501335 13.47185135 19.03618240
v 11.62498760 13.47185135 19.03618240
v 10.87921238 13.47185135 18.95646095
v 10.14613533 13.47185135 18.79791641
v 9.43406296 13.47185135 18.56235313
v 8.75106430 13.47185135 18.25243187
v 8.10487747 13.47185135 17.87166977
v 7.50282383 13.47185135 17.42438126
v 6.95172453 13.47185135 16.91563034
v 6.45782471 13.47185135 16.35118294
v 6.02672005 13.47185135 15.73743439
v 5.66329479 13.47185135 15.08134174
v 5.37166691 13.47185135 14.39033413
v 5.15514088 13.47185135 13.67224407
v 5.01617002 13.47185135 12.93520641
v 4.95632839 13.47185135 12.18757343
v 4.97629452 13.47185135 11.43781376
v 5.07584190 13.47185135 10.69442463
v 5.25384235 13.47185135 9.96582794
v 5.50828028 13.47185135 9.26027870
v 5.83627176 13.47185135 8.58577251
v 6.23410034 13.47185135 7.94995117
v 6.69725943 13.47185135 7.36001778
v 7.22049999 13.47185135 6.82265711
v 7.79789495 13.47185135 6.34395838
v 8.42290115 13.47185135 5.92934418
v 9.08843708 13.47185135 5.58351374
v 9.78696251 13.47185135 5.31038427
v 10.51056194 13.47185135 5.11305094
v 11.25103760 13.47185135 4.99374866
v 12.00000000 13.47185135 4.95383120
v 12.74405384 14.00000000 5.03965664
v 13.47967815 14.00000000 5.15817595
v 14.19853687 14.00000000 5.35421658
v 14.89248466 14.00000000 5.62555647
v 15.55366039 14.00000000 5.96912146
v 16.17457199 14.00000000 6.38101864
v 16.74818230 14.00000000 6.85658121
v 17.26799393 14.00000000 7.39042044
v 17.72812080 14.00000000 7.97648811
v 18.12334251 14.00000000 8.60814381
v 18.44918442 14.00000000 9.27823067
v 18.70195389 14.00000000 9.97915649
v 18.87878990 14.00000000 10.70297909
v 18.97768211 14.00000000 11.44149685
v 18.99752045 14.00000000 12.18634415
v 18.93807030 14.00000000 12.92907906
v 18.80000877 14.00000000 13.66128635
v 18.58490181 14.00000000 14.37467289
v 18.29518509 14.00000000 15.06115150
v 17.93414116 14.00000000 15.71294689
v 17.50586128 14.00000000 16.32267189
v 17.01519585 14.00000000 16.88342094
v 16.46770859 14.00000000 17.38883781
v 15.86960030 14.00000000 17.83319664
v 15.22764778 14.00000000 18.21146584
v 14.54912376 14.00000000 18.51935387
v 13.84171867 14.00000000 18.75337601
v 13.11344433 14.00000000 18.91087914
v 12.37255478 14.00000000 18.99007988
v 11.62744522 14.00000000 18.99007988
v 10.88655567 14.00000000 18.91087914
v 10.15828133 14.00000000 18.75337601
v 9.45087624 14.00000000 18.51935387
v 8.77235317 14.00000000 18.21146584
v 8.13039970 14.00000000 17.83319664
v 7.53229046 14.00000000 17.38883781
v 6.98480272 14.00000000 16.88342094
v 6.49413919 14.00000000 16.32267189
v 6.06585884 14.00000000 15.71294689
v 5.70481491 14.00000000 15.06115150
v 5.41509819 14.00000000 14.37467289
v 5.19999075 14.00000000 13.66128635
v 5.06193066 14.00000000 12.92907906
v 5.00248098 14.00000000 12.18634415
v 5.02231646 14.00000000 11.44149685
v 5.12121105 14.00000000 10.70297909
v 5.29804611 14.00000000 9.97915649
v 5.55081606 14.00000000 9.27823067
v 5.87665844 14.00000000 8.60814381
v 6.27188063 14.00000000 7.97648811
v 6.73200464 14.00000000 7.39042044
v 7.25181723 14.00000000 6.85658121
v 7.82542849 14.00000000 6.38101864
v 8.44633961 14.00000000 5.96912146
v 9.10751534 14.00000000 5.62555647
v 9.80146313 14.00000000 5.35421658
v 10.52032185 14.00000000 5.15817595
v 11.25594616 14.00000000 5.03965664
v 12.00000000 14.00000000 5.00000000
v 11.21684265 14.00000000 17.94866753
v 12.00000000 14.00000000 18.00000000
v 12.78315735 14.00000000 17.94866753
v 13.55291462 14.00000000 17.79555511
v 14.29610062 14.00000000 17.54327583
v 15.00000095 14.00000000 17.19615173
v 14.29610062 14.00000000 6.45672274
v 13.55291462 14.00000000 6.20444489
v 12.78315735 14.00000000 6.05133104
v 12.00000000 14.00000000 6.00000000
v 11.21684265 14.00000000 6.05133104
v 10.44708538 14.00000000 6.20444489
v 9.70389938 14.00000000 6.45672274
v 9.00000000 14.00000000 6.80384779
v 8.34743118 14.00000000 7.23988008
v 7.75735950 14.00000000 7.75735950
v 8.34743118 14.00000000 16.76012039
v 9.00000000 14.00000000 17.19615173
v 9.70389938 14.00000000 17.54327583
v 10.44708538 14.00000000 17.79555511
v 16.76012039 14.00000000 8.34743118
v 16.24263954 14.00000000 7.75735950
v 15.65256882 14.00000000 7.23988008
v 15.00000095 14.00000000 6.80384779
v 15.65256882 14.00000000 16.76012039
v 16.24263954 14.00000000 16.24263954
v 16.76012039 14.00000000 15.65256882
v 17.19615173 14.00000000 15.00000095
v 6.45672274 14.00000000 14.29610062
v 6.80384779 14.00000000 15.00000095
v 7.23988008 14.00000000 15.65256882
v 7.75735950 14.00000000 16.24263954
v 6.20444489 14.00000000 10.44708538
v 6.05133104 14.00000000 11.21684265
v 6.00000000 14.00000000 12.00000000
v 6.05133104 14.00000000 12.78315735
v 6.20444489 14.00000000 13.55291462
v 7.23988008 14.00000000 8.34743118
v 6.80384779 14.00000000 9.00000000
v 6.45672274 14.00000000 9.70389938
v 17.94866753 14.00000000 11.21684265
v 17.79555511 14.00000000 10.44708538
v 17.54327583 14.00000000 9.70389938
v 17.19615173 14.00000000 9.00000000
v 17.54327583 14.00000000 14.29610062
v 17.79555511 14.00000000 13.55291462
v 17.94866753 14.00000000 12.78315735
v 18.00000000 14.00000000 12.00000000
v 12.32133579 24.00000000 8.02106190
v 12.52210522 24.00000000 8.03421974
v 12.52750111 22.53441048 7.99323416
v 14.13380909 24.00000000 8.62530708
v 14.43504524 24.00000000 8.82658672
v 14.46021175 22.53441048 8.79378986
v 14.64687729 24.00000000 9.01235867
v 14.82842636 24.00000000 9.17157364
v 14.85765934 22.53441048 9.14234066
v 15.91081142 24.00000000 11.20155907
v 15.96578026 24.00000000 11.47789478
v 16.00676537 22.53441048 11.47249889
v 15.98947525 24.00000000 11.83941364
v 16.00000000 24.00000000 12.00000000
v 16.04133987 22.53441048 12.00000000
v 15.60653019 24.00000000 13.71118450
v 15.46410179 24.00000000 14.00000000
v 15.49990273 22.53441048 14.02066994
v 15.28519440 24.00000000 14.26775455
v 15.17341423 24.00000000 14.43504524
v 15.20621014 22.53441048 14.46021175
v 13.85566616 24.00000000 15.53528023
v 13.53073406 24.00000000 15.69551754
v 13.54655361 22.53441048 15.73371124
v 13.26393509 24.00000000 15.78608322
v 13.03527641 24.00000000 15.86370373
v 13.04597569 22.53441048 15.90363503
v 10.73606491 24.00000000 15.78608322
v 10.46926594 24.00000000 15.69551754
v 10.45344639 22.53441048 15.73371124
v 10.14433384 24.00000000 15.53528023
v 10.00000000 24.00000000 15.46410179
v 9.97933006 22.53441048 15.49990273
v 8.71480656 24.00000000 14.26775455
v 8.53589821 24.00000000 14.00000000
v 8.50009727 22.53441048 14.02066994
v 8.39346981 24.00000000 13.71118450
v 8.30448246 24.00000000 13.53073406
v 8.26628876 22.53441048 13.54655361
v 8.01052570 24.00000000 11.83941364
v 8.03421974 24.00000000 11.47789478
v 7.99323416 22.53441048 11.47249889
v 8.08918762 24.00000000 11.20155907
v 8.13629627 24.00000000 10.96472454
v 8.09636497 22.53441048 10.95402431
v 9.35312271 24.00000000 9.01235867
v 9.56495476 24.00000000 8.82658672
v 9.53978825 22.53441048 8.79378986
v 9.86619091 24.00000000 8.62530708
v 10.00000000 24.00000000 8.53589821
v 9.97933006 22.53441048 8.50009727
v 11.67866421 24.00000000 8.02106190
v 12.00000000 24.00000000 7.99999952
v 12.00000000 22.53441048 7.95866013
v 14.73723507 15.36875248 7.25896883
v 14.09498978 15.36875248 6.94224787
v 13.92372417 16.76495171 7.35571957
v 13.30106640 16.76495171 7.14435577
v 13.20578861 18.18415642 7.49993658
v 12.60809708 18.18415642 7.38104820
v 12.57056522 19.62185860 7.66612816
v 12.00000000 19.62185860 7.62873125
v 12.00000000 21.07348061 7.83477354
v 11.45632839 21.07348061 7.87040663
v 11.47249889 22.53441048 7.99323416
v 10.95402431 22.53441048 8.09636497
v 13.41689777 15.36875248 6.71206713
v 12.65614700 16.76495171 7.01607275
v 12.00000000 18.18415642 7.34119129
v 11.42943478 19.62185860 7.66612816
v 10.92195988 21.07348061 7.97669983
v 10.45344639 22.53441048 8.26628876
v 10.46926594 24.00000000 8.30448246
v 10.43320942 24.00000000 8.32226276
v 11.28543854 15.36875248 6.57236338
v 10.58310318 15.36875248 6.71206713
v 10.69893456 16.76495171 7.14435577
v 10.07627583 16.76495171 7.35571957
v 10.21715069 18.18415642 7.69582224
v 9.67059517 18.18415642 7.96535349
v 9.81436539 19.62185860 8.21437073
v 9.33894062 19.62185860 8.53203964
v 9.46436977 21.07348061 8.69550323
v 9.05473995 21.07348061 9.05473995
v 9.14234066 22.53441048 9.14234066
v 8.79378986 22.53441048 9.53978825
v 9.90501022 15.36875248 6.94224787
v 9.26276493 15.36875248 7.25896883
v 9.48653412 16.76495171 7.64654827
v 8.93979740 16.76495171 8.01186657
v 9.16389751 18.18415642 8.30391884
v 8.70572472 18.18415642 8.70572472
v 8.90904617 19.62185860 8.90904617
v 8.53203964 19.62185860 9.33894062
v 8.69550323 21.07348061 9.46436977
v 8.39280701 21.07348061 9.91738701
v 8.50009727 22.53441048 9.97933006
v 8.26628876 22.53441048 10.45344639
v 8.30448246 24.00000000 10.46926594
v 8.26569271 24.00000000 10.58353519
v 7.65680981 15.36875248 8.66735363
v 7.25896883 15.36875248 9.26276493
v 7.64654827 16.76495171 9.48653412
v 7.35571957 16.76495171 10.07627583
v 7.69582224 18.18415642 10.21715069
v 7.49993658 18.18415642 10.79421139
v 7.77767897 19.62185860 10.86863232
v 7.66612816 19.62185860 11.42943478
v 7.87040663 21.07348061 11.45632839
v 7.83477354 21.07348061 12.00000000
v 7.95866013 22.53441048 12.00000000
v 7.99323416 22.53441048 12.52750111
v 6.94224787 15.36875248 9.90501022
v 7.14435577 16.76495171 10.69893456
v 7.38104820 18.18415642 11.39190292
v 7.62873125 19.62185860 12.00000000
v 7.87040663 21.07348061 12.54367161
v 8.09636497 22.53441048 13.04597569
v 8.13629627 24.00000000 13.03527641
v 8.16215038 24.00000000 13.11143684
v 6.52552843 15.36875248 12.00000000
v 6.57236338 15.36875248 12.71456242
v 7.01607275 16.76495171 12.65614700
v 7.14435577 16.76495171 13.30106640
v 7.49993658 18.18415642 13.20578861
v 7.69582224 18.18415642 13.78284931
v 7.96147442 19.62185860 13.67281151
v 8.21437073 19.62185860 14.18563461
v 8.39280701 21.07348061 14.08261299
v 8.69550323 21.07348061 14.53563023
v 8.79378986 22.53441048 14.46021175
v 9.14234066 22.53441048 14.85765934
v 6.71206713 15.36875248 13.41689777
v 7.35571957 16.76495171 13.92372417
v 7.96535349 18.18415642 14.32940483
v 8.53203964 19.62185860 14.66105938
v 9.05473995 21.07348061 14.94526005
v 9.53978825 22.53441048 15.20621014
v 9.56495476 24.00000000 15.17341423
v 9.59838200 24.00000000 15.19574928
v 7.65680981 15.36875248 15.33264637
v 8.12896442 15.36875248 15.87103653
v 8.44542122 16.76495171 15.55457878
v 8.93979740 16.76495171 15.98813343
v 9.16389751 18.18415642 15.69608212
v 9.67059517 18.18415642 16.03464699
v 9.81436539 19.62185860 15.78563118
v 10.32718849 19.62185860 16.03852654
v 10.40603733 21.07348061 15.84816742
v 10.92195988 21.07348061 16.02330017
v 10.95402431 22.53441048 15.90363503
v 11.47249889 22.53441048 16.00676537
v 8.66735363 15.36875248 16.34319115
v 9.26276493 15.36875248 16.74103165
v 9.48653412 16.76495171 16.35345268
v 10.07627583 16.76495171 16.64427948
v 10.21715069 18.18415642 16.30417824
v 10.79421139 18.18415642 16.50006294
v 10.86863232 19.62185860 16.22232056
v 11.42943478 19.62185860 16.33387184
v 11.45632839 21.07348061 16.12959480
v 12.00000000 21.07348061 16.16522598
v 12.00000000 22.53441048 16.04133987
v 12.52750111 22.53441048 16.00676537
v 12.52210522 24.00000000 15.96578026
v 12.64045906 24.00000000 15.94223785
v 11.28543854 15.36875248 17.42763710
v 12.00000000 15.36875248 17.47447205
v 12.00000000 16.76495171 17.02693367
v 12.65614700 16.76495171 16.98392677
v 12.60809708 18.18415642 16.61895180
v 13.20578861 18.18415642 16.50006294
v 13.13136768 19.62185860 16.22232056
v 13.67281151 19.62185860 16.03852654
v 13.59396362 21.07348061 15.84816742
v 14.08261299 21.07348061 15.60719299
v 14.02066994 22.53441048 15.49990273
v 14.46021175 22.53441048 15.20621014
v 12.71456242 15.36875248 17.42763710
v 13.30106640 16.76495171 16.85564423
v 13.78284931 18.18415642 16.30417824
v 14.18563461 19.62185860 15.78563118
v 14.53563023 21.07348061 15.30449677
v 14.85765934 22.53441048 14.85765934
v 14.82842636 24.00000000 14.82842636
v 14.88145828 24.00000000 14.76795769
v 14.73723507 15.36875248 16.74103165
v 15.33264637 15.36875248 16.34319115
v 15.06020355 16.76495171 15.98813343
v 15.55457878 16.76495171 15.55457878
v 15.29427528 18.18415642 15.29427528
v 15.69608212 18.18415642 14.83610249
v 15.46796036 19.62185860 14.66105938
v 15.78563118 19.62185860 14.18563461
v 15.60719299 21.07348061 14.08261299
v 15.84816742 21.07348061 13.59396362
v 15.73371124 22.53441048 13.54655361
v 15.90363503 22.53441048 13.04597569
v 15.87103653 15.36875248 15.87103653
v 15.98813343 16.76495171 15.06020355
v 16.03464699 18.18415642 14.32940483
v 16.03852654 19.62185860 13.67281151
v 16.02330017 21.07348061 13.07804012
v 16.00676537 22.53441048 12.52750111
v 15.96578026 24.00000000 12.52210522
v 15.96840858 24.00000000 12.48198700
v 17.05775261 15.36875248 14.09498978
v 17.28793144 15.36875248 13.41689777
v 16.85564423 16.76495171 13.30106640
v 16.98392677 16.76495171 12.65614700
v 16.61895180 18.18415642 12.60809708
v 16.65880966 18.18415642 12.00000000
v 16.37126923 19.62185860 12.00000000
v 16.33387184 19.62185860 11.42943478
v 16.12959480 21.07348061 11.45632839
v 16.02330017 21.07348061 10.92195988
v 15.90363503 22.53441048 10.95402431
v 15.73371124 22.53441048 10.45344639
v 17.42763710 15.36875248 12.71456242
v 17.47447205 15.36875248 12.00000000
v 17.02693367 16.76495171 12.00000000
v 16.98392677 16.76495171 11.34385395
v 16.61895180 18.18415642 11.39190292
v 16.50006294 18.18415642 10.79421139
v 16.22232056 19.62185860 10.86863232
v 16.03852654 19.62185860 10.32718849
v 15.84816742 21.07348061 10.40603733
v 15.60719299 21.07348061 9.91738701
v 15.49990273 22.53441048 9.97933006
v 15.20621014 22.53441048 9.53978825
v 15.17341423 24.00000000 9.56495476
v 15.09384823 24.00000000 9.47422695
v 17.05775261 15.36875248 9.90501022
v 16.74103165 15.36875248 9.26276493
v 16.35345268 16.76495171 9.48653412
v 15.98813343 16.76495171 8.93979740
v 15.69608212 18.18415642 9.16389751
v 15.29427528 18.18415642 8.70572472
v 15.09095383 19.62185860 8.90904617
v 14.66105938 19.62185860 8.53203964
v 14.53563023 21.07348061 8.69550323
v 14.08261299 21.07348061 8.39280701
v 14.02066994 22.53441048 8.50009727
v 13.54655361 22.53441048 8.26628876
v 16.34319115 15.36875248 8.66735363
v 15.55457878 16.76495171 8.44542122
v 14.83610249 18.18415642 8.30391884
v 14.18563461 19.62185860 8.21437073
v 13.59396362 21.07348061 8.15183163
v 13.04597569 22.53441048 8.09636497
v 13.03527641 24.00000000 8.13629627
v 12.95639324 24.00000000 8.12060547
v 15.33264637 15.36875248 7.65680981
v 14.51346684 16.76495171 7.64654827
v 13.78284931 18.18415642 7.69582224
v 13.13136768 19.62185860 7.77767897
v 12.54367161 21.07348061 7.87040663
v 10.96472454 24.00000000 8.13629627
v 11.04360771 24.00000000 8.12060547
v 11.47789478 24.00000000 8.03421974
v 10.40603733 21.07348061 8.15183163
v 10.86863232 19.62185860 7.77767897
v 11.39190292 18.18415642 7.38104820
v 12.00000000 16.76495171 6.97306681
v 12.71456242 15.36875248 6.57236338
v 9.91738701 21.07348061 8.39280701
v 10.32718849 19.62185860 7.96147442
v 10.79421139 18.18415642 7.49993658
v 11.34385395 16.76495171 7.01607275
v 12.00000000 15.36875248 6.52552843
v 8.53589821 24.00000000 10.00000000
v 8.82658672 24.00000000 9.56495476
v 8.90615177 24.00000000 9.47422695
v 9.17157364 24.00000000 9.17157364
v 8.15183163 21.07348061 10.40603733
v 8.21437073 19.62185860 9.81436539
v 8.30391884 18.18415642 9.16389751
v 8.44542122 16.76495171 8.44542122
v 8.66735363 15.36875248 7.65680981
v 7.97669983 21.07348061 10.92195988
v 7.96147442 19.62185860 10.32718849
v 7.96535349 18.18415642 9.67059517
v 8.01186657 16.76495171 8.93979740
v 8.12896442 15.36875248 8.12896442
v 8.03421974 24.00000000 12.52210522
v 8.03159142 24.00000000 12.48198700
v 7.99999952 24.00000000 12.00000000
v 7.97669983 21.07348061 13.07804012
v 7.66612816 19.62185860 12.57056522
v 7.34119129 18.18415642 12.00000000
v 7.01607275 16.76495171 11.34385395
v 6.71206713 15.36875248 10.58310318
v 8.15183163 21.07348061 13.59396362
v 7.77767897 19.62185860 13.13136768
v 7.38104820 18.18415642 12.60809708
v 6.97306681 16.76495171 12.00000000
v 6.57236338 15.36875248 11.28543854
v 9.17157364 24.00000000 14.82842636
v 9.11854172 24.00000000 14.76795769
v 8.82658672 24.00000000 14.43504524
v 9.46436977 21.07348061 15.30449677
v 8.90904617 19.62185860 15.09095383
v 8.30391884 18.18415642 14.83610249
v 7.64654827 16.76495171 14.51346684
v 6.94224787 15.36875248 14.09498978
v 9.91738701 21.07348061 15.60719299
v 9.33894062 19.62185860 15.46796036
v 8.70572472 18.18415642 15.29427528
v 8.01186657 16.76495171 15.06020355
v 7.25896883 15.36875248 14.73723507
v 12.00000000 24.00000000 16.00000000
v 11.47789478 24.00000000 15.96578026
v 11.35954094 24.00000000 15.94223785
v 10.96472454 24.00000000 15.86370373
v 12.54367161 21.07348061 16.12959480
v 12.00000000 19.62185860 16.37126923
v 11.39190292 18.18415642 16.61895180
v 10.69893456 16.76495171 16.85564423
v 9.90501022 15.36875248 17.05775261
v 13.07804012 21.07348061 16.02330017
v 12.57056522 19.62185860 16.33387184
v 12.00000000 18.18415642 16.65880966
v 11.34385395 16.76495171 16.98392677
v 10.58310318 15.36875248 17.28793144
v 14.43504524 24.00000000 15.17341423
v 14.40161800 24.00000000 15.19574928
v 14.00000000 24.00000000 15.46410179
v 14.94526005 21.07348061 14.94526005
v 14.66105938 19.62185860 15.46796036
v 14.32940483 18.18415642 16.03464699
v 13.92372417 16.76495171 16.64427948
v 13.41689777 15.36875248 17.28793144
v 15.30449677 21.07348061 14.53563023
v 15.09095383 19.62185860 15.09095383
v 14.83610249 18.18415642 15.69608212
v 14.51346684 16.76495171 16.35345268
v 14.09498978 15.36875248 17.05775261
v 15.86370373 24.00000000 13.03527641
v 15.83784962 24.00000000 13.11143684
v 15.69551754 24.00000000 13.53073406
v 16.12959480 21.07348061 12.54367161
v 16.22232056 19.62185860 13.13136768
v 16.30417824 18.18415642 13.78284931
v 16.35345268 16.76495171 14.51346684
v 16.34319115 15.36875248 15.33264637
v 16.16522598 21.07348061 12.00000000
v 16.33387184 19.62185860 12.57056522
v 16.50006294 18.18415642 13.20578861
v 16.64427948 16.76495171 13.92372417
v 16.74103165 15.36875248 14.73723507
v 15.46410179 24.00000000 10.00000000
v 15.69551754 24.00000000 10.46926594
v 15.73430729 24.00000000 10.58353519
v 15.86370373 24.00000000 10.96472454
v 15.30449677 21.07348061 9.46436977
v 15.78563118 19.62185860 9.81436539
v 16.30417824 18.18415642 10.21715069
v 16.85564423 16.76495171 10.69893456
v 17.42763710 15.36875248 11.28543854
v 14.94526005 21.07348061 9.05473995
v 15.46796036 19.62185860 9.33894062
v 16.03464699 18.18415642 9.67059517
v 16.64427948 16.76495171 10.07627583
v 17.28793144 15.36875248 10.58310318
v 13.53073406 24.00000000 8.30448246
v 13.56679153 24.00000000 8.32226276
v 14.00000000 24.00000000 8.53589821
v 13.07804012 21.07348061 7.97669983
v 13.67281151 19.62185860 7.96147442
v 14.32940483 18.18415642 7.96535349
v 15.06020355 16.76495171 8.01186657
v 15.87103653 15.36875248 8.12896442
v 6.49840450 24.70530701 17.80796432
v 6.23875856 24.70530701 17.53385925
v 9.44558811 24.70530701 19.58122444
v 8.64088726 24.70530701 19.26060486
v 8.28767776 24.70530701 19.07334518
v 7.87556934 24.70530701 18.85485649
v 7.19534349 24.70530701 18.39365196
v 7.15860653 24.70530701 18.36874580
v 5.90270376 24.70530701 17.17909050
v 5.41878176 24.70530701 16.54250145
v 5.37848806 24.70530701 16.48949623
v 4.93190384 24.70530701 15.74726772
v 4.78270197 24.70530701 15.42477322
v 4.56818628 24.70530701 14.96110439
v 4.31994820 24.70530701 14.22436047
v 4.93190384 24.70530701 8.25273228
v 4.29160023 24.70530701 14.14022732
v 4.10538816 24.70530701 13.29425621
v 4.06937218 24.70530701 12.96309280
v 4.01173258 24.70530701 12.43311119
v 4.01173258 24.70530701 11.67787266
v 4.01173258 24.70530701 11.56688881
v 4.10538816 24.70530701 10.70574379
v 4.17222166 24.70530701 10.40211582
v 4.29160023 24.70530701 9.85977364
v 4.52565908 24.70530701 9.16511154
v 4.56818628 24.70530701 9.03889561
v 5.08073282 24.70530701 8.00537682
v 5.37848806 24.70530701 7.51050377
v 5.80866194 24.70530701 6.94461966
v 5.90270376 24.70530701 6.82090950
v 6.49840450 24.70530701 6.19203615
v 6.70149040 24.70530701 6.01953316
v 7.15860653 24.70530701 5.63125563
v 7.72856712 24.70530701 5.24481249
v 7.87556934 24.70530701 5.14514256
v 8.64088726 24.70530701 4.73939657
v 8.86778450 24.70530701 4.64899302
v 9.44558811 24.70530701 4.41877460
v 10.08770370 24.70530701 4.24049234
v 10.28023624 24.70530701 4.18703556
v 11.13504791 24.70530701 4.04689646
v 11.35675240 24.70530701 4.03487587
v 12.00000000 24.70530701 3.99999976
v 12.64324760 24.70530701 4.03487587
v 12.86495209 24.70530701 4.04689646
v 13.71976376 24.70530701 4.18703556
v 13.91229725 24.70530701 4.24049234
v 14.55441189 24.70530701 4.41877460
v 15.13221550 24.70530701 4.64899302
v 15.35911274 24.70530701 4.73939657
v 16.12443161 24.70530701 5.14514256
v 16.27143288 24.70530701 5.24481249
v 16.84139252 24.70530701 5.63125563
v 17.29850960 24.70530701 6.01953316
v 17.50159645 24.70530701 6.19203615
v 18.09729576 24.70530701 6.82090950
v 18.19133759 24.70530701 6.94461966
v 18.62151146 24.70530701 7.51050377
v 18.91926765 24.70530701 8.00537682
v 19.06809616 24.70530701 8.25273228
v 19.43181419 24.70530701 9.03889561
v 19.47434044 24.70530701 9.16511154
v 19.70840073 24.70530701 9.85977364
v 19.82777977 24.70530701 10.40211582
v 19.89461136 24.70530701 10.70574379
v 19.98826790 24.70530701 11.56688881
v 19.98826790 24.70530701 11.67787266
v 19.98826790 24.70530701 12.43311119
v 19.93062782 24.70530701 12.96309280
v 19.89461136 24.70530701 13.29425621
v 19.70840073 24.70530701 14.14022732
v 19.68005371 24.70530701 14.22436047
v 19.43181419 24.70530701 14.96110439
v 19.21729660 24.70530701 15.42477322
v 19.06809616 24.70530701 15.74726772
v 18.62151146 24.70530701 16.48949623
v 18.58121872 24.70530701 16.54250145
v 18.09729576 24.70530701 17.17909050
v 17.76124191 24.70530701 17.53385925
v 17.50159645 24.70530701 17.80796432
v 16.84139252 24.70530701 18.36874580
v 16.80465698 24.70530701 18.39365196
v 16.12443161 24.70530701 18.85485649
v 15.71232224 24.70530701 19.07334518
v 15.35911274 24.70530701 19.26060486
v 14.55441189 24.70530701 19.58122444
v 14.53302956 24.70530701 19.58716202
v 13.71976376 24.70530701 19.81296349
v 13.28139400 24.70530701 19.88483238
v 12.86495209 24.70530701 19.95310402
v 12.00000000 24.70530701 20.00000000
v 11.13504791 24.70530701 19.95310402
v 10.71860600 24.70530701 19.88483238
v 10.28023624 24.70530701 19.81296349
v 9.46697044 24.70530701 19.58716202
v 19.22587013 26.68320465 8.70005608
v 19.36769676 26.68320465 9.06433392
v 19.53192139 26.64970398 8.99900913
v 19.55493546 26.68320465 9.54525280
v 19.64237976 26.68320465 9.87792969
v 19.81223106 26.64970398 9.83094406
v 19.78551102 26.68320465 10.42245102
v 19.82778358 26.68320465 10.71647167
v 20.00095367 26.64970398 10.68831062
v 19.91458893 26.68320465 11.32021523
v 19.92173195 26.68320465 11.57023144
v 20.09586906 26.64970398 11.56105518
v 19.94048882 26.68320465 12.22684097
v 19.92309952 26.68320465 12.42929459
v 20.09586906 26.64970398 12.43894577
v 19.86287117 26.68320465 13.13051033
v 19.83183670 26.68320465 13.28368378
v 20.00095367 26.64970398 13.31168938
v 19.68275261 26.68320465 14.01944160
v 19.64895058 26.68320465 14.12347317
v 19.81223106 26.64970398 14.16905594
v 19.40247345 26.68320465 14.88204575
v 19.37651253 26.68320465 14.93889427
v 19.53192139 26.64970398 15.00099182
v 19.02569389 26.68320465 15.70707893
v 19.01762962 26.68320465 15.72045708
v 19.16330338 26.64970398 15.79774380
v 8.90774345 26.68320465 19.31715584
v 8.66925240 26.68320465 19.19989777
v 8.59564018 26.64970398 19.35840416
v 8.09380722 26.68320465 18.91696930
v 7.90970945 26.68320465 18.79865837
v 7.82001400 26.64970398 18.94719124
v 7.33079338 26.68320465 18.42661285
v 7.19770145 26.68320465 18.31778145
v 7.09339333 26.64970398 18.45453072
v 6.62865019 26.68320465 17.85247231
v 6.54152012 26.68320465 17.76281738
v 6.42429829 26.64970398 17.88619804
v 5.99653053 26.68320465 17.20203590
v 5.94882393 26.68320465 17.14016914
v 5.82057381 26.64970398 17.24885178
v 5.44267511 26.68320465 16.48378372
v 5.42654037 26.68320465 16.45702744
v 5.28929710 26.64970398 16.54996872
v 4.97430515 26.68320465 15.70707893
v 4.62348700 26.68320465 14.93889427
v 4.46808052 26.64970398 15.00099182
v 4.59752512 26.68320465 14.88204575
v 4.35104990 26.68320465 14.12347317
v 4.18776894 26.64970398 14.16905594
v 4.31724834 26.68320465 14.01944160
v 4.16816378 26.68320465 13.28368378
v 3.99904799 26.64970398 13.31168938
v 4.13712788 26.68320465 13.13051033
v 4.07690001 26.68320465 12.42929459
v 3.90413117 26.64970398 12.43894577
v 4.05951118 26.68320465 12.22684097
v 4.07826900 26.68320465 11.57023144
v 3.90413117 26.64970398 11.56105518
v 4.08541155 26.68320465 11.32021523
v 4.17221594 26.68320465 10.71647167
v 3.99904799 26.64970398 10.68831062
v 4.21449041 26.68320465 10.42245102
v 4.35762024 26.68320465 9.87792969
v 4.18776894 26.64970398 9.83094406
v 4.44506550 26.68320465 9.54525280
v 4.63230419 26.68320465 9.06433392
v 4.46808052 26.64970398 8.99900913
v 4.77413034 26.68320465 8.70005608
v 4.99306488 26.68320465 8.28512955
v 4.83669710 26.64970398 8.20225716
v 6.97152090 26.68320465 5.85042906
v 7.19917917 26.68320465 5.68502569
v 7.09339333 26.64970398 5.54546928
v 7.70529652 26.68320465 5.31731033
v 7.90946579 26.68320465 5.20201063
v 7.82001400 26.64970398 5.05280876
v 8.49505901 26.68320465 4.87131071
v 8.66782475 26.68320465 4.79829931
v 8.59564018 26.64970398 4.64159727
v 9.33051491 26.68320465 4.51824379
v 9.46546936 26.68320465 4.47861814
v 9.41118050 26.64970398 4.31665659
v 10.20077133 26.68320465 4.26271391
v 10.29315281 26.68320465 4.24672651
v 10.25707150 26.64970398 4.08179569
v 11.09448338 26.68320465 4.10805082
v 11.14127731 26.68320465 4.10537529
v 11.12339783 26.64970398 3.93976927
v 3.85010982 24.74807930 11.55812550
v 3.85010982 24.74807930 12.44187450
v 3.69787598 24.81725311 12.45012760
v 13.75455856 24.74807930 4.02895927
v 14.60609531 24.74807930 4.26538706
v 16.20788002 24.74807930 5.00645113
v 16.93934822 24.74807930 5.50239944
v 18.22066116 24.74807930 6.71612310
v 18.75548172 24.74807930 7.41966963
v 19.58217812 24.74807930 8.97898388
v 19.86436081 24.74807930 9.81647110
v 20.14989090 24.74807930 11.55812550
v 20.14989090 24.74807930 12.44187450
v 19.86436081 24.74807930 14.18352890
v 19.58217812 24.74807930 15.02101612
v 18.75548172 24.74807930 16.58032990
v 16.93934822 24.74807930 18.49760056
v 14.60609531 24.74807930 19.73461342
v 11.11754799 24.74807930 20.11401558
v 8.57292366 24.74807930 19.40750313
v 6.38709307 24.74807930 17.92547417
v 4.78889799 24.74807930 15.82308483
v 3.94565988 24.74807930 13.32044220
v 4.41782141 24.74807930 8.97898388
v 5.77933931 24.74807930 6.71612310
v 7.79212141 24.74807930 5.00645113
v 10.24544144 24.74807930 4.02895927
v 11.11754799 24.74807930 3.88598442
v 8.57292366 24.74807930 4.59249592
v 6.38709307 24.74807930 6.07452583
v 4.78889799 24.74807930 8.17691517
v 3.94565988 24.74807930 10.67955780
v 4.13563919 24.74807930 14.18352890
v 5.24451780 24.74807930 16.58032990
v 7.06065273 24.74807930 18.49760056
v 9.39390564 24.74807930 19.73461342
v 12.88245201 24.74807930 20.11401558
v 13.75455856 24.74807930 19.97104073
v 15.42707634 24.74807930 19.40750313
v 16.20788002 24.74807930 18.99354935
v 17.61290741 24.74807930 17.92547417
v 18.22066116 24.74807930 17.28387642
v 19.21110153 24.74807930 15.82308483
v 20.05434036 24.74807930 13.32044220
v 20.05434036 24.74807930 10.67955780
v 19.21110153 24.74807930 8.17691517
v 17.61290741 24.74807930 6.07452583
v 15.42707634 24.74807930 4.59249592
v 12.88245201 24.74807930 3.88598442
v 3.65825939 24.91089058 13.36755848
v 3.79521132 24.81725311 13.34510708
v 3.73822260 25.02637100 14.29387188
v 3.85501790 24.91089058 14.26144314
v 3.98873901 24.81725311 14.22431564
v 3.94153500 25.16045380 15.21078587
v 4.03466463 25.02637100 15.17368031
v 4.14726877 24.91089058 15.12881374
v 4.27619219 24.81725311 15.07744694
v 4.41782141 24.74807930 15.02101612
v 4.26835394 25.30938148 16.09906006
v 4.33592081 25.16045380 16.06323814
v 4.42449284 25.02637100 16.01628113
v 4.53158617 24.91089058 15.95950317
v 4.65420008 24.81725311 15.89449692
v 4.71501637 25.46898270 16.93934250
v 4.75686312 25.30938148 16.91096878
v 4.82016134 25.16045380 16.86805153
v 4.90313673 25.02637100 16.81179237
v 5.00346375 24.91089058 16.74377060
v 5.11833096 24.81725311 16.66588783
v 5.27405739 25.63478088 17.71306610
v 5.29175806 25.46898270 17.69803238
v 5.33029222 25.30938148 17.66530037
v 5.38857889 25.16045380 17.61579132
v 5.46498489 25.02637100 17.55089188
v 5.55736923 24.91089058 17.47241974
v 5.66314268 24.81725311 17.38257599
v 5.77933931 24.74807930 17.28387642
v 4.13563919 24.74807930 9.81647110
v 3.98873901 24.81725311 9.77568436
v 3.79521132 24.81725311 10.65489292
v 3.65825939 24.91089058 10.63244152
v 3.55929971 24.91089058 11.54235840
v 3.43826318 25.02637100 11.53579617
v 3.43826318 25.02637100 12.46420383
v 3.33816099 25.16045380 12.46963120
v 3.43971324 25.16045380 13.40338802
v 3.36424446 25.30938148 13.41576004
v 3.56793880 25.30938148 14.34115028
v 3.51922297 25.46898270 14.35467625
v 3.82352257 25.46898270 15.25780678
v 3.80194831 25.63478088 15.26640224
v 4.20316601 25.63478088 16.13361931
v 4.20737219 25.80212784 16.13138962
v 5.93445063 25.80212784 18.40332413
v 5.93117619 25.63478088 18.40677834
v 5.94714737 25.46898270 18.38991737
v 5.98191643 25.30938148 18.35321236
v 6.03450918 25.16045380 18.29769325
v 6.10345078 25.02637100 18.22491264
v 6.18680954 24.91089058 18.13691139
v 6.28224850 24.81725311 18.03615761
v 4.27619219 24.81725311 8.92255402
v 3.85501790 24.91089058 9.73855686
v 3.53864217 25.02637100 10.61283016
v 3.33816099 25.16045380 11.53036880
v 3.26179719 25.30938148 12.47377110
v 3.31435251 25.46898270 13.42393970
v 3.49684525 25.63478088 14.36088943
v 3.80637121 25.80212784 15.26464081
v 4.23618603 25.96633911 16.11611366
v 6.68206453 25.96633911 18.99562454
v 6.66232824 25.80212784 19.02158737
v 6.65944672 25.63478088 19.02537727
v 6.67350149 25.46898270 19.00688934
v 6.70409822 25.30938148 18.96663857
v 6.75037909 25.16045380 18.90575790
v 6.81104803 25.02637100 18.82595062
v 6.88440323 24.91089058 18.72945213
v 6.96838903 24.81725311 18.61897087
v 5.24451780 24.74807930 7.41966963
v 4.65420008 24.81725311 8.10550308
v 4.14726877 24.91089058 8.87118626
v 3.73822260 25.02637100 9.70612812
v 3.43971324 25.16045380 10.59661293
v 3.26179719 25.30938148 11.52622890
v 3.21131301 25.46898270 12.47650814
v 3.29143357 25.63478088 13.42769718
v 3.50143290 25.80212784 14.35961533
v 3.83666801 25.96633911 15.25256920
v 4.28879976 26.12280464 16.08821869
v 7.50030041 26.12280464 19.47855949
v 7.46959877 25.96633911 19.52958488
v 7.45278502 25.80212784 19.55752945
v 7.45033026 25.63478088 19.56161118
v 7.46230364 25.46898270 19.54170990
v 7.48836946 25.30938148 19.49838829
v 7.52779675 25.16045380 19.43285942
v 7.57948065 25.02637100 19.34696007
v 7.64197302 24.91089058 19.24309921
v 7.71352148 24.81725311 19.12418365
v 7.79212141 24.74807930 18.99354935
v 5.11833096 24.81725311 7.33411264
v 4.53158617 24.91089058 8.04049683
v 4.03466463 25.02637100 8.82631969
v 3.64162683 25.16045380 9.67930889
v 3.36424446 25.30938148 10.58423996
v 3.21131301 25.46898270 11.52349186
v 3.18812299 25.63478088 12.47776604
v 3.29613209 25.80212784 13.42692661
v 3.53285670 25.96633911 14.35089111
v 3.89198875 26.12280464 15.23052692
v 4.36373901 26.26714516 16.04848862
v 8.37086678 26.26714516 19.84424400
v 8.33525276 26.12280464 19.92122269
v 8.31024742 25.96633911 19.97527122
v 8.29655361 25.80212784 20.00486755
v 8.29455471 25.63478088 20.00918961
v 8.30430603 25.46898270 19.98811150
v 8.32553482 25.30938148 19.94222641
v 8.35764599 25.16045380 19.87281799
v 8.39974022 25.02637100 19.78183556
v 8.45063686 24.91089058 19.67182350
v 8.50890827 24.81725311 19.54586983
v 5.66314268 24.81725311 6.61742496
v 5.00346375 24.91089058 7.25623083
v 4.42449284 25.02637100 7.98371983
v 3.94153500 25.16045380 8.78921413
v 3.56793880 25.30938148 9.65884972
v 3.31435251 25.46898270 10.57606030
v 3.18812299 25.63478088 11.52223396
v 3.19287729 25.80212784 12.47750854
v 3.32831597 25.96633911 13.42165089
v 3.59023738 26.12280464 14.33495998
v 3.97078419 26.26714516 15.19913197
v 4.45890236 26.39531136 15.99803734
v 9.27464485 26.39531136 20.08856392
v 9.24025249 26.26714516 20.19063759
v 9.21317005 26.12280464 20.27101898
v 9.19415569 25.96633911 20.32744980
v 9.18374252 25.80212784 20.35835838
v 9.18222237 25.63478088 20.36286926
v 9.18963718 25.46898270 20.34086037
v 9.20578098 25.30938148 20.29294968
v 9.23019886 25.16045380 20.22047615
v 9.26220989 25.02637100 20.12547493
v 9.30091286 24.91089058 20.01060486
v 9.34522629 24.81725311 19.87908936
v 7.06065273 24.74807930 5.50239944
v 6.28224850 24.81725311 5.96384287
v 5.55736923 24.91089058 6.52758026
v 4.90313673 25.02637100 7.18820763
v 4.33592081 25.16045380 7.93676281
v 3.87049103 25.30938148 8.76090813
v 3.51922297 25.46898270 9.64532375
v 3.29143357 25.63478088 10.57230282
v 3.19287729 25.80212784 11.52249146
v 3.22544193 25.96633911 12.47574329
v 3.38708138 26.12280464 13.41201687
v 3.67196465 26.26714516 14.31226730
v 4.07084465 26.39531136 15.15926456
v 4.57162380 26.50371170 15.93827629
v 10.19257545 26.50371170 20.21121216
v 10.16514969 26.39531136 20.33581161
v 10.14199448 26.26714516 20.44100571
v 10.12376022 26.12280464 20.52384186
v 10.11095905 25.96633911 20.58200073
v 10.10394859 25.80212784 20.61385155
v 10.10292530 25.63478088 20.61849976
v 10.10791779 25.46898270 20.59581947
v 10.11878586 25.30938148 20.54644394
v 10.13522625 25.16045380 20.47175598
v 10.15677643 25.02637100 20.37384987
v 10.18283463 24.91089058 20.25546837
v 10.21266747 24.81725311 20.11993408
v 10.24544144 24.74807930 19.97104073
v 6.96838903 24.81725311 5.38102961
v 6.18680954 24.91089058 5.86308908
v 5.46498489 25.02637100 6.44910860
v 4.82016134 25.16045380 7.13194847
v 4.26835394 25.30938148 7.90094042
v 3.82352257 25.46898270 8.74219322
v 3.49684525 25.63478088 9.63911057
v 3.29613209 25.80212784 10.57307339
v 3.22544193 25.96633911 11.52425766
v 3.28490520 26.12280464 12.47251892
v 3.47078395 26.26714516 13.39829445
v 3.77574944 26.39531136 14.28345203
v 4.18936634 26.50371170 15.11204052
v 4.69874287 26.58930969 15.87088203
v 11.10651493 26.58930969 20.21545982
v 11.09095860 26.50371170 20.35849571
v 11.07716465 26.39531136 20.48533058
v 11.06551933 26.26714516 20.59241104
v 11.05634880 26.12280464 20.67673111
v 11.04991055 25.96633911 20.73593521
v 11.04638481 25.80212784 20.76835632
v 11.04586983 25.63478088 20.77308846
v 11.04837990 25.46898270 20.75000191
v 11.05384636 25.30938148 20.69973946
v 11.06211567 25.16045380 20.62371063
v 11.07295418 25.02637100 20.52404785
v 11.08605957 24.91089058 20.40354538
v 11.10106468 24.81725311 20.26557922
v 7.71352148 24.81725311 4.87581730
v 6.88440323 24.91089058 5.27054787
v 6.10345078 25.02637100 5.77508831
v 5.38857889 25.16045380 6.38420820
v 4.75686312 25.30938148 7.08903122
v 4.22368431 25.46898270 7.87725878
v 3.80194831 25.63478088 8.73359776
v 3.50143290 25.80212784 9.64038467
v 3.32831597 25.96633911 10.57834911
v 3.28490520 26.12280464 11.52748108
v 3.36960053 26.26714516 12.46792603
v 3.57707596 26.39531136 13.38086796
v 3.89868212 26.50371170 14.24932003
v 4.32302713 26.58930969 15.05878544
v 4.83669710 26.64970398 15.79774380
v 12.00000000 26.64970398 20.10775948
v 12.00000000 26.58930969 20.26390266
v 12.00000000 26.50371170 20.40778160
v 12.00000000 26.39531136 20.53536415
v 12.00000000 26.26714516 20.64307594
v 12.00000000 26.12280464 20.72789574
v 12.00000000 25.96633911 20.78744507
v 12.00000000 25.80212784 20.82005882
v 12.00000000 25.63478088 20.82481956
v 12.00000000 25.46898270 20.80159569
v 12.00000000 25.30938148 20.75103760
v 12.00000000 25.16045380 20.67456055
v 12.00000000 25.02637100 20.57431221
v 12.00000000 24.91089058 20.45309830
v 12.00000000 24.81725311 20.31431770
v 12.00000000 24.74807930 20.16185951
v 5.82057381 26.64970398 6.75114822
v 6.42429829 26.64970398 6.11380339
v 6.31691885 26.58930969 6.00044441
v 10.25707150 26.64970398 19.91820335
v 9.41118050 26.64970398 19.68334389
v 9.36132336 26.58930969 19.83131409
v 12.00000000 25.63478088 3.17518044
v 11.04638481 25.80212784 3.23164558
v 12.00000000 25.80212784 3.17994142
v 11.04991055 25.96633911 3.26406670
v 12.00000000 25.96633911 3.21255445
v 11.05634880 26.12280464 3.32326818
v 12.00000000 26.12280464 3.27210498
v 11.06551933 26.26714516 3.40759110
v 12.00000000 26.26714516 3.35692430
v 11.07716465 26.39531136 3.51466990
v 12.00000000 26.39531136 3.46463537
v 11.09095860 26.50371170 3.64150476
v 12.00000000 26.50371170 3.59221816
v 11.10651493 26.58930969 3.78454113
v 12.00000000 26.58930969 3.73609734
v 12.00000000 26.64970398 3.89224100
v 12.00000000 26.68320465 4.05627108
v 10.11095905 25.96633911 3.41800046
v 10.12376022 26.12280464 3.47615862
v 10.14199448 26.26714516 3.55899525
v 10.16514969 26.39531136 3.66418719
v 10.19257545 26.50371170 3.78878784
v 10.22350502 26.58930969 3.92930293
v 9.21317005 26.12280464 3.72898293
v 9.24025249 26.26714516 3.80936170
v 9.27464485 26.39531136 3.91143465
v 9.31538296 26.50371170 4.03233910
v 9.36132336 26.58930969 4.16868639
v 8.37086678 26.26714516 4.15575695
v 8.41609383 26.39531136 4.25351286
v 8.46966362 26.50371170 4.36930418
v 8.53007793 26.58930969 4.49988508
v 7.59955978 26.39531136 4.68641138
v 7.66533566 26.50371170 4.79573202
v 7.73951340 26.58930969 4.91901588
v 6.91182709 26.50371170 5.30662346
v 6.99889946 26.58930969 5.42116499
v 6.54519558 26.68320465 6.24170732
v 5.19739580 26.68320465 7.89787912
v 5.43570662 26.68320465 7.54936028
v 5.28929710 26.64970398 7.45003080
v 5.70156717 26.58930969 6.65006304
v 6.21797276 26.50371170 5.89598846
v 6.83461714 26.39531136 5.20505524
v 7.54402924 26.26714516 4.59411860
v 8.33525276 26.12280464 4.07877731
v 9.19415569 25.96633911 3.67254949
v 10.10394859 25.80212784 3.38614917
v 11.04586983 25.63478088 3.22691154
v 12.00000000 25.46898270 3.19840479
v 5.70934343 26.68320465 7.14917898
v 5.95509148 26.68320465 6.86557102
v 6.30329990 26.68320465 6.46371698
v 5.16005898 26.58930969 7.36240482
v 5.59190750 26.50371170 6.55691767
v 6.13023424 26.39531136 5.80336380
v 6.76943350 26.26714516 5.11930752
v 7.50030041 26.12280464 4.52144051
v 8.31024742 25.96633911 4.02473021
v 9.18374252 25.80212784 3.64164352
v 10.10292530 25.63478088 3.38150001
v 11.04837990 25.46898270 3.25000000
v 12.00000000 25.30938148 3.24896359
v 4.69874287 26.58930969 8.12911797
v 5.04097176 26.50371170 7.28166151
v 5.49466848 26.39531136 6.47432184
v 6.05616140 26.26714516 5.72516632
v 6.71810341 26.12280464 5.05178308
v 7.46959877 25.96633911 4.47041464
v 8.29655361 25.80212784 3.99513173
v 9.18222237 25.63478088 3.63713217
v 10.10791779 25.46898270 3.40418148
v 11.05384636 25.30938148 3.30026174
v 12.00000000 25.16045380 3.32543898
v 4.32302713 26.58930969 8.94121456
v 4.57162380 26.50371170 8.06172371
v 4.93537283 26.39531136 7.21006393
v 5.41257572 26.26714516 6.40459156
v 5.99783134 26.12280464 5.66358757
v 6.68206453 25.96633911 5.00437593
v 7.45278502 25.80212784 4.44246960
v 8.29455471 25.63478088 3.99081039
v 9.18963718 25.46898270 3.65914035
v 10.11878586 25.30938148 3.45355749
v 11.06211567 25.16045380 3.37628937
v 12.00000000 25.02637100 3.42568851
v 4.03731680 26.58930969 9.78917217
v 4.18936634 26.50371170 8.88795948
v 4.45890236 26.39531136 8.00196266
v 4.84622145 26.26714516 7.14961767
v 5.34792995 26.12280464 6.34968042
v 5.95687819 25.96633911 5.62035418
v 6.66232824 25.80212784 4.97841263
v 7.45033026 25.63478088 4.43839025
v 8.30430603 25.46898270 4.01188803
v 9.20578098 25.30938148 3.70705223
v 10.13522625 25.16045380 3.52824569
v 11.07295418 25.02637100 3.47595191
v 12.00000000 24.91089058 3.54690194
v 3.84496236 26.58930969 10.66304970
v 3.89868212 26.50371170 9.75067997
v 4.07084465 26.39531136 8.84073639
v 4.36373901 26.26714516 7.95151091
v 4.77601719 26.12280464 7.10201836
v 5.30254221 25.96633911 6.31112862
v 5.93445063 25.80212784 5.59667730
v 6.65944672 25.63478088 4.97462225
v 7.46230364 25.46898270 4.45829010
v 8.32553482 25.30938148 4.05777454
v 9.23019886 25.16045380 3.77952504
v 10.15677643 25.02637100 3.62615108
v 11.08605957 24.91089058 3.59645486
v 12.00000000 24.81725311 3.68568206
v 3.74821758 26.58930969 11.55260086
v 3.70297766 26.50371170 10.63977242
v 3.77574944 26.39531136 9.71654797
v 3.97078419 26.26714516 8.80086803
v 4.28879976 26.12280464 7.91178083
v 4.72672796 25.96633911 7.06859922
v 5.27768612 25.80212784 6.29001522
v 5.93117619 25.63478088 5.59322071
v 6.67350149 25.46898270 4.99311066
v 7.48836946 25.30938148 4.50161123
v 8.35764599 25.16045380 4.12718201
v 9.26220989 25.02637100 3.87452626
v 10.18283463 24.91089058 3.74453044
v 11.10106468 24.81725311 3.73442101
v 12.00000000 24.74807930 3.83813953
v 3.74821758 26.58930969 12.44739914
v 3.60454893 26.50371170 11.54481125
v 3.57707596 26.39531136 10.61913204
v 3.67196465 26.26714516 9.68773270
v 3.89198875 26.12280464 8.76947308
v 4.23618603 25.96633911 7.88388586
v 4.69973469 25.80212784 7.05029726
v 5.27405739 25.63478088 6.28693295
v 5.94714737 25.46898270 5.61008120
v 6.70409822 25.30938148 5.03336048
v 7.52779675 25.16045380 4.56714010
v 8.39974022 25.02637100 4.21816587
v 9.30091286 24.91089058 3.98939466
v 10.21266747 24.81725311 3.88006687
v 3.84496236 26.58930969 13.33695126
v 3.60454893 26.50371170 12.45518875
v 3.47715330 26.39531136 11.53790474
v 3.47078395 26.26714516 10.60170555
v 3.59023738 26.12280464 9.66504002
v 3.83666801 25.96633911 8.74743176
v 4.20737219 25.80212784 7.86861038
v 4.69579411 25.63478088 7.04762506
v 5.29175806 25.46898270 6.30196810
v 5.98191643 25.30938148 5.64678669
v 6.75037909 25.16045380 5.09424210
v 7.57948065 25.02637100 4.65303993
v 8.45063686 24.91089058 4.32817650
v 9.34522629 24.81725311 4.12091064
v 4.03731680 26.58930969 14.21082783
v 3.70297766 26.50371170 13.36022758
v 3.47715330 26.39531136 12.46209526
v 3.36960053 26.26714516 11.53207397
v 3.38708138 26.12280464 10.58798409
v 3.53285670 25.96633911 9.64910889
v 3.80637121 25.80212784 8.73535919
v 4.20316601 25.63478088 7.86638069
v 4.71501637 25.46898270 7.06065845
v 5.33029222 25.30938148 6.33469868
v 6.03450918 25.16045380 5.70230770
v 6.81104803 25.02637100 5.17405033
v 7.64197302 24.91089058 4.75690222
v 8.50890827 24.81725311 4.45412970
v 9.39390564 24.74807930 4.26538706
v 4.98237181 26.68320465 15.72045708
v 4.69973469 25.80212784 16.94970131
v 4.72672796 25.96633911 16.93140221
v 4.77601719 26.12280464 16.89798164
v 4.84622145 26.26714516 16.85038185
v 4.93537283 26.39531136 16.78993607
v 5.04097176 26.50371170 16.71833992
v 5.16005898 26.58930969 16.63759613
v 5.30254221 25.96633911 17.68887138
v 5.34792995 26.12280464 17.65032005
v 5.41257572 26.26714516 17.59540939
v 5.49466848 26.39531136 17.52567863
v 5.59190750 26.50371170 17.44308281
v 5.70156717 26.58930969 17.34993553
v 5.99783134 26.12280464 18.33641243
v 6.05616140 26.26714516 18.27483368
v 6.13023424 26.39531136 18.19663620
v 6.21797276 26.50371170 18.10401154
v 6.31691885 26.58930969 17.99955559
v 6.76943350 26.26714516 18.88069344
v 6.83461714 26.39531136 18.79494476
v 6.91182709 26.50371170 18.69337654
v 6.99889946 26.58930969 18.57883453
v 7.59955978 26.39531136 19.31358910
v 7.66533566 26.50371170 19.20426750
v 7.73951340 26.58930969 19.08098602
v 8.46966362 26.50371170 19.63069725
v 8.53007793 26.58930969 19.50011444
v 9.46749020 26.68320465 19.51687431
v 11.54650211 26.68320465 19.93077278
v 11.14259243 26.68320465 19.88442993
v 11.12339783 26.64970398 20.06023026
v 10.22350502 26.58930969 20.07069778
v 9.31538296 26.50371170 19.96766090
v 8.41609383 26.39531136 19.74648857
v 7.54402924 26.26714516 19.40588188
v 6.71810341 26.12280464 18.94821548
v 5.95687819 25.96633911 18.37964630
v 5.27768612 25.80212784 17.70998573
v 4.69579411 25.63478088 16.95237541
v 4.22368431 25.46898270 16.12274170
v 3.87049103 25.30938148 15.23909283
v 3.64162683 25.16045380 14.32069111
v 3.53864217 25.02637100 13.38716984
v 3.55929971 24.91089058 12.45764160
v 3.69787598 24.81725311 11.54987240
v 10.64541817 26.68320465 19.82738495
v 10.29514122 26.68320465 19.74593163
v 9.76199245 26.68320465 19.62195206
v 12.00000000 26.68320465 19.93077278
v 12.87660313 26.64970398 20.06023026
v 12.85740757 26.68320465 19.88442993
v 12.45349789 26.68320465 19.93077278
v 12.89893627 24.81725311 20.26557922
v 12.91394043 24.91089058 20.40354538
v 12.92704582 25.02637100 20.52404785
v 12.93788433 25.16045380 20.62371063
v 12.94615364 25.30938148 20.69973946
v 12.95162010 25.46898270 20.75000191
v 12.95413113 25.63478088 20.77308846
v 12.95361614 25.80212784 20.76835632
v 12.95008945 25.96633911 20.73593521
v 12.94365120 26.12280464 20.67673111
v 12.93448067 26.26714516 20.59241104
v 12.92283535 26.39531136 20.48533058
v 12.90904140 26.50371170 20.35849571
v 12.89348507 26.58930969 20.21545982
v 13.74292850 26.64970398 19.91820335
v 13.70485878 26.68320465 19.74593163
v 13.35458183 26.68320465 19.82738495
v 13.78733253 24.81725311 20.11993408
v 13.81716633 24.91089058 20.25546837
v 13.84322357 25.02637100 20.37384987
v 13.86477470 25.16045380 20.47175598
v 13.88121414 25.30938148 20.54644394
v 13.89208221 25.46898270 20.59581947
v 13.89707565 25.63478088 20.61849976
v 13.89605141 25.80212784 20.61385155
v 13.88904095 25.96633911 20.58200073
v 13.87623978 26.12280464 20.52384186
v 13.85800552 26.26714516 20.44100571
v 13.83485126 26.39531136 20.33581161
v 13.80742455 26.50371170 20.21121216
v 13.77649498 26.58930969 20.07069778
v 14.58881950 26.64970398 19.68334389
v 14.53250980 26.68320465 19.51687431
v 14.23800755 26.68320465 19.62195206
v 14.65477467 24.81725311 19.87908936
v 14.69908714 24.91089058 20.01060486
v 14.73779011 25.02637100 20.12547493
v 14.76980114 25.16045380 20.22047615
v 14.79421902 25.30938148 20.29294968
v 14.81036282 25.46898270 20.34086037
v 14.81777763 25.63478088 20.36286926
v 14.81625843 25.80212784 20.35835838
v 14.80584526 25.96633911 20.32744980
v 14.78682995 26.12280464 20.27101898
v 14.75974751 26.26714516 20.19063759
v 14.72535515 26.39531136 20.08856392
v 14.68461800 26.50371170 19.96766090
v 14.63867760 26.58930969 19.83131409
v 15.40436077 26.64970398 19.35840416
v 15.33074760 26.68320465 19.19989777
v 15.09225655 26.68320465 19.31715584
v 15.49109173 24.81725311 19.54586983
v 15.54936314 24.91089058 19.67182350
v 15.60026073 25.02637100 19.78183556
v 15.64235401 25.16045380 19.87281799
v 15.67446423 25.30938148 19.94222641
v 15.69569492 25.46898270 19.98811150
v 15.70544624 25.63478088 20.00918961
v 15.70344734 25.80212784 20.00486755
v 15.68975258 25.96633911 19.97527122
v 15.66474915 26.12280464 19.92122269
v 15.62913322 26.26714516 19.84424400
v 15.58390617 26.39531136 19.74648857
v 15.53033638 26.50371170 19.63069725
v 15.46992302 26.58930969 19.50011444
v 16.17998695 26.64970398 18.94719124
v 16.09029007 26.68320465 18.79865837
v 15.90619278 26.68320465 18.91696930
v 16.28647995 24.81725311 19.12418365
v 16.35802650 24.91089058 19.24309921
v 16.42051888 25.02637100 19.34696007
v 16.47220421 25.16045380 19.43285942
v 16.51163101 25.30938148 19.49838829
v 16.53769684 25.46898270 19.54170990
v 16.54966927 25.63478088 19.56161118
v 16.54721451 25.80212784 19.55752945
v 16.53040123 25.96633911 19.52958488
v 16.49970055 26.12280464 19.47855949
v 16.45597076 26.26714516 19.40588188
v 16.40044212 26.39531136 19.31358910
v 16.33466339 26.50371170 19.20426750
v 16.26048660 26.58930969 19.08098602
v 16.90660858 26.64970398 18.45453072
v 16.80229950 26.68320465 18.31778145
v 16.66920662 26.68320465 18.42661285
v 17.03161049 24.81725311 18.61897087
v 17.11559677 24.91089058 18.72945213
v 17.18895149 25.02637100 18.82595062
v 17.24962234 25.16045380 18.90575790
v 17.29590225 25.30938148 18.96663857
v 17.32649803 25.46898270 19.00688934
v 17.34055328 25.63478088 19.02537727
v 17.33767319 25.80212784 19.02158737
v 17.31793594 25.96633911 18.99562454
v 17.28189659 26.12280464 18.94821548
v 17.23056602 26.26714516 18.88069344
v 17.16538239 26.39531136 18.79494476
v 17.08817291 26.50371170 18.69337654
v 17.00110054 26.58930969 18.57883453
v 17.57570076 26.64970398 17.88619804
v 17.45847893 26.68320465 17.76281738
v 17.37134933 26.68320465 17.85247231
v 17.71775246 24.81725311 18.03615761
v 17.81319046 24.91089058 18.13691139
v 17.89654922 25.02637100 18.22491264
v 17.96549225 25.16045380 18.29769325
v 18.01808357 25.30938148 18.35321236
v 18.05285454 25.46898270 18.38991737
v 18.06882477 25.63478088 18.40677834
v 18.06554985 25.80212784 18.40332413
v 18.04312134 25.96633911 18.37964630
v 18.00216866 26.12280464 18.33641243
v 17.94383812 26.26714516 18.27483368
v 17.86976624 26.39531136 18.19663620
v 17.78202629 26.50371170 18.10401154
v 17.68308067 26.58930969 17.99955559
v 18.17942619 26.64970398 17.24885178
v 18.05117798 26.68320465 17.14016914
v 18.00346947 26.68320465 17.20203590
v 18.33685875 24.81725311 17.38257599
v 18.44263077 24.91089058 17.47241974
v 18.53501511 25.02637100 17.55089188
v 18.61142159 25.16045380 17.61579132
v 18.66970825 25.30938148 17.66530037
v 18.70824242 25.46898270 17.69803238
v 18.72594261 25.63478088 17.71306610
v 18.72231483 25.80212784 17.70998573
v 18.69745827 25.96633911 17.68887138
v 18.65207100 26.12280464 17.65032005
v 18.58742523 26.26714516 17.59540939
v 18.50533104 26.39531136 17.52567863
v 18.40809441 26.50371170 17.44308281
v 18.29843140 26.58930969 17.34993553
v 18.71070290 26.64970398 16.54996872
v 18.57345963 26.68320465 16.45702744
v 18.55732536 26.68320465 16.48378372
v 18.88167000 24.81725311 16.66588783
v 18.99653625 24.91089058 16.74377060
v 19.09686279 25.02637100 16.81179237
v 19.17984009 25.16045380 16.86805153
v 19.24313545 25.30938148 16.91096878
v 19.28498459 25.46898270 16.93934250
v 19.30420685 25.63478088 16.95237541
v 19.30026436 25.80212784 16.94970131
v 19.27327156 25.96633911 16.93140221
v 19.22398186 26.12280464 16.89798164
v 19.15377998 26.26714516 16.85038185
v 19.06462669 26.39531136 16.78993607
v 18.95902824 26.50371170 16.71833992
v 18.83994102 26.58930969 16.63759613
v 19.34580040 24.81725311 15.89449692
v 19.46841431 24.91089058 15.95950317
v 19.57550621 25.02637100 16.01628113
v 19.66407967 25.16045380 16.06323814
v 19.73164558 25.30938148 16.09906006
v 19.77631569 25.46898270 16.12274170
v 19.79683304 25.63478088 16.13361931
v 19.79262733 25.80212784 16.13138962
v 19.76381493 25.96633911 16.11611366
v 19.71120071 26.12280464 16.08821869
v 19.63626289 26.26714516 16.04848862
v 19.54109764 26.39531136 15.99803734
v 19.42837524 26.50371170 15.93827629
v 19.30125809 26.58930969 15.87088203
v 19.72380829 24.81725311 15.07744694
v 19.85273170 24.91089058 15.12881374
v 19.96533585 25.02637100 15.17368031
v 20.05846405 25.16045380 15.21078587
v 20.12950897 25.30938148 15.23909283
v 20.17647743 25.46898270 15.25780678
v 20.19805145 25.63478088 15.26640224
v 20.19362831 25.80212784 15.26464081
v 20.16333199 25.96633911 15.25256920
v 20.10801125 26.12280464 15.23052692
v 20.02921677 26.26714516 15.19913197
v 19.92915535 26.39531136 15.15926456
v 19.81063461 26.50371170 15.11204052
v 19.67697144 26.58930969 15.05878544
v 20.01126099 24.81725311 14.22431564
v 20.14498138 24.91089058 14.26144314
v 20.26177788 25.02637100 14.29387188
v 20.35837173 25.16045380 14.32069111
v 20.43206215 25.30938148 14.34115028
v 20.48077774 25.46898270 14.35467625
v 20.50315666 25.63478088 14.36088943
v 20.49856567 25.80212784 14.35961533
v 20.46714401 25.96633911 14.35089111
v 20.40976334 26.12280464 14.33495998
v 20.32803535 26.26714516 14.31226730
v 20.22425079 26.39531136 14.28345203
v 20.10131836 26.50371170 14.24932003
v 19.96268272 26.58930969 14.21082783
v 20.20479012 24.81725311 13.34510708
v 20.34174156 24.91089058 13.36755848
v 20.46135902 25.02637100 13.38716984
v 20.56028748 25.16045380 13.40338802
v 20.63575554 25.30938148 13.41576004
v 20.68564606 25.46898270 13.42393970
v 20.70856667 25.63478088 13.42769718
v 20.70386696 25.80212784 13.42692661
v 20.67168427 25.96633911 13.42165089
v 20.61291695 26.12280464 13.41201687
v 20.52921677 26.26714516 13.39829445
v 20.42292404 26.39531136 13.38086796
v 20.29702187 26.50371170 13.36022758
v 20.15503883 26.58930969 13.33695126
v 20.30212402 24.81725311 12.45012760
v 20.44070053 24.91089058 12.45764160
v 20.56173515 25.02637100 12.46420383
v 20.66183853 25.16045380 12.46963120
v 20.73820305 25.30938148 12.47377110
v 20.78868866 25.46898270 12.47650814
v 20.81187820 25.63478088 12.47776604
v 20.80712318 25.80212784 12.47750854
v 20.77455902 25.96633911 12.47574329
v 20.71509552 26.12280464 12.47251892
v 20.63039970 26.26714516 12.46792603
v 20.52284813 26.39531136 12.46209526
v 20.39545059 26.50371170 12.45518875
v 20.25178337 26.58930969 12.44739914
v 20.30212402 24.81725311 11.54987240
v 20.44070053 24.91089058 11.54235840
v 20.56173515 25.02637100 11.53579617
v 20.66183853 25.16045380 11.53036880
v 20.73820305 25.30938148 11.52622890
v 20.78868866 25.46898270 11.52349186
v 20.81187820 25.63478088 11.52223396
v 20.80712318 25.80212784 11.52249146
v 20.77455902 25.96633911 11.52425766
v 20.71509552 26.12280464 11.52748108
v 20.63039970 26.26714516 11.53207397
v 20.52284813 26.39531136 11.53790474
v 20.39545059 26.50371170 11.54481125
v 20.25178337 26.58930969 11.55260086
v 20.20479012 24.81725311 10.65489292
v 20.34174156 24.91089058 10.63244152
v 20.46135902 25.02637100 10.61283016
v 20.56028748 25.16045380 10.59661293
v 20.63575554 25.30938148 10.58423996
v 20.68564606 25.46898270 10.57606030
v 20.70856667 25.63478088 10.57230282
v 20.70386696 25.80212784 10.57307339
v 20.67168427 25.96633911 10.57834911
v 20.61291695 26.12280464 10.58798409
v 20.52921677 26.26714516 10.60170555
v 20.42292404 26.39531136 10.61913204
v 20.29702187 26.50371170 10.63977242
v 20.15503883 26.58930969 10.66304970
v 20.01126099 24.81725311 9.77568436
v 20.14498138 24.91089058 9.73855686
v 20.26177788 25.02637100 9.70612812
v 20.35837173 25.16045380 9.67930889
v 20.43206215 25.30938148 9.65884972
v 20.48077774 25.46898270 9.64532375
v 20.50315666 25.63478088 9.63911057
v 20.49856567 25.80212784 9.64038467
v 20.46714401 25.96633911 9.64910889
v 20.40976334 26.12280464 9.66504002
v 20.32803535 26.26714516 9.68773270
v 20.22425079 26.39531136 9.71654797
v 20.10131836 26.50371170 9.75067997
v 19.96268272 26.58930969 9.78917217
v 19.72380829 24.81725311 8.92255402
v 19.85273170 24.91089058 8.87118626
v 19.96533585 25.02637100 8.82631969
v 20.05846405 25.16045380 8.78921413
v 20.12950897 25.30938148 8.76090813
v 20.17647743 25.46898270 8.74219322
v 20.19805145 25.63478088 8.73359776
v 20.19362831 25.80212784 8.73535919
v 20.16333199 25.96633911 8.74743176
v 20.10801125 26.12280464 8.76947308
v 20.02921677 26.26714516 8.80086803
v 19.92915535 26.39531136 8.84073639
v 19.81063461 26.50371170 8.88795948
v 19.67697144 26.58930969 8.94121456
v 19.34580040 24.81725311 8.10550308
v 19.46841431 24.91089058 8.04049683
v 19.57550621 25.02637100 7.98371983
v 19.66407967 25.16045380 7.93676281
v 19.73164558 25.30938148 7.90094042
v 19.77631569 25.46898270 7.87725878
v 19.79683304 25.63478088 7.86638069
v 19.79262733 25.80212784 7.86861038
v 19.76381493 25.96633911 7.88388586
v 19.71120071 26.12280464 7.91178083
v 19.63626289 26.26714516 7.95151091
v 19.54109764 26.39531136 8.00196266
v 19.42837524 26.50371170 8.06172371
v 19.30125809 26.58930969 8.12911797
v 19.16330338 26.64970398 8.20225716
v 19.00693512 26.68320465 8.28512955
v 18.71070290 26.64970398 7.45003080
v 18.56429291 26.68320465 7.54936028
v 18.80260277 26.68320465 7.89787912
v 18.88167000 24.81725311 7.33411264
v 18.99653625 24.91089058 7.25623083
v 19.09686279 25.02637100 7.18820763
v 19.17984009 25.16045380 7.13194847
v 19.24313545 25.30938148 7.08903122
v 19.28498459 25.46898270 7.06065845
v 19.30420685 25.63478088 7.04762506
v 19.30026436 25.80212784 7.05029726
v 19.27327156 25.96633911 7.06859922
v 19.22398186 26.12280464 7.10201836
v 19.15377998 26.26714516 7.14961767
v 19.06462669 26.39531136 7.21006393
v 18.95902824 26.50371170 7.28166151
v 18.83994102 26.58930969 7.36240482
v 18.17942619 26.64970398 6.75114822
v 18.04490852 26.68320465 6.86557102
v 18.29065704 26.68320465 7.14917898
v 18.33685875 24.81725311 6.61742496
v 18.44263077 24.91089058 6.52758026
v 18.53501511 25.02637100 6.44910860
v 18.61142159 25.16045380 6.38420820
v 18.66970825 25.30938148 6.33469868
v 18.70824242 25.46898270 6.30196810
v 18.72594261 25.63478088 6.28693295
v 18.72231483 25.80212784 6.29001522
v 18.69745827 25.96633911 6.31112862
v 18.65207100 26.12280464 6.34968042
v 18.58742523 26.26714516 6.40459156
v 18.50533104 26.39531136 6.47432184
v 18.40809441 26.50371170 6.55691767
v 18.29843140 26.58930969 6.65006304
v 17.57570076 26.64970398 6.11380339
v 17.45480537 26.68320465 6.24170732
v 17.69670105 26.68320465 6.46371698
v 17.71775246 24.81725311 5.96384287
v 17.81319046 24.91089058 5.86308908
v 17.89654922 25.02637100 5.77508831
v 17.96549225 25.16045380 5.70230770
v 18.01808357 25.30938148 5.64678669
v 18.05285454 25.46898270 5.61008120
v 18.06882477 25.63478088 5.59322071
v 18.06554985 25.80212784 5.59667730
v 18.04312134 25.96633911 5.62035418
v 18.00216866 26.12280464 5.66358757
v 17.94383812 26.26714516 5.72516632
v 17.86976624 26.39531136 5.80336380
v 17.78202629 26.50371170 5.89598846
v 17.68308067 26.58930969 6.00044441
v 16.90660858 26.64970398 5.54546928
v 16.80082130 26.68320465 5.68502569
v 17.02847862 26.68320465 5.85042906
v 17.03161049 24.81725311 5.38102961
v 17.11559677 24.91089058 5.27054787
v 17.18895149 25.02637100 5.17405033
v 17.24962234 25.16045380 5.09424210
v 17.29590225 25.30938148 5.03336048
v 17.32649803 25.46898270 4.99311066
v 17.34055328 25.63478088 4.97462225
v 17.33767319 25.80212784 4.97841263
v 17.31793594 25.96633911 5.00437593
v 17.28189659 26.12280464 5.05178308
v 17.23056602 26.26714516 5.11930752
v 17.16538239 26.39531136 5.20505524
v 17.08817291 26.50371170 5.30662346
v 17.00110054 26.58930969 5.42116499
v 16.17998695 26.64970398 5.05280876
v 16.09053421 26.68320465 5.20201063
v 16.29470253 26.68320465 5.31731033
v 16.28647995 24.81725311 4.87581730
v 16.35802650 24.91089058 4.75690222
v 16.42051888 25.02637100 4.65303993
v 16.47220421 25.16045380 4.56714010
v 16.51163101 25.30938148 4.50161123
v 16.53769684 25.46898270 4.45829010
v 16.54966927 25.63478088 4.43839025
v 16.54721451 25.80212784 4.44246960
v 16.53040123 25.96633911 4.47041464
v 16.49970055 26.12280464 4.52144051
v 16.45597076 26.26714516 4.59411860
v 16.40044212 26.39531136 4.68641138
v 16.33466339 26.50371170 4.79573202
v 16.26048660 26.58930969 4.91901588
v 15.40436077 26.64970398 4.64159727
v 15.33217525 26.68320465 4.79829931
v 15.50494099 26.68320465 4.87131071
v 15.49109173 24.81725311 4.45412970
v 15.54936314 24.91089058 4.32817650
v 15.60026073 25.02637100 4.21816587
v 15.64235401 25.16045380 4.12718201
v 15.67446423 25.30938148 4.05777454
v 15.69569492 25.46898270 4.01188803
v 15.70544624 25.63478088 3.99081039
v 15.70344734 25.80212784 3.99513173
v 15.68975258 25.96633911 4.02473021
v 15.66474915 26.12280464 4.07877731
v 15.62913322 26.26714516 4.15575695
v 15.58390617 26.39531136 4.25351286
v 15.53033638 26.50371170 4.36930418
v 15.46992302 26.58930969 4.49988508
v 14.58881950 26.64970398 4.31665659
v 14.53453159 26.68320465 4.47861814
v 14.66948509 26.68320465 4.51824379
v 14.65477467 24.81725311 4.12091064
v 14.69908714 24.91089058 3.98939466
v 14.73779011 25.02637100 3.87452626
v 14.76980114 25.16045380 3.77952504
v 14.79421902 25.30938148 3.70705223
v 14.81036282 25.46898270 3.65914035
v 14.81777763 25.63478088 3.63713217
v 14.81625843 25.80212784 3.64164352
v 14.80584526 25.96633911 3.67254949
v 14.78682995 26.12280464 3.72898293
v 14.75974751 26.26714516 3.80936170
v 14.72535515 26.39531136 3.91143465
v 14.68461800 26.50371170 4.03233910
v 14.63867760 26.58930969 4.16868639
v 13.74292850 26.64970398 4.08179569
v 13.70684719 26.68320465 4.24672651
v 13.79922867 26.68320465 4.26271391
v 13.78733253 24.81725311 3.88006687
v 13.81716633 24.91089058 3.74453044
v 13.84322357 25.02637100 3.62615108
v 13.86477470 25.16045380 3.52824569
v 13.88121414 25.30938148 3.45355749
v 13.89208221 25.46898270 3.40418148
v 13.89707565 25.63478088 3.38150001
v 13.89605141 25.80212784 3.38614917
v 13.88904095 25.96633911 3.41800046
v 13.87623978 26.12280464 3.47615862
v 13.85800552 26.26714516 3.55899525
v 13.83485126 26.39531136 3.66418719
v 13.80742455 26.50371170 3.78878784
v 13.77649498 26.58930969 3.92930293
v 12.87660313 26.64970398 3.93976927
v 12.85872364 26.68320465 4.10537529
v 12.90551662 26.68320465 4.10805082
v 12.89893627 24.81725311 3.73442101
v 12.91394043 24.91089058 3.59645486
v 12.92704582 25.02637100 3.47595191
v 12.93788433 25.16045380 3.37628937
v 12.94615364 25.30938148 3.30026174
v 12.95162010 25.46898270 3.25000000
v 12.95413113 25.63478088 3.22691154
v 12.95361614 25.80212784 3.23164558
v 12.95008945 25.96633911 3.26406670
v 12.94365120 26.12280464 3.32326818
v 12.93448067 26.26714516 3.40759110
v 12.92283535 26.39531136 3.51466990
v 12.90904140 26.50371170 3.64150476
v 12.89348507 26.58930969 3.78454113
v 15.18736362 30.00000000 10.32715702
v 15.27972507 30.00000000 10.50219917
v 15.56282234 29.35543060 10.37291336
v 15.36589909 30.00000000 10.72353649
v 15.42908287 30.00000000 10.88582325
v 15.72507286 29.35543060 10.78965092
v 15.49550629 30.00000000 11.13852215
v 15.53373814 30.00000000 11.28397274
v 15.83876133 29.35543060 11.22216606
v 15.57430363 30.00000000 11.56611156
v 15.59232521 30.00000000 11.69145489
v 15.90240574 29.35543060 11.66482162
v 15.60114288 30.00000000 12.00012589
v 15.60408020 30.00000000 12.10296059
v 15.91517544 29.35543060 12.11184692
v 15.57562351 30.00000000 12.43428898
v 15.56885242 30.00000000 12.51312351
v 15.87690639 29.35543060 12.55741501
v 15.49809551 30.00000000 12.86232090
v 15.48709679 30.00000000 12.91659737
v 15.78809547 29.35543060 12.99571514
v 14.69732857 30.00000000 14.38949776
v 14.43798256 30.00000000 14.65635872
v 14.64842319 29.35543060 14.88564777
v 14.38898468 30.00000000 14.69642353
v 14.11928940 30.00000000 14.91695309
v 14.30222225 29.35543060 15.16873550
v 14.04606533 30.00000000 14.96401024
v 13.77296829 30.00000000 15.13952065
v 13.92600727 29.35543060 15.41051483
v 13.67354202 30.00000000 15.18840408
v 13.40353298 30.00000000 15.32115841
v 13.52468300 29.35543060 15.60783195
v 13.27680683 30.00000000 15.36637497
v 13.01580143 30.00000000 15.45950127
v 13.10348225 29.35543060 15.75811577
v 12.86160374 30.00000000 15.49535847
v 12.61482620 30.00000000 15.55274391
v 12.66789722 29.35543060 15.85940838
v 12.43393993 30.00000000 15.57349873
v 12.20583630 30.00000000 15.59967041
v 12.22360420 29.35543060 15.91038513
v 12.00000000 30.00000000 15.59967041
v 11.79416370 30.00000000 15.59967041
v 11.77639580 29.35543060 15.91038513
v 11.56606102 30.00000000 15.57349873
v 11.38517380 30.00000000 15.55274391
v 11.33210278 29.35543060 15.85940838
v 11.13839626 30.00000000 15.49535847
v 10.98419952 30.00000000 15.45950127
v 10.89651775 29.35543060 15.75811577
v 10.72319317 30.00000000 15.36637497
v 10.59646702 30.00000000 15.32115841
v 10.47531700 29.35543060 15.60783195
v 10.32645798 30.00000000 15.18840408
v 10.22703171 30.00000000 15.13952065
v 10.07399368 29.35543060 15.41051483
v 9.95393467 30.00000000 14.96401024
v 9.88071060 30.00000000 14.91695309
v 9.69777775 29.35543060 15.16873550
v 9.61101532 30.00000000 14.69642353
v 9.56201744 30.00000000 14.65635872
v 9.35157681 29.35543060 14.88564777
v 9.30267239 30.00000000 14.38949776
v 9.27510643 30.00000000 14.36113358
v 9.03989983 29.35543060 14.56494045
v 8.50190544 30.00000000 12.86232090
v 8.43114758 30.00000000 12.51312351
v 8.12309456 29.35543060 12.55741501
v 8.42437744 30.00000000 12.43428898
v 8.39591980 30.00000000 12.10296059
v 8.08482456 29.35543060 12.11184692
v 8.39885712 30.00000000 12.00012589
v 8.40767479 30.00000000 11.69145489
v 8.09759426 29.35543060 11.66482162
v 8.42569637 30.00000000 11.56611156
v 8.46626282 30.00000000 11.28397274
v 8.16123962 29.35543060 11.22216606
v 8.50449371 30.00000000 11.13852215
v 8.57091713 30.00000000 10.88582325
v 8.27492809 29.35543060 10.78965092
v 8.63410091 30.00000000 10.72353649
v 8.72027493 30.00000000 10.50219917
v 8.43717766 29.35543060 10.37291336
v 8.81263638 30.00000000 10.32715702
v 8.91238976 30.00000000 10.13810253
v 8.64587498 29.35543060 9.97738838
v 9.03751469 30.00000000 9.95511246
v 9.14475632 30.00000000 9.79827785
v 8.89829922 29.35543060 9.60823059
v 9.30548573 30.00000000 9.61278534
v 9.41434479 30.00000000 9.48715591
v 9.19115734 29.35543060 9.27025318
v 9.61267662 30.00000000 9.30512810
v 9.71764183 30.00000000 9.20879269
v 9.52063370 29.35543060 8.96786308
v 9.95465088 30.00000000 9.03659534
v 10.05069160 30.00000000 8.96681786
v 9.88243198 29.35543060 8.70500088
v 10.32647038 30.00000000 8.81107807
v 10.40915489 30.00000000 8.76438427
v 10.27183723 29.35543060 8.48509407
v 10.72276402 30.00000000 8.63185120
v 10.78835678 30.00000000 8.60413170
v 10.68377113 29.35543060 8.31100941
v 19.16641808 26.81454086 13.03037548
v 19.23715782 26.81454086 12.20674896
v 18.55762100 27.03855133 12.18733692
v 12.00000000 26.81454086 4.75988960
v 19.00224876 26.81454086 13.84056950
v 18.74679947 26.81454086 14.62676716
v 18.40339279 26.81454086 15.37872314
v 17.97650719 26.81454086 16.08662987
v 17.47171021 26.81454086 16.74126434
v 16.89558029 26.81454086 17.33408737
v 16.25563049 26.81454086 17.85737228
v 15.56020069 26.81454086 18.30429840
v 14.81835938 26.81454086 18.66903687
v 14.03977489 26.81454086 18.94683647
v 13.23459911 26.81454086 19.13407135
v 12.41332912 26.81454086 19.22830200
v 11.58667088 26.81454086 19.22830200
v 10.76540089 26.81454086 19.13407135
v 9.96022511 26.81454086 18.94683647
v 9.18164062 26.81454086 18.66903687
v 8.43979931 26.81454086 18.30429840
v 7.74436998 26.81454086 17.85737228
v 7.10441923 26.81454086 17.33408737
v 6.52828979 26.81454086 16.74126434
v 6.02349281 26.81454086 16.08662987
v 5.25320196 26.81454086 14.62676716
v 4.99775028 26.81454086 13.84056950
v 4.83358383 26.81454086 13.03037548
v 4.76284218 26.81454086 12.20674896
v 4.78644848 26.81454086 11.38042736
v 4.90409422 26.81454086 10.56218338
v 5.11424637 26.81454086 9.76268291
v 5.41416407 26.81454086 8.99234962
v 5.79993868 26.81454086 8.26122475
v 6.26654053 26.81454086 7.57884169
v 6.80788660 26.81454086 6.95409536
v 7.41692019 26.81454086 6.39512968
v 8.08570194 26.81454086 5.90923166
v 8.80551052 26.81454086 5.50273657
v 9.56696510 26.81454086 5.18094301
v 10.36013889 26.81454086 4.94804668
v 11.17469025 26.81454086 4.80708313
v 5.59660816 26.81454086 15.37872314
v 19.21355247 26.81454086 11.38042736
v 19.09590530 26.81454086 10.56218338
v 18.88575363 26.81454086 9.76268291
v 18.58583641 26.81454086 8.99234962
v 18.20006180 26.81454086 8.26122475
v 17.73345947 26.81454086 7.57884169
v 17.19211388 26.81454086 6.95409536
v 16.58308029 26.81454086 6.39512968
v 15.91429901 26.81454086 5.90923166
v 15.19448948 26.81454086 5.50273657
v 14.43303490 26.81454086 5.18094301
v 13.63986206 26.81454086 4.94804668
v 12.82530975 26.81454086 4.80708313
v 17.89473152 27.35123444 11.49370193
v 18.53623199 27.03855133 11.43860245
v 17.21406937 27.74699783 10.94349289
v 17.79859543 27.35123444 10.82505322
v 18.42963409 27.03855133 10.69718742
v 16.54770660 28.21877480 10.52236080
v 17.05965042 27.74699783 10.35601997
v 17.62686348 27.35123444 10.17172146
v 18.23921394 27.03855133 9.97275639
v 15.92159271 28.75813103 10.20906830
v 16.34962463 28.21877480 10.01359367
v 16.83926964 27.74699783 9.78997993
v 17.38177872 27.35123444 9.54222488
v 17.96745491 27.03855133 9.27475452
v 11.50856209 28.75813103 7.71691608
v 12.00000000 28.75813103 7.68881416
v 12.00000000 28.21877480 7.21825933
v 15.35412502 29.35543060 9.97738838
v 15.69188023 28.75813103 9.77371407
v 16.09483910 28.21877480 9.53072166
v 16.55580330 27.74699783 9.25275040
v 17.06653214 27.35123444 8.94476891
v 17.61790276 27.03855133 8.61227989
v 12.00000000 29.35543060 8.08322716
v 11.55352116 29.35543060 8.10875702
v 11.11286354 29.35543060 8.18501568
v 5.76078749 27.03855133 9.97275639
v 5.57036781 27.03855133 10.69718742
v 6.20140600 27.35123444 10.82505322
v 6.10526896 27.35123444 11.49370193
v 6.69948530 27.74699783 11.54473877
v 6.68213940 27.74699783 12.15191936
v 7.22020912 28.21877480 12.13654804
v 7.26693010 28.21877480 12.68051243
v 7.73269606 28.75813103 12.61354637
v 7.83045053 28.75813103 13.09598255
v 8.21190548 29.35543060 12.99571514
v 8.35010052 29.35543060 13.42103577
v 5.46376896 27.03855133 11.43860245
v 5.44237900 27.03855133 12.18733692
v 6.08597851 27.35123444 12.16895008
v 6.14378643 27.35123444 12.84199715
v 6.73412037 27.74699783 12.75712013
v 6.85474968 27.74699783 13.35244942
v 7.37535429 28.21877480 13.21560574
v 7.54406786 28.21877480 13.73485279
v 7.98256159 28.75813103 13.56413078
v 8.18704510 28.75813103 14.01188946
v 8.53587723 29.35543060 13.82783031
v 8.76681423 29.35543060 14.21079636
v 9.02371883 30.00000000 14.03512859
v 9.03337860 30.00000000 14.04765511
v 13.84824848 27.03855133 18.29455757
v 14.55372715 27.03855133 18.04284286
v 14.30309105 27.35123444 17.44976807
v 14.90930557 27.35123444 17.15171242
v 14.61603355 27.74699783 16.63239479
v 15.12703514 27.74699783 16.30399323
v 14.81063652 28.21877480 15.86850929
v 15.23329353 28.21877480 15.52290535
v 14.91511631 28.75813103 15.17622852
v 15.25817680 28.75813103 14.82322598
v 14.96010017 29.35543060 14.56494045
v 15.23318577 29.35543060 14.21079636
v 15.22591305 27.03855133 17.71235275
v 15.85604668 27.03855133 17.30739212
v 15.47759342 27.35123444 16.78649712
v 16.00054550 27.35123444 16.35888100
v 15.59727097 27.74699783 15.91948414
v 16.02061081 27.74699783 15.48387814
v 15.61379910 28.21877480 15.13137436
v 15.94719315 28.21877480 14.69902134
v 15.55876255 28.75813103 14.43341923
v 15.81295395 28.75813103 14.01188946
v 15.46412373 29.35543060 13.82783031
v 15.64989948 29.35543060 13.42103577
v 15.35988426 30.00000000 13.30812168
v 15.36966133 30.00000000 13.27802944
v 12.00000000 30.00000000 8.39444923
v 11.58899784 30.00000000 8.41795063
v 11.56561756 30.00000000 8.42199707
v 11.18335438 30.00000000 8.48815060
v 11.13781166 30.00000000 8.50152206
v 11.02353096 28.75813103 7.80085373
v 11.45492268 28.21877480 7.24942780
v 12.00000000 27.74699783 6.67996979
v 10.55122948 28.75813103 7.93953419
v 10.91695118 28.21877480 7.34252739
v 11.39356232 27.74699783 6.71464729
v 12.00000000 27.35123444 6.08356571
v 10.09781361 28.75813103 8.13114834
v 10.39309883 28.21877480 7.49634457
v 10.79503059 27.74699783 6.81822729
v 11.32557774 27.35123444 6.12213039
v 12.00000000 27.03855133 5.43970394
v 9.66919804 28.75813103 8.37320042
v 9.89019489 28.21877480 7.70887375
v 10.21220684 27.74699783 6.98935986
v 10.65994740 27.35123444 6.23732233
v 11.25218296 27.03855133 5.48246527
v 9.27096558 28.75813103 8.66253185
v 9.41479588 28.21877480 7.97734404
v 9.65269089 27.74699783 7.22581339
v 10.01178551 27.35123444 6.42763948
v 10.51411438 27.03855133 5.61019325
v 8.90831184 28.75813103 8.99537277
v 8.97309875 28.21877480 8.29825592
v 9.12377453 27.74699783 7.52450609
v 9.38954353 27.35123444 6.69060135
v 9.79541588 27.03855133 5.82122183
v 8.58596230 28.75813103 9.36738396
v 8.57086086 28.21877480 8.66742516
v 8.63235474 27.74699783 7.88154364
v 8.80133343 27.35123444 7.02277899
v 9.10545921 27.03855133 6.11280060
v 8.30811977 28.75813103 9.77371407
v 8.21332836 28.21877480 9.08003998
v 8.18483734 27.74699783 8.29227066
v 8.25482368 27.35123444 7.41984224
v 8.45323563 27.03855133 6.48112774
v 8.07840729 28.75813103 10.20906830
v 7.90516090 28.21877480 9.53072166
v 7.78705645 27.74699783 8.75133419
v 7.75713730 27.35123444 7.87661409
v 7.84725142 27.03855133 6.92140150
v 7.89981890 28.75813103 10.66777039
v 7.65037584 28.21877480 10.01359367
v 7.44419718 27.74699783 9.25275040
v 7.31476259 27.35123444 8.38714218
v 7.29540300 27.03855133 7.42788315
v 7.77468204 28.75813103 11.14383984
v 7.45229435 28.21877480 10.52236080
v 7.16073084 27.74699783 9.78997993
v 6.93346739 27.35123444 8.94476891
v 6.80488682 27.03855133 7.99396896
v 7.70462894 28.75813103 11.63107109
v 7.31349945 28.21877480 11.05039215
v 6.94035101 27.74699783 10.35601997
v 6.61822224 27.35123444 9.54222488
v 6.38209677 27.03855133 8.61227989
v 7.69057274 28.75813103 12.12311077
v 7.23579979 28.21877480 11.59080315
v 6.78593159 27.74699783 10.94349289
v 6.37313700 27.35123444 10.17172146
v 6.03254461 27.03855133 9.27475452
v 8.81113243 30.00000000 13.68259239
v 8.64011574 30.00000000 13.30812168
v 8.63033867 30.00000000 13.27802944
v 8.51290321 30.00000000 12.91659737
v 8.44123745 28.75813103 14.43341923
v 7.77087069 28.21877480 14.23148251
v 7.04245567 27.74699783 13.93014717
v 6.27793932 27.35123444 13.50406647
v 5.50647831 27.03855133 12.93362808
v 8.74182320 28.75813103 14.82322598
v 8.05280685 28.21877480 14.69902134
v 7.29479027 27.74699783 14.48268414
v 6.48668766 27.35123444 14.14652824
v 5.65523005 27.03855133 13.66774750
v 9.08488369 28.75813103 15.17622852
v 8.38620090 28.21877480 15.13137436
v 7.60846472 27.74699783 15.00285530
v 6.76731062 27.35123444 14.76100636
v 5.88669586 27.03855133 14.38012600
v 9.46594906 28.75813103 15.48782253
v 8.76670742 28.21877480 15.52290535
v 7.97938919 27.74699783 15.48387814
v 7.11614943 27.35123444 15.33949184
v 6.19785833 27.03855133 15.06147671
v 9.88004780 28.75813103 15.75394726
v 9.18936348 28.21877480 15.86850929
v 8.40272903 27.74699783 15.91948414
v 7.52865744 27.35123444 15.87444019
v 6.58465958 27.03855133 15.70291424
v 10.32178497 28.75813103 15.97113514
v 9.64866066 28.21877480 16.16368294
v 8.87296581 27.74699783 16.30399323
v 7.99945545 27.35123444 16.35888100
v 7.04205894 27.03855133 16.29608154
v 10.78539944 28.75813103 16.13655281
v 10.13861084 28.21877480 16.40457535
v 9.38396645 27.74699783 16.63239479
v 8.52240753 27.35123444 16.78649712
v 7.56409264 27.03855133 16.83324051
v 11.26484776 28.75813103 16.24804306
v 10.65282822 28.21877480 16.58804703
v 9.92907143 27.74699783 16.90040588
v 9.09069443 27.35123444 17.15171242
v 8.14395523 27.03855133 17.30739212
v 11.75387955 28.75813103 16.30415344
v 11.18460655 28.21877480 16.71170616
v 10.50117397 27.74699783 17.10453224
v 9.69690895 27.35123444 17.44976807
v 8.77408695 27.03855133 17.71235275
v 12.24612045 28.75813103 16.30415344
v 11.72701645 28.21877480 16.77394295
v 11.09281635 27.74699783 17.24211121
v 10.33314800 27.35123444 17.67677879
v 9.44627285 27.03855133 18.04284286
v 12.73515224 28.75813103 16.24804306
v 12.27298355 28.21877480 16.77394295
v 11.69628525 27.74699783 17.31135368
v 10.99111652 27.35123444 17.82978058
v 10.15175152 27.03855133 18.29455757
v 13.21460152 28.75813103 16.13655281
v 12.81539345 28.21877480 16.71170616
v 12.30371475 27.74699783 17.31135368
v 11.66223812 27.35123444 17.90678406
v 10.88132477 27.03855133 18.46421242
v 13.67821503 28.75813103 15.97113514
v 13.34717178 28.21877480 16.58804703
v 12.90718365 27.74699783 17.24211121
v 12.33776188 27.35123444 17.90678406
v 11.62548065 27.03855133 18.54959679
v 14.11995220 28.75813103 15.75394726
v 13.86138916 28.21877480 16.40457535
v 13.49882603 27.74699783 17.10453224
v 13.00888348 27.35123444 17.82978058
v 12.37451935 27.03855133 18.54959679
v 14.53405190 28.75813103 15.48782253
v 14.35134029 28.21877480 16.16368294
v 14.07092857 27.74699783 16.90040588
v 13.66685200 27.35123444 17.67677879
v 13.11867619 27.03855133 18.46421242
v 15.18886852 30.00000000 13.68259239
v 14.97628212 30.00000000 14.03512859
v 14.96662235 30.00000000 14.04765511
v 14.72489357 30.00000000 14.36113358
v 16.01743889 28.75813103 13.56413078
v 16.22912979 28.21877480 14.23148251
v 16.39153481 27.74699783 15.00285530
v 16.47134399 27.35123444 15.87444019
v 16.43590736 27.03855133 16.83324051
v 16.16954994 28.75813103 13.09598255
v 16.45593262 28.21877480 13.73485279
v 16.70520973 27.74699783 14.48268414
v 16.88385010 27.35123444 15.33949184
v 16.95794296 27.03855133 16.29608154
v 16.26730347 28.75813103 12.61354637
v 16.62464714 28.21877480 13.21560574
v 16.95754433 27.74699783 13.93014717
v 17.23269081 27.35123444 14.76100636
v 17.41534042 27.03855133 15.70291424
v 16.30942726 28.75813103 12.12311077
v 16.73306847 28.21877480 12.68051243
v 17.14525032 27.74699783 13.35244942
v 17.51331329 27.35123444 14.14652824
v 17.80214119 27.03855133 15.06147671
v 16.29537201 28.75813103 11.63107109
v 16.77979088 28.21877480 12.13654804
v 17.26588058 27.74699783 12.75712013
v 17.72206116 27.35123444 13.50406647
v 18.11330414 27.03855133 14.38012600
v 16.22531700 28.75813103 11.14383984
v 16.76420212 28.21877480 11.59080315
v 17.31786156 27.74699783 12.15191936
v 17.85621452 27.35123444 12.84199715
v 18.34477043 27.03855133 13.66774750
v 16.10018158 28.75813103 10.66777039
v 16.68650055 28.21877480 11.05039215
v 17.30051422 27.74699783 11.54473877
v 17.91402054 27.35123444 12.16895008
v 18.49352264 27.03855133 12.93362808
v 15.08761024 30.00000000 10.13810253
v 15.10170078 29.35543060 9.60823059
v 14.85524464 30.00000000 9.79827785
v 14.96248531 30.00000000 9.95511246
v 17.19511223 27.03855133 7.99396896
v 16.68523788 27.35123444 8.38714218
v 16.21294403 27.74699783 8.75133419
v 15.78667164 28.21877480 9.08003998
v 15.41403770 28.75813103 9.36738396
v 14.80884266 29.35543060 9.27025318
v 14.58565521 30.00000000 9.48715591
v 14.69451427 30.00000000 9.61278534
v 16.70459747 27.03855133 7.42788315
v 16.24286270 27.35123444 7.87661409
v 15.81516266 27.74699783 8.29227066
v 15.42913914 28.21877480 8.66742516
v 15.09168816 28.75813103 8.99537277
v 14.47936630 29.35543060 8.96786308
v 14.28235912 30.00000000 9.20879269
v 14.38732338 30.00000000 9.30512810
v 16.15274811 27.03855133 6.92140150
v 15.74517632 27.35123444 7.41984224
v 15.36764622 27.74699783 7.88154364
v 15.02690220 28.21877480 8.29825592
v 14.72903442 28.75813103 8.66253185
v 14.11756802 29.35543060 8.70500088
v 13.94930840 30.00000000 8.96681786
v 14.04534912 30.00000000 9.03659534
v 15.54676437 27.03855133 6.48112774
v 15.19866657 27.35123444 7.02277899
v 14.87622643 27.74699783 7.52450609
v 14.58520412 28.21877480 7.97734404
v 14.33080292 28.75813103 8.37320042
v 13.72816277 29.35543060 8.48509407
v 13.59084511 30.00000000 8.76438427
v 13.67352962 30.00000000 8.81107807
v 14.89454174 27.03855133 6.11280060
v 14.61045647 27.35123444 6.69060135
v 14.34730911 27.74699783 7.22581339
v 14.10980511 28.21877480 7.70887375
v 13.90218639 28.75813103 8.13114834
v 13.31622887 29.35543060 8.31100941
v 13.21164322 30.00000000 8.60413170
v 13.27723598 30.00000000 8.63185120
v 14.20458412 27.03855133 5.82122183
v 13.98821449 27.35123444 6.42763948
v 13.78779316 27.74699783 6.98935986
v 13.60690117 28.21877480 7.49634457
v 13.44877148 28.75813103 7.93953419
v 12.88713741 29.35543060 8.18501568
v 12.81664658 30.00000000 8.48815060
v 12.86218834 30.00000000 8.50152206
v 13.48588657 27.03855133 5.61019325
v 13.34005356 27.35123444 6.23732233
v 13.20496941 27.74699783 6.81822729
v 13.08304882 28.21877480 7.34252739
v 12.97646904 28.75813103 7.80085373
v 12.44647884 29.35543060 8.10875702
v 12.41100216 30.00000000 8.41795063
v 12.43438339 30.00000000 8.42199707
v 12.74781799 27.03855133 5.48246527
v 12.67442322 27.35123444 6.12213039
v 12.60643864 27.74699783 6.71464729
v 12.54507732 28.21877480 7.24942780
v 12.49143887 28.75813103 7.71691608
v 12.19755554 42.95115662 11.19848347
v 12.09950352 42.95115662 11.18051434
v 12.00000000 43.00000000 12.00000000
v 12.29272747 42.95115662 11.22814083
v 12.38363171 42.95115662 11.26905251
v 12.46893978 42.95115662 11.32062340
v 12.54741096 42.95115662 11.38210106
v 12.61789894 42.95115662 11.45258904
v 12.67937660 42.95115662 11.53106022
v 12.73094749 42.95115662 11.61636925
v 12.77186012 42.95115662 11.70727253
v 12.80151653 42.95115662 11.80244446
v 12.81948566 42.95115662 11.90049648
v 12.82550430 42.95115662 12.00000000
v 12.81948566 42.95115662 12.09950352
v 12.80151653 42.95115662 12.19755554
v 12.77186012 42.95115662 12.29272747
v 12.73094749 42.95115662 12.38363171
v 12.67937660 42.95115662 12.46893978
v 12.61789894 42.95115662 12.54741096
v 12.54741096 42.95115662 12.61789894
v 12.46893978 42.95115662 12.67937660
v 12.38363171 42.95115662 12.73094749
v 12.29272747 42.95115662 12.77186012
v 12.19755554 42.95115662 12.80151653
v 12.09950352 42.95115662 12.81948566
v 12.00000000 42.95115662 12.82550430
v 11.90049648 42.95115662 12.81948566
v 11.80244446 42.95115662 12.80151653
v 11.70727253 42.95115662 12.77186012
v 11.61636925 42.95115662 12.73094749
v 11.53106022 42.95115662 12.67937660
v 11.45258904 42.95115662 12.61789894
v 11.38210106 42.95115662 12.54741096
v 11.32062340 42.95115662 12.46893978
v 11.26905251 42.95115662 12.38363171
v 11.22814083 42.95115662 12.29272747
v 11.19848347 42.95115662 12.19755554
v 11.18051434 42.95115662 12.09950352
v 11.17449665 42.95115662 12.00000000
v 11.18051434 42.95115662 11.90049648
v 11.19848347 42.95115662 11.80244446
v 11.22814083 42.95115662 11.70727253
v 11.26905251 42.95115662 11.61636925
v 11.32062340 42.95115662 11.53106022
v 11.38210106 42.95115662 11.45258904
v 11.45258904 42.95115662 11.38210106
v 11.53106022 42.95115662 11.32062340
v 11.61636925 42.95115662 11.26905251
v 11.70727253 42.95115662 11.22814083
v 11.80244446 42.95115662 11.19848347
v 11.90049648 42.95115662 11.18051434
v 12.00000000 42.95115662 11.17449665
v 10.97382259 30.46706772 7.83663416
v 11.48314285 30.46706772 7.74329758
v 10.47946644 30.46706772 7.99068165
v 10.00728226 30.46706772 8.20319366
v 9.56415749 30.46706772 8.47107220
v 9.15655231 30.46706772 8.79041100
v 8.79041100 30.46706772 9.15655231
v 8.47107220 30.46706772 9.56415749
v 8.20319366 30.46706772 10.00728226
v 7.99068165 30.46706772 10.47946644
v 7.83663416 30.46706772 10.97382259
v 7.74329758 30.46706772 11.48314285
v 7.71203375 30.46706772 12.00000000
v 7.74329758 30.46706772 12.51685715
v 7.83663416 30.46706772 13.02617836
v 7.99068165 30.46706772 13.52053452
v 8.20319366 30.46706772 13.99271774
v 8.47107220 30.46706772 14.43584251
v 8.79041100 30.46706772 14.84344769
v 9.15655231 30.46706772 15.20958900
v 9.56415749 30.46706772 15.52892780
v 10.00728226 30.46706772 15.79680634
v 10.47946644 30.46706772 16.00931931
v 10.97382259 30.46706772 16.16336632
v 11.48314285 30.46706772 16.25670242
v 12.00000000 30.46706772 16.28796768
v 12.51685715 30.46706772 16.25670242
v 13.02617836 30.46706772 16.16336632
v 13.52053452 30.46706772 16.00931931
v 13.99271774 30.46706772 15.79680634
v 14.43584251 30.46706772 15.52892780
v 14.84344769 30.46706772 15.20958900
v 15.20958900 30.46706772 14.84344769
v 15.52892780 30.46706772 14.43584251
v 15.79680634 30.46706772 13.99271774
v 16.00931931 30.46706772 13.52053452
v 16.16336632 30.46706772 13.02617836
v 16.25670242 30.46706772 12.51685715
v 16.28796768 30.46706772 12.00000000
v 16.25670242 30.46706772 11.48314285
v 16.16336632 30.46706772 10.97382259
v 16.00931931 30.46706772 10.47946644
v 15.79680634 30.46706772 10.00728226
v 15.52892780 30.46706772 9.56415749
v 15.20958900 30.46706772 9.15655231
v 14.84344769 30.46706772 8.79041100
v 14.43584251 30.46706772 8.47107220
v 13.99271774 30.46706772 8.20319366
v 13.52053452 30.46706772 7.99068165
v 13.02617836 30.46706772 7.83663416
v 12.51685715 30.46706772 7.74329758
v 12.00000000 30.46706772 7.71203375
v 12.59189987 31.01135254 7.12526417
v 13.17516899 31.01135254 7.23215199
v 13.74130154 31.01135254 7.40856600
v 14.28204155 31.01135254 7.65193367
v 14.78950500 31.01135254 7.95870543
v 15.25629044 31.01135254 8.32440853
v 15.67559147 31.01135254 8.74370956
v 16.04129410 31.01135254 9.21049500
v 16.34806824 31.01135254 9.71795940
v 16.59143257 31.01135254 10.25869846
v 16.76784897 31.01135254 10.82483101
v 16.87473679 31.01135254 11.40810013
v 16.91053963 31.01135254 12.00000000
v 16.87473679 31.01135254 12.59189987
v 16.76784897 31.01135254 13.17516899
v 16.59143257 31.01135254 13.74130154
v 16.34806824 31.01135254 14.28204155
v 16.04129410 31.01135254 14.78950500
v 15.67559147 31.01135254 15.25629044
v 15.25629044 31.01135254 15.67559147
v 14.78950500 31.01135254 16.04129410
v 14.28204155 31.01135254 16.34806824
v 13.74130154 31.01135254 16.59143257
v 13.17516899 31.01135254 16.76784897
v 12.59189987 31.01135254 16.87473679
v 12.00000000 31.01135254 16.91053963
v 11.40810013 31.01135254 16.87473679
v 10.82483101 31.01135254 16.76784897
v 10.25869846 31.01135254 16.59143257
v 9.71795940 31.01135254 16.34806824
v 9.21049500 31.01135254 16.04129410
v 8.74370956 31.01135254 15.67559147
v 8.32440853 31.01135254 15.25629044
v 7.95870543 31.01135254 14.78950500
v 7.65193367 31.01135254 14.28204155
v 7.40856600 31.01135254 13.74130154
v 7.23215199 31.01135254 13.17516899
v 7.12526417 31.01135254 12.59189987
v 7.08946085 31.01135254 12.00000000
v 7.12526417 31.01135254 11.40810013
v 7.23215199 31.01135254 10.82483101
v 7.40856600 31.01135254 10.25869846
v 7.65193367 31.01135254 9.71795940
v 7.95870543 31.01135254 9.21049500
v 8.32440853 31.01135254 8.74370956
v 8.74370956 31.01135254 8.32440853
v 9.21049500 31.01135254 7.95870543
v 9.71795940 31.01135254 7.65193367
v 10.25869846 31.01135254 7.40856600
v 10.82483101 31.01135254 7.23215199
v 11.40810013 31.01135254 7.12526417
v 12.00000000 31.01135254 7.08946085
v 12.65868282 31.62525940 6.57526207
v 13.30775928 31.62525940 6.69421005
v 13.93776798 31.62525940 6.89052820
v 14.53951740 31.62525940 7.16135406
v 15.10423565 31.62525940 7.50273848
v 15.62368774 31.62525940 7.90970230
v 16.09029770 31.62525940 8.37631226
v 16.49726105 31.62525940 8.89576435
v 16.83864594 31.62525940 9.46048260
v 17.10947227 31.62525940 10.06223297
v 17.30578995 31.62525940 10.69224072
v 17.42473793 31.62525940 11.34131718
v 17.46458244 31.62525940 12.00000000
v 17.42473793 31.62525940 12.65868282
v 17.30578995 31.62525940 13.30775928
v 17.10947227 31.62525940 13.93776798
v 16.83864594 31.62525940 14.53951740
v 16.49726105 31.62525940 15.10423565
v 16.09029770 31.62525940 15.62368774
v 15.62368774 31.62525940 16.09029770
v 15.10423565 31.62525940 16.49726105
v 14.53951740 31.62525940 16.83864594
v 13.93776798 31.62525940 17.10947227
v 13.30775928 31.62525940 17.30578995
v 12.65868282 31.62525940 17.42473793
v 12.00000000 31.62525940 17.46458244
v 11.34131718 31.62525940 17.42473793
v 10.69224072 31.62525940 17.30578995
v 10.06223297 31.62525940 17.10947227
v 9.46048260 31.62525940 16.83864594
v 8.89576435 31.62525940 16.49726105
v 8.37631226 31.62525940 16.09029770
v 7.90970230 31.62525940 15.62368774
v 7.50273848 31.62525940 15.10423565
v 7.16135406 31.62525940 14.53951740
v 6.89052820 31.62525940 13.93776798
v 6.69421005 31.62525940 13.30775928
v 6.57526207 31.62525940 12.65868282
v 6.53541946 31.62525940 12.00000000
v 6.57526207 31.62525940 11.34131718
v 6.69421005 31.62525940 10.69224072
v 6.89052820 31.62525940 10.06223297
v 7.16135406 31.62525940 9.46048260
v 7.50273848 31.62525940 8.89576435
v 7.90970230 31.62525940 8.37631226
v 8.37631226 31.62525940 7.90970230
v 8.89576435 31.62525940 7.50273848
v 9.46048260 31.62525940 7.16135406
v 10.06223297 31.62525940 6.89052820
v 10.69224072 31.62525940 6.69421005
v 11.34131718 31.62525940 6.57526207
v 12.00000000 31.62525940 6.53541946
v 12.71627235 32.30022049 6.10096788
v 13.42210007 32.30022049 6.23031569
v 14.10718918 32.30022049 6.44379854
v 14.76155186 32.30022049 6.73830271
v 15.37564373 32.30022049 7.10953474
v 15.94051361 32.30022049 7.55208063
v 16.44791985 32.30022049 8.05948734
v 16.89046669 32.30022049 8.62435627
v 17.26169777 32.30022049 9.23844814
v 17.55620193 32.30022049 9.89281082
v 17.76968575 32.30022049 10.57789993
v 17.89903259 32.30022049 11.28372860
v 17.94235802 32.30022049 12.00000000
v 17.89903259 32.30022049 12.71627235
v 17.76968575 32.30022049 13.42210007
v 17.55620193 32.30022049 14.10718918
v 17.26169777 32.30022049 14.76155186
v 16.89046669 32.30022049 15.37564373
v 16.44791985 32.30022049 15.94051361
v 15.94051361 32.30022049 16.44791985
v 15.37564373 32.30022049 16.89046669
v 14.76155186 32.30022049 17.26169777
v 14.10718918 32.30022049 17.55620193
v 13.42210007 32.30022049 17.76968575
v 12.71627235 32.30022049 17.89903259
v 12.00000000 32.30022049 17.94235802
v 11.28372860 32.30022049 17.89903259
v 10.57789993 32.30022049 17.76968575
v 9.89281082 32.30022049 17.55620193
v 9.23844814 32.30022049 17.26169777
v 8.62435627 32.30022049 16.89046669
v 8.05948734 32.30022049 16.44791985
v 7.55208063 32.30022049 15.94051361
v 7.10953474 32.30022049 15.37564373
v 6.73830271 32.30022049 14.76155186
v 6.44379854 32.30022049 14.10718918
v 6.23031569 32.30022049 13.42210007
v 6.10096788 32.30022049 12.71627235
v 6.05764151 32.30022049 12.00000000
v 6.10096788 32.30022049 11.28372860
v 6.23031569 32.30022049 10.57789993
v 6.44379854 32.30022049 9.89281082
v 6.73830271 32.30022049 9.23844814
v 7.10953474 32.30022049 8.62435627
v 7.55208063 32.30022049 8.05948734
v 8.05948734 32.30022049 7.55208063
v 8.62435627 32.30022049 7.10953474
v 9.23844814 32.30022049 6.73830271
v 9.89281082 32.30022049 6.44379854
v 10.57789993 32.30022049 6.23031569
v 11.28372860 32.30022049 6.10096788
v 12.00000000 32.30022049 6.05764151
v 12.76386547 33.02681351 5.70900106
v 13.51659298 33.02681351 5.84694290
v 14.24720383 33.02681351 6.07461071
v 14.94504642 33.02681351 6.38868380
v 15.59994316 33.02681351 6.78458309
v 16.20234299 33.02681351 7.25653458
v 16.74346542 33.02681351 7.79765606
v 17.21541786 33.02681351 8.40005779
v 17.61131668 33.02681351 9.05495453
v 17.92538834 33.02681351 9.75279617
v 18.15305710 33.02681351 10.48340702
v 18.29100037 33.02681351 11.23613453
v 18.33720589 33.02681351 12.00000000
v 18.29100037 33.02681351 12.76386547
v 18.15305710 33.02681351 13.51659298
v 17.92538834 33.02681351 14.24720383
v 17.61131668 33.02681351 14.94504642
v 17.21541786 33.02681351 15.59994316
v 16.74346542 33.02681351 16.20234299
v 16.20234299 33.02681351 16.74346542
v 15.59994316 33.02681351 17.21541786
v 14.94504642 33.02681351 17.61131668
v 14.24720383 33.02681351 17.92538834
v 13.51659298 33.02681351 18.15305710
v 12.76386547 33.02681351 18.29100037
v 12.00000000 33.02681351 18.33720589
v 11.23613453 33.02681351 18.29100037
v 10.48340702 33.02681351 18.15305710
v 9.75279617 33.02681351 17.92538834
v 9.05495453 33.02681351 17.61131668
v 8.40005779 33.02681351 17.21541786
v 7.79765606 33.02681351 16.74346542
v 7.25653458 33.02681351 16.20234299
v 6.78458309 33.02681351 15.59994316
v 6.38868380 33.02681351 14.94504642
v 6.07461071 33.02681351 14.24720383
v 5.84694290 33.02681351 13.51659298
v 5.70900106 33.02681351 12.76386547
v 5.66279507 33.02681351 12.00000000
v 5.70900106 33.02681351 11.23613453
v 5.84694290 33.02681351 10.48340702
v 6.07461071 33.02681351 9.75279617
v 6.38868380 33.02681351 9.05495453
v 6.78458309 33.02681351 8.40005779
v 7.25653458 33.02681351 7.79765606
v 7.79765606 33.02681351 7.25653458
v 8.40005779 33.02681351 6.78458309
v 9.05495453 33.02681351 6.38868380
v 9.75279617 33.02681351 6.07461071
v 10.48340702 33.02681351 5.84694290
v 11.23613453 33.02681351 5.70900106
v 12.00000000 33.02681351 5.66279507
v 12.80079842 33.79490280 5.40483046
v 13.58991909 33.79490280 5.54944181
v 14.35585690 33.79490280 5.78811741
v 15.08743858 33.79490280 6.11737633
v 15.77400017 33.79490280 6.53241730
v 16.40552902 33.79490280 7.02718735
v 16.97281456 33.79490280 7.59447241
v 17.46758270 33.79490280 8.22599983
v 17.88262367 33.79490280 8.91256142
v 18.21188164 33.79490280 9.64414310
v 18.45055771 33.79490280 10.41008091
v 18.59517097 33.79490280 11.19920158
v 18.64361000 33.79490280 12.00000000
v 18.59517097 33.79490280 12.80079842
v 18.45055771 33.79490280 13.58991909
v 18.21188164 33.79490280 14.35585690
v 17.88262367 33.79490280 15.08743858
v 17.46758270 33.79490280 15.77400017
v 16.97281456 33.79490280 16.40552902
v 16.40552902 33.79490280 16.97281456
v 15.77400017 33.79490280 17.46758270
v 15.08743858 33.79490280 17.88262367
v 14.35585690 33.79490280 18.21188164
v 13.58991909 33.79490280 18.45055771
v 12.80079842 33.79490280 18.59517097
v 12.00000000 33.79490280 18.64361000
v 11.19920158 33.79490280 18.59517097
v 10.41008091 33.79490280 18.45055771
v 9.64414310 33.79490280 18.21188164
v 8.91256142 33.79490280 17.88262367
v 8.22599983 33.79490280 17.46758270
v 7.59447241 33.79490280 16.97281456
v 7.02718735 33.79490280 16.40552902
v 6.53241730 33.79490280 15.77400017
v 6.11737633 33.79490280 15.08743858
v 5.78811741 33.79490280 14.35585690
v 5.54944181 33.79490280 13.58991909
v 5.40483046 33.79490280 12.80079842
v 5.35639095 33.79490280 12.00000000
v 5.40483046 33.79490280 11.19920158
v 5.54944181 33.79490280 10.41008091
v 5.78811741 33.79490280 9.64414310
v 6.11737633 33.79490280 8.91256142
v 6.53241730 33.79490280 8.22599983
v 7.02718735 33.79490280 7.59447241
v 7.59447241 33.79490280 7.02718735
v 8.22599983 33.79490280 6.53241730
v 8.91256142 33.79490280 6.11737633
v 9.64414310 33.79490280 5.78811741
v 10.41008091 33.79490280 5.54944181
v 11.19920158 33.79490280 5.40483046
v 12.00000000 33.79490280 5.35639095
v 12.82655525 34.59376526 5.19270229
v 13.64105892 34.59376526 5.34196520
v 14.43163013 34.59376526 5.58831739
v 15.18674374 34.59376526 5.92816687
v 15.89538670 34.59376526 6.35655642
v 16.54722977 34.59376526 6.86724043
v 17.13275909 34.59376526 7.45277214
v 17.64344406 34.59376526 8.10461235
v 18.07183456 34.59376526 8.81325626
v 18.41168213 34.59376526 9.56836987
v 18.65803528 34.59376526 10.35894203
v 18.80729675 34.59376526 11.17344475
v 18.85729599 34.59376526 12.00000000
v 18.80729675 34.59376526 12.82655525
v 18.65803528 34.59376526 13.64105892
v 18.41168213 34.59376526 14.43163013
v 18.07183456 34.59376526 15.18674374
v 17.64344406 34.59376526 15.89538670
v 17.13275909 34.59376526 16.54722977
v 16.54722977 34.59376526 17.13275909
v 15.89538670 34.59376526 17.64344406
v 15.18674374 34.59376526 18.07183456
v 14.43163013 34.59376526 18.41168213
v 13.64105892 34.59376526 18.65803528
v 12.82655525 34.59376526 18.80729675
v 12.00000000 34.59376526 18.85729599
v 11.17344475 34.59376526 18.80729675
v 10.35894203 34.59376526 18.65803528
v 9.56836987 34.59376526 18.41168213
v 8.81325626 34.59376526 18.07183456
v 8.10461235 34.59376526 17.64344406
v 7.45277214 34.59376526 17.13275909
v 6.86724043 34.59376526 16.54722977
v 6.35655642 34.59376526 15.89538670
v 5.92816687 34.59376526 15.18674374
v 5.58831739 34.59376526 14.43163013
v 5.34196520 34.59376526 13.64105892
v 5.19270229 34.59376526 12.82655525
v 5.14270449 34.59376526 12.00000000
v 5.19270229 34.59376526 11.17344475
v 5.34196520 34.59376526 10.35894203
v 5.58831739 34.59376526 9.56836987
v 5.92816687 34.59376526 8.81325626
v 6.35655642 34.59376526 8.10461235
v 6.86724043 34.59376526 7.45277214
v 7.45277214 34.59376526 6.86724043
v 8.10461235 34.59376526 6.35655642
v 8.81325626 34.59376526 5.92816687
v 9.56836987 34.59376526 5.58831739
v 10.35894203 34.59376526 5.34196520
v 11.17344475 34.59376526 5.19270229
v 12.00000000 34.59376526 5.14270449
v 12.84077740 35.41225052 5.07557631
v 13.66929436 35.41225052 5.22740746
v 14.47346878 35.41225052 5.47799826
v 15.24157429 35.41225052 5.82369518
v 15.96241093 35.41225052 6.25945568
v 16.62546730 35.41225052 6.77892685
v 17.22107315 35.41225052 7.37453318
v 17.74054337 35.41225052 8.03758812
v 18.17630577 35.41225052 8.75842571
v 18.52200127 35.41225052 9.52653122
v 18.77259254 35.41225052 10.33070564
v 18.92442513 35.41225052 11.15922260
v 18.97528267 35.41225052 12.00000000
v 18.92442513 35.41225052 12.84077740
v 18.77259254 35.41225052 13.66929436
v 18.52200127 35.41225052 14.47346878
v 18.17630577 35.41225052 15.24157429
v 17.74054337 35.41225052 15.96241093
v 17.22107315 35.41225052 16.62546730
v 16.62546730 35.41225052 17.22107315
v 15.96241093 35.41225052 17.74054337
v 15.24157429 35.41225052 18.17630577
v 14.47346878 35.41225052 18.52200127
v 13.66929436 35.41225052 18.77259254
v 12.84077740 35.41225052 18.92442513
v 12.00000000 35.41225052 18.97528267
v 11.15922260 35.41225052 18.92442513
v 10.33070564 35.41225052 18.77259254
v 9.52653122 35.41225052 18.52200127
v 8.75842571 35.41225052 18.17630577
v 8.03758812 35.41225052 17.74054337
v 7.37453318 35.41225052 17.22107315
v 6.77892685 35.41225052 16.62546730
v 6.25945568 35.41225052 15.96241093
v 5.82369518 35.41225052 15.24157429
v 5.47799826 35.41225052 14.47346878
v 5.22740746 35.41225052 13.66929436
v 5.07557631 35.41225052 12.84077740
v 5.02471876 35.41225052 12.00000000
v 5.07557631 35.41225052 11.15922260
v 5.22740746 35.41225052 10.33070564
v 5.47799826 35.41225052 9.52653122
v 5.82369518 35.41225052 8.75842571
v 6.25945568 35.41225052 8.03758812
v 6.77892685 35.41225052 7.37453318
v 7.37453318 35.41225052 6.77892685
v 8.03758812 35.41225052 6.25945568
v 8.75842571 35.41225052 5.82369518
v 9.52653122 35.41225052 5.47799826
v 10.33070564 35.41225052 5.22740746
v 11.15922260 35.41225052 5.07557631
v 12.00000000 35.41225052 5.02471876
v 12.84326553 36.23894119 5.05508757
v 13.67423344 36.23894119 5.20736837
v 14.48078823 36.23894119 5.45870066
v 15.25116730 36.23894119 5.80541992
v 15.97413635 36.23894119 6.24247026
v 16.63915443 36.23894119 6.76347828
v 17.23652077 36.23894119 7.36084652
v 17.75753021 36.23894119 8.02586460
v 18.19458008 36.23894119 8.74883270
v 18.54129791 36.23894119 9.51921177
v 18.79263306 36.23894119 10.32576752
v 18.94491196 36.23894119 11.15673542
v 18.99592018 36.23894119 12.00000000
v 18.94491196 36.23894119 12.84326553
v 18.79263306 36.23894119 13.67423344
v 18.54129791 36.23894119 14.48078823
v 18.19458008 36.23894119 15.25116730
v 17.75753021 36.23894119 15.97413635
v 17.23652077 36.23894119 16.63915443
v 16.63915443 36.23894119 17.23652077
v 15.97413635 36.23894119 17.75753021
v 15.25116730 36.23894119 18.19458008
v 14.48078823 36.23894119 18.54129791
v 13.67423344 36.23894119 18.79263306
v 12.84326553 36.23894119 18.94491196
v 12.00000000 36.23894119 18.99592018
v 11.15673542 36.23894119 18.94491196
v 10.32576752 36.23894119 18.79263306
v 9.51921177 36.23894119 18.54129791
v 8.74883270 36.23894119 18.19458008
v 8.02586460 36.23894119 17.75753021
v 7.36084652 36.23894119 17.23652077
v 6.76347828 36.23894119 16.63915443
v 6.24247026 36.23894119 15.97413635
v 5.80541992 36.23894119 15.25116730
v 5.45870066 36.23894119 14.48078823
v 5.20736837 36.23894119 13.67423344
v 5.05508757 36.23894119 12.84326553
v 5.00407934 36.23894119 12.00000000
v 5.05508757 36.23894119 11.15673542
v 5.20736837 36.23894119 10.32576752
v 5.45870066 36.23894119 9.51921177
v 5.80541992 36.23894119 8.74883270
v 6.24247026 36.23894119 8.02586460
v 6.76347828 36.23894119 7.36084652
v 7.36084652 36.23894119 6.76347828
v 8.02586460 36.23894119 6.24247026
v 8.74883270 36.23894119 5.80541992
v 9.51921177 36.23894119 5.45870066
v 10.32576752 36.23894119 5.20736837
v 11.15673542 36.23894119 5.05508757
v 12.00000000 36.23894119 5.00407934
v 12.83398438 37.06229782 5.13152170
v 13.65580654 37.06229782 5.28212643
v 14.45348454 37.06229782 5.53069305
v 15.21538448 37.06229782 5.87359619
v 15.93039703 37.06229782 6.30583668
v 16.58809471 37.06229782 6.82111025
v 17.17889023 37.06229782 7.41190434
v 17.69416428 37.06229782 8.06960297
v 18.12640381 37.06229782 8.78461552
v 18.46930695 37.06229782 9.54651546
v 18.71787453 37.06229782 10.34419346
v 18.86847878 37.06229782 11.16601562
v 18.91892433 37.06229782 12.00000000
v 18.86847878 37.06229782 12.83398438
v 18.71787453 37.06229782 13.65580654
v 18.46930695 37.06229782 14.45348454
v 18.12640381 37.06229782 15.21538448
v 17.69416428 37.06229782 15.93039703
v 17.17889023 37.06229782 16.58809471
v 16.58809471 37.06229782 17.17889023
v 15.93039703 37.06229782 17.69416428
v 15.21538448 37.06229782 18.12640381
v 14.45348454 37.06229782 18.46930695
v 13.65580654 37.06229782 18.71787453
v 12.83398438 37.06229782 18.86847878
v 12.00000000 37.06229782 18.91892433
v 11.16601562 37.06229782 18.86847878
v 10.34419346 37.06229782 18.71787453
v 9.54651546 37.06229782 18.46930695
v 8.78461552 37.06229782 18.12640381
v 8.06960297 37.06229782 17.69416428
v 7.41190434 37.06229782 17.17889023
v 6.82111025 37.06229782 16.58809471
v 6.30583668 37.06229782 15.93039703
v 5.87359619 37.06229782 15.21538448
v 5.53069305 37.06229782 14.45348454
v 5.28212643 37.06229782 13.65580654
v 5.13152170 37.06229782 12.83398438
v 5.08107519 37.06229782 12.00000000
v 5.13152170 37.06229782 11.16601562
v 5.28212643 37.06229782 10.34419346
v 5.53069305 37.06229782 9.54651546
v 5.87359619 37.06229782 8.78461552
v 6.30583668 37.06229782 8.06960297
v 6.82111025 37.06229782 7.41190434
v 7.41190434 37.06229782 6.82111025
v 8.06960297 37.06229782 6.30583668
v 8.78461552 37.06229782 5.87359619
v 9.54651546 37.06229782 5.53069305
v 10.34419346 37.06229782 5.28212643
v 11.16601562 37.06229782 5.13152170
v 12.00000000 37.06229782 5.08107519
v 12.81306458 37.87082672 5.30381250
v 13.61427307 37.87082672 5.45063925
v 14.39194107 37.87082672 5.69297075
v 15.13472939 37.87082672 6.02727270
v 15.83180618 37.87082672 6.44867039
v 16.47300720 37.87082672 6.95101929
v 17.04898071 37.87082672 7.52699327
v 17.55132866 37.87082672 8.16819477
v 17.97272682 37.87082672 8.86527061
v 18.30702972 37.87082672 9.60805893
v 18.54936028 37.87082672 10.38572788
v 18.69618797 37.87082672 11.18693638
v 18.74536896 37.87082672 12.00000000
v 18.69618797 37.87082672 12.81306458
v 18.54936028 37.87082672 13.61427307
v 18.30702972 37.87082672 14.39194107
v 17.97272682 37.87082672 15.13472939
v 17.55132866 37.87082672 15.83180618
v 17.04898071 37.87082672 16.47300720
v 16.47300720 37.87082672 17.04898071
v 15.83180618 37.87082672 17.55132866
v 15.13472939 37.87082672 17.97272682
v 14.39194107 37.87082672 18.30702972
v 13.61427307 37.87082672 18.54936028
v 12.81306458 37.87082672 18.69618797
v 12.00000000 37.87082672 18.74536896
v 11.18693638 37.87082672 18.69618797
v 10.38572788 37.87082672 18.54936028
v 9.60805893 37.87082672 18.30702972
v 8.86527061 37.87082672 17.97272682
v 8.16819477 37.87082672 17.55132866
v 7.52699327 37.87082672 17.04898071
v 6.95101929 37.87082672 16.47300720
v 6.44867039 37.87082672 15.83180618
v 6.02727270 37.87082672 15.13472939
v 5.69297075 37.87082672 14.39194107
v 5.45063925 37.87082672 13.61427307
v 5.30381250 37.87082672 12.81306458
v 5.25463152 37.87082672 12.00000000
v 5.30381250 37.87082672 11.18693638
v 5.45063925 37.87082672 10.38572788
v 5.69297075 37.87082672 9.60805893
v 6.02727270 37.87082672 8.86527061
v 6.44867039 37.87082672 8.16819477
v 6.95101929 37.87082672 7.52699327
v 7.52699327 37.87082672 6.95101929
v 8.16819477 37.87082672 6.44867039
v 8.86527061 37.87082672 6.02727270
v 9.60805893 37.87082672 5.69297075
v 10.38572788 37.87082672 5.45063925
v 11.18693638 37.87082672 5.30381250
v 12.00000000 37.87082672 5.25463152
v 12.78079796 38.65325165 5.56955528
v 13.55020905 38.65325165 5.71055508
v 14.29701519 38.65325165 5.94326925
v 15.01032543 38.65325165 6.26430416
v 15.67973900 38.65325165 6.66897821
v 16.29549217 38.65325165 7.15139151
v 16.84860802 38.65325165 7.70450735
v 17.33102226 38.65325165 8.32026196
v 17.73569489 38.65325165 8.98967457
v 18.05673218 38.65325165 9.70298481
v 18.28944588 38.65325165 10.44979095
v 18.43044472 38.65325165 11.21920300
v 18.47767448 38.65325165 12.00000000
v 18.43044472 38.65325165 12.78079796
v 18.28944588 38.65325165 13.55020905
v 18.05673218 38.65325165 14.29701519
v 17.73569489 38.65325165 15.01032543
v 17.33102226 38.65325165 15.67973900
v 16.84860802 38.65325165 16.29549217
v 16.29549217 38.65325165 16.84860802
v 15.67973900 38.65325165 17.33102226
v 15.01032543 38.65325165 17.73569489
v 14.29701519 38.65325165 18.05673218
v 13.55020905 38.65325165 18.28944588
v 12.78079796 38.65325165 18.43044472
v 12.00000000 38.65325165 18.47767448
v 11.21920300 38.65325165 18.43044472
v 10.44979095 38.65325165 18.28944588
v 9.70298481 38.65325165 18.05673218
v 8.98967457 38.65325165 17.73569489
v 8.32026196 38.65325165 17.33102226
v 7.70450735 38.65325165 16.84860802
v 7.15139151 38.65325165 16.29549217
v 6.66897821 38.65325165 15.67973900
v 6.26430416 38.65325165 15.01032543
v 5.94326925 38.65325165 14.29701519
v 5.71055508 38.65325165 13.55020905
v 5.56955528 38.65325165 12.78079796
v 5.52232552 38.65325165 12.00000000
v 5.56955528 38.65325165 11.21920300
v 5.71055508 38.65325165 10.44979095
v 5.94326925 38.65325165 9.70298481
v 6.26430416 38.65325165 8.98967457
v 6.66897821 38.65325165 8.32026196
v 7.15139151 38.65325165 7.70450735
v 7.70450735 38.65325165 7.15139151
v 8.32026196 38.65325165 6.66897821
v 8.98967457 38.65325165 6.26430416
v 9.70298481 38.65325165 5.94326925
v 10.44979095 38.65325165 5.71055508
v 11.21920300 38.65325165 5.56955528
v 12.00000000 38.65325165 5.52232552
v 12.73763371 39.39863968 5.92504120
v 13.46450996 39.39863968 6.05824614
v 14.17003155 39.39863968 6.27809525
v 14.84391022 39.39863968 6.58138323
v 15.47631645 39.39863968 6.96368647
v 16.05803108 39.39863968 7.41943026
v 16.58057022 39.39863968 7.94196987
v 17.03631401 39.39863968 8.52368355
v 17.41861725 39.39863968 9.15608978
v 17.72190475 39.39863968 9.82996845
v 17.94175339 39.39863968 10.53549004
v 18.07495880 39.39863968 11.26236629
v 18.11957741 39.39863968 12.00000000
v 18.07495880 39.39863968 12.73763371
v 17.94175339 39.39863968 13.46450996
v 17.72190475 39.39863968 14.17003155
v 17.41861725 39.39863968 14.84391022
v 17.03631401 39.39863968 15.47631645
v 16.58057022 39.39863968 16.05803108
v 16.05803108 39.39863968 16.58057022
v 15.47631645 39.39863968 17.03631401
v 14.84391022 39.39863968 17.41861725
v 14.17003155 39.39863968 17.72190475
v 13.46450996 39.39863968 17.94175339
v 12.73763371 39.39863968 18.07495880
v 12.00000000 39.39863968 18.11957741
v 11.26236629 39.39863968 18.07495880
v 10.53549004 39.39863968 17.94175339
v 9.82996845 39.39863968 17.72190475
v 9.15608978 39.39863968 17.41861725
v 8.52368355 39.39863968 17.03631401
v 7.94196987 39.39863968 16.58057022
v 7.41943026 39.39863968 16.05803108
v 6.96368647 39.39863968 15.47631645
v 6.58138323 39.39863968 14.84391022
v 6.27809525 39.39863968 14.17003155
v 6.05824614 39.39863968 13.46450996
v 5.92504120 39.39863968 12.73763371
v 5.88042259 39.39863968 12.00000000
v 5.92504120 39.39863968 11.26236629
v 6.05824614 39.39863968 10.53549004
v 6.27809525 39.39863968 9.82996845
v 6.58138323 39.39863968 9.15608978
v 6.96368647 39.39863968 8.52368355
v 7.41943026 39.39863968 7.94196987
v 7.94196987 39.39863968 7.41943026
v 8.52368355 39.39863968 6.96368647
v 9.15608978 39.39863968 6.58138323
v 9.82996845 39.39863968 6.27809525
v 10.53549004 39.39863968 6.05824614
v 11.26236629 39.39863968 5.92504120
v 12.00000000 39.39863968 5.88042259
v 12.68417549 40.09660339 6.36530876
v 13.35837460 40.09660339 6.48886013
v 14.01276398 40.09660339 6.69277668
v 14.63780499 40.09660339 6.97408438
v 15.22437859 40.09660339 7.32868052
v 15.76393509 40.09660339 7.75139570
v 16.24860382 40.09660339 8.23606586
v 16.67131805 40.09660339 8.77562141
v 17.02591515 40.09660339 9.36219597
v 17.30722427 40.09660339 9.98723602
v 17.51114082 40.09660339 10.64162636
v 17.63469124 40.09660339 11.31582451
v 17.67607498 40.09660339 12.00000000
v 17.63469124 40.09660339 12.68417549
v 17.51114082 40.09660339 13.35837460
v 17.30722427 40.09660339 14.01276398
v 17.02591515 40.09660339 14.63780499
v 16.67131805 40.09660339 15.22437859
v 16.24860382 40.09660339 15.76393509
v 15.76393509 40.09660339 16.24860382
v 15.22437859 40.09660339 16.67131805
v 14.63780499 40.09660339 17.02591515
v 14.01276398 40.09660339 17.30722427
v 13.35837460 40.09660339 17.51114082
v 12.68417549 40.09660339 17.63469124
v 12.00000000 40.09660339 17.67607498
v 11.31582451 40.09660339 17.63469124
v 10.64162636 40.09660339 17.51114082
v 9.98723602 40.09660339 17.30722427
v 9.36219597 40.09660339 17.02591515
v 8.77562141 40.09660339 16.67131805
v 8.23606586 40.09660339 16.24860382
v 7.75139570 40.09660339 15.76393509
v 7.32868052 40.09660339 15.22437859
v 6.97408438 40.09660339 14.63780499
v 6.69277668 40.09660339 14.01276398
v 6.48886013 40.09660339 13.35837460
v 6.36530876 40.09660339 12.68417549
v 6.32392359 40.09660339 12.00000000
v 6.36530876 40.09660339 11.31582451
v 6.48886013 40.09660339 10.64162636
v 6.69277668 40.09660339 9.98723602
v 6.97408438 40.09660339 9.36219597
v 7.32868052 40.09660339 8.77562141
v 7.75139570 40.09660339 8.23606586
v 8.23606586 40.09660339 7.75139570
v 8.77562141 40.09660339 7.32868052
v 9.36219597 40.09660339 6.97408438
v 9.98723602 40.09660339 6.69277668
v 10.64162636 40.09660339 6.48886013
v 11.31582451 40.09660339 6.36530876
v 12.00000000 40.09660339 6.32392359
v 12.62116909 40.73738861 6.88421392
v 13.23328018 40.73738861 6.99638748
v 13.82740688 40.73738861 7.18152475
v 14.39488602 40.73738861 7.43692636
v 14.92744255 40.73738861 7.75886774
v 15.41730976 40.73738861 8.14265442
v 15.85734463 40.73738861 8.58269119
v 16.24113274 40.73738861 9.07255840
v 16.56307220 40.73738861 9.60511398
v 16.81847572 40.73738861 10.17259312
v 17.00361252 40.73738861 10.76672077
v 17.11578751 40.73738861 11.37883091
v 17.15336037 40.73738861 12.00000000
v 17.11578751 40.73738861 12.62116909
v 17.00361252 40.73738861 13.23328018
v 16.81847572 40.73738861 13.82740688
v 16.56307220 40.73738861 14.39488602
v 16.24113274 40.73738861 14.92744255
v 15.85734463 40.73738861 15.41730976
v 15.41730976 40.73738861 15.85734463
v 14.92744255 40.73738861 16.24113274
v 14.39488602 40.73738861 16.56307220
v 13.82740688 40.73738861 16.81847572
v 13.23328018 40.73738861 17.00361252
v 12.62116909 40.73738861 17.11578751
v 12.00000000 40.73738861 17.15336037
v 11.37883091 40.73738861 17.11578751
v 10.76672077 40.73738861 17.00361252
v 10.17259312 40.73738861 16.81847572
v 9.60511398 40.73738861 16.56307220
v 9.07255840 40.73738861 16.24113274
v 8.58269119 40.73738861 15.85734463
v 8.14265442 40.73738861 15.41730976
v 7.75886774 40.73738861 14.92744255
v 7.43692636 40.73738861 14.39488602
v 7.18152475 40.73738861 13.82740688
v 6.99638748 40.73738861 13.23328018
v 6.88421392 40.73738861 12.62116909
v 6.84664011 40.73738861 12.00000000
v 6.88421392 40.73738861 11.37883091
v 6.99638748 40.73738861 10.76672077
v 7.18152475 40.73738861 10.17259312
v 7.43692636 40.73738861 9.60511398
v 7.75886774 40.73738861 9.07255840
v 8.14265442 40.73738861 8.58269119
v 8.58269119 40.73738861 8.14265442
v 9.07255840 40.73738861 7.75886774
v 9.60511398 40.73738861 7.43692636
v 10.17259312 40.73738861 7.18152475
v 10.76672077 40.73738861 6.99638748
v 11.37883091 40.73738861 6.88421392
v 12.00000000 40.73738861 6.84664011
v 12.54949379 41.31206512 7.47451496
v 13.09097385 41.31206512 7.57374525
v 13.61654472 41.31206512 7.73752022
v 14.11854458 41.31206512 7.96345139
v 14.58964920 41.31206512 8.24824429
v 15.02299309 41.31206512 8.58774662
v 15.41225338 41.31206512 8.97700691
v 15.75175476 41.31206512 9.41035080
v 16.03654861 41.31206512 9.88145542
v 16.26247978 41.31206512 10.38345528
v 16.42625427 41.31206512 10.90902615
v 16.52548409 41.31206512 11.45050716
v 16.55872345 41.31206512 12.00000000
v 16.52548409 41.31206512 12.54949379
v 16.42625427 41.31206512 13.09097385
v 16.26247978 41.31206512 13.61654472
v 16.03654861 41.31206512 14.11854458
v 15.75175476 41.31206512 14.58964920
v 15.41225338 41.31206512 15.02299309
v 15.02299309 41.31206512 15.41225338
v 14.58964920 41.31206512 15.75175476
v 14.11854458 41.31206512 16.03654861
v 13.61654472 41.31206512 16.26247978
v 13.09097385 41.31206512 16.42625427
v 12.54949379 41.31206512 16.52548409
v 12.00000000 41.31206512 16.55872345
v 11.45050716 41.31206512 16.52548409
v 10.90902615 41.31206512 16.42625427
v 10.38345528 41.31206512 16.26247978
v 9.88145542 41.31206512 16.03654861
v 9.41035080 41.31206512 15.75175476
v 8.97700691 41.31206512 15.41225338
v 8.58774662 41.31206512 15.02299309
v 8.24824429 41.31206512 14.58964920
v 7.96345139 41.31206512 14.11854458
v 7.73752022 41.31206512 13.61654472
v 7.57374525 41.31206512 13.09097385
v 7.47451496 41.31206512 12.54949379
v 7.44127703 41.31206512 12.00000000
v 7.47451496 41.31206512 11.45050716
v 7.57374525 41.31206512 10.90902615
v 7.73752022 41.31206512 10.38345528
v 7.96345139 41.31206512 9.88145542
v 8.24824429 41.31206512 9.41035080
v 8.58774662 41.31206512 8.97700691
v 8.97700691 41.31206512 8.58774662
v 9.41035080 41.31206512 8.24824429
v 9.88145542 41.31206512 7.96345139
v 10.38345528 41.31206512 7.73752022
v 10.90902615 41.31206512 7.57374525
v 11.45050716 41.31206512 7.47451496
v 12.00000000 41.31206512 7.44127703
v 12.47014904 41.81260681 8.12797451
v 12.93344212 41.81260681 8.21287537
v 13.38312435 41.81260681 8.35300255
v 13.81263733 41.81260681 8.54630947
v 14.21571732 41.81260681 8.78998089
v 14.58648682 41.81260681 9.08046055
v 14.91953945 41.81260681 9.41351318
v 15.21001911 41.81260681 9.78428268
v 15.45369053 41.81260681 10.18736362
v 15.64699745 41.81260681 10.61687660
v 15.78712463 41.81260681 11.06655788
v 15.87202549 41.81260681 11.52985096
v 15.90046501 41.81260681 12.00000000
v 15.87202549 41.81260681 12.47014904
v 15.78712463 41.81260681 12.93344212
v 15.64699745 41.81260681 13.38312435
v 15.45369053 41.81260681 13.81263733
v 15.21001911 41.81260681 14.21571732
v 14.91953945 41.81260681 14.58648682
v 14.58648682 41.81260681 14.91953945
v 14.21571732 41.81260681 15.21001911
v 13.81263733 41.81260681 15.45369053
v 13.38312435 41.81260681 15.64699745
v 12.93344212 41.81260681 15.78712463
v 12.47014904 41.81260681 15.87202549
v 12.00000000 41.81260681 15.90046501
v 11.52985096 41.81260681 15.87202549
v 11.06655788 41.81260681 15.78712463
v 10.61687660 41.81260681 15.64699745
v 10.18736362 41.81260681 15.45369053
v 9.78428268 41.81260681 15.21001911
v 9.41351318 41.81260681 14.91953945
v 9.08046055 41.81260681 14.58648682
v 8.78998089 41.81260681 14.21571732
v 8.54630947 41.81260681 13.81263733
v 8.35300255 41.81260681 13.38312435
v 8.21287537 41.81260681 12.93344212
v 8.12797451 41.81260681 12.47014904
v 8.09953594 41.81260681 12.00000000
v 8.12797451 41.81260681 11.52985096
v 8.21287537 41.81260681 11.06655788
v 8.35300255 41.81260681 10.61687660
v 8.54630947 41.81260681 10.18736362
v 8.78998089 41.81260681 9.78428268
v 9.08046055 41.81260681 9.41351318
v 9.41351318 41.81260681 9.08046055
v 9.78428268 41.81260681 8.78998089
v 10.18736362 41.81260681 8.54630947
v 10.61687660 41.81260681 8.35300255
v 11.06655788 41.81260681 8.21287537
v 11.52985096 41.81260681 8.12797451
v 12.00000000 41.81260681 8.09953594
v 12.38424301 42.23202133 8.83547020
v 12.76288414 42.23202133 8.90485954
v 13.13039970 42.23202133 9.01938152
v 13.48143196 42.23202133 9.17736816
v 13.81086063 42.23202133 9.37651539
v 14.11388302 42.23202133 9.61391830
v 14.38608170 42.23202133 9.88611698
v 14.62348461 42.23202133 10.18913937
v 14.82263184 42.23202133 10.51856899
v 14.98061848 42.23202133 10.86960125
v 15.09514046 42.23202133 11.23711681
v 15.16452980 42.23202133 11.61575699
v 15.18777180 42.23202133 12.00000000
v 15.16452980 42.23202133 12.38424301
v 15.09514046 42.23202133 12.76288414
v 14.98061848 42.23202133 13.13039970
v 14.82263184 42.23202133 13.48143196
v 14.62348461 42.23202133 13.81086063
v 14.38608170 42.23202133 14.11388302
v 14.11388302 42.23202133 14.38608170
v 13.81086063 42.23202133 14.62348461
v 13.48143196 42.23202133 14.82263184
v 13.13039970 42.23202133 14.98061848
v 12.76288414 42.23202133 15.09514046
v 12.38424301 42.23202133 15.16452980
v 12.00000000 42.23202133 15.18777180
v 11.61575699 42.23202133 15.16452980
v 11.23711681 42.23202133 15.09514046
v 10.86960125 42.23202133 14.98061848
v 10.51856899 42.23202133 14.82263184
v 10.18913937 42.23202133 14.62348461
v 9.88611698 42.23202133 14.38608170
v 9.61391830 42.23202133 14.11388302
v 9.37651539 42.23202133 13.81086063
v 9.17736816 42.23202133 13.48143196
v 9.01938152 42.23202133 13.13039970
v 8.90485954 42.23202133 12.76288414
v 8.83547020 42.23202133 12.38424301
v 8.81222820 42.23202133 12.00000000
v 8.83547020 42.23202133 11.61575699
v 8.90485954 42.23202133 11.23711681
v 9.01938152 42.23202133 10.86960125
v 9.17736816 42.23202133 10.51856899
v 9.37651539 42.23202133 10.18913937
v 9.61391830 42.23202133 9.88611698
v 9.88611698 42.23202133 9.61391830
v 10.18913937 42.23202133 9.37651539
v 10.51856899 42.23202133 9.17736816
v 10.86960125 42.23202133 9.01938152
v 11.23711681 42.23202133 8.90485954
v 11.61575699 42.23202133 8.83547020
v 12.00000000 42.23202133 8.81222820
v 12.29297543 42.56446838 9.58713150
v 12.58167839 42.56446838 9.64003754
v 12.86189938 42.56446838 9.72735882
v 13.12955189 42.56446838 9.84782028
v 13.38073254 42.56446838 9.99966335
v 13.61177921 42.56446838 10.18067741
v 13.81932259 42.56446838 10.38822079
v 14.00033665 42.56446838 10.61926746
v 14.15218067 42.56446838 10.87044811
v 14.27264118 42.56446838 11.13810158
v 14.35996246 42.56446838 11.41832256
v 14.41286850 42.56446838 11.70702457
v 14.43058968 42.56446838 12.00000000
v 14.41286850 42.56446838 12.29297543
v 14.35996246 42.56446838 12.58167839
v 14.27264118 42.56446838 12.86189938
v 14.15218067 42.56446838 13.12955189
v 14.00033665 42.56446838 13.38073254
v 13.81932259 42.56446838 13.61177921
v 13.61177921 42.56446838 13.81932259
v 13.38073254 42.56446838 14.00033665
v 13.12955189 42.56446838 14.15218067
v 12.86189938 42.56446838 14.27264118
v 12.58167839 42.56446838 14.35996246
v 12.29297543 42.56446838 14.41286850
v 12.00000000 42.56446838 14.43058968
v 11.70702457 42.56446838 14.41286850
v 11.41832256 42.56446838 14.35996246
v 11.13810158 42.56446838 14.27264118
v 10.87044811 42.56446838 14.15218067
v 10.61926746 42.56446838 14.00033665
v 10.38822079 42.56446838 13.81932259
v 10.18067741 42.56446838 13.61177921
v 9.99966335 42.56446838 13.38073254
v 9.84782028 42.56446838 13.12955189
v 9.72735882 42.56446838 12.86189938
v 9.64003754 42.56446838 12.58167839
v 9.58713150 42.56446838 12.29297543
v 9.56941032 42.56446838 12.00000000
v 9.58713150 42.56446838 11.70702457
v 9.64003754 42.56446838 11.41832256
v 9.72735882 42.56446838 11.13810158
v 9.84782028 42.56446838 10.87044811
v 9.99966335 42.56446838 10.61926746
v 10.18067741 42.56446838 10.38822079
v 10.38822079 42.56446838 10.18067741
v 10.61926746 42.56446838 9.99966335
v 10.87044811 42.56446838 9.84782028
v 11.13810158 42.56446838 9.72735882
v 11.41832256 42.56446838 9.64003754
v 11.70702457 42.56446838 9.58713150
v 12.00000000 42.56446838 9.56941032
v 12.19761848 42.80529785 10.37246609
v 12.39235497 42.80529785 10.40815258
v 12.58137035 42.80529785 10.46705246
v 12.76190758 42.80529785 10.54830551
v 12.93133450 42.80529785 10.65072823
v 13.08718109 42.80529785 10.77282619
v 13.22717381 42.80529785 10.91281891
v 13.34927273 42.80529785 11.06866550
v 13.45169449 42.80529785 11.23809242
v 13.53294754 42.80529785 11.41862965
v 13.59184742 42.80529785 11.60764503
v 13.62753391 42.80529785 11.80238152
v 13.63948727 42.80529785 12.00000000
v 13.62753391 42.80529785 12.19761848
v 13.59184742 42.80529785 12.39235497
v 13.53294754 42.80529785 12.58137035
v 13.45169449 42.80529785 12.76190758
v 13.34927273 42.80529785 12.93133450
v 13.22717381 42.80529785 13.08718109
v 13.08718109 42.80529785 13.22717381
v 12.93133450 42.80529785 13.34927273
v 12.76190758 42.80529785 13.45169449
v 12.58137035 42.80529785 13.53294754
v 12.39235497 42.80529785 13.59184742
v 12.19761848 42.80529785 13.62753391
v 12.00000000 42.80529785 13.63948727
v 11.80238152 42.80529785 13.62753391
v 11.60764503 42.80529785 13.59184742
v 11.41862965 42.80529785 13.53294754
v 11.23809242 42.80529785 13.45169449
v 11.06866550 42.80529785 13.34927273
v 10.91281891 42.80529785 13.22717381
v 10.77282619 42.80529785 13.08718109
v 10.65072823 42.80529785 12.93133450
v 10.54830551 42.80529785 12.76190758
v 10.46705246 42.80529785 12.58137035
v 10.40815258 42.80529785 12.39235497
v 10.37246609 42.80529785 12.19761848
v 10.36051273 42.80529785 12.00000000
v 10.37246609 42.80529785 11.80238152
v 10.40815258 42.80529785 11.60764503
v 10.46705246 42.80529785 11.41862965
v 10.54830551 42.80529785 11.23809242
v 10.65072823 42.80529785 11.06866550
v 10.77282619 42.80529785 10.91281891
v 10.91281891 42.80529785 10.77282619
v 11.06866550 42.80529785 10.65072823
v 11.23809242 42.80529785 10.54830551
v 11.41862965 42.80529785 10.46705246
v 11.60764503 42.80529785 10.40815258
v 11.80238152 42.80529785 10.37246609
v 12.00000000 42.80529785 10.36051273
f 1 2 3
f 3 2 4
f 4 5 3
f 3 5 6
f 3 6 7
f 8 9 10
f 7 11 3
f 3 11 12
f 3 12 13
f 13 14 3
f 3 14 15
f 3 15 16
f 1 17 2
f 2 17 18
f 2 18 19
f 19 20 2
f 2 20 21
f 2 21 22
f 23 24 25
f 25 24 26
f 22 27 2
f 2 27 10
f 2 10 28
f 28 10 9
f 16 29 3
f 3 29 30
f 3 30 31
f 31 32 3
f 3 32 33
f 3 33 34
f 23 25 10
f 10 25 35
f 10 35 8
f 36 37 38
f 38 37 39
f 38 39 40
f 34 41 3
f 3 41 38
f 3 38 42
f 42 38 40
f 26 43 25
f 25 43 44
f 25 44 45
f 45 46 25
f 25 46 47
f 25 47 48
f 49 36 50
f 50 36 38
f 50 38 51
f 51 38 41
f 51 41 52
f 52 41 34
f 52 34 53
f 53 34 33
f 53 33 54
f 54 33 32
f 54 32 55
f 55 32 31
f 55 31 56
f 56 31 30
f 56 30 57
f 57 30 29
f 57 29 58
f 58 29 16
f 58 16 59
f 59 16 15
f 59 15 60
f 60 15 14
f 60 14 61
f 61 14 13
f 61 13 62
f 62 13 12
f 62 12 63
f 63 12 11
f 63 11 64
f 64 11 7
f 64 7 65
f 65 7 6
f 65 6 66
f 66 6 5
f 66 5 67
f 67 5 4
f 67 4 68
f 68 4 2
f 68 2 69
f 69 2 28
f 69 28 70
f 70 28 9
f 70 9 71
f 71 9 8
f 71 8 72
f 72 8 35
f 72 35 73
f 73 35 25
f 73 25 74
f 74 25 48
f 74 48 75
f 75 48 47
f 75 47 76
f 76 47 46
f 76 46 77
f 77 46 45
f 77 45 78
f 78 45 44
f 78 44 79
f 79 44 43
f 79 43 80
f 80 43 26
f 80 26 81
f 81 26 24
f 81 24 82
f 82 24 23
f 82 23 83
f 83 23 10
f 83 10 84
f 84 10 27
f 84 27 85
f 85 27 22
f 85 22 86
f 86 22 21
f 86 21 87
f 87 21 20
f 87 20 88
f 88 20 19
f 88 19 89
f 89 19 18
f 89 18 90
f 90 18 17
f 90 17 91
f 91 17 1
f 91 1 92
f 92 1 3
f 92 3 93
f 93 3 42
f 93 42 94
f 94 42 40
f 94 40 95
f 95 40 39
f 95 39 96
f 96 39 37
f 96 37 49
f 49 37 36
f 97 98 93
f 99 100 88
f 101 102 81
f 103 104 76
f 105 106 69
f 107 108 64
f 109 110 57
f 111 51 112
f 112 51 52
f 112 52 113
f 113 52 114
f 114 52 53
f 114 53 115
f 115 53 116
f 116 53 54
f 116 54 117
f 55 118 119
f 55 119 54
f 54 119 120
f 54 120 117
f 118 55 121
f 121 55 56
f 121 56 122
f 57 110 56
f 56 110 123
f 56 123 122
f 109 57 124
f 124 57 58
f 124 58 125
f 59 60 126
f 126 127 59
f 59 127 128
f 59 128 58
f 58 128 129
f 58 129 125
f 130 131 61
f 61 131 132
f 61 132 60
f 60 132 133
f 60 133 126
f 130 61 134
f 134 61 62
f 134 62 135
f 135 62 63
f 135 63 136
f 64 108 63
f 63 108 137
f 63 137 136
f 107 64 138
f 138 64 65
f 138 65 139
f 139 65 140
f 140 65 66
f 140 66 141
f 67 142 143
f 67 143 66
f 66 143 144
f 66 144 141
f 142 67 145
f 145 67 68
f 145 68 146
f 69 106 68
f 68 106 147
f 68 147 146
f 105 69 148
f 148 69 70
f 148 70 149
f 71 72 150
f 150 151 71
f 71 151 152
f 71 152 70
f 70 152 153
f 70 153 149
f 154 155 73
f 73 155 156
f 73 156 72
f 72 156 157
f 72 157 150
f 154 73 158
f 158 73 74
f 158 74 159
f 159 74 75
f 159 75 160
f 76 104 75
f 75 104 161
f 75 161 160
f 103 76 162
f 162 76 77
f 162 77 163
f 163 77 164
f 164 77 78
f 164 78 165
f 79 166 167
f 79 167 78
f 78 167 168
f 78 168 165
f 166 79 169
f 169 79 80
f 169 80 170
f 81 102 80
f 80 102 171
f 80 171 170
f 101 81 172
f 172 81 82
f 172 82 173
f 83 84 174
f 174 175 83
f 83 175 176
f 83 176 82
f 82 176 177
f 82 177 173
f 178 179 85
f 85 179 180
f 85 180 84
f 84 180 181
f 84 181 174
f 178 85 182
f 182 85 86
f 182 86 183
f 183 86 87
f 183 87 184
f 88 100 87
f 87 100 185
f 87 185 184
f 99 88 186
f 186 88 89
f 186 89 187
f 187 89 188
f 188 89 90
f 188 90 189
f 91 190 191
f 91 191 90
f 90 191 192
f 90 192 189
f 190 91 193
f 193 91 92
f 193 92 194
f 93 98 92
f 92 98 195
f 92 195 194
f 97 93 196
f 196 93 94
f 196 94 197
f 96 198 199
f 96 199 95
f 199 200 95
f 95 200 201
f 95 201 94
f 94 201 202
f 94 202 197
f 198 96 203
f 203 96 49
f 203 49 204
f 111 205 51
f 51 205 206
f 51 206 50
f 50 206 207
f 50 207 49
f 49 207 208
f 49 208 204
f 209 210 211
f 212 213 214
f 215 216 217
f 218 219 220
f 221 222 223
f 224 225 226
f 227 228 229
f 230 231 232
f 233 234 235
f 236 237 238
f 239 240 241
f 242 243 244
f 245 246 247
f 248 249 250
f 251 252 253
f 254 255 256
f 257 258 259
f 260 261 262
f 263 264 265
f 266 267 268
f 269 270 271
f 272 273 274
f 275 276 277
f 278 279 280
f 281 282 283
f 284 285 286
f 287 288 289
f 290 291 292
f 293 294 295
f 208 207 296
f 204 208 297
f 198 203 298
f 201 200 299
f 98 97 300
f 189 192 301
f 100 99 302
f 178 182 303
f 179 178 304
f 181 180 305
f 176 175 306
f 102 101 307
f 166 169 308
f 165 168 309
f 104 103 310
f 154 158 311
f 155 154 312
f 157 156 313
f 152 151 314
f 106 105 315
f 142 145 316
f 141 144 317
f 108 107 318
f 130 134 319
f 131 130 320
f 133 132 321
f 128 127 322
f 110 109 323
f 118 121 324
f 117 120 325
f 112 113 326
f 207 206 327
f 327 206 205
f 205 111 328
f 328 111 112
f 113 114 329
f 329 114 115
f 115 116 330
f 330 116 117
f 120 119 331
f 331 119 118
f 121 122 332
f 332 122 123
f 332 123 110
f 109 124 333
f 333 124 125
f 125 129 334
f 334 129 128
f 127 126 335
f 335 126 133
f 131 320 132
f 134 135 336
f 336 135 136
f 136 137 337
f 337 137 108
f 107 138 338
f 338 138 139
f 139 140 339
f 339 140 141
f 144 143 340
f 340 143 142
f 145 146 341
f 341 146 147
f 341 147 106
f 105 148 342
f 342 148 149
f 149 153 343
f 343 153 152
f 151 150 344
f 344 150 157
f 155 312 156
f 158 159 345
f 345 159 160
f 160 161 346
f 346 161 104
f 103 162 347
f 347 162 163
f 163 164 348
f 348 164 165
f 168 167 349
f 349 167 166
f 169 170 350
f 350 170 171
f 350 171 102
f 101 172 351
f 351 172 173
f 173 177 352
f 352 177 176
f 175 174 353
f 353 174 181
f 179 304 180
f 182 183 354
f 354 183 184
f 184 185 355
f 355 185 100
f 99 186 356
f 356 186 187
f 187 188 357
f 357 188 189
f 192 191 358
f 358 191 190
f 190 193 359
f 359 193 194
f 194 195 360
f 360 195 98
f 97 196 361
f 361 196 197
f 197 202 362
f 362 202 201
f 200 199 363
f 363 199 198
f 204 297 203
f 207 327 296
f 296 327 364
f 296 364 365
f 365 364 366
f 365 366 367
f 367 366 368
f 367 368 369
f 369 368 370
f 369 370 371
f 371 370 372
f 371 372 373
f 373 372 374
f 373 374 375
f 375 374 376
f 375 376 377
f 377 376 378
f 377 378 379
f 379 378 380
f 379 380 381
f 381 380 382
f 381 382 383
f 383 382 295
f 383 295 384
f 384 295 294
f 384 294 385
f 205 328 327
f 327 328 386
f 327 386 364
f 364 386 387
f 364 387 366
f 366 387 388
f 366 388 368
f 368 388 389
f 368 389 370
f 370 389 390
f 370 390 372
f 372 390 391
f 372 391 374
f 374 391 392
f 374 392 376
f 376 392 393
f 376 393 378
f 378 393 394
f 378 394 380
f 380 394 395
f 380 395 382
f 382 395 292
f 382 292 295
f 295 292 291
f 295 291 293
f 112 326 328
f 328 326 396
f 328 396 386
f 386 396 397
f 386 397 387
f 387 397 398
f 387 398 388
f 388 398 399
f 388 399 389
f 389 399 400
f 389 400 390
f 390 400 401
f 390 401 391
f 391 401 402
f 391 402 392
f 392 402 403
f 392 403 393
f 393 403 404
f 393 404 394
f 394 404 405
f 394 405 395
f 395 405 289
f 395 289 292
f 292 289 288
f 292 288 290
f 113 329 326
f 326 329 406
f 326 406 396
f 396 406 407
f 396 407 397
f 397 407 408
f 397 408 398
f 398 408 409
f 398 409 399
f 399 409 410
f 399 410 400
f 400 410 411
f 400 411 401
f 401 411 412
f 401 412 402
f 402 412 413
f 402 413 403
f 403 413 414
f 403 414 404
f 404 414 415
f 404 415 405
f 405 415 416
f 405 416 289
f 289 416 417
f 289 417 287
f 418 419 420
f 115 330 329
f 329 330 421
f 329 421 406
f 406 421 422
f 406 422 407
f 407 422 423
f 407 423 408
f 408 423 424
f 408 424 409
f 409 424 425
f 409 425 410
f 410 425 426
f 410 426 411
f 411 426 427
f 411 427 412
f 412 427 428
f 412 428 413
f 413 428 429
f 413 429 414
f 414 429 430
f 414 430 415
f 415 430 418
f 415 418 416
f 416 418 420
f 416 420 417
f 431 432 433
f 117 325 330
f 330 325 434
f 330 434 421
f 421 434 435
f 421 435 422
f 422 435 436
f 422 436 423
f 423 436 437
f 423 437 424
f 424 437 438
f 424 438 425
f 425 438 439
f 425 439 426
f 426 439 440
f 426 440 427
f 427 440 441
f 427 441 428
f 428 441 442
f 428 442 429
f 429 442 443
f 429 443 430
f 430 443 431
f 430 431 418
f 418 431 433
f 418 433 419
f 444 445 446
f 120 331 325
f 325 331 447
f 325 447 434
f 434 447 448
f 434 448 435
f 435 448 449
f 435 449 436
f 436 449 450
f 436 450 437
f 437 450 451
f 437 451 438
f 438 451 452
f 438 452 439
f 439 452 453
f 439 453 440
f 440 453 454
f 440 454 441
f 441 454 455
f 441 455 442
f 442 455 456
f 442 456 443
f 443 456 444
f 443 444 431
f 431 444 446
f 431 446 432
f 118 324 331
f 331 324 457
f 331 457 447
f 447 457 458
f 447 458 448
f 448 458 459
f 448 459 449
f 449 459 460
f 449 460 450
f 450 460 461
f 450 461 451
f 451 461 462
f 451 462 452
f 452 462 463
f 452 463 453
f 453 463 464
f 453 464 454
f 454 464 465
f 454 465 455
f 455 465 466
f 455 466 456
f 456 466 286
f 456 286 444
f 444 286 285
f 444 285 445
f 121 332 324
f 324 332 467
f 324 467 457
f 457 467 468
f 457 468 458
f 458 468 469
f 458 469 459
f 459 469 470
f 459 470 460
f 460 470 471
f 460 471 461
f 461 471 472
f 461 472 462
f 462 472 473
f 462 473 463
f 463 473 474
f 463 474 464
f 464 474 475
f 464 475 465
f 465 475 476
f 465 476 466
f 466 476 283
f 466 283 286
f 286 283 282
f 286 282 284
f 110 323 332
f 332 323 477
f 332 477 467
f 467 477 478
f 467 478 468
f 468 478 479
f 468 479 469
f 469 479 480
f 469 480 470
f 470 480 481
f 470 481 471
f 471 481 482
f 471 482 472
f 472 482 483
f 472 483 473
f 473 483 484
f 473 484 474
f 474 484 485
f 474 485 475
f 475 485 486
f 475 486 476
f 476 486 280
f 476 280 283
f 283 280 279
f 283 279 281
f 109 333 323
f 323 333 487
f 323 487 477
f 477 487 488
f 477 488 478
f 478 488 489
f 478 489 479
f 479 489 490
f 479 490 480
f 480 490 491
f 480 491 481
f 481 491 492
f 481 492 482
f 482 492 493
f 482 493 483
f 483 493 494
f 483 494 484
f 484 494 495
f 484 495 485
f 485 495 496
f 485 496 486
f 486 496 497
f 486 497 280
f 280 497 498
f 280 498 278
f 499 500 501
f 125 334 333
f 333 334 502
f 333 502 487
f 487 502 503
f 487 503 488
f 488 503 504
f 488 504 489
f 489 504 505
f 489 505 490
f 490 505 506
f 490 506 491
f 491 506 507
f 491 507 492
f 492 507 508
f 492 508 493
f 493 508 509
f 493 509 494
f 494 509 510
f 494 510 495
f 495 510 511
f 495 511 496
f 496 511 499
f 496 499 497
f 497 499 501
f 497 501 498
f 512 513 514
f 128 322 334
f 334 322 515
f 334 515 502
f 502 515 516
f 502 516 503
f 503 516 517
f 503 517 504
f 504 517 518
f 504 518 505
f 505 518 519
f 505 519 506
f 506 519 520
f 506 520 507
f 507 520 521
f 507 521 508
f 508 521 522
f 508 522 509
f 509 522 523
f 509 523 510
f 510 523 524
f 510 524 511
f 511 524 512
f 511 512 499
f 499 512 514
f 499 514 500
f 525 526 527
f 127 335 322
f 322 335 528
f 322 528 515
f 515 528 529
f 515 529 516
f 516 529 530
f 516 530 517
f 517 530 531
f 517 531 518
f 518 531 532
f 518 532 519
f 519 532 533
f 519 533 520
f 520 533 534
f 520 534 521
f 521 534 535
f 521 535 522
f 522 535 536
f 522 536 523
f 523 536 537
f 523 537 524
f 524 537 525
f 524 525 512
f 512 525 527
f 512 527 513
f 538 539 540
f 133 321 335
f 335 321 541
f 335 541 528
f 528 541 542
f 528 542 529
f 529 542 543
f 529 543 530
f 530 543 544
f 530 544 531
f 531 544 545
f 531 545 532
f 532 545 546
f 532 546 533
f 533 546 547
f 533 547 534
f 534 547 548
f 534 548 535
f 535 548 549
f 535 549 536
f 536 549 550
f 536 550 537
f 537 550 538
f 537 538 525
f 525 538 540
f 525 540 526
f 132 320 321
f 321 320 551
f 321 551 541
f 541 551 552
f 541 552 542
f 542 552 553
f 542 553 543
f 543 553 554
f 543 554 544
f 544 554 555
f 544 555 545
f 545 555 556
f 545 556 546
f 546 556 557
f 546 557 547
f 547 557 558
f 547 558 548
f 548 558 559
f 548 559 549
f 549 559 560
f 549 560 550
f 550 560 277
f 550 277 538
f 538 277 276
f 538 276 539
f 130 319 320
f 320 319 561
f 320 561 551
f 551 561 562
f 551 562 552
f 552 562 563
f 552 563 553
f 553 563 564
f 553 564 554
f 554 564 565
f 554 565 555
f 555 565 566
f 555 566 556
f 556 566 567
f 556 567 557
f 557 567 568
f 557 568 558
f 558 568 569
f 558 569 559
f 559 569 570
f 559 570 560
f 560 570 274
f 560 274 277
f 277 274 273
f 277 273 275
f 134 336 319
f 319 336 571
f 319 571 561
f 561 571 572
f 561 572 562
f 562 572 573
f 562 573 563
f 563 573 574
f 563 574 564
f 564 574 575
f 564 575 565
f 565 575 576
f 565 576 566
f 566 576 577
f 566 577 567
f 567 577 578
f 567 578 568
f 568 578 579
f 568 579 569
f 569 579 580
f 569 580 570
f 570 580 271
f 570 271 274
f 274 271 270
f 274 270 272
f 136 337 336
f 336 337 581
f 336 581 571
f 571 581 582
f 571 582 572
f 572 582 583
f 572 583 573
f 573 583 584
f 573 584 574
f 574 584 585
f 574 585 575
f 575 585 586
f 575 586 576
f 576 586 587
f 576 587 577
f 577 587 588
f 577 588 578
f 578 588 589
f 578 589 579
f 579 589 590
f 579 590 580
f 580 590 591
f 580 591 271
f 271 591 592
f 271 592 269
f 593 594 595
f 108 318 337
f 337 318 596
f 337 596 581
f 581 596 597
f 581 597 582
f 582 597 598
f 582 598 583
f 583 598 599
f 583 599 584
f 584 599 600
f 584 600 585
f 585 600 601
f 585 601 586
f 586 601 602
f 586 602 587
f 587 602 603
f 587 603 588
f 588 603 604
f 588 604 589
f 589 604 605
f 589 605 590
f 590 605 593
f 590 593 591
f 591 593 595
f 591 595 592
f 606 607 608
f 107 338 318
f 318 338 609
f 318 609 596
f 596 609 610
f 596 610 597
f 597 610 611
f 597 611 598
f 598 611 612
f 598 612 599
f 599 612 613
f 599 613 600
f 600 613 614
f 600 614 601
f 601 614 615
f 601 615 602
f 602 615 616
f 602 616 603
f 603 616 617
f 603 617 604
f 604 617 618
f 604 618 605
f 605 618 606
f 605 606 593
f 593 606 608
f 593 608 594
f 619 620 621
f 139 339 338
f 338 339 622
f 338 622 609
f 609 622 623
f 609 623 610
f 610 623 624
f 610 624 611
f 611 624 625
f 611 625 612
f 612 625 626
f 612 626 613
f 613 626 627
f 613 627 614
f 614 627 628
f 614 628 615
f 615 628 629
f 615 629 616
f 616 629 630
f 616 630 617
f 617 630 631
f 617 631 618
f 618 631 619
f 618 619 606
f 606 619 621
f 606 621 607
f 141 317 339
f 339 317 632
f 339 632 622
f 622 632 633
f 622 633 623
f 623 633 634
f 623 634 624
f 624 634 635
f 624 635 625
f 625 635 636
f 625 636 626
f 626 636 637
f 626 637 627
f 627 637 638
f 627 638 628
f 628 638 639
f 628 639 629
f 629 639 640
f 629 640 630
f 630 640 641
f 630 641 631
f 631 641 268
f 631 268 619
f 619 268 267
f 619 267 620
f 144 340 317
f 317 340 642
f 317 642 632
f 632 642 643
f 632 643 633
f 633 643 644
f 633 644 634
f 634 644 645
f 634 645 635
f 635 645 646
f 635 646 636
f 636 646 647
f 636 647 637
f 637 647 648
f 637 648 638
f 638 648 649
f 638 649 639
f 639 649 650
f 639 650 640
f 640 650 651
f 640 651 641
f 641 651 265
f 641 265 268
f 268 265 264
f 268 264 266
f 142 316 340
f 340 316 652
f 340 652 642
f 642 652 653
f 642 653 643
f 643 653 654
f 643 654 644
f 644 654 655
f 644 655 645
f 645 655 656
f 645 656 646
f 646 656 657
f 646 657 647
f 647 657 658
f 647 658 648
f 648 658 659
f 648 659 649
f 649 659 660
f 649 660 650
f 650 660 661
f 650 661 651
f 651 661 262
f 651 262 265
f 265 262 261
f 265 261 263
f 145 341 316
f 316 341 662
f 316 662 652
f 652 662 663
f 652 663 653
f 653 663 664
f 653 664 654
f 654 664 665
f 654 665 655
f 655 665 666
f 655 666 656
f 656 666 667
f 656 667 657
f 657 667 668
f 657 668 658
f 658 668 669
f 658 669 659
f 659 669 670
f 659 670 660
f 660 670 671
f 660 671 661
f 661 671 672
f 661 672 262
f 262 672 673
f 262 673 260
f 674 675 676
f 106 315 341
f 341 315 677
f 341 677 662
f 662 677 678
f 662 678 663
f 663 678 679
f 663 679 664
f 664 679 680
f 664 680 665
f 665 680 681
f 665 681 666
f 666 681 682
f 666 682 667
f 667 682 683
f 667 683 668
f 668 683 684
f 668 684 669
f 669 684 685
f 669 685 670
f 670 685 686
f 670 686 671
f 671 686 674
f 671 674 672
f 672 674 676
f 672 676 673
f 687 688 689
f 105 342 315
f 315 342 690
f 315 690 677
f 677 690 691
f 677 691 678
f 678 691 692
f 678 692 679
f 679 692 693
f 679 693 680
f 680 693 694
f 680 694 681
f 681 694 695
f 681 695 682
f 682 695 696
f 682 696 683
f 683 696 697
f 683 697 684
f 684 697 698
f 684 698 685
f 685 698 699
f 685 699 686
f 686 699 687
f 686 687 674
f 674 687 689
f 674 689 675
f 700 701 702
f 149 343 342
f 342 343 703
f 342 703 690
f 690 703 704
f 690 704 691
f 691 704 705
f 691 705 692
f 692 705 706
f 692 706 693
f 693 706 707
f 693 707 694
f 694 707 708
f 694 708 695
f 695 708 709
f 695 709 696
f 696 709 710
f 696 710 697
f 697 710 711
f 697 711 698
f 698 711 712
f 698 712 699
f 699 712 700
f 699 700 687
f 687 700 702
f 687 702 688
f 713 714 715
f 152 314 343
f 343 314 716
f 343 716 703
f 703 716 717
f 703 717 704
f 704 717 718
f 704 718 705
f 705 718 719
f 705 719 706
f 706 719 720
f 706 720 707
f 707 720 721
f 707 721 708
f 708 721 722
f 708 722 709
f 709 722 723
f 709 723 710
f 710 723 724
f 710 724 711
f 711 724 725
f 711 725 712
f 712 725 713
f 712 713 700
f 700 713 715
f 700 715 701
f 151 344 314
f 314 344 726
f 314 726 716
f 716 726 727
f 716 727 717
f 717 727 728
f 717 728 718
f 718 728 729
f 718 729 719
f 719 729 730
f 719 730 720
f 720 730 731
f 720 731 721
f 721 731 732
f 721 732 722
f 722 732 733
f 722 733 723
f 723 733 734
f 723 734 724
f 724 734 735
f 724 735 725
f 725 735 259
f 725 259 713
f 713 259 258
f 713 258 714
f 157 313 344
f 344 313 736
f 344 736 726
f 726 736 737
f 726 737 727
f 727 737 738
f 727 738 728
f 728 738 739
f 728 739 729
f 729 739 740
f 729 740 730
f 730 740 741
f 730 741 731
f 731 741 742
f 731 742 732
f 732 742 743
f 732 743 733
f 733 743 744
f 733 744 734
f 734 744 745
f 734 745 735
f 735 745 256
f 735 256 259
f 259 256 255
f 259 255 257
f 156 312 313
f 313 312 746
f 313 746 736
f 736 746 747
f 736 747 737
f 737 747 748
f 737 748 738
f 738 748 749
f 738 749 739
f 739 749 750
f 739 750 740
f 740 750 751
f 740 751 741
f 741 751 752
f 741 752 742
f 742 752 753
f 742 753 743
f 743 753 754
f 743 754 744
f 744 754 755
f 744 755 745
f 745 755 253
f 745 253 256
f 256 253 252
f 256 252 254
f 154 311 312
f 312 311 756
f 312 756 746
f 746 756 757
f 746 757 747
f 747 757 758
f 747 758 748
f 748 758 759
f 748 759 749
f 749 759 760
f 749 760 750
f 750 760 761
f 750 761 751
f 751 761 762
f 751 762 752
f 752 762 763
f 752 763 753
f 753 763 764
f 753 764 754
f 754 764 765
f 754 765 755
f 755 765 766
f 755 766 253
f 253 766 767
f 253 767 251
f 768 769 770
f 158 345 311
f 311 345 771
f 311 771 756
f 756 771 772
f 756 772 757
f 757 772 773
f 757 773 758
f 758 773 774
f 758 774 759
f 759 774 775
f 759 775 760
f 760 775 776
f 760 776 761
f 761 776 777
f 761 777 762
f 762 777 778
f 762 778 763
f 763 778 779
f 763 779 764
f 764 779 780
f 764 780 765
f 765 780 768
f 765 768 766
f 766 768 770
f 766 770 767
f 781 782 783
f 160 346 345
f 345 346 784
f 345 784 771
f 771 784 785
f 771 785 772
f 772 785 786
f 772 786 773
f 773 786 787
f 773 787 774
f 774 787 788
f 774 788 775
f 775 788 789
f 775 789 776
f 776 789 790
f 776 790 777
f 777 790 791
f 777 791 778
f 778 791 792
f 778 792 779
f 779 792 793
f 779 793 780
f 780 793 781
f 780 781 768
f 768 781 783
f 768 783 769
f 794 795 796
f 104 310 346
f 346 310 797
f 346 797 784
f 784 797 798
f 784 798 785
f 785 798 799
f 785 799 786
f 786 799 800
f 786 800 787
f 787 800 801
f 787 801 788
f 788 801 802
f 788 802 789
f 789 802 803
f 789 803 790
f 790 803 804
f 790 804 791
f 791 804 805
f 791 805 792
f 792 805 806
f 792 806 793
f 793 806 794
f 793 794 781
f 781 794 796
f 781 796 782
f 103 347 310
f 310 347 807
f 310 807 797
f 797 807 808
f 797 808 798
f 798 808 809
f 798 809 799
f 799 809 810
f 799 810 800
f 800 810 811
f 800 811 801
f 801 811 812
f 801 812 802
f 802 812 813
f 802 813 803
f 803 813 814
f 803 814 804
f 804 814 815
f 804 815 805
f 805 815 816
f 805 816 806
f 806 816 250
f 806 250 794
f 794 250 249
f 794 249 795
f 163 348 347
f 347 348 817
f 347 817 807
f 807 817 818
f 807 818 808
f 808 818 819
f 808 819 809
f 809 819 820
f 809 820 810
f 810 820 821
f 810 821 811
f 811 821 822
f 811 822 812
f 812 822 823
f 812 823 813
f 813 823 824
f 813 824 814
f 814 824 825
f 814 825 815
f 815 825 826
f 815 826 816
f 816 826 247
f 816 247 250
f 250 247 246
f 250 246 248
f 165 309 348
f 348 309 827
f 348 827 817
f 817 827 828
f 817 828 818
f 818 828 829
f 818 829 819
f 819 829 830
f 819 830 820
f 820 830 831
f 820 831 821
f 821 831 832
f 821 832 822
f 822 832 833
f 822 833 823
f 823 833 834
f 823 834 824
f 824 834 835
f 824 835 825
f 825 835 836
f 825 836 826
f 826 836 244
f 826 244 247
f 247 244 243
f 247 243 245
f 168 349 309
f 309 349 837
f 309 837 827
f 827 837 838
f 827 838 828
f 828 838 839
f 828 839 829
f 829 839 840
f 829 840 830
f 830 840 841
f 830 841 831
f 831 841 842
f 831 842 832
f 832 842 843
f 832 843 833
f 833 843 844
f 833 844 834
f 834 844 845
f 834 845 835
f 835 845 846
f 835 846 836
f 836 846 241
f 836 241 244
f 244 241 240
f 244 240 242
f 166 308 349
f 349 308 847
f 349 847 837
f 837 847 848
f 837 848 838
f 838 848 849
f 838 849 839
f 839 849 850
f 839 850 840
f 840 850 851
f 840 851 841
f 841 851 852
f 841 852 842
f 842 852 853
f 842 853 843
f 843 853 854
f 843 854 844
f 844 854 855
f 844 855 845
f 845 855 856
f 845 856 846
f 846 856 857
f 846 857 241
f 241 857 858
f 241 858 239
f 859 860 861
f 169 350 308
f 308 350 862
f 308 862 847
f 847 862 863
f 847 863 848
f 848 863 864
f 848 864 849
f 849 864 865
f 849 865 850
f 850 865 866
f 850 866 851
f 851 866 867
f 851 867 852
f 852 867 868
f 852 868 853
f 853 868 869
f 853 869 854
f 854 869 870
f 854 870 855
f 855 870 871
f 855 871 856
f 856 871 859
f 856 859 857
f 857 859 861
f 857 861 858
f 872 873 874
f 102 307 350
f 350 307 875
f 350 875 862
f 862 875 876
f 862 876 863
f 863 876 877
f 863 877 864
f 864 877 878
f 864 878 865
f 865 878 879
f 865 879 866
f 866 879 880
f 866 880 867
f 867 880 881
f 867 881 868
f 868 881 882
f 868 882 869
f 869 882 883
f 869 883 870
f 870 883 884
f 870 884 871
f 871 884 872
f 871 872 859
f 859 872 874
f 859 874 860
f 885 886 887
f 101 351 307
f 307 351 888
f 307 888 875
f 875 888 889
f 875 889 876
f 876 889 890
f 876 890 877
f 877 890 891
f 877 891 878
f 878 891 892
f 878 892 879
f 879 892 893
f 879 893 880
f 880 893 894
f 880 894 881
f 881 894 895
f 881 895 882
f 882 895 896
f 882 896 883
f 883 896 897
f 883 897 884
f 884 897 885
f 884 885 872
f 872 885 887
f 872 887 873
f 173 352 351
f 351 352 898
f 351 898 888
f 888 898 899
f 888 899 889
f 889 899 900
f 889 900 890
f 890 900 901
f 890 901 891
f 891 901 902
f 891 902 892
f 892 902 903
f 892 903 893
f 893 903 904
f 893 904 894
f 894 904 905
f 894 905 895
f 895 905 906
f 895 906 896
f 896 906 907
f 896 907 897
f 897 907 238
f 897 238 885
f 885 238 237
f 885 237 886
f 176 306 352
f 352 306 908
f 352 908 898
f 898 908 909
f 898 909 899
f 899 909 910
f 899 910 900
f 900 910 911
f 900 911 901
f 901 911 912
f 901 912 902
f 902 912 913
f 902 913 903
f 903 913 914
f 903 914 904
f 904 914 915
f 904 915 905
f 905 915 916
f 905 916 906
f 906 916 917
f 906 917 907
f 907 917 235
f 907 235 238
f 238 235 234
f 238 234 236
f 175 353 306
f 306 353 918
f 306 918 908
f 908 918 919
f 908 919 909
f 909 919 920
f 909 920 910
f 910 920 921
f 910 921 911
f 911 921 922
f 911 922 912
f 912 922 923
f 912 923 913
f 913 923 924
f 913 924 914
f 914 924 925
f 914 925 915
f 915 925 926
f 915 926 916
f 916 926 927
f 916 927 917
f 917 927 232
f 917 232 235
f 235 232 231
f 235 231 233
f 181 305 353
f 353 305 928
f 353 928 918
f 918 928 929
f 918 929 919
f 919 929 930
f 919 930 920
f 920 930 931
f 920 931 921
f 921 931 932
f 921 932 922
f 922 932 933
f 922 933 923
f 923 933 934
f 923 934 924
f 924 934 935
f 924 935 925
f 925 935 936
f 925 936 926
f 926 936 937
f 926 937 927
f 927 937 938
f 927 938 232
f 232 938 939
f 232 939 230
f 940 941 942
f 180 304 305
f 305 304 943
f 305 943 928
f 928 943 944
f 928 944 929
f 929 944 945
f 929 945 930
f 930 945 946
f 930 946 931
f 931 946 947
f 931 947 932
f 932 947 948
f 932 948 933
f 933 948 949
f 933 949 934
f 934 949 950
f 934 950 935
f 935 950 951
f 935 951 936
f 936 951 952
f 936 952 937
f 937 952 940
f 937 940 938
f 938 940 942
f 938 942 939
f 953 954 955
f 178 303 304
f 304 303 956
f 304 956 943
f 943 956 957
f 943 957 944
f 944 957 958
f 944 958 945
f 945 958 959
f 945 959 946
f 946 959 960
f 946 960 947
f 947 960 961
f 947 961 948
f 948 961 962
f 948 962 949
f 949 962 963
f 949 963 950
f 950 963 964
f 950 964 951
f 951 964 965
f 951 965 952
f 952 965 953
f 952 953 940
f 940 953 955
f 940 955 941
f 966 967 968
f 182 354 303
f 303 354 969
f 303 969 956
f 956 969 970
f 956 970 957
f 957 970 971
f 957 971 958
f 958 971 972
f 958 972 959
f 959 972 973
f 959 973 960
f 960 973 974
f 960 974 961
f 961 974 975
f 961 975 962
f 962 975 976
f 962 976 963
f 963 976 977
f 963 977 964
f 964 977 978
f 964 978 965
f 965 978 966
f 965 966 953
f 953 966 968
f 953 968 954
f 184 355 354
f 354 355 979
f 354 979 969
f 969 979 980
f 969 980 970
f 970 980 981
f 970 981 971
f 971 981 982
f 971 982 972
f 972 982 983
f 972 983 973
f 973 983 984
f 973 984 974
f 974 984 985
f 974 985 975
f 975 985 986
f 975 986 976
f 976 986 987
f 976 987 977
f 977 987 988
f 977 988 978
f 978 988 229
f 978 229 966
f 966 229 228
f 966 228 967
f 100 302 355
f 355 302 989
f 355 989 979
f 979 989 990
f 979 990 980
f 980 990 991
f 980 991 981
f 981 991 992
f 981 992 982
f 982 992 993
f 982 993 983
f 983 993 994
f 983 994 984
f 984 994 995
f 984 995 985
f 985 995 996
f 985 996 986
f 986 996 997
f 986 997 987
f 987 997 998
f 987 998 988
f 988 998 226
f 988 226 229
f 229 226 225
f 229 225 227
f 99 356 302
f 302 356 999
f 302 999 989
f 989 999 1000
f 989 1000 990
f 990 1000 1001
f 990 1001 991
f 991 1001 1002
f 991 1002 992
f 992 1002 1003
f 992 1003 993
f 993 1003 1004
f 993 1004 994
f 994 1004 1005
f 994 1005 995
f 995 1005 1006
f 995 1006 996
f 996 1006 1007
f 996 1007 997
f 997 1007 1008
f 997 1008 998
f 998 1008 223
f 998 223 226
f 226 223 222
f 226 222 224
f 187 357 356
f 356 357 1009
f 356 1009 999
f 999 1009 1010
f 999 1010 1000
f 1000 1010 1011
f 1000 1011 1001
f 1001 1011 1012
f 1001 1012 1002
f 1002 1012 1013
f 1002 1013 1003
f 1003 1013 1014
f 1003 1014 1004
f 1004 1014 1015
f 1004 1015 1005
f 1005 1015 1016
f 1005 1016 1006
f 1006 1016 1017
f 1006 1017 1007
f 1007 1017 1018
f 1007 1018 1008
f 1008 1018 220
f 1008 220 223
f 223 220 219
f 223 219 221
f 189 301 357
f 357 301 1019
f 357 1019 1009
f 1009 1019 1020
f 1009 1020 1010
f 1010 1020 1021
f 1010 1021 1011
f 1011 1021 1022
f 1011 1022 1012
f 1012 1022 1023
f 1012 1023 1013
f 1013 1023 1024
f 1013 1024 1014
f 1014 1024 1025
f 1014 1025 1015
f 1015 1025 1026
f 1015 1026 1016
f 1016 1026 1027
f 1016 1027 1017
f 1017 1027 1028
f 1017 1028 1018
f 1018 1028 1029
f 1018 1029 220
f 220 1029 1030
f 220 1030 218
f 1031 1032 1033
f 192 358 301
f 301 358 1034
f 301 1034 1019
f 1019 1034 1035
f 1019 1035 1020
f 1020 1035 1036
f 1020 1036 1021
f 1021 1036 1037
f 1021 1037 1022
f 1022 1037 1038
f 1022 1038 1023
f 1023 1038 1039
f 1023 1039 1024
f 1024 1039 1040
f 1024 1040 1025
f 1025 1040 1041
f 1025 1041 1026
f 1026 1041 1042
f 1026 1042 1027
f 1027 1042 1043
f 1027 1043 1028
f 1028 1043 1031
f 1028 1031 1029
f 1029 1031 1033
f 1029 1033 1030
f 1044 1045 1046
f 190 359 358
f 358 359 1047
f 358 1047 1034
f 1034 1047 1048
f 1034 1048 1035
f 1035 1048 1049
f 1035 1049 1036
f 1036 1049 1050
f 1036 1050 1037
f 1037 1050 1051
f 1037 1051 1038
f 1038 1051 1052
f 1038 1052 1039
f 1039 1052 1053
f 1039 1053 1040
f 1040 1053 1054
f 1040 1054 1041
f 1041 1054 1055
f 1041 1055 1042
f 1042 1055 1056
f 1042 1056 1043
f 1043 1056 1044
f 1043 1044 1031
f 1031 1044 1046
f 1031 1046 1032
f 1057 1058 1059
f 194 360 359
f 359 360 1060
f 359 1060 1047
f 1047 1060 1061
f 1047 1061 1048
f 1048 1061 1062
f 1048 1062 1049
f 1049 1062 1063
f 1049 1063 1050
f 1050 1063 1064
f 1050 1064 1051
f 1051 1064 1065
f 1051 1065 1052
f 1052 1065 1066
f 1052 1066 1053
f 1053 1066 1067
f 1053 1067 1054
f 1054 1067 1068
f 1054 1068 1055
f 1055 1068 1069
f 1055 1069 1056
f 1056 1069 1057
f 1056 1057 1044
f 1044 1057 1059
f 1044 1059 1045
f 98 300 360
f 360 300 1070
f 360 1070 1060
f 1060 1070 1071
f 1060 1071 1061
f 1061 1071 1072
f 1061 1072 1062
f 1062 1072 1073
f 1062 1073 1063
f 1063 1073 1074
f 1063 1074 1064
f 1064 1074 1075
f 1064 1075 1065
f 1065 1075 1076
f 1065 1076 1066
f 1066 1076 1077
f 1066 1077 1067
f 1067 1077 1078
f 1067 1078 1068
f 1068 1078 1079
f 1068 1079 1069
f 1069 1079 217
f 1069 217 1057
f 1057 217 216
f 1057 216 1058
f 97 361 300
f 300 361 1080
f 300 1080 1070
f 1070 1080 1081
f 1070 1081 1071
f 1071 1081 1082
f 1071 1082 1072
f 1072 1082 1083
f 1072 1083 1073
f 1073 1083 1084
f 1073 1084 1074
f 1074 1084 1085
f 1074 1085 1075
f 1075 1085 1086
f 1075 1086 1076
f 1076 1086 1087
f 1076 1087 1077
f 1077 1087 1088
f 1077 1088 1078
f 1078 1088 1089
f 1078 1089 1079
f 1079 1089 214
f 1079 214 217
f 217 214 213
f 217 213 215
f 197 362 361
f 361 362 1090
f 361 1090 1080
f 1080 1090 1091
f 1080 1091 1081
f 1081 1091 1092
f 1081 1092 1082
f 1082 1092 1093
f 1082 1093 1083
f 1083 1093 1094
f 1083 1094 1084
f 1084 1094 1095
f 1084 1095 1085
f 1085 1095 1096
f 1085 1096 1086
f 1086 1096 1097
f 1086 1097 1087
f 1087 1097 1098
f 1087 1098 1088
f 1088 1098 1099
f 1088 1099 1089
f 1089 1099 211
f 1089 211 214
f 214 211 210
f 214 210 212
f 201 299 362
f 362 299 1100
f 362 1100 1090
f 1090 1100 1101
f 1090 1101 1091
f 1091 1101 1102
f 1091 1102 1092
f 1092 1102 1103
f 1092 1103 1093
f 1093 1103 1104
f 1093 1104 1094
f 1094 1104 1105
f 1094 1105 1095
f 1095 1105 1106
f 1095 1106 1096
f 1096 1106 1107
f 1096 1107 1097
f 1097 1107 1108
f 1097 1108 1098
f 1098 1108 1109
f 1098 1109 1099
f 1099 1109 1110
f 1099 1110 211
f 211 1110 1111
f 211 1111 209
f 1112 1113 1114
f 200 363 299
f 299 363 1115
f 299 1115 1100
f 1100 1115 1116
f 1100 1116 1101
f 1101 1116 1117
f 1101 1117 1102
f 1102 1117 1118
f 1102 1118 1103
f 1103 1118 1119
f 1103 1119 1104
f 1104 1119 1120
f 1104 1120 1105
f 1105 1120 1121
f 1105 1121 1106
f 1106 1121 1122
f 1106 1122 1107
f 1107 1122 1123
f 1107 1123 1108
f 1108 1123 1124
f 1108 1124 1109
f 1109 1124 1112
f 1109 1112 1110
f 1110 1112 1114
f 1110 1114 1111
f 1125 1126 1127
f 198 298 363
f 363 298 1128
f 363 1128 1115
f 1115 1128 1129
f 1115 1129 1116
f 1116 1129 1130
f 1116 1130 1117
f 1117 1130 1131
f 1117 1131 1118
f 1118 1131 1132
f 1118 1132 1119
f 1119 1132 1133
f 1119 1133 1120
f 1120 1133 1134
f 1120 1134 1121
f 1121 1134 1135
f 1121 1135 1122
f 1122 1135 1136
f 1122 1136 1123
f 1123 1136 1137
f 1123 1137 1124
f 1124 1137 1125
f 1124 1125 1112
f 1112 1125 1127
f 1112 1127 1113
f 1138 1139 1140
f 203 297 298
f 298 297 1141
f 298 1141 1128
f 1128 1141 1142
f 1128 1142 1129
f 1129 1142 1143
f 1129 1143 1130
f 1130 1143 1144
f 1130 1144 1131
f 1131 1144 1145
f 1131 1145 1132
f 1132 1145 1146
f 1132 1146 1133
f 1133 1146 1147
f 1133 1147 1134
f 1134 1147 1148
f 1134 1148 1135
f 1135 1148 1149
f 1135 1149 1136
f 1136 1149 1150
f 1136 1150 1137
f 1137 1150 1138
f 1137 1138 1125
f 1125 1138 1140
f 1125 1140 1126
f 208 296 297
f 297 296 365
f 297 365 1141
f 1141 365 367
f 1141 367 1142
f 1142 367 369
f 1142 369 1143
f 1143 369 371
f 1143 371 1144
f 1144 371 373
f 1144 373 1145
f 1145 373 375
f 1145 375 1146
f 1146 375 377
f 1146 377 1147
f 1147 377 379
f 1147 379 1148
f 1148 379 381
f 1148 381 1149
f 1149 381 383
f 1149 383 1150
f 1150 383 384
f 1150 384 1138
f 1138 384 385
f 1138 385 1139
f 294 1151 1152
f 294 293 1151
f 1151 293 291
f 1151 291 1153
f 1153 291 290
f 1153 290 1154
f 1154 290 288
f 288 287 1154
f 1154 287 417
f 1154 417 1155
f 417 420 1155
f 1155 420 419
f 1155 419 1156
f 446 1157 432
f 432 1157 1156
f 432 1156 433
f 433 1156 419
f 446 445 1157
f 1157 445 285
f 1157 285 1158
f 285 284 1158
f 1158 284 282
f 1158 282 1159
f 282 281 1159
f 1159 281 279
f 1159 279 1160
f 1160 279 278
f 1160 278 1161
f 1161 278 498
f 498 501 1161
f 1161 501 500
f 1161 500 1162
f 500 514 1162
f 1162 514 513
f 1162 513 1163
f 513 527 1163
f 1163 527 526
f 1163 526 1164
f 276 1165 539
f 539 1165 1164
f 539 1164 540
f 540 1164 526
f 276 275 1165
f 1165 275 273
f 1165 273 1166
f 1166 273 272
f 1166 272 1167
f 1167 272 270
f 270 269 1167
f 1167 269 592
f 1167 592 1168
f 592 595 1168
f 1168 595 594
f 1168 594 1169
f 621 1170 607
f 607 1170 1169
f 607 1169 608
f 608 1169 594
f 621 620 1170
f 1170 620 267
f 1170 267 1171
f 267 266 1171
f 1171 266 264
f 1171 264 1172
f 264 263 1172
f 1172 263 261
f 1172 261 1173
f 1173 261 260
f 1173 260 1174
f 1174 260 673
f 673 676 1174
f 1174 676 675
f 1174 675 1175
f 675 689 1175
f 1175 689 688
f 1175 688 1176
f 688 702 1176
f 1176 702 701
f 1176 701 1177
f 258 1178 714
f 714 1178 1177
f 714 1177 715
f 715 1177 701
f 258 257 1178
f 1178 257 255
f 1178 255 1179
f 1179 255 254
f 1179 254 1180
f 254 252 1180
f 1180 252 251
f 1180 251 1181
f 1181 251 767
f 767 770 1181
f 1181 770 769
f 1181 769 1182
f 796 1183 782
f 782 1183 1182
f 782 1182 783
f 783 1182 769
f 796 795 1183
f 1183 795 249
f 1183 249 1184
f 249 248 1184
f 1184 248 246
f 1184 246 1185
f 246 245 1185
f 1185 245 243
f 1185 243 1186
f 1186 243 242
f 1186 242 1187
f 1187 242 240
f 240 239 1187
f 1187 239 858
f 1187 858 1188
f 858 861 1188
f 1188 861 860
f 1188 860 1189
f 860 874 1189
f 1189 874 873
f 1189 873 1190
f 237 1191 886
f 886 1191 1190
f 886 1190 887
f 887 1190 873
f 237 236 1191
f 1191 236 234
f 1191 234 1192
f 1192 234 233
f 1192 233 1193
f 233 231 1193
f 1193 231 230
f 1193 230 1194
f 1194 230 939
f 939 942 1194
f 1194 942 941
f 1194 941 1195
f 968 1196 954
f 954 1196 1195
f 954 1195 955
f 955 1195 941
f 968 967 1196
f 1196 967 228
f 1196 228 1197
f 228 227 1197
f 1197 227 225
f 1197 225 1198
f 225 224 1198
f 1198 224 222
f 1198 222 1199
f 1199 222 221
f 1199 221 1200
f 1200 221 219
f 219 218 1200
f 1200 218 1030
f 1200 1030 1201
f 1030 1033 1201
f 1201 1033 1032
f 1201 1032 1202
f 1032 1046 1202
f 1202 1046 1045
f 1202 1045 1203
f 216 1204 1058
f 1058 1204 1203
f 1058 1203 1059
f 1059 1203 1045
f 216 215 1204
f 1204 215 213
f 1204 213 1205
f 213 212 1205
f 1205 212 210
f 1205 210 1206
f 1206 210 209
f 1206 209 1207
f 1207 209 1111
f 1111 1114 1207
f 1207 1114 1113
f 1207 1113 1208
f 1113 1127 1208
f 1208 1127 1126
f 1208 1126 1209
f 1126 1140 1209
f 1209 1140 1139
f 1209 1139 1152
f 1152 1139 385
f 1152 385 294
f 1209 1210 1208
f 1208 1210 1211
f 1208 1211 1207
f 1207 1211 1212
f 1207 1212 1206
f 1206 1212 1213
f 1206 1213 1205
f 1205 1213 1214
f 1205 1214 1204
f 1204 1214 1215
f 1204 1215 1203
f 1203 1215 1216
f 1203 1216 1202
f 1202 1216 1217
f 1202 1217 1201
f 1201 1217 1218
f 1201 1218 1200
f 1200 1218 1219
f 1200 1219 1199
f 1199 1219 1220
f 1199 1220 1198
f 1198 1220 1221
f 1198 1221 1197
f 1197 1221 1222
f 1197 1222 1196
f 1196 1222 1223
f 1196 1223 1195
f 1195 1223 1224
f 1195 1224 1194
f 1194 1224 1225
f 1194 1225 1193
f 1193 1225 1226
f 1193 1226 1192
f 1192 1226 1227
f 1192 1227 1191
f 1191 1227 1228
f 1191 1228 1190
f 1190 1228 1229
f 1190 1229 1189
f 1189 1229 1230
f 1189 1230 1188
f 1188 1230 1231
f 1188 1231 1187
f 1187 1231 1232
f 1187 1232 1186
f 1186 1232 1233
f 1186 1233 1185
f 1185 1233 1234
f 1185 1234 1184
f 1184 1234 1235
f 1184 1235 1183
f 1183 1235 1236
f 1183 1236 1182
f 1182 1236 1237
f 1182 1237 1181
f 1181 1237 1238
f 1181 1238 1180
f 1180 1238 1239
f 1180 1239 1179
f 1179 1239 1240
f 1179 1240 1178
f 1178 1240 1241
f 1178 1241 1177
f 1177 1241 1242
f 1177 1242 1176
f 1176 1242 1243
f 1176 1243 1175
f 1175 1243 1244
f 1175 1244 1174
f 1174 1244 1245
f 1174 1245 1173
f 1173 1245 1246
f 1173 1246 1172
f 1172 1246 1247
f 1172 1247 1171
f 1171 1247 1248
f 1171 1248 1170
f 1170 1248 1249
f 1170 1249 1169
f 1169 1249 1250
f 1169 1250 1168
f 1168 1250 1251
f 1168 1251 1167
f 1167 1251 1252
f 1167 1252 1166
f 1166 1252 1253
f 1166 1253 1165
f 1165 1253 1254
f 1165 1254 1164
f 1164 1254 1255
f 1164 1255 1163
f 1163 1255 1256
f 1163 1256 1162
f 1162 1256 1257
f 1162 1257 1161
f 1161 1257 1258
f 1161 1258 1160
f 1160 1258 1259
f 1160 1259 1159
f 1159 1259 1260
f 1159 1260 1158
f 1158 1260 1261
f 1158 1261 1157
f 1157 1261 1262
f 1157 1262 1156
f 1156 1262 1263
f 1156 1263 1155
f 1155 1263 1264
f 1155 1264 1154
f 1154 1264 1265
f 1154 1265 1153
f 1153 1265 1266
f 1153 1266 1151
f 1151 1266 1267
f 1151 1267 1152
f 1152 1267 1268
f 1152 1268 1209
f 1209 1268 1210
f 1210 1269 1211
f 1211 1269 1270
f 1211 1270 1212
f 1212 1270 1271
f 1212 1271 1213
f 1213 1271 1272
f 1213 1272 1214
f 1214 1272 1273
f 1214 1273 1215
f 1215 1273 1274
f 1215 1274 1216
f 1216 1274 1275
f 1216 1275 1217
f 1217 1275 1276
f 1217 1276 1218
f 1218 1276 1277
f 1218 1277 1219
f 1219 1277 1278
f 1219 1278 1220
f 1220 1278 1279
f 1220 1279 1221
f 1221 1279 1280
f 1221 1280 1222
f 1222 1280 1281
f 1222 1281 1223
f 1223 1281 1282
f 1223 1282 1224
f 1224 1282 1283
f 1224 1283 1225
f 1225 1283 1284
f 1225 1284 1226
f 1226 1284 1285
f 1226 1285 1227
f 1227 1285 1286
f 1227 1286 1228
f 1228 1286 1287
f 1228 1287 1229
f 1229 1287 1288
f 1229 1288 1230
f 1230 1288 1289
f 1230 1289 1231
f 1231 1289 1290
f 1231 1290 1232
f 1232 1290 1291
f 1232 1291 1233
f 1233 1291 1292
f 1233 1292 1234
f 1234 1292 1293
f 1234 1293 1235
f 1235 1293 1294
f 1235 1294 1236
f 1236 1294 1295
f 1236 1295 1237
f 1237 1295 1296
f 1237 1296 1238
f 1238 1296 1297
f 1238 1297 1239
f 1239 1297 1298
f 1239 1298 1240
f 1240 1298 1299
f 1240 1299 1241
f 1241 1299 1300
f 1241 1300 1242
f 1242 1300 1301
f 1242 1301 1243
f 1243 1301 1302
f 1243 1302 1244
f 1244 1302 1303
f 1244 1303 1245
f 1245 1303 1304
f 1245 1304 1246
f 1246 1304 1305
f 1246 1305 1247
f 1247 1305 1306
f 1247 1306 1248
f 1248 1306 1307
f 1248 1307 1249
f 1249 1307 1308
f 1249 1308 1250
f 1250 1308 1309
f 1250 1309 1251
f 1251 1309 1310
f 1251 1310 1252
f 1252 1310 1311
f 1252 1311 1253
f 1253 1311 1312
f 1253 1312 1254
f 1254 1312 1313
f 1254 1313 1255
f 1255 1313 1314
f 1255 1314 1256
f 1256 1314 1315
f 1256 1315 1257
f 1257 1315 1316
f 1257 1316 1258
f 1258 1316 1317
f 1258 1317 1259
f 1259 1317 1318
f 1259 1318 1260
f 1260 1318 1319
f 1260 1319 1261
f 1261 1319 1320
f 1261 1320 1262
f 1262 1320 1321
f 1262 1321 1263
f 1263 1321 1322
f 1263 1322 1264
f 1264 1322 1323
f 1264 1323 1265
f 1265 1323 1324
f 1265 1324 1266
f 1266 1324 1325
f 1266 1325 1267
f 1267 1325 1326
f 1267 1326 1268
f 1268 1326 1327
f 1268 1327 1210
f 1210 1327 1269
f 1269 1328 1270
f 1270 1328 1329
f 1270 1329 1271
f 1271 1329 1330
f 1271 1330 1272
f 1272 1330 1331
f 1272 1331 1273
f 1273 1331 1332
f 1273 1332 1274
f 1274 1332 1333
f 1274 1333 1275
f 1275 1333 1334
f 1275 1334 1276
f 1276 1334 1335
f 1276 1335 1277
f 1277 1335 1336
f 1277 1336 1278
f 1278 1336 1337
f 1278 1337 1279
f 1279 1337 1338
f 1279 1338 1280
f 1280 1338 1339
f 1280 1339 1281
f 1281 1339 1340
f 1281 1340 1282
f 1282 1340 1341
f 1282 1341 1283
f 1283 1341 1342
f 1283 1342 1284
f 1284 1342 1343
f 1284 1343 1285
f 1285 1343 1344
f 1285 1344 1286
f 1286 1344 1345
f 1286 1345 1287
f 1287 1345 1346
f 1287 1346 1288
f 1288 1346 1347
f 1288 1347 1289
f 1289 1347 1348
f 1289 1348 1290
f 1290 1348 1349
f 1290 1349 1291
f 1291 1349 1350
f 1291 1350 1292
f 1292 1350 1351
f 1292 1351 1293
f 1293 1351 1352
f 1293 1352 1294
f 1294 1352 1353
f 1294 1353 1295
f 1295 1353 1354
f 1295 1354 1296
f 1296 1354 1355
f 1296 1355 1297
f 1297 1355 1356
f 1297 1356 1298
f 1298 1356 1357
f 1298 1357 1299
f 1299 1357 1358
f 1299 1358 1300
f 1300 1358 1359
f 1300 1359 1301
f 1301 1359 1360
f 1301 1360 1302
f 1302 1360 1361
f 1302 1361 1303
f 1303 1361 1362
f 1303 1362 1304
f 1304 1362 1363
f 1304 1363 1305
f 1305 1363 1364
f 1305 1364 1306
f 1306 1364 1365
f 1306 1365 1307
f 1307 1365 1366
f 1307 1366 1308
f 1308 1366 1367
f 1308 1367 1309
f 1309 1367 1368
f 1309 1368 1310
f 1310 1368 1369
f 1310 1369 1311
f 1311 1369 1370
f 1311 1370 1312
f 1312 1370 1371
f 1312 1371 1313
f 1313 1371 1372
f 1313 1372 1314
f 1314 1372 1373
f 1314 1373 1315
f 1315 1373 1374
f 1315 1374 1316
f 1316 1374 1375
f 1316 1375 1317
f 1317 1375 1376
f 1317 1376 1318
f 1318 1376 1377
f 1318 1377 1319
f 1319 1377 1378
f 1319 1378 1320
f 1320 1378 1379
f 1320 1379 1321
f 1321 1379 1380
f 1321 1380 1322
f 1322 1380 1381
f 1322 1381 1323
f 1323 1381 1382
f 1323 1382 1324
f 1324 1382 1383
f 1324 1383 1325
f 1325 1383 1384
f 1325 1384 1326
f 1326 1384 1385
f 1326 1385 1327
f 1327 1385 1386
f 1327 1386 1269
f 1269 1386 1328
f 1328 1387 1329
f 1329 1387 1388
f 1329 1388 1330
f 1330 1388 1389
f 1330 1389 1331
f 1331 1389 1390
f 1331 1390 1332
f 1332 1390 1391
f 1332 1391 1333
f 1333 1391 1392
f 1333 1392 1334
f 1334 1392 1393
f 1334 1393 1335
f 1335 1393 1394
f 1335 1394 1336
f 1336 1394 1395
f 1336 1395 1337
f 1337 1395 1396
f 1337 1396 1338
f 1338 1396 1397
f 1338 1397 1339
f 1339 1397 1398
f 1339 1398 1340
f 1340 1398 1399
f 1340 1399 1341
f 1341 1399 1400
f 1341 1400 1342
f 1342 1400 1401
f 1342 1401 1343
f 1343 1401 1402
f 1343 1402 1344
f 1344 1402 1403
f 1344 1403 1345
f 1345 1403 1404
f 1345 1404 1346
f 1346 1404 1405
f 1346 1405 1347
f 1347 1405 1406
f 1347 1406 1348
f 1348 1406 1407
f 1348 1407 1349
f 1349 1407 1408
f 1349 1408 1350
f 1350 1408 1409
f 1350 1409 1351
f 1351 1409 1410
f 1351 1410 1352
f 1352 1410 1411
f 1352 1411 1353
f 1353 1411 1412
f 1353 1412 1354
f 1354 1412 1413
f 1354 1413 1355
f 1355 1413 1414
f 1355 1414 1356
f 1356 1414 1415
f 1356 1415 1357
f 1357 1415 1416
f 1357 1416 1358
f 1358 1416 1417
f 1358 1417 1359
f 1359 1417 1418
f 1359 1418 1360
f 1360 1418 1419
f 1360 1419 1361
f 1361 1419 1420
f 1361 1420 1362
f 1362 1420 1421
f 1362 1421 1363
f 1363 1421 1422
f 1363 1422 1364
f 1364 1422 1423
f 1364 1423 1365
f 1365 1423 1424
f 1365 1424 1366
f 1366 1424 1425
f 1366 1425 1367
f 1367 1425 1426
f 1367 1426 1368
f 1368 1426 1427
f 1368 1427 1369
f 1369 1427 1428
f 1369 1428 1370
f 1370 1428 1429
f 1370 1429 1371
f 1371 1429 1430
f 1371 1430 1372
f 1372 1430 1431
f 1372 1431 1373
f 1373 1431 1432
f 1373 1432 1374
f 1374 1432 1433
f 1374 1433 1375
f 1375 1433 1434
f 1375 1434 1376
f 1376 1434 1435
f 1376 1435 1377
f 1377 1435 1436
f 1377 1436 1378
f 1378 1436 1437
f 1378 1437 1379
f 1379 1437 1438
f 1379 1438 1380
f 1380 1438 1439
f 1380 1439 1381
f 1381 1439 1440
f 1381 1440 1382
f 1382 1440 1441
f 1382 1441 1383
f 1383 1441 1442
f 1383 1442 1384
f 1384 1442 1443
f 1384 1443 1385
f 1385 1443 1444
f 1385 1444 1386
f 1386 1444 1445
f 1386 1445 1328
f 1328 1445 1387
f 1387 1446 1388
f 1388 1446 1447
f 1388 1447 1389
f 1389 1447 1448
f 1389 1448 1390
f 1390 1448 1449
f 1390 1449 1391
f 1391 1449 1450
f 1391 1450 1392
f 1392 1450 1451
f 1392 1451 1393
f 1393 1451 1452
f 1393 1452 1394
f 1394 1452 1453
f 1394 1453 1395
f 1395 1453 1454
f 1395 1454 1396
f 1396 1454 1455
f 1396 1455 1397
f 1397 1455 1456
f 1397 1456 1398
f 1398 1456 1457
f 1398 1457 1399
f 1399 1457 1458
f 1399 1458 1400
f 1400 1458 1459
f 1400 1459 1401
f 1401 1459 1460
f 1401 1460 1402
f 1402 1460 1461
f 1402 1461 1403
f 1403 1461 1462
f 1403 1462 1404
f 1404 1462 1463
f 1404 1463 1405
f 1405 1463 1464
f 1405 1464 1406
f 1406 1464 1465
f 1406 1465 1407
f 1407 1465 1466
f 1407 1466 1408
f 1408 1466 1467
f 1408 1467 1409
f 1409 1467 1468
f 1409 1468 1410
f 1410 1468 1469
f 1410 1469 1411
f 1411 1469 1470
f 1411 1470 1412
f 1412 1470 1471
f 1412 1471 1413
f 1413 1471 1472
f 1413 1472 1414
f 1414 1472 1473
f 1414 1473 1415
f 1415 1473 1474
f 1415 1474 1416
f 1416 1474 1475
f 1416 1475 1417
f 1417 1475 1476
f 1417 1476 1418
f 1418 1476 1477
f 1418 1477 1419
f 1419 1477 1478
f 1419 1478 1420
f 1420 1478 1479
f 1420 1479 1421
f 1421 1479 1480
f 1421 1480 1422
f 1422 1480 1481
f 1422 1481 1423
f 1423 1481 1482
f 1423 1482 1424
f 1424 1482 1483
f 1424 1483 1425
f 1425 1483 1484
f 1425 1484 1426
f 1426 1484 1485
f 1426 1485 1427
f 1427 1485 1486
f 1427 1486 1428
f 1428 1486 1487
f 1428 1487 1429
f 1429 1487 1488
f 1429 1488 1430
f 1430 1488 1489
f 1430 1489 1431
f 1431 1489 1490
f 1431 1490 1432
f 1432 1490 1491
f 1432 1491 1433
f 1433 1491 1492
f 1433 1492 1434
f 1434 1492 1493
f 1434 1493 1435
f 1435 1493 1494
f 1435 1494 1436
f 1436 1494 1495
f 1436 1495 1437
f 1437 1495 1496
f 1437 1496 1438
f 1438 1496 1497
f 1438 1497 1439
f 1439 1497 1498
f 1439 1498 1440
f 1440 1498 1499
f 1440 1499 1441
f 1441 1499 1500
f 1441 1500 1442
f 1442 1500 1501
f 1442 1501 1443
f 1443 1501 1502
f 1443 1502 1444
f 1444 1502 1503
f 1444 1503 1445
f 1445 1503 1504
f 1445 1504 1387
f 1387 1504 1446
f 1446 1505 1447
f 1447 1505 1506
f 1447 1506 1448
f 1448 1506 1507
f 1448 1507 1449
f 1449 1507 1508
f 1449 1508 1450
f 1450 1508 1509
f 1450 1509 1451
f 1451 1509 1510
f 1451 1510 1452
f 1452 1510 1511
f 1452 1511 1453
f 1453 1511 1512
f 1453 1512 1454
f 1454 1512 1513
f 1454 1513 1455
f 1455 1513 1514
f 1455 1514 1456
f 1456 1514 1515
f 1456 1515 1457
f 1457 1515 1516
f 1457 1516 1458
f 1458 1516 1517
f 1458 1517 1459
f 1459 1517 1518
f 1459 1518 1460
f 1460 1518 1519
f 1460 1519 1461
f 1461 1519 1520
f 1461 1520 1462
f 1462 1520 1521
f 1462 1521 1463
f 1463 1521 1522
f 1463 1522 1464
f 1464 1522 1523
f 1464 1523 1465
f 1465 1523 1524
f 1465 1524 1466
f 1466 1524 1525
f 1466 1525 1467
f 1467 1525 1526
f 1467 1526 1468
f 1468 1526 1527
f 1468 1527 1469
f 1469 1527 1528
f 1469 1528 1470
f 1470 1528 1529
f 1470 1529 1471
f 1471 1529 1530
f 1471 1530 1472
f 1472 1530 1531
f 1472 1531 1473
f 1473 1531 1532
f 1473 1532 1474
f 1474 1532 1533
f 1474 1533 1475
f 1475 1533 1534
f 1475 1534 1476
f 1476 1534 1535
f 1476 1535 1477
f 1477 1535 1536
f 1477 1536 1478
f 1478 1536 1537
f 1478 1537 1479
f 1479 1537 1538
f 1479 1538 1480
f 1480 1538 1539
f 1480 1539 1481
f 1481 1539 1540
f 1481 1540 1482
f 1482 1540 1541
f 1482 1541 1483
f 1483 1541 1542
f 1483 1542 1484
f 1484 1542 1543
f 1484 1543 1485
f 1485 1543 1544
f 1485 1544 1486
f 1486 1544 1545
f 1486 1545 1487
f 1487 1545 1546
f 1487 1546 1488
f 1488 1546 1547
f 1488 1547 1489
f 1489 1547 1548
f 1489 1548 1490
f 1490 1548 1549
f 1490 1549 1491
f 1491 1549 1550
f 1491 1550 1492
f 1492 1550 1551
f 1492 1551 1493
f 1493 1551 1552
f 1493 1552 1494
f 1494 1552 1553
f 1494 1553 1495
f 1495 1553 1554
f 1495 1554 1496
f 1496 1554 1555
f 1496 1555 1497
f 1497 1555 1556
f 1497 1556 1498
f 1498 1556 1557
f 1498 1557 1499
f 1499 1557 1558
f 1499 1558 1500
f 1500 1558 1559
f 1500 1559 1501
f 1501 1559 1560
f 1501 1560 1502
f 1502 1560 1561
f 1502 1561 1503
f 1503 1561 1562
f 1503 1562 1504
f 1504 1562 1563
f 1504 1563 1446
f 1446 1563 1505
f 1564 1534 1565
f 1565 1534 1533
f 1565 1533 1566
f 1566 1533 1532
f 1566 1532 1567
f 1567 1532 1531
f 1567 1531 1568
f 1568 1531 1530
f 1568 1530 1569
f 1570 1507 1571
f 1571 1507 1506
f 1571 1506 1572
f 1572 1506 1505
f 1572 1505 1573
f 1573 1505 1563
f 1573 1563 1574
f 1574 1563 1562
f 1574 1562 1575
f 1562 1561 1575
f 1575 1561 1560
f 1575 1560 1576
f 1576 1560 1559
f 1576 1559 1577
f 1577 1559 1558
f 1577 1558 1578
f 1578 1558 1557
f 1578 1557 1579
f 1580 1539 1581
f 1581 1539 1538
f 1581 1538 1582
f 1582 1538 1537
f 1582 1537 1583
f 1583 1537 1536
f 1583 1536 1564
f 1564 1536 1535
f 1564 1535 1534
f 1584 1512 1585
f 1585 1512 1511
f 1585 1511 1586
f 1586 1511 1510
f 1586 1510 1587
f 1587 1510 1509
f 1587 1509 1570
f 1570 1509 1508
f 1570 1508 1507
f 1530 1529 1569
f 1569 1529 1528
f 1569 1528 1588
f 1588 1528 1527
f 1588 1527 1589
f 1589 1527 1526
f 1589 1526 1590
f 1590 1526 1525
f 1590 1525 1591
f 1592 1544 1593
f 1593 1544 1543
f 1593 1543 1594
f 1594 1543 1542
f 1594 1542 1595
f 1595 1542 1541
f 1595 1541 1580
f 1580 1541 1540
f 1580 1540 1539
f 1596 1550 1597
f 1597 1550 1549
f 1597 1549 1598
f 1598 1549 1548
f 1598 1548 1599
f 1599 1548 1547
f 1599 1547 1600
f 1600 1547 1546
f 1600 1546 1592
f 1592 1546 1545
f 1592 1545 1544
f 1557 1556 1579
f 1579 1556 1555
f 1579 1555 1601
f 1601 1555 1554
f 1601 1554 1602
f 1602 1554 1553
f 1602 1553 1603
f 1603 1553 1552
f 1603 1552 1596
f 1596 1552 1551
f 1596 1551 1550
f 1604 1517 1605
f 1605 1517 1516
f 1605 1516 1606
f 1606 1516 1515
f 1606 1515 1607
f 1607 1515 1514
f 1607 1514 1584
f 1584 1514 1513
f 1584 1513 1512
f 1525 1524 1591
f 1591 1524 1523
f 1591 1523 1608
f 1608 1523 1522
f 1608 1522 1609
f 1609 1522 1521
f 1609 1521 1610
f 1610 1521 1520
f 1610 1520 1611
f 1611 1520 1519
f 1611 1519 1604
f 1604 1519 1518
f 1604 1518 1517
f 1612 1613 1614
f 1615 1616 1617
f 1618 1619 1620
f 1621 1622 1623
f 1624 1625 1626
f 1627 1628 1629
f 1630 1631 1632
f 1633 1634 1635
f 1636 1637 1638
f 1639 1640 1641
f 1642 1643 1644
f 1645 1646 1647
f 1648 1649 1650
f 1651 1652 1653
f 1654 1655 1656
f 1657 1658 1659
f 1660 1661 1662
f 1663 1664 1665
f 1586 1587 1666
f 1666 1587 1667
f 1666 1667 1668
f 1668 1667 1669
f 1668 1669 1670
f 1670 1669 1671
f 1670 1671 1672
f 1672 1671 1673
f 1672 1673 1674
f 1674 1673 1675
f 1674 1675 1676
f 1676 1675 1677
f 1587 1570 1667
f 1667 1570 1678
f 1667 1678 1669
f 1669 1678 1679
f 1669 1679 1671
f 1671 1679 1680
f 1671 1680 1673
f 1673 1680 1681
f 1673 1681 1675
f 1675 1681 1682
f 1675 1682 1677
f 1677 1682 1683
f 1677 1683 1684
f 1684 1683 1685
f 1573 1574 1686
f 1686 1574 1687
f 1686 1687 1688
f 1688 1687 1689
f 1688 1689 1690
f 1690 1689 1691
f 1690 1691 1692
f 1692 1691 1693
f 1692 1693 1694
f 1694 1693 1695
f 1694 1695 1696
f 1696 1695 1697
f 1575 1576 1698
f 1698 1576 1699
f 1698 1699 1700
f 1700 1699 1701
f 1700 1701 1702
f 1702 1701 1703
f 1702 1703 1704
f 1704 1703 1705
f 1704 1705 1706
f 1706 1705 1707
f 1706 1707 1708
f 1708 1707 1709
f 1708 1709 1710
f 1710 1709 1711
f 1579 1601 1712
f 1712 1601 1713
f 1712 1713 1714
f 1714 1713 1715
f 1714 1715 1716
f 1716 1715 1717
f 1716 1717 1718
f 1718 1717 1719
f 1718 1719 1720
f 1720 1719 1721
f 1720 1721 1722
f 1722 1721 1723
f 1601 1602 1713
f 1713 1602 1724
f 1713 1724 1715
f 1715 1724 1725
f 1715 1725 1717
f 1717 1725 1726
f 1717 1726 1719
f 1719 1726 1727
f 1719 1727 1721
f 1721 1727 1728
f 1721 1728 1723
f 1723 1728 1729
f 1723 1729 1730
f 1730 1729 1731
f 1597 1598 1732
f 1732 1598 1733
f 1732 1733 1734
f 1734 1733 1735
f 1734 1735 1736
f 1736 1735 1737
f 1736 1737 1738
f 1738 1737 1739
f 1738 1739 1740
f 1740 1739 1741
f 1740 1741 1742
f 1742 1741 1743
f 1598 1599 1733
f 1733 1599 1744
f 1733 1744 1735
f 1735 1744 1745
f 1735 1745 1737
f 1737 1745 1746
f 1737 1746 1739
f 1739 1746 1747
f 1739 1747 1741
f 1741 1747 1748
f 1741 1748 1743
f 1743 1748 1749
f 1743 1749 1750
f 1750 1749 1751
f 1593 1594 1752
f 1752 1594 1753
f 1752 1753 1754
f 1754 1753 1755
f 1754 1755 1756
f 1756 1755 1757
f 1756 1757 1758
f 1758 1757 1759
f 1758 1759 1760
f 1760 1759 1761
f 1760 1761 1762
f 1762 1761 1763
f 1595 1580 1764
f 1764 1580 1765
f 1764 1765 1766
f 1766 1765 1767
f 1766 1767 1768
f 1768 1767 1769
f 1768 1769 1770
f 1770 1769 1771
f 1770 1771 1772
f 1772 1771 1773
f 1772 1773 1774
f 1774 1773 1775
f 1774 1775 1776
f 1776 1775 1777
f 1583 1564 1778
f 1778 1564 1779
f 1778 1779 1780
f 1780 1779 1781
f 1780 1781 1782
f 1782 1781 1783
f 1782 1783 1784
f 1784 1783 1785
f 1784 1785 1786
f 1786 1785 1787
f 1786 1787 1788
f 1788 1787 1789
f 1564 1565 1779
f 1779 1565 1790
f 1779 1790 1781
f 1781 1790 1791
f 1781 1791 1783
f 1783 1791 1792
f 1783 1792 1785
f 1785 1792 1793
f 1785 1793 1787
f 1787 1793 1794
f 1787 1794 1789
f 1789 1794 1795
f 1789 1795 1796
f 1796 1795 1797
f 1568 1569 1798
f 1798 1569 1799
f 1798 1799 1800
f 1800 1799 1801
f 1800 1801 1802
f 1802 1801 1803
f 1802 1803 1804
f 1804 1803 1805
f 1804 1805 1806
f 1806 1805 1807
f 1806 1807 1808
f 1808 1807 1809
f 1569 1588 1799
f 1799 1588 1810
f 1799 1810 1801
f 1801 1810 1811
f 1801 1811 1803
f 1803 1811 1812
f 1803 1812 1805
f 1805 1812 1813
f 1805 1813 1807
f 1807 1813 1814
f 1807 1814 1809
f 1809 1814 1815
f 1809 1815 1816
f 1816 1815 1817
f 1591 1608 1818
f 1818 1608 1819
f 1818 1819 1820
f 1820 1819 1821
f 1820 1821 1822
f 1822 1821 1823
f 1822 1823 1824
f 1824 1823 1825
f 1824 1825 1826
f 1826 1825 1827
f 1826 1827 1828
f 1828 1827 1829
f 1609 1610 1830
f 1830 1610 1831
f 1830 1831 1832
f 1832 1831 1833
f 1832 1833 1834
f 1834 1833 1835
f 1834 1835 1836
f 1836 1835 1837
f 1836 1837 1838
f 1838 1837 1839
f 1838 1839 1840
f 1840 1839 1841
f 1840 1841 1842
f 1842 1841 1843
f 1605 1606 1844
f 1844 1606 1845
f 1844 1845 1846
f 1846 1845 1847
f 1846 1847 1848
f 1848 1847 1849
f 1848 1849 1850
f 1850 1849 1851
f 1850 1851 1852
f 1852 1851 1853
f 1852 1853 1854
f 1854 1853 1855
f 1606 1607 1845
f 1845 1607 1856
f 1845 1856 1847
f 1847 1856 1857
f 1847 1857 1849
f 1849 1857 1858
f 1849 1858 1851
f 1851 1858 1859
f 1851 1859 1853
f 1853 1859 1860
f 1853 1860 1855
f 1855 1860 1861
f 1855 1861 1862
f 1862 1861 1863
f 1585 1586 1864
f 1864 1586 1666
f 1864 1666 1865
f 1865 1666 1668
f 1865 1668 1866
f 1866 1668 1670
f 1866 1670 1867
f 1867 1670 1672
f 1867 1672 1868
f 1868 1672 1674
f 1868 1674 1665
f 1665 1674 1676
f 1665 1676 1663
f 1684 1869 1677
f 1677 1869 1870
f 1677 1870 1676
f 1676 1870 1871
f 1676 1871 1663
f 1661 1685 1662
f 1662 1685 1683
f 1662 1683 1872
f 1872 1683 1682
f 1872 1682 1873
f 1873 1682 1681
f 1873 1681 1874
f 1874 1681 1680
f 1874 1680 1875
f 1875 1680 1679
f 1875 1679 1876
f 1876 1679 1678
f 1876 1678 1571
f 1571 1678 1570
f 1658 1660 1659
f 1659 1660 1662
f 1659 1662 1877
f 1877 1662 1872
f 1877 1872 1878
f 1878 1872 1873
f 1878 1873 1879
f 1879 1873 1874
f 1879 1874 1880
f 1880 1874 1875
f 1880 1875 1881
f 1881 1875 1876
f 1881 1876 1572
f 1572 1876 1571
f 1572 1573 1881
f 1881 1573 1686
f 1881 1686 1880
f 1880 1686 1688
f 1880 1688 1879
f 1879 1688 1690
f 1879 1690 1878
f 1878 1690 1692
f 1878 1692 1877
f 1877 1692 1694
f 1877 1694 1659
f 1659 1694 1696
f 1659 1696 1657
f 1882 1883 1697
f 1697 1883 1884
f 1697 1884 1696
f 1696 1884 1885
f 1696 1885 1657
f 1574 1575 1687
f 1687 1575 1698
f 1687 1698 1689
f 1689 1698 1700
f 1689 1700 1691
f 1691 1700 1702
f 1691 1702 1693
f 1693 1702 1704
f 1693 1704 1695
f 1695 1704 1706
f 1695 1706 1697
f 1697 1706 1708
f 1697 1708 1882
f 1882 1708 1710
f 1655 1711 1656
f 1656 1711 1709
f 1656 1709 1886
f 1886 1709 1707
f 1886 1707 1887
f 1887 1707 1705
f 1887 1705 1888
f 1888 1705 1703
f 1888 1703 1889
f 1889 1703 1701
f 1889 1701 1890
f 1890 1701 1699
f 1890 1699 1577
f 1577 1699 1576
f 1652 1654 1653
f 1653 1654 1656
f 1653 1656 1891
f 1891 1656 1886
f 1891 1886 1892
f 1892 1886 1887
f 1892 1887 1893
f 1893 1887 1888
f 1893 1888 1894
f 1894 1888 1889
f 1894 1889 1895
f 1895 1889 1890
f 1895 1890 1578
f 1578 1890 1577
f 1578 1579 1895
f 1895 1579 1712
f 1895 1712 1894
f 1894 1712 1714
f 1894 1714 1893
f 1893 1714 1716
f 1893 1716 1892
f 1892 1716 1718
f 1892 1718 1891
f 1891 1718 1720
f 1891 1720 1653
f 1653 1720 1722
f 1653 1722 1651
f 1730 1896 1723
f 1723 1896 1897
f 1723 1897 1722
f 1722 1897 1898
f 1722 1898 1651
f 1649 1731 1650
f 1650 1731 1729
f 1650 1729 1899
f 1899 1729 1728
f 1899 1728 1900
f 1900 1728 1727
f 1900 1727 1901
f 1901 1727 1726
f 1901 1726 1902
f 1902 1726 1725
f 1902 1725 1903
f 1903 1725 1724
f 1903 1724 1603
f 1603 1724 1602
f 1646 1648 1647
f 1647 1648 1650
f 1647 1650 1904
f 1904 1650 1899
f 1904 1899 1905
f 1905 1899 1900
f 1905 1900 1906
f 1906 1900 1901
f 1906 1901 1907
f 1907 1901 1902
f 1907 1902 1908
f 1908 1902 1903
f 1908 1903 1596
f 1596 1903 1603
f 1596 1597 1908
f 1908 1597 1732
f 1908 1732 1907
f 1907 1732 1734
f 1907 1734 1906
f 1906 1734 1736
f 1906 1736 1905
f 1905 1736 1738
f 1905 1738 1904
f 1904 1738 1740
f 1904 1740 1647
f 1647 1740 1742
f 1647 1742 1645
f 1750 1909 1743
f 1743 1909 1910
f 1743 1910 1742
f 1742 1910 1911
f 1742 1911 1645
f 1643 1751 1644
f 1644 1751 1749
f 1644 1749 1912
f 1912 1749 1748
f 1912 1748 1913
f 1913 1748 1747
f 1913 1747 1914
f 1914 1747 1746
f 1914 1746 1915
f 1915 1746 1745
f 1915 1745 1916
f 1916 1745 1744
f 1916 1744 1600
f 1600 1744 1599
f 1640 1642 1641
f 1641 1642 1644
f 1641 1644 1917
f 1917 1644 1912
f 1917 1912 1918
f 1918 1912 1913
f 1918 1913 1919
f 1919 1913 1914
f 1919 1914 1920
f 1920 1914 1915
f 1920 1915 1921
f 1921 1915 1916
f 1921 1916 1592
f 1592 1916 1600
f 1592 1593 1921
f 1921 1593 1752
f 1921 1752 1920
f 1920 1752 1754
f 1920 1754 1919
f 1919 1754 1756
f 1919 1756 1918
f 1918 1756 1758
f 1918 1758 1917
f 1917 1758 1760
f 1917 1760 1641
f 1641 1760 1762
f 1641 1762 1639
f 1922 1923 1763
f 1763 1923 1924
f 1763 1924 1762
f 1762 1924 1925
f 1762 1925 1639
f 1594 1595 1753
f 1753 1595 1764
f 1753 1764 1755
f 1755 1764 1766
f 1755 1766 1757
f 1757 1766 1768
f 1757 1768 1759
f 1759 1768 1770
f 1759 1770 1761
f 1761 1770 1772
f 1761 1772 1763
f 1763 1772 1774
f 1763 1774 1922
f 1922 1774 1776
f 1637 1777 1638
f 1638 1777 1775
f 1638 1775 1926
f 1926 1775 1773
f 1926 1773 1927
f 1927 1773 1771
f 1927 1771 1928
f 1928 1771 1769
f 1928 1769 1929
f 1929 1769 1767
f 1929 1767 1930
f 1930 1767 1765
f 1930 1765 1581
f 1581 1765 1580
f 1634 1636 1635
f 1635 1636 1638
f 1635 1638 1931
f 1931 1638 1926
f 1931 1926 1932
f 1932 1926 1927
f 1932 1927 1933
f 1933 1927 1928
f 1933 1928 1934
f 1934 1928 1929
f 1934 1929 1935
f 1935 1929 1930
f 1935 1930 1582
f 1582 1930 1581
f 1582 1583 1935
f 1935 1583 1778
f 1935 1778 1934
f 1934 1778 1780
f 1934 1780 1933
f 1933 1780 1782
f 1933 1782 1932
f 1932 1782 1784
f 1932 1784 1931
f 1931 1784 1786
f 1931 1786 1635
f 1635 1786 1788
f 1635 1788 1633
f 1796 1936 1789
f 1789 1936 1937
f 1789 1937 1788
f 1788 1937 1938
f 1788 1938 1633
f 1631 1797 1632
f 1632 1797 1795
f 1632 1795 1939
f 1939 1795 1794
f 1939 1794 1940
f 1940 1794 1793
f 1940 1793 1941
f 1941 1793 1792
f 1941 1792 1942
f 1942 1792 1791
f 1942 1791 1943
f 1943 1791 1790
f 1943 1790 1566
f 1566 1790 1565
f 1628 1630 1629
f 1629 1630 1632
f 1629 1632 1944
f 1944 1632 1939
f 1944 1939 1945
f 1945 1939 1940
f 1945 1940 1946
f 1946 1940 1941
f 1946 1941 1947
f 1947 1941 1942
f 1947 1942 1948
f 1948 1942 1943
f 1948 1943 1567
f 1567 1943 1566
f 1567 1568 1948
f 1948 1568 1798
f 1948 1798 1947
f 1947 1798 1800
f 1947 1800 1946
f 1946 1800 1802
f 1946 1802 1945
f 1945 1802 1804
f 1945 1804 1944
f 1944 1804 1806
f 1944 1806 1629
f 1629 1806 1808
f 1629 1808 1627
f 1816 1949 1809
f 1809 1949 1950
f 1809 1950 1808
f 1808 1950 1951
f 1808 1951 1627
f 1625 1817 1626
f 1626 1817 1815
f 1626 1815 1952
f 1952 1815 1814
f 1952 1814 1953
f 1953 1814 1813
f 1953 1813 1954
f 1954 1813 1812
f 1954 1812 1955
f 1955 1812 1811
f 1955 1811 1956
f 1956 1811 1810
f 1956 1810 1589
f 1589 1810 1588
f 1622 1624 1623
f 1623 1624 1626
f 1623 1626 1957
f 1957 1626 1952
f 1957 1952 1958
f 1958 1952 1953
f 1958 1953 1959
f 1959 1953 1954
f 1959 1954 1960
f 1960 1954 1955
f 1960 1955 1961
f 1961 1955 1956
f 1961 1956 1590
f 1590 1956 1589
f 1590 1591 1961
f 1961 1591 1818
f 1961 1818 1960
f 1960 1818 1820
f 1960 1820 1959
f 1959 1820 1822
f 1959 1822 1958
f 1958 1822 1824
f 1958 1824 1957
f 1957 1824 1826
f 1957 1826 1623
f 1623 1826 1828
f 1623 1828 1621
f 1962 1963 1829
f 1829 1963 1964
f 1829 1964 1828
f 1828 1964 1965
f 1828 1965 1621
f 1608 1609 1819
f 1819 1609 1830
f 1819 1830 1821
f 1821 1830 1832
f 1821 1832 1823
f 1823 1832 1834
f 1823 1834 1825
f 1825 1834 1836
f 1825 1836 1827
f 1827 1836 1838
f 1827 1838 1829
f 1829 1838 1840
f 1829 1840 1962
f 1962 1840 1842
f 1619 1843 1620
f 1620 1843 1841
f 1620 1841 1966
f 1966 1841 1839
f 1966 1839 1967
f 1967 1839 1837
f 1967 1837 1968
f 1968 1837 1835
f 1968 1835 1969
f 1969 1835 1833
f 1969 1833 1970
f 1970 1833 1831
f 1970 1831 1611
f 1611 1831 1610
f 1616 1618 1617
f 1617 1618 1620
f 1617 1620 1971
f 1971 1620 1966
f 1971 1966 1972
f 1972 1966 1967
f 1972 1967 1973
f 1973 1967 1968
f 1973 1968 1974
f 1974 1968 1969
f 1974 1969 1975
f 1975 1969 1970
f 1975 1970 1604
f 1604 1970 1611
f 1604 1605 1975
f 1975 1605 1844
f 1975 1844 1974
f 1974 1844 1846
f 1974 1846 1973
f 1973 1846 1848
f 1973 1848 1972
f 1972 1848 1850
f 1972 1850 1971
f 1971 1850 1852
f 1971 1852 1617
f 1617 1852 1854
f 1617 1854 1615
f 1862 1976 1855
f 1855 1976 1977
f 1855 1977 1854
f 1854 1977 1978
f 1854 1978 1615
f 1613 1863 1614
f 1614 1863 1861
f 1614 1861 1979
f 1979 1861 1860
f 1979 1860 1980
f 1980 1860 1859
f 1980 1859 1981
f 1981 1859 1858
f 1981 1858 1982
f 1982 1858 1857
f 1982 1857 1983
f 1983 1857 1856
f 1983 1856 1584
f 1584 1856 1607
f 1664 1612 1665
f 1665 1612 1614
f 1665 1614 1868
f 1868 1614 1979
f 1868 1979 1867
f 1867 1979 1980
f 1867 1980 1866
f 1866 1980 1981
f 1866 1981 1865
f 1865 1981 1982
f 1865 1982 1864
f 1864 1982 1983
f 1864 1983 1585
f 1585 1983 1584
f 1750 1984 1909
f 1909 1984 1985
f 1909 1985 1910
f 1639 1986 1640
f 1640 1986 1987
f 1640 1987 1642
f 1642 1987 1988
f 1642 1988 1643
f 1643 1988 1989
f 1643 1989 1751
f 1751 1989 1990
f 1751 1990 1750
f 1750 1990 1991
f 1750 1991 1984
f 1910 1985 1911
f 1911 1985 1992
f 1911 1992 1645
f 1992 1993 1645
f 1645 1993 1994
f 1645 1994 1646
f 1646 1994 1995
f 1646 1995 1648
f 1648 1995 1996
f 1648 1996 1649
f 1649 1996 1997
f 1649 1997 1731
f 1731 1997 1998
f 1731 1998 1730
f 1999 1882 1710
f 1998 2000 1730
f 1730 2000 2001
f 1730 2001 1896
f 1896 2001 2002
f 1896 2002 1897
f 1897 2002 2003
f 1897 2003 1898
f 1898 2003 2004
f 1898 2004 1651
f 1651 2004 2005
f 1651 2005 1652
f 1652 2005 2006
f 1652 2006 1654
f 1654 2006 2007
f 1654 2007 1655
f 1655 2007 2008
f 1655 2008 1711
f 1711 2008 2009
f 1711 2009 1710
f 1710 2009 2010
f 1710 2010 1999
f 1999 2011 1882
f 1882 2011 2012
f 1882 2012 1883
f 1883 2012 2013
f 1883 2013 1884
f 1884 2013 2014
f 1884 2014 1885
f 1885 2014 2015
f 1885 2015 1657
f 1657 2015 2016
f 1657 2016 1658
f 1658 2016 2017
f 1658 2017 1660
f 1660 2017 2018
f 1660 2018 1661
f 2018 2019 1661
f 1661 2019 2020
f 1661 2020 1685
f 1685 2020 2021
f 1685 2021 1684
f 1684 2021 2022
f 1684 2022 1869
f 1869 2022 2023
f 1869 2023 1870
f 1870 2023 2024
f 1870 2024 1871
f 1871 2024 2025
f 1871 2025 1663
f 1663 2025 2026
f 1663 2026 1664
f 1664 2026 2027
f 1664 2027 1612
f 1612 2027 2028
f 1612 2028 1613
f 2028 2029 1613
f 1613 2029 2030
f 1613 2030 1863
f 1863 2030 2031
f 1863 2031 1862
f 1862 2031 2032
f 1862 2032 1976
f 1976 2032 2033
f 1976 2033 1977
f 1977 2033 2034
f 1977 2034 1978
f 1978 2034 2035
f 1978 2035 1615
f 1615 2035 2036
f 1615 2036 1616
f 1616 2036 2037
f 1616 2037 1618
f 1618 2037 2038
f 1618 2038 1619
f 2038 2039 1619
f 1619 2039 2040
f 1619 2040 1843
f 1843 2040 2041
f 1843 2041 1842
f 1842 2041 2042
f 1842 2042 1962
f 2042 2043 1962
f 1962 2043 2044
f 1962 2044 1963
f 1963 2044 2045
f 1963 2045 1964
f 1964 2045 2046
f 1964 2046 1965
f 1965 2046 2047
f 1965 2047 1621
f 1621 2047 2048
f 1621 2048 1622
f 2048 2049 1622
f 1622 2049 2050
f 1622 2050 1624
f 1624 2050 2051
f 1624 2051 1625
f 1625 2051 2052
f 1625 2052 1817
f 1817 2052 2053
f 1817 2053 1816
f 1816 2053 2054
f 1816 2054 1949
f 1949 2054 2055
f 1949 2055 1950
f 1950 2055 2056
f 1950 2056 1951
f 1951 2056 2057
f 1951 2057 1627
f 1627 2057 2058
f 1627 2058 1628
f 2058 2059 1628
f 1628 2059 2060
f 1628 2060 1630
f 1630 2060 2061
f 1630 2061 1631
f 1631 2061 2062
f 1631 2062 1797
f 1797 2062 2063
f 1797 2063 1796
f 1796 2063 2064
f 1796 2064 1936
f 1936 2064 2065
f 1936 2065 1937
f 1937 2065 2066
f 1937 2066 1938
f 1938 2066 2067
f 1938 2067 1633
f 1633 2067 2068
f 1633 2068 1634
f 2068 2069 1634
f 1634 2069 2070
f 1634 2070 1636
f 1636 2070 2071
f 1636 2071 1637
f 1637 2071 2072
f 1637 2072 1777
f 1777 2072 2073
f 1777 2073 1776
f 1776 2073 2074
f 1776 2074 1922
f 1922 2074 2075
f 1922 2075 1923
f 1923 2075 2076
f 1923 2076 1924
f 1924 2076 2077
f 1924 2077 1925
f 1925 2077 2078
f 1925 2078 1639
f 1639 2078 2079
f 1639 2079 1986
f 2080 2081 2082
f 2083 2084 2085
f 2086 2087 2088
f 2089 2090 2091
f 2092 2093 2094
f 2095 2096 2097
f 2098 2099 2100
f 2101 2102 2103
f 2104 2105 2106
f 2107 2108 2109
f 2110 2111 2112
f 2113 2114 2115
f 2116 2117 2118
f 2119 2120 2121
f 2122 2123 2124
f 2125 2126 2127
f 2128 2129 2130
f 2131 2132 2133
f 2134 2135 2136
f 2137 2138 2139
f 2140 2141 2142
f 2143 2144 2145
f 2146 2147 2148
f 2149 2150 2151
f 2152 2153 2154
f 2155 2156 2157
f 2158 2159 2160
f 2161 2162 2163
f 2164 2165 2166
f 2167 2168 2169
f 2170 2171 2172
f 2031 2030 2173
f 2033 2032 2174
f 2036 2035 2175
f 2038 2037 2176
f 2041 2040 2177
f 2043 2042 2178
f 2046 2045 2179
f 2048 2047 2180
f 2051 2050 2181
f 2053 2052 2182
f 2056 2055 2183
f 2058 2057 2184
f 2061 2060 2185
f 2066 2065 2186
f 2071 2070 2187
f 2077 2076 2188
f 1988 1987 2189
f 1985 1984 2190
f 1996 1995 2191
f 2002 2001 2192
f 1999 2010 2193
f 2015 2014 2194
f 2020 2019 2195
f 2025 2024 2196
f 2027 2026 2197
f 2022 2021 2198
f 2017 2016 2199
f 2012 2011 2200
f 2008 2007 2201
f 2003 2171 2004
f 2004 2171 2170
f 2004 2170 2005
f 2005 2170 2006
f 2202 2000 1998
f 2203 1994 1993
f 2204 1991 1990
f 2205 1986 2079
f 2075 2074 2206
f 2206 2074 2073
f 2073 2072 2207
f 2207 2072 2071
f 2070 2069 2208
f 2208 2069 2068
f 2068 2067 2209
f 2209 2067 2066
f 2065 2064 2210
f 2210 2064 2063
f 2063 2062 2211
f 2211 2062 2061
f 2060 2059 2212
f 2212 2059 2058
f 2056 2183 2057
f 2055 2054 2213
f 2213 2054 2053
f 2051 2181 2052
f 2050 2049 2214
f 2214 2049 2048
f 2046 2179 2047
f 2045 2044 2215
f 2215 2044 2043
f 2041 2177 2042
f 2040 2039 2216
f 2216 2039 2038
f 2036 2175 2037
f 2035 2034 2217
f 2217 2034 2033
f 2031 2173 2032
f 2030 2029 2218
f 2218 2029 2028
f 2219 2172 2220
f 2220 2172 2171
f 2220 2171 2192
f 2192 2171 2003
f 2192 2003 2002
f 2221 2219 2222
f 2222 2219 2220
f 2222 2220 2223
f 2223 2220 2192
f 2223 2192 2202
f 2202 2192 2001
f 2202 2001 2000
f 2224 2221 2225
f 2225 2221 2222
f 2225 2222 2226
f 2226 2222 2223
f 2226 2223 2227
f 2227 2223 2202
f 2227 2202 2228
f 2228 2202 1998
f 2228 1998 1997
f 2229 2224 2230
f 2230 2224 2225
f 2230 2225 2231
f 2231 2225 2226
f 2231 2226 2232
f 2232 2226 2227
f 2232 2227 2233
f 2233 2227 2228
f 2233 2228 2191
f 2191 2228 1997
f 2191 1997 1996
f 2234 2229 2235
f 2235 2229 2230
f 2235 2230 2236
f 2236 2230 2231
f 2236 2231 2237
f 2237 2231 2232
f 2237 2232 2238
f 2238 2232 2233
f 2238 2233 2239
f 2239 2233 2191
f 2239 2191 2203
f 2203 2191 1995
f 2203 1995 1994
f 2240 2234 2241
f 2241 2234 2235
f 2241 2235 2242
f 2242 2235 2236
f 2242 2236 2243
f 2243 2236 2237
f 2243 2237 2244
f 2244 2237 2238
f 2244 2238 2245
f 2245 2238 2239
f 2245 2239 2246
f 2246 2239 2203
f 2246 2203 2247
f 2247 2203 1993
f 2247 1993 1992
f 2010 2009 2193
f 2193 2009 2248
f 2193 2248 2249
f 2249 2248 2250
f 2249 2250 2251
f 2251 2250 2252
f 2251 2252 2253
f 2253 2252 2254
f 2253 2254 2255
f 2255 2254 2256
f 2255 2256 2257
f 2257 2256 2258
f 2257 2258 2259
f 2259 2258 2260
f 2259 2260 2261
f 2261 2260 2262
f 2261 2262 2263
f 2264 2240 2265
f 2265 2240 2241
f 2265 2241 2266
f 2266 2241 2242
f 2266 2242 2267
f 2267 2242 2243
f 2267 2243 2268
f 2268 2243 2244
f 2268 2244 2269
f 2269 2244 2245
f 2269 2245 2270
f 2270 2245 2246
f 2270 2246 2271
f 2271 2246 2247
f 2271 2247 2190
f 2190 2247 1992
f 2190 1992 1985
f 2011 1999 2200
f 2200 1999 2193
f 2200 2193 2272
f 2272 2193 2249
f 2272 2249 2273
f 2273 2249 2251
f 2273 2251 2274
f 2274 2251 2253
f 2274 2253 2275
f 2275 2253 2255
f 2275 2255 2276
f 2276 2255 2257
f 2276 2257 2277
f 2277 2257 2259
f 2277 2259 2278
f 2278 2259 2261
f 2278 2261 2279
f 2279 2261 2263
f 2279 2263 2280
f 2281 2264 2282
f 2282 2264 2265
f 2282 2265 2283
f 2283 2265 2266
f 2283 2266 2284
f 2284 2266 2267
f 2284 2267 2285
f 2285 2267 2268
f 2285 2268 2286
f 2286 2268 2269
f 2286 2269 2287
f 2287 2269 2270
f 2287 2270 2288
f 2288 2270 2271
f 2288 2271 2289
f 2289 2271 2190
f 2289 2190 2204
f 2204 2190 1984
f 2204 1984 1991
f 2013 2012 2290
f 2290 2012 2200
f 2290 2200 2291
f 2291 2200 2272
f 2291 2272 2292
f 2292 2272 2273
f 2292 2273 2293
f 2293 2273 2274
f 2293 2274 2294
f 2294 2274 2275
f 2294 2275 2295
f 2295 2275 2276
f 2295 2276 2296
f 2296 2276 2277
f 2296 2277 2297
f 2297 2277 2278
f 2297 2278 2298
f 2298 2278 2279
f 2298 2279 2299
f 2299 2279 2280
f 2299 2280 2300
f 2301 2281 2302
f 2302 2281 2282
f 2302 2282 2303
f 2303 2282 2283
f 2303 2283 2304
f 2304 2283 2284
f 2304 2284 2305
f 2305 2284 2285
f 2305 2285 2306
f 2306 2285 2286
f 2306 2286 2307
f 2307 2286 2287
f 2307 2287 2308
f 2308 2287 2288
f 2308 2288 2309
f 2309 2288 2289
f 2309 2289 2310
f 2310 2289 2204
f 2310 2204 2311
f 2311 2204 1990
f 2311 1990 1989
f 2014 2013 2194
f 2194 2013 2290
f 2194 2290 2312
f 2312 2290 2291
f 2312 2291 2313
f 2313 2291 2292
f 2313 2292 2314
f 2314 2292 2293
f 2314 2293 2315
f 2315 2293 2294
f 2315 2294 2316
f 2316 2294 2295
f 2316 2295 2317
f 2317 2295 2296
f 2317 2296 2318
f 2318 2296 2297
f 2318 2297 2319
f 2319 2297 2298
f 2319 2298 2320
f 2320 2298 2299
f 2320 2299 2321
f 2321 2299 2300
f 2321 2300 2322
f 2323 2301 2324
f 2324 2301 2302
f 2324 2302 2325
f 2325 2302 2303
f 2325 2303 2326
f 2326 2303 2304
f 2326 2304 2327
f 2327 2304 2305
f 2327 2305 2328
f 2328 2305 2306
f 2328 2306 2329
f 2329 2306 2307
f 2329 2307 2330
f 2330 2307 2308
f 2330 2308 2331
f 2331 2308 2309
f 2331 2309 2332
f 2332 2309 2310
f 2332 2310 2333
f 2333 2310 2311
f 2333 2311 2189
f 2189 2311 1989
f 2189 1989 1988
f 2016 2015 2199
f 2199 2015 2194
f 2199 2194 2334
f 2334 2194 2312
f 2334 2312 2335
f 2335 2312 2313
f 2335 2313 2336
f 2336 2313 2314
f 2336 2314 2337
f 2337 2314 2315
f 2337 2315 2338
f 2338 2315 2316
f 2338 2316 2339
f 2339 2316 2317
f 2339 2317 2340
f 2340 2317 2318
f 2340 2318 2341
f 2341 2318 2319
f 2341 2319 2342
f 2342 2319 2320
f 2342 2320 2343
f 2343 2320 2321
f 2343 2321 2344
f 2344 2321 2322
f 2344 2322 2345
f 2346 2323 2347
f 2347 2323 2324
f 2347 2324 2348
f 2348 2324 2325
f 2348 2325 2349
f 2349 2325 2326
f 2349 2326 2350
f 2350 2326 2327
f 2350 2327 2351
f 2351 2327 2328
f 2351 2328 2352
f 2352 2328 2329
f 2352 2329 2353
f 2353 2329 2330
f 2353 2330 2354
f 2354 2330 2331
f 2354 2331 2355
f 2355 2331 2332
f 2355 2332 2356
f 2356 2332 2333
f 2356 2333 2357
f 2357 2333 2189
f 2357 2189 2205
f 2205 2189 1987
f 2205 1987 1986
f 2018 2017 2358
f 2358 2017 2199
f 2358 2199 2359
f 2359 2199 2334
f 2359 2334 2360
f 2360 2334 2335
f 2360 2335 2361
f 2361 2335 2336
f 2361 2336 2362
f 2362 2336 2337
f 2362 2337 2363
f 2363 2337 2338
f 2363 2338 2364
f 2364 2338 2339
f 2364 2339 2365
f 2365 2339 2340
f 2365 2340 2366
f 2366 2340 2341
f 2366 2341 2367
f 2367 2341 2342
f 2367 2342 2368
f 2368 2342 2343
f 2368 2343 2369
f 2369 2343 2344
f 2369 2344 2370
f 2370 2344 2345
f 2370 2345 2371
f 2372 2346 2373
f 2373 2346 2347
f 2373 2347 2374
f 2374 2347 2348
f 2374 2348 2375
f 2375 2348 2349
f 2375 2349 2376
f 2376 2349 2350
f 2376 2350 2377
f 2377 2350 2351
f 2377 2351 2378
f 2378 2351 2352
f 2378 2352 2379
f 2379 2352 2353
f 2379 2353 2380
f 2380 2353 2354
f 2380 2354 2381
f 2381 2354 2355
f 2381 2355 2382
f 2382 2355 2356
f 2382 2356 2383
f 2383 2356 2357
f 2383 2357 2384
f 2384 2357 2205
f 2384 2205 2385
f 2385 2205 2079
f 2385 2079 2078
f 2019 2018 2195
f 2195 2018 2358
f 2195 2358 2386
f 2386 2358 2359
f 2386 2359 2387
f 2387 2359 2360
f 2387 2360 2388
f 2388 2360 2361
f 2388 2361 2389
f 2389 2361 2362
f 2389 2362 2390
f 2390 2362 2363
f 2390 2363 2391
f 2391 2363 2364
f 2391 2364 2392
f 2392 2364 2365
f 2392 2365 2393
f 2393 2365 2366
f 2393 2366 2394
f 2394 2366 2367
f 2394 2367 2395
f 2395 2367 2368
f 2395 2368 2396
f 2396 2368 2369
f 2396 2369 2397
f 2397 2369 2370
f 2397 2370 2398
f 2398 2370 2371
f 2398 2371 2399
f 2400 2372 2401
f 2401 2372 2373
f 2401 2373 2402
f 2402 2373 2374
f 2402 2374 2403
f 2403 2374 2375
f 2403 2375 2404
f 2404 2375 2376
f 2404 2376 2405
f 2405 2376 2377
f 2405 2377 2406
f 2406 2377 2378
f 2406 2378 2407
f 2407 2378 2379
f 2407 2379 2408
f 2408 2379 2380
f 2408 2380 2409
f 2409 2380 2381
f 2409 2381 2410
f 2410 2381 2382
f 2410 2382 2411
f 2411 2382 2383
f 2411 2383 2412
f 2412 2383 2384
f 2412 2384 2413
f 2413 2384 2385
f 2413 2385 2188
f 2188 2385 2078
f 2188 2078 2077
f 2021 2020 2198
f 2198 2020 2195
f 2198 2195 2414
f 2414 2195 2386
f 2414 2386 2415
f 2415 2386 2387
f 2415 2387 2416
f 2416 2387 2388
f 2416 2388 2417
f 2417 2388 2389
f 2417 2389 2418
f 2418 2389 2390
f 2418 2390 2419
f 2419 2390 2391
f 2419 2391 2420
f 2420 2391 2392
f 2420 2392 2421
f 2421 2392 2393
f 2421 2393 2422
f 2422 2393 2394
f 2422 2394 2423
f 2423 2394 2395
f 2423 2395 2424
f 2424 2395 2396
f 2424 2396 2425
f 2425 2396 2397
f 2425 2397 2426
f 2426 2397 2398
f 2426 2398 2427
f 2427 2398 2399
f 2427 2399 2428
f 2429 2400 2430
f 2430 2400 2401
f 2430 2401 2431
f 2431 2401 2402
f 2431 2402 2432
f 2432 2402 2403
f 2432 2403 2433
f 2433 2403 2404
f 2433 2404 2434
f 2434 2404 2405
f 2434 2405 2435
f 2435 2405 2406
f 2435 2406 2436
f 2436 2406 2407
f 2436 2407 2437
f 2437 2407 2408
f 2437 2408 2438
f 2438 2408 2409
f 2438 2409 2439
f 2439 2409 2410
f 2439 2410 2440
f 2440 2410 2411
f 2440 2411 2441
f 2441 2411 2412
f 2441 2412 2442
f 2442 2412 2413
f 2442 2413 2443
f 2443 2413 2188
f 2443 2188 2444
f 2444 2188 2076
f 2444 2076 2075
f 2445 2446 2447
f 2448 2449 2450
f 2451 2452 2453
f 2453 2452 2454
f 2453 2454 2455
f 2455 2454 2456
f 2455 2456 2457
f 2457 2456 2458
f 2457 2458 2459
f 2459 2458 2460
f 2459 2460 2461
f 2461 2460 2462
f 2461 2462 2463
f 2463 2462 2464
f 2463 2464 2465
f 2465 2464 2169
f 2465 2169 2466
f 2466 2169 2168
f 2466 2168 2467
f 2452 2468 2454
f 2454 2468 2469
f 2454 2469 2456
f 2456 2469 2470
f 2456 2470 2458
f 2458 2470 2471
f 2458 2471 2460
f 2460 2471 2472
f 2460 2472 2462
f 2462 2472 2473
f 2462 2473 2464
f 2464 2473 2166
f 2464 2166 2169
f 2169 2166 2165
f 2169 2165 2167
f 2468 2474 2469
f 2469 2474 2475
f 2469 2475 2470
f 2470 2475 2476
f 2470 2476 2471
f 2471 2476 2477
f 2471 2477 2472
f 2472 2477 2478
f 2472 2478 2473
f 2473 2478 2163
f 2473 2163 2166
f 2166 2163 2162
f 2166 2162 2164
f 2474 2479 2475
f 2475 2479 2480
f 2475 2480 2476
f 2476 2480 2481
f 2476 2481 2477
f 2477 2481 2482
f 2477 2482 2478
f 2478 2482 2160
f 2478 2160 2163
f 2163 2160 2159
f 2163 2159 2161
f 2479 2483 2480
f 2480 2483 2484
f 2480 2484 2481
f 2481 2484 2485
f 2481 2485 2482
f 2482 2485 2157
f 2482 2157 2160
f 2160 2157 2156
f 2160 2156 2158
f 2483 2486 2484
f 2484 2486 2487
f 2484 2487 2485
f 2485 2487 2154
f 2485 2154 2157
f 2157 2154 2153
f 2157 2153 2155
f 2486 2447 2487
f 2487 2447 2446
f 2487 2446 2154
f 2154 2446 2488
f 2154 2488 2152
f 2489 2490 2491
f 2491 2490 2445
f 2491 2445 2492
f 2492 2445 2447
f 2492 2447 2493
f 2493 2447 2486
f 2493 2486 2494
f 2494 2486 2483
f 2494 2483 2495
f 2495 2483 2479
f 2495 2479 2496
f 2496 2479 2474
f 2496 2474 2497
f 2497 2474 2468
f 2497 2468 2498
f 2498 2468 2452
f 2498 2452 2499
f 2499 2452 2451
f 2499 2451 2500
f 2490 2501 2445
f 2445 2501 2502
f 2445 2502 2446
f 2446 2502 2503
f 2446 2503 2488
f 2150 2489 2151
f 2151 2489 2491
f 2151 2491 2504
f 2504 2491 2492
f 2504 2492 2505
f 2505 2492 2493
f 2505 2493 2506
f 2506 2493 2494
f 2506 2494 2507
f 2507 2494 2495
f 2507 2495 2508
f 2508 2495 2496
f 2508 2496 2509
f 2509 2496 2497
f 2509 2497 2510
f 2510 2497 2498
f 2510 2498 2511
f 2511 2498 2499
f 2511 2499 2512
f 2512 2499 2500
f 2512 2500 2513
f 2147 2149 2148
f 2148 2149 2151
f 2148 2151 2514
f 2514 2151 2504
f 2514 2504 2515
f 2515 2504 2505
f 2515 2505 2516
f 2516 2505 2506
f 2516 2506 2517
f 2517 2506 2507
f 2517 2507 2518
f 2518 2507 2508
f 2518 2508 2519
f 2519 2508 2509
f 2519 2509 2520
f 2520 2509 2510
f 2520 2510 2521
f 2521 2510 2511
f 2521 2511 2522
f 2522 2511 2512
f 2522 2512 2523
f 2523 2512 2513
f 2523 2513 2524
f 2144 2146 2145
f 2145 2146 2148
f 2145 2148 2525
f 2525 2148 2514
f 2525 2514 2526
f 2526 2514 2515
f 2526 2515 2527
f 2527 2515 2516
f 2527 2516 2528
f 2528 2516 2517
f 2528 2517 2529
f 2529 2517 2518
f 2529 2518 2530
f 2530 2518 2519
f 2530 2519 2531
f 2531 2519 2520
f 2531 2520 2532
f 2532 2520 2521
f 2532 2521 2533
f 2533 2521 2522
f 2533 2522 2534
f 2534 2522 2523
f 2534 2523 2535
f 2535 2523 2524
f 2535 2524 2536
f 2141 2143 2142
f 2142 2143 2145
f 2142 2145 2537
f 2537 2145 2525
f 2537 2525 2538
f 2538 2525 2526
f 2538 2526 2539
f 2539 2526 2527
f 2539 2527 2540
f 2540 2527 2528
f 2540 2528 2541
f 2541 2528 2529
f 2541 2529 2542
f 2542 2529 2530
f 2542 2530 2543
f 2543 2530 2531
f 2543 2531 2544
f 2544 2531 2532
f 2544 2532 2545
f 2545 2532 2533
f 2545 2533 2546
f 2546 2533 2534
f 2546 2534 2547
f 2547 2534 2535
f 2547 2535 2548
f 2548 2535 2536
f 2548 2536 2549
f 2138 2140 2139
f 2139 2140 2142
f 2139 2142 2550
f 2550 2142 2537
f 2550 2537 2551
f 2551 2537 2538
f 2551 2538 2552
f 2552 2538 2539
f 2552 2539 2553
f 2553 2539 2540
f 2553 2540 2554
f 2554 2540 2541
f 2554 2541 2555
f 2555 2541 2542
f 2555 2542 2556
f 2556 2542 2543
f 2556 2543 2557
f 2557 2543 2544
f 2557 2544 2558
f 2558 2544 2545
f 2558 2545 2559
f 2559 2545 2546
f 2559 2546 2560
f 2560 2546 2547
f 2560 2547 2561
f 2561 2547 2548
f 2561 2548 2562
f 2562 2548 2549
f 2562 2549 2563
f 2135 2137 2136
f 2136 2137 2139
f 2136 2139 2564
f 2564 2139 2550
f 2564 2550 2565
f 2565 2550 2551
f 2565 2551 2566
f 2566 2551 2552
f 2566 2552 2567
f 2567 2552 2553
f 2567 2553 2568
f 2568 2553 2554
f 2568 2554 2569
f 2569 2554 2555
f 2569 2555 2570
f 2570 2555 2556
f 2570 2556 2571
f 2571 2556 2557
f 2571 2557 2572
f 2572 2557 2558
f 2572 2558 2573
f 2573 2558 2559
f 2573 2559 2574
f 2574 2559 2560
f 2574 2560 2575
f 2575 2560 2561
f 2575 2561 2576
f 2576 2561 2562
f 2576 2562 2577
f 2577 2562 2563
f 2577 2563 2578
f 2132 2134 2133
f 2133 2134 2136
f 2133 2136 2579
f 2579 2136 2564
f 2579 2564 2580
f 2580 2564 2565
f 2580 2565 2581
f 2581 2565 2566
f 2581 2566 2582
f 2582 2566 2567
f 2582 2567 2583
f 2583 2567 2568
f 2583 2568 2584
f 2584 2568 2569
f 2584 2569 2585
f 2585 2569 2570
f 2585 2570 2586
f 2586 2570 2571
f 2586 2571 2587
f 2587 2571 2572
f 2587 2572 2588
f 2588 2572 2573
f 2588 2573 2589
f 2589 2573 2574
f 2589 2574 2590
f 2590 2574 2575
f 2590 2575 2591
f 2591 2575 2576
f 2591 2576 2592
f 2592 2576 2577
f 2592 2577 2197
f 2197 2577 2578
f 2197 2578 2027
f 2027 2578 2028
f 2129 2131 2130
f 2130 2131 2133
f 2130 2133 2593
f 2593 2133 2579
f 2593 2579 2594
f 2594 2579 2580
f 2594 2580 2595
f 2595 2580 2581
f 2595 2581 2596
f 2596 2581 2582
f 2596 2582 2597
f 2597 2582 2583
f 2597 2583 2598
f 2598 2583 2584
f 2598 2584 2599
f 2599 2584 2585
f 2599 2585 2600
f 2600 2585 2586
f 2600 2586 2601
f 2601 2586 2587
f 2601 2587 2602
f 2602 2587 2588
f 2602 2588 2603
f 2603 2588 2589
f 2603 2589 2604
f 2604 2589 2590
f 2604 2590 2605
f 2605 2590 2591
f 2605 2591 2606
f 2606 2591 2592
f 2606 2592 2196
f 2196 2592 2197
f 2196 2197 2025
f 2025 2197 2026
f 2126 2128 2127
f 2127 2128 2130
f 2127 2130 2607
f 2607 2130 2593
f 2607 2593 2608
f 2608 2593 2594
f 2608 2594 2609
f 2609 2594 2595
f 2609 2595 2610
f 2610 2595 2596
f 2610 2596 2611
f 2611 2596 2597
f 2611 2597 2612
f 2612 2597 2598
f 2612 2598 2613
f 2613 2598 2599
f 2613 2599 2614
f 2614 2599 2600
f 2614 2600 2615
f 2615 2600 2601
f 2615 2601 2616
f 2616 2601 2602
f 2616 2602 2617
f 2617 2602 2603
f 2617 2603 2618
f 2618 2603 2604
f 2618 2604 2619
f 2619 2604 2605
f 2619 2605 2620
f 2620 2605 2606
f 2620 2606 2621
f 2621 2606 2196
f 2621 2196 2023
f 2023 2196 2024
f 2622 2125 2428
f 2428 2125 2127
f 2428 2127 2427
f 2427 2127 2607
f 2427 2607 2426
f 2426 2607 2608
f 2426 2608 2425
f 2425 2608 2609
f 2425 2609 2424
f 2424 2609 2610
f 2424 2610 2423
f 2423 2610 2611
f 2423 2611 2422
f 2422 2611 2612
f 2422 2612 2421
f 2421 2612 2613
f 2421 2613 2420
f 2420 2613 2614
f 2420 2614 2419
f 2419 2614 2615
f 2419 2615 2418
f 2418 2615 2616
f 2418 2616 2417
f 2417 2616 2617
f 2417 2617 2416
f 2416 2617 2618
f 2416 2618 2415
f 2415 2618 2619
f 2415 2619 2414
f 2414 2619 2620
f 2414 2620 2198
f 2198 2620 2621
f 2198 2621 2022
f 2022 2621 2023
f 2262 2623 2263
f 2263 2623 2624
f 2263 2624 2280
f 2280 2624 2625
f 2280 2625 2300
f 2300 2625 2626
f 2300 2626 2322
f 2322 2626 2627
f 2322 2627 2345
f 2345 2627 2628
f 2345 2628 2371
f 2371 2628 2629
f 2371 2629 2399
f 2399 2629 2124
f 2399 2124 2428
f 2428 2124 2123
f 2428 2123 2622
f 2623 2630 2624
f 2624 2630 2631
f 2624 2631 2625
f 2625 2631 2632
f 2625 2632 2626
f 2626 2632 2633
f 2626 2633 2627
f 2627 2633 2634
f 2627 2634 2628
f 2628 2634 2635
f 2628 2635 2629
f 2629 2635 2121
f 2629 2121 2124
f 2124 2121 2120
f 2124 2120 2122
f 2630 2636 2631
f 2631 2636 2637
f 2631 2637 2632
f 2632 2637 2638
f 2632 2638 2633
f 2633 2638 2639
f 2633 2639 2634
f 2634 2639 2640
f 2634 2640 2635
f 2635 2640 2118
f 2635 2118 2121
f 2121 2118 2117
f 2121 2117 2119
f 2636 2641 2637
f 2637 2641 2642
f 2637 2642 2638
f 2638 2642 2643
f 2638 2643 2639
f 2639 2643 2644
f 2639 2644 2640
f 2640 2644 2115
f 2640 2115 2118
f 2118 2115 2114
f 2118 2114 2116
f 2641 2645 2642
f 2642 2645 2646
f 2642 2646 2643
f 2643 2646 2647
f 2643 2647 2644
f 2644 2647 2112
f 2644 2112 2115
f 2115 2112 2111
f 2115 2111 2113
f 2645 2648 2646
f 2646 2648 2649
f 2646 2649 2647
f 2647 2649 2109
f 2647 2109 2112
f 2112 2109 2108
f 2112 2108 2110
f 2648 2450 2649
f 2649 2450 2449
f 2649 2449 2109
f 2109 2449 2650
f 2109 2650 2107
f 2651 2652 2653
f 2653 2652 2448
f 2653 2448 2654
f 2654 2448 2450
f 2654 2450 2655
f 2655 2450 2648
f 2655 2648 2656
f 2656 2648 2645
f 2656 2645 2657
f 2657 2645 2641
f 2657 2641 2658
f 2658 2641 2636
f 2658 2636 2659
f 2659 2636 2630
f 2659 2630 2660
f 2660 2630 2623
f 2660 2623 2661
f 2661 2623 2262
f 2661 2262 2662
f 2662 2262 2260
f 2662 2260 2663
f 2663 2260 2258
f 2663 2258 2664
f 2664 2258 2256
f 2664 2256 2665
f 2665 2256 2254
f 2665 2254 2666
f 2666 2254 2252
f 2666 2252 2667
f 2667 2252 2250
f 2667 2250 2201
f 2201 2250 2248
f 2201 2248 2008
f 2008 2248 2009
f 2652 2668 2448
f 2448 2668 2669
f 2448 2669 2449
f 2449 2669 2670
f 2449 2670 2650
f 2007 2006 2201
f 2201 2006 2170
f 2201 2170 2667
f 2667 2170 2172
f 2667 2172 2666
f 2666 2172 2219
f 2666 2219 2665
f 2665 2219 2221
f 2665 2221 2664
f 2664 2221 2224
f 2664 2224 2663
f 2663 2224 2229
f 2663 2229 2662
f 2662 2229 2234
f 2662 2234 2661
f 2661 2234 2240
f 2661 2240 2660
f 2660 2240 2264
f 2660 2264 2659
f 2659 2264 2281
f 2659 2281 2658
f 2658 2281 2301
f 2658 2301 2657
f 2657 2301 2323
f 2657 2323 2656
f 2656 2323 2346
f 2656 2346 2655
f 2655 2346 2372
f 2655 2372 2654
f 2654 2372 2400
f 2654 2400 2653
f 2653 2400 2429
f 2653 2429 2651
f 2651 2429 2671
f 2672 2673 2674
f 2075 2206 2444
f 2444 2206 2675
f 2444 2675 2443
f 2443 2675 2676
f 2443 2676 2442
f 2442 2676 2677
f 2442 2677 2441
f 2441 2677 2678
f 2441 2678 2440
f 2440 2678 2679
f 2440 2679 2439
f 2439 2679 2680
f 2439 2680 2438
f 2438 2680 2681
f 2438 2681 2437
f 2437 2681 2682
f 2437 2682 2436
f 2436 2682 2683
f 2436 2683 2435
f 2435 2683 2684
f 2435 2684 2434
f 2434 2684 2685
f 2434 2685 2433
f 2433 2685 2686
f 2433 2686 2432
f 2432 2686 2687
f 2432 2687 2431
f 2431 2687 2688
f 2431 2688 2430
f 2430 2688 2672
f 2430 2672 2429
f 2429 2672 2674
f 2429 2674 2671
f 2689 2690 2691
f 2073 2207 2206
f 2206 2207 2692
f 2206 2692 2675
f 2675 2692 2693
f 2675 2693 2676
f 2676 2693 2694
f 2676 2694 2677
f 2677 2694 2695
f 2677 2695 2678
f 2678 2695 2696
f 2678 2696 2679
f 2679 2696 2697
f 2679 2697 2680
f 2680 2697 2698
f 2680 2698 2681
f 2681 2698 2699
f 2681 2699 2682
f 2682 2699 2700
f 2682 2700 2683
f 2683 2700 2701
f 2683 2701 2684
f 2684 2701 2702
f 2684 2702 2685
f 2685 2702 2703
f 2685 2703 2686
f 2686 2703 2704
f 2686 2704 2687
f 2687 2704 2705
f 2687 2705 2688
f 2688 2705 2689
f 2688 2689 2672
f 2672 2689 2691
f 2672 2691 2673
f 2706 2707 2708
f 2071 2187 2207
f 2207 2187 2709
f 2207 2709 2692
f 2692 2709 2710
f 2692 2710 2693
f 2693 2710 2711
f 2693 2711 2694
f 2694 2711 2712
f 2694 2712 2695
f 2695 2712 2713
f 2695 2713 2696
f 2696 2713 2714
f 2696 2714 2697
f 2697 2714 2715
f 2697 2715 2698
f 2698 2715 2716
f 2698 2716 2699
f 2699 2716 2717
f 2699 2717 2700
f 2700 2717 2718
f 2700 2718 2701
f 2701 2718 2719
f 2701 2719 2702
f 2702 2719 2720
f 2702 2720 2703
f 2703 2720 2721
f 2703 2721 2704
f 2704 2721 2722
f 2704 2722 2705
f 2705 2722 2706
f 2705 2706 2689
f 2689 2706 2708
f 2689 2708 2690
f 2723 2724 2725
f 2070 2208 2187
f 2187 2208 2726
f 2187 2726 2709
f 2709 2726 2727
f 2709 2727 2710
f 2710 2727 2728
f 2710 2728 2711
f 2711 2728 2729
f 2711 2729 2712
f 2712 2729 2730
f 2712 2730 2713
f 2713 2730 2731
f 2713 2731 2714
f 2714 2731 2732
f 2714 2732 2715
f 2715 2732 2733
f 2715 2733 2716
f 2716 2733 2734
f 2716 2734 2717
f 2717 2734 2735
f 2717 2735 2718
f 2718 2735 2736
f 2718 2736 2719
f 2719 2736 2737
f 2719 2737 2720
f 2720 2737 2738
f 2720 2738 2721
f 2721 2738 2739
f 2721 2739 2722
f 2722 2739 2723
f 2722 2723 2706
f 2706 2723 2725
f 2706 2725 2707
f 2740 2741 2742
f 2068 2209 2208
f 2208 2209 2743
f 2208 2743 2726
f 2726 2743 2744
f 2726 2744 2727
f 2727 2744 2745
f 2727 2745 2728
f 2728 2745 2746
f 2728 2746 2729
f 2729 2746 2747
f 2729 2747 2730
f 2730 2747 2748
f 2730 2748 2731
f 2731 2748 2749
f 2731 2749 2732
f 2732 2749 2750
f 2732 2750 2733
f 2733 2750 2751
f 2733 2751 2734
f 2734 2751 2752
f 2734 2752 2735
f 2735 2752 2753
f 2735 2753 2736
f 2736 2753 2754
f 2736 2754 2737
f 2737 2754 2755
f 2737 2755 2738
f 2738 2755 2756
f 2738 2756 2739
f 2739 2756 2740
f 2739 2740 2723
f 2723 2740 2742
f 2723 2742 2724
f 2757 2758 2759
f 2066 2186 2209
f 2209 2186 2760
f 2209 2760 2743
f 2743 2760 2761
f 2743 2761 2744
f 2744 2761 2762
f 2744 2762 2745
f 2745 2762 2763
f 2745 2763 2746
f 2746 2763 2764
f 2746 2764 2747
f 2747 2764 2765
f 2747 2765 2748
f 2748 2765 2766
f 2748 2766 2749
f 2749 2766 2767
f 2749 2767 2750
f 2750 2767 2768
f 2750 2768 2751
f 2751 2768 2769
f 2751 2769 2752
f 2752 2769 2770
f 2752 2770 2753
f 2753 2770 2771
f 2753 2771 2754
f 2754 2771 2772
f 2754 2772 2755
f 2755 2772 2773
f 2755 2773 2756
f 2756 2773 2757
f 2756 2757 2740
f 2740 2757 2759
f 2740 2759 2741
f 2774 2775 2776
f 2065 2210 2186
f 2186 2210 2777
f 2186 2777 2760
f 2760 2777 2778
f 2760 2778 2761
f 2761 2778 2779
f 2761 2779 2762
f 2762 2779 2780
f 2762 2780 2763
f 2763 2780 2781
f 2763 2781 2764
f 2764 2781 2782
f 2764 2782 2765
f 2765 2782 2783
f 2765 2783 2766
f 2766 2783 2784
f 2766 2784 2767
f 2767 2784 2785
f 2767 2785 2768
f 2768 2785 2786
f 2768 2786 2769
f 2769 2786 2787
f 2769 2787 2770
f 2770 2787 2788
f 2770 2788 2771
f 2771 2788 2789
f 2771 2789 2772
f 2772 2789 2790
f 2772 2790 2773
f 2773 2790 2774
f 2773 2774 2757
f 2757 2774 2776
f 2757 2776 2758
f 2791 2792 2793
f 2063 2211 2210
f 2210 2211 2794
f 2210 2794 2777
f 2777 2794 2795
f 2777 2795 2778
f 2778 2795 2796
f 2778 2796 2779
f 2779 2796 2797
f 2779 2797 2780
f 2780 2797 2798
f 2780 2798 2781
f 2781 2798 2799
f 2781 2799 2782
f 2782 2799 2800
f 2782 2800 2783
f 2783 2800 2801
f 2783 2801 2784
f 2784 2801 2802
f 2784 2802 2785
f 2785 2802 2803
f 2785 2803 2786
f 2786 2803 2804
f 2786 2804 2787
f 2787 2804 2805
f 2787 2805 2788
f 2788 2805 2806
f 2788 2806 2789
f 2789 2806 2807
f 2789 2807 2790
f 2790 2807 2791
f 2790 2791 2774
f 2774 2791 2793
f 2774 2793 2775
f 2808 2809 2810
f 2061 2185 2211
f 2211 2185 2811
f 2211 2811 2794
f 2794 2811 2812
f 2794 2812 2795
f 2795 2812 2813
f 2795 2813 2796
f 2796 2813 2814
f 2796 2814 2797
f 2797 2814 2815
f 2797 2815 2798
f 2798 2815 2816
f 2798 2816 2799
f 2799 2816 2817
f 2799 2817 2800
f 2800 2817 2818
f 2800 2818 2801
f 2801 2818 2819
f 2801 2819 2802
f 2802 2819 2820
f 2802 2820 2803
f 2803 2820 2821
f 2803 2821 2804
f 2804 2821 2822
f 2804 2822 2805
f 2805 2822 2823
f 2805 2823 2806
f 2806 2823 2824
f 2806 2824 2807
f 2807 2824 2808
f 2807 2808 2791
f 2791 2808 2810
f 2791 2810 2792
f 2060 2212 2185
f 2185 2212 2825
f 2185 2825 2811
f 2811 2825 2826
f 2811 2826 2812
f 2812 2826 2827
f 2812 2827 2813
f 2813 2827 2828
f 2813 2828 2814
f 2814 2828 2829
f 2814 2829 2815
f 2815 2829 2830
f 2815 2830 2816
f 2816 2830 2831
f 2816 2831 2817
f 2817 2831 2832
f 2817 2832 2818
f 2818 2832 2833
f 2818 2833 2819
f 2819 2833 2834
f 2819 2834 2820
f 2820 2834 2835
f 2820 2835 2821
f 2821 2835 2836
f 2821 2836 2822
f 2822 2836 2837
f 2822 2837 2823
f 2823 2837 2838
f 2823 2838 2824
f 2824 2838 2106
f 2824 2106 2808
f 2808 2106 2105
f 2808 2105 2809
f 2058 2184 2212
f 2212 2184 2839
f 2212 2839 2825
f 2825 2839 2840
f 2825 2840 2826
f 2826 2840 2841
f 2826 2841 2827
f 2827 2841 2842
f 2827 2842 2828
f 2828 2842 2843
f 2828 2843 2829
f 2829 2843 2844
f 2829 2844 2830
f 2830 2844 2845
f 2830 2845 2831
f 2831 2845 2846
f 2831 2846 2832
f 2832 2846 2847
f 2832 2847 2833
f 2833 2847 2848
f 2833 2848 2834
f 2834 2848 2849
f 2834 2849 2835
f 2835 2849 2850
f 2835 2850 2836
f 2836 2850 2851
f 2836 2851 2837
f 2837 2851 2852
f 2837 2852 2838
f 2838 2852 2103
f 2838 2103 2106
f 2106 2103 2102
f 2106 2102 2104
f 2057 2183 2184
f 2184 2183 2853
f 2184 2853 2839
f 2839 2853 2854
f 2839 2854 2840
f 2840 2854 2855
f 2840 2855 2841
f 2841 2855 2856
f 2841 2856 2842
f 2842 2856 2857
f 2842 2857 2843
f 2843 2857 2858
f 2843 2858 2844
f 2844 2858 2859
f 2844 2859 2845
f 2845 2859 2860
f 2845 2860 2846
f 2846 2860 2861
f 2846 2861 2847
f 2847 2861 2862
f 2847 2862 2848
f 2848 2862 2863
f 2848 2863 2849
f 2849 2863 2864
f 2849 2864 2850
f 2850 2864 2865
f 2850 2865 2851
f 2851 2865 2866
f 2851 2866 2852
f 2852 2866 2100
f 2852 2100 2103
f 2103 2100 2099
f 2103 2099 2101
f 2055 2213 2183
f 2183 2213 2867
f 2183 2867 2853
f 2853 2867 2868
f 2853 2868 2854
f 2854 2868 2869
f 2854 2869 2855
f 2855 2869 2870
f 2855 2870 2856
f 2856 2870 2871
f 2856 2871 2857
f 2857 2871 2872
f 2857 2872 2858
f 2858 2872 2873
f 2858 2873 2859
f 2859 2873 2874
f 2859 2874 2860
f 2860 2874 2875
f 2860 2875 2861
f 2861 2875 2876
f 2861 2876 2862
f 2862 2876 2877
f 2862 2877 2863
f 2863 2877 2878
f 2863 2878 2864
f 2864 2878 2879
f 2864 2879 2865
f 2865 2879 2880
f 2865 2880 2866
f 2866 2880 2097
f 2866 2097 2100
f 2100 2097 2096
f 2100 2096 2098
f 2053 2182 2213
f 2213 2182 2881
f 2213 2881 2867
f 2867 2881 2882
f 2867 2882 2868
f 2868 2882 2883
f 2868 2883 2869
f 2869 2883 2884
f 2869 2884 2870
f 2870 2884 2885
f 2870 2885 2871
f 2871 2885 2886
f 2871 2886 2872
f 2872 2886 2887
f 2872 2887 2873
f 2873 2887 2888
f 2873 2888 2874
f 2874 2888 2889
f 2874 2889 2875
f 2875 2889 2890
f 2875 2890 2876
f 2876 2890 2891
f 2876 2891 2877
f 2877 2891 2892
f 2877 2892 2878
f 2878 2892 2893
f 2878 2893 2879
f 2879 2893 2894
f 2879 2894 2880
f 2880 2894 2094
f 2880 2094 2097
f 2097 2094 2093
f 2097 2093 2095
f 2052 2181 2182
f 2182 2181 2895
f 2182 2895 2881
f 2881 2895 2896
f 2881 2896 2882
f 2882 2896 2897
f 2882 2897 2883
f 2883 2897 2898
f 2883 2898 2884
f 2884 2898 2899
f 2884 2899 2885
f 2885 2899 2900
f 2885 2900 2886
f 2886 2900 2901
f 2886 2901 2887
f 2887 2901 2902
f 2887 2902 2888
f 2888 2902 2903
f 2888 2903 2889
f 2889 2903 2904
f 2889 2904 2890
f 2890 2904 2905
f 2890 2905 2891
f 2891 2905 2906
f 2891 2906 2892
f 2892 2906 2907
f 2892 2907 2893
f 2893 2907 2908
f 2893 2908 2894
f 2894 2908 2091
f 2894 2091 2094
f 2094 2091 2090
f 2094 2090 2092
f 2050 2214 2181
f 2181 2214 2909
f 2181 2909 2895
f 2895 2909 2910
f 2895 2910 2896
f 2896 2910 2911
f 2896 2911 2897
f 2897 2911 2912
f 2897 2912 2898
f 2898 2912 2913
f 2898 2913 2899
f 2899 2913 2914
f 2899 2914 2900
f 2900 2914 2915
f 2900 2915 2901
f 2901 2915 2916
f 2901 2916 2902
f 2902 2916 2917
f 2902 2917 2903
f 2903 2917 2918
f 2903 2918 2904
f 2904 2918 2919
f 2904 2919 2905
f 2905 2919 2920
f 2905 2920 2906
f 2906 2920 2921
f 2906 2921 2907
f 2907 2921 2922
f 2907 2922 2908
f 2908 2922 2088
f 2908 2088 2091
f 2091 2088 2087
f 2091 2087 2089
f 2048 2180 2214
f 2214 2180 2923
f 2214 2923 2909
f 2909 2923 2924
f 2909 2924 2910
f 2910 2924 2925
f 2910 2925 2911
f 2911 2925 2926
f 2911 2926 2912
f 2912 2926 2927
f 2912 2927 2913
f 2913 2927 2928
f 2913 2928 2914
f 2914 2928 2929
f 2914 2929 2915
f 2915 2929 2930
f 2915 2930 2916
f 2916 2930 2931
f 2916 2931 2917
f 2917 2931 2932
f 2917 2932 2918
f 2918 2932 2933
f 2918 2933 2919
f 2919 2933 2934
f 2919 2934 2920
f 2920 2934 2935
f 2920 2935 2921
f 2921 2935 2936
f 2921 2936 2922
f 2922 2936 2085
f 2922 2085 2088
f 2088 2085 2084
f 2088 2084 2086
f 2047 2179 2180
f 2180 2179 2937
f 2180 2937 2923
f 2923 2937 2938
f 2923 2938 2924
f 2924 2938 2939
f 2924 2939 2925
f 2925 2939 2940
f 2925 2940 2926
f 2926 2940 2941
f 2926 2941 2927
f 2927 2941 2942
f 2927 2942 2928
f 2928 2942 2943
f 2928 2943 2929
f 2929 2943 2944
f 2929 2944 2930
f 2930 2944 2945
f 2930 2945 2931
f 2931 2945 2946
f 2931 2946 2932
f 2932 2946 2947
f 2932 2947 2933
f 2933 2947 2948
f 2933 2948 2934
f 2934 2948 2949
f 2934 2949 2935
f 2935 2949 2950
f 2935 2950 2936
f 2936 2950 2082
f 2936 2082 2085
f 2085 2082 2081
f 2085 2081 2083
f 2045 2215 2179
f 2179 2215 2951
f 2179 2951 2937
f 2937 2951 2952
f 2937 2952 2938
f 2938 2952 2953
f 2938 2953 2939
f 2939 2953 2954
f 2939 2954 2940
f 2940 2954 2955
f 2940 2955 2941
f 2941 2955 2956
f 2941 2956 2942
f 2942 2956 2957
f 2942 2957 2943
f 2943 2957 2958
f 2943 2958 2944
f 2944 2958 2959
f 2944 2959 2945
f 2945 2959 2960
f 2945 2960 2946
f 2946 2960 2961
f 2946 2961 2947
f 2947 2961 2962
f 2947 2962 2948
f 2948 2962 2963
f 2948 2963 2949
f 2949 2963 2964
f 2949 2964 2950
f 2950 2964 2965
f 2950 2965 2082
f 2082 2965 2966
f 2082 2966 2080
f 2967 2968 2969
f 2043 2178 2215
f 2215 2178 2970
f 2215 2970 2951
f 2951 2970 2971
f 2951 2971 2952
f 2952 2971 2972
f 2952 2972 2953
f 2953 2972 2973
f 2953 2973 2954
f 2954 2973 2974
f 2954 2974 2955
f 2955 2974 2975
f 2955 2975 2956
f 2956 2975 2976
f 2956 2976 2957
f 2957 2976 2977
f 2957 2977 2958
f 2958 2977 2978
f 2958 2978 2959
f 2959 2978 2979
f 2959 2979 2960
f 2960 2979 2980
f 2960 2980 2961
f 2961 2980 2981
f 2961 2981 2962
f 2962 2981 2982
f 2962 2982 2963
f 2963 2982 2983
f 2963 2983 2964
f 2964 2983 2967
f 2964 2967 2965
f 2965 2967 2969
f 2965 2969 2966
f 2984 2985 2986
f 2042 2177 2178
f 2178 2177 2987
f 2178 2987 2970
f 2970 2987 2988
f 2970 2988 2971
f 2971 2988 2989
f 2971 2989 2972
f 2972 2989 2990
f 2972 2990 2973
f 2973 2990 2991
f 2973 2991 2974
f 2974 2991 2992
f 2974 2992 2975
f 2975 2992 2993
f 2975 2993 2976
f 2976 2993 2994
f 2976 2994 2977
f 2977 2994 2995
f 2977 2995 2978
f 2978 2995 2996
f 2978 2996 2979
f 2979 2996 2997
f 2979 2997 2980
f 2980 2997 2998
f 2980 2998 2981
f 2981 2998 2999
f 2981 2999 2982
f 2982 2999 3000
f 2982 3000 2983
f 2983 3000 2984
f 2983 2984 2967
f 2967 2984 2986
f 2967 2986 2968
f 3001 3002 3003
f 2040 2216 2177
f 2177 2216 3004
f 2177 3004 2987
f 2987 3004 3005
f 2987 3005 2988
f 2988 3005 3006
f 2988 3006 2989
f 2989 3006 3007
f 2989 3007 2990
f 2990 3007 3008
f 2990 3008 2991
f 2991 3008 3009
f 2991 3009 2992
f 2992 3009 3010
f 2992 3010 2993
f 2993 3010 3011
f 2993 3011 2994
f 2994 3011 3012
f 2994 3012 2995
f 2995 3012 3013
f 2995 3013 2996
f 2996 3013 3014
f 2996 3014 2997
f 2997 3014 3015
f 2997 3015 2998
f 2998 3015 3016
f 2998 3016 2999
f 2999 3016 3017
f 2999 3017 3000
f 3000 3017 3001
f 3000 3001 2984
f 2984 3001 3003
f 2984 3003 2985
f 3018 3019 3020
f 2038 2176 2216
f 2216 2176 3021
f 2216 3021 3004
f 3004 3021 3022
f 3004 3022 3005
f 3005 3022 3023
f 3005 3023 3006
f 3006 3023 3024
f 3006 3024 3007
f 3007 3024 3025
f 3007 3025 3008
f 3008 3025 3026
f 3008 3026 3009
f 3009 3026 3027
f 3009 3027 3010
f 3010 3027 3028
f 3010 3028 3011
f 3011 3028 3029
f 3011 3029 3012
f 3012 3029 3030
f 3012 3030 3013
f 3013 3030 3031
f 3013 3031 3014
f 3014 3031 3032
f 3014 3032 3015
f 3015 3032 3033
f 3015 3033 3016
f 3016 3033 3034
f 3016 3034 3017
f 3017 3034 3018
f 3017 3018 3001
f 3001 3018 3020
f 3001 3020 3002
f 3035 3036 3037
f 2037 2175 2176
f 2176 2175 3038
f 2176 3038 3021
f 3021 3038 3039
f 3021 3039 3022
f 3022 3039 3040
f 3022 3040 3023
f 3023 3040 3041
f 3023 3041 3024
f 3024 3041 3042
f 3024 3042 3025
f 3025 3042 3043
f 3025 3043 3026
f 3026 3043 3044
f 3026 3044 3027
f 3027 3044 3045
f 3027 3045 3028
f 3028 3045 3046
f 3028 3046 3029
f 3029 3046 3047
f 3029 3047 3030
f 3030 3047 3048
f 3030 3048 3031
f 3031 3048 3049
f 3031 3049 3032
f 3032 3049 3050
f 3032 3050 3033
f 3033 3050 3051
f 3033 3051 3034
f 3034 3051 3035
f 3034 3035 3018
f 3018 3035 3037
f 3018 3037 3019
f 3052 3053 3054
f 2035 2217 2175
f 2175 2217 3055
f 2175 3055 3038
f 3038 3055 3056
f 3038 3056 3039
f 3039 3056 3057
f 3039 3057 3040
f 3040 3057 3058
f 3040 3058 3041
f 3041 3058 3059
f 3041 3059 3042
f 3042 3059 3060
f 3042 3060 3043
f 3043 3060 3061
f 3043 3061 3044
f 3044 3061 3062
f 3044 3062 3045
f 3045 3062 3063
f 3045 3063 3046
f 3046 3063 3064
f 3046 3064 3047
f 3047 3064 3065
f 3047 3065 3048
f 3048 3065 3066
f 3048 3066 3049
f 3049 3066 3067
f 3049 3067 3050
f 3050 3067 3068
f 3050 3068 3051
f 3051 3068 3052
f 3051 3052 3035
f 3035 3052 3054
f 3035 3054 3036
f 3069 3070 3071
f 2033 2174 2217
f 2217 2174 3072
f 2217 3072 3055
f 3055 3072 3073
f 3055 3073 3056
f 3056 3073 3074
f 3056 3074 3057
f 3057 3074 3075
f 3057 3075 3058
f 3058 3075 3076
f 3058 3076 3059
f 3059 3076 3077
f 3059 3077 3060
f 3060 3077 3078
f 3060 3078 3061
f 3061 3078 3079
f 3061 3079 3062
f 3062 3079 3080
f 3062 3080 3063
f 3063 3080 3081
f 3063 3081 3064
f 3064 3081 3082
f 3064 3082 3065
f 3065 3082 3083
f 3065 3083 3066
f 3066 3083 3084
f 3066 3084 3067
f 3067 3084 3085
f 3067 3085 3068
f 3068 3085 3069
f 3068 3069 3052
f 3052 3069 3071
f 3052 3071 3053
f 3086 3087 3088
f 2032 2173 2174
f 2174 2173 3089
f 2174 3089 3072
f 3072 3089 3090
f 3072 3090 3073
f 3073 3090 3091
f 3073 3091 3074
f 3074 3091 3092
f 3074 3092 3075
f 3075 3092 3093
f 3075 3093 3076
f 3076 3093 3094
f 3076 3094 3077
f 3077 3094 3095
f 3077 3095 3078
f 3078 3095 3096
f 3078 3096 3079
f 3079 3096 3097
f 3079 3097 3080
f 3080 3097 3098
f 3080 3098 3081
f 3081 3098 3099
f 3081 3099 3082
f 3082 3099 3100
f 3082 3100 3083
f 3083 3100 3101
f 3083 3101 3084
f 3084 3101 3102
f 3084 3102 3085
f 3085 3102 3086
f 3085 3086 3069
f 3069 3086 3088
f 3069 3088 3070
f 3103 3104 3105
f 2030 2218 2173
f 2173 2218 3106
f 2173 3106 3089
f 3089 3106 3107
f 3089 3107 3090
f 3090 3107 3108
f 3090 3108 3091
f 3091 3108 3109
f 3091 3109 3092
f 3092 3109 3110
f 3092 3110 3093
f 3093 3110 3111
f 3093 3111 3094
f 3094 3111 3112
f 3094 3112 3095
f 3095 3112 3113
f 3095 3113 3096
f 3096 3113 3114
f 3096 3114 3097
f 3097 3114 3115
f 3097 3115 3098
f 3098 3115 3116
f 3098 3116 3099
f 3099 3116 3117
f 3099 3117 3100
f 3100 3117 3118
f 3100 3118 3101
f 3101 3118 3119
f 3101 3119 3102
f 3102 3119 3103
f 3102 3103 3086
f 3086 3103 3105
f 3086 3105 3087
f 2028 2578 2218
f 2218 2578 2563
f 2218 2563 3106
f 3106 2563 2549
f 3106 2549 3107
f 3107 2549 2536
f 3107 2536 3108
f 3108 2536 2524
f 3108 2524 3109
f 3109 2524 2513
f 3109 2513 3110
f 3110 2513 2500
f 3110 2500 3111
f 3111 2500 2451
f 3111 2451 3112
f 3112 2451 2453
f 3112 2453 3113
f 3113 2453 2455
f 3113 2455 3114
f 3114 2455 2457
f 3114 2457 3115
f 3115 2457 2459
f 3115 2459 3116
f 3116 2459 2461
f 3116 2461 3117
f 3117 2461 2463
f 3117 2463 3118
f 3118 2463 2465
f 3118 2465 3119
f 3119 2465 2466
f 3119 2466 3103
f 3103 2466 2467
f 3103 2467 3104
f 3120 3121 3122
f 3123 3124 3125
f 3126 3127 3128
f 3129 3130 3131
f 3132 3133 3134
f 3135 3136 3137
f 3138 3139 3140
f 3141 3142 3143
f 3144 3145 3146
f 3147 3148 3149
f 3150 3151 3152
f 3153 3154 3155
f 3156 3157 3158
f 3159 3160 3161
f 3162 3163 3164
f 3165 3166 3167
f 3168 3169 3170
f 3171 3172 3173
f 3174 3175 3176
f 3177 3178 3179
f 3180 3181 3182
f 3183 3184 3185
f 3186 3187 3188
f 3189 3190 3191
f 3192 3193 3194
f 3195 3196 3197
f 3198 3199 3200
f 3201 3202 3203
f 3204 3205 3206
f 3207 3208 3209
f 3210 3211 3212
f 3213 3214 3215
f 3216 3217 3218
f 3219 3220 3221
f 3222 3223 3224
f 3225 3226 3227
f 3104 2467 3228
f 2099 2098 3229
f 2102 2101 3230
f 2105 2104 3231
f 2792 2810 3232
f 2775 2793 3233
f 2758 2776 3234
f 2741 2759 3235
f 2724 2742 3236
f 2707 2725 3237
f 2690 2708 3238
f 2673 2691 3239
f 2671 2674 3240
f 2652 2651 3241
f 2669 2668 3242
f 2650 2670 3243
f 2108 2107 3244
f 2111 2110 3245
f 2114 2113 3246
f 2117 2116 3247
f 2120 2119 3248
f 2123 2122 3249
f 2129 2128 3250
f 2132 2131 3251
f 2135 2134 3252
f 2138 2137 3253
f 2141 2140 3254
f 2144 2143 3255
f 2147 2146 3256
f 2150 2149 3257
f 2490 2489 3258
f 2502 2501 3259
f 2488 2503 3260
f 2153 2152 3261
f 2156 2155 3262
f 2159 2158 3263
f 2162 2161 3264
f 2165 2164 3265
f 2168 2167 3266
f 2126 2125 3267
f 3267 2125 2622
f 2105 3231 2809
f 2096 2095 3225
f 3225 2095 2093
f 3225 2093 3226
f 3226 2093 2092
f 3226 2092 2090
f 3268 2089 2087
f 3269 2086 2084
f 3270 2083 2081
f 3271 2080 2966
f 3272 2969 2968
f 2968 2986 3273
f 3273 2986 2985
f 2985 3003 3274
f 3274 3003 3002
f 3002 3020 3275
f 3275 3020 3019
f 3019 3037 3276
f 3276 3037 3036
f 3036 3054 3277
f 3277 3054 3053
f 3053 3071 3278
f 3278 3071 3070
f 3070 3088 3279
f 3279 3088 3087
f 3087 3105 3280
f 3280 3105 3104
f 3281 3227 3282
f 3282 3227 3226
f 3282 3226 3268
f 3268 3226 2090
f 3268 2090 2089
f 3283 3281 3284
f 3284 3281 3282
f 3284 3282 3285
f 3285 3282 3268
f 3285 3268 3269
f 3269 3268 2087
f 3269 2087 2086
f 3286 3283 3287
f 3287 3283 3284
f 3287 3284 3288
f 3288 3284 3285
f 3288 3285 3289
f 3289 3285 3269
f 3289 3269 3270
f 3270 3269 2084
f 3270 2084 2083
f 3290 3286 3291
f 3291 3286 3287
f 3291 3287 3292
f 3292 3287 3288
f 3292 3288 3293
f 3293 3288 3289
f 3293 3289 3294
f 3294 3289 3270
f 3294 3270 3271
f 3271 3270 2081
f 3271 2081 2080
f 3295 3296 3297
f 3298 3290 3299
f 3299 3290 3291
f 3299 3291 3300
f 3300 3291 3292
f 3300 3292 3301
f 3301 3292 3293
f 3301 3293 3302
f 3302 3293 3294
f 3302 3294 3303
f 3303 3294 3271
f 3303 3271 3272
f 3272 3271 2966
f 3272 2966 2969
f 3304 3296 3305
f 3305 3296 3295
f 3305 3295 3306
f 2149 2147 3257
f 3257 2147 3256
f 3257 3256 3307
f 3307 3256 3308
f 3307 3308 3309
f 3309 3308 3310
f 3309 3310 3311
f 3311 3310 3312
f 3311 3312 3313
f 3313 3312 3314
f 3313 3314 3315
f 3315 3314 3316
f 3315 3316 3317
f 3317 3316 3318
f 2143 2141 3255
f 3255 2141 3254
f 3255 3254 3319
f 3319 3254 3320
f 3319 3320 3321
f 3321 3320 3322
f 3321 3322 3323
f 3323 3322 3324
f 3323 3324 3325
f 3325 3324 3326
f 3325 3326 3327
f 3327 3326 3328
f 3327 3328 3329
f 3329 3328 3330
f 3329 3330 3331
f 3331 3330 3332
f 2691 2690 3239
f 3239 2690 3238
f 3239 3238 3333
f 3333 3238 3334
f 3333 3334 3335
f 3335 3334 3336
f 3335 3336 3337
f 3337 3336 3338
f 3337 3338 3339
f 3339 3338 3340
f 3339 3340 3341
f 3341 3340 3342
f 3341 3342 3343
f 3343 3342 3344
f 2725 2724 3237
f 3237 2724 3236
f 3237 3236 3345
f 3345 3236 3346
f 3345 3346 3347
f 3347 3346 3348
f 3347 3348 3349
f 3349 3348 3350
f 3349 3350 3351
f 3351 3350 3352
f 3351 3352 3353
f 3353 3352 3354
f 3353 3354 3355
f 3355 3354 3356
f 3355 3356 3357
f 3357 3356 3358
f 3359 3304 3360
f 3360 3304 3305
f 3360 3305 3361
f 3361 3305 3306
f 3361 3306 3362
f 3362 3306 3363
f 3223 3363 3224
f 3224 3363 3306
f 3224 3306 3364
f 3364 3306 3295
f 3364 3295 3365
f 3365 3295 3297
f 3365 3297 3366
f 3220 3222 3221
f 3221 3222 3224
f 3221 3224 3367
f 3367 3224 3364
f 3367 3364 3368
f 3368 3364 3365
f 3368 3365 3369
f 3369 3365 3366
f 3369 3366 3370
f 3217 3219 3218
f 3218 3219 3221
f 3218 3221 3371
f 3371 3221 3367
f 3371 3367 3372
f 3372 3367 3368
f 3372 3368 3373
f 3373 3368 3369
f 3373 3369 3374
f 3374 3369 3370
f 3374 3370 3375
f 3214 3216 3215
f 3215 3216 3218
f 3215 3218 3376
f 3376 3218 3371
f 3376 3371 3377
f 3377 3371 3372
f 3377 3372 3378
f 3378 3372 3373
f 3378 3373 3379
f 3379 3373 3374
f 3379 3374 3380
f 3380 3374 3375
f 3380 3375 3228
f 3211 3213 3212
f 3212 3213 3215
f 3212 3215 3381
f 3381 3215 3376
f 3381 3376 3382
f 3382 3376 3377
f 3382 3377 3383
f 3383 3377 3378
f 3383 3378 3384
f 3384 3378 3379
f 3384 3379 3385
f 3385 3379 3380
f 3385 3380 3266
f 3266 3380 3228
f 3266 3228 2168
f 2168 3228 2467
f 3208 3210 3209
f 3209 3210 3212
f 3209 3212 3386
f 3386 3212 3381
f 3386 3381 3387
f 3387 3381 3382
f 3387 3382 3388
f 3388 3382 3383
f 3388 3383 3389
f 3389 3383 3384
f 3389 3384 3390
f 3390 3384 3385
f 3390 3385 3265
f 3265 3385 3266
f 3265 3266 2165
f 2165 3266 2167
f 3205 3207 3206
f 3206 3207 3209
f 3206 3209 3391
f 3391 3209 3386
f 3391 3386 3392
f 3392 3386 3387
f 3392 3387 3393
f 3393 3387 3388
f 3393 3388 3394
f 3394 3388 3389
f 3394 3389 3395
f 3395 3389 3390
f 3395 3390 3264
f 3264 3390 3265
f 3264 3265 2162
f 2162 3265 2164
f 3202 3204 3203
f 3203 3204 3206
f 3203 3206 3396
f 3396 3206 3391
f 3396 3391 3397
f 3397 3391 3392
f 3397 3392 3398
f 3398 3392 3393
f 3398 3393 3399
f 3399 3393 3394
f 3399 3394 3400
f 3400 3394 3395
f 3400 3395 3263
f 3263 3395 3264
f 3263 3264 2159
f 2159 3264 2161
f 3199 3201 3200
f 3200 3201 3203
f 3200 3203 3401
f 3401 3203 3396
f 3401 3396 3402
f 3402 3396 3397
f 3402 3397 3403
f 3403 3397 3398
f 3403 3398 3404
f 3404 3398 3399
f 3404 3399 3405
f 3405 3399 3400
f 3405 3400 3262
f 3262 3400 3263
f 3262 3263 2156
f 2156 3263 2158
f 3196 3198 3197
f 3197 3198 3200
f 3197 3200 3406
f 3406 3200 3401
f 3406 3401 3407
f 3407 3401 3402
f 3407 3402 3408
f 3408 3402 3403
f 3408 3403 3409
f 3409 3403 3404
f 3409 3404 3410
f 3410 3404 3405
f 3410 3405 3261
f 3261 3405 3262
f 3261 3262 2153
f 2153 3262 2155
f 3193 3195 3194
f 3194 3195 3197
f 3194 3197 3411
f 3411 3197 3406
f 3411 3406 3412
f 3412 3406 3407
f 3412 3407 3413
f 3413 3407 3408
f 3413 3408 3414
f 3414 3408 3409
f 3414 3409 3415
f 3415 3409 3410
f 3415 3410 3260
f 3260 3410 3261
f 3260 3261 2488
f 2488 3261 2152
f 3190 3192 3191
f 3191 3192 3194
f 3191 3194 3416
f 3416 3194 3411
f 3416 3411 3417
f 3417 3411 3412
f 3417 3412 3418
f 3418 3412 3413
f 3418 3413 3419
f 3419 3413 3414
f 3419 3414 3420
f 3420 3414 3415
f 3420 3415 3259
f 3259 3415 3260
f 3259 3260 2502
f 2502 3260 2503
f 3187 3189 3188
f 3188 3189 3191
f 3188 3191 3421
f 3421 3191 3416
f 3421 3416 3422
f 3422 3416 3417
f 3422 3417 3423
f 3423 3417 3418
f 3423 3418 3424
f 3424 3418 3419
f 3424 3419 3425
f 3425 3419 3420
f 3425 3420 3258
f 3258 3420 3259
f 3258 3259 2490
f 2490 3259 2501
f 2489 2150 3258
f 3258 2150 3257
f 3258 3257 3425
f 3425 3257 3307
f 3425 3307 3424
f 3424 3307 3309
f 3424 3309 3423
f 3423 3309 3311
f 3423 3311 3422
f 3422 3311 3313
f 3422 3313 3421
f 3421 3313 3315
f 3421 3315 3188
f 3188 3315 3317
f 3188 3317 3186
f 3426 3427 3318
f 3318 3427 3428
f 3318 3428 3317
f 3317 3428 3429
f 3317 3429 3186
f 2146 2144 3256
f 3256 2144 3255
f 3256 3255 3308
f 3308 3255 3319
f 3308 3319 3310
f 3310 3319 3321
f 3310 3321 3312
f 3312 3321 3323
f 3312 3323 3314
f 3314 3323 3325
f 3314 3325 3316
f 3316 3325 3327
f 3316 3327 3318
f 3318 3327 3329
f 3318 3329 3426
f 3426 3329 3331
f 3184 3332 3185
f 3185 3332 3330
f 3185 3330 3430
f 3430 3330 3328
f 3430 3328 3431
f 3431 3328 3326
f 3431 3326 3432
f 3432 3326 3324
f 3432 3324 3433
f 3433 3324 3322
f 3433 3322 3434
f 3434 3322 3320
f 3434 3320 3253
f 3253 3320 3254
f 3253 3254 2138
f 2138 3254 2140
f 3181 3183 3182
f 3182 3183 3185
f 3182 3185 3435
f 3435 3185 3430
f 3435 3430 3436
f 3436 3430 3431
f 3436 3431 3437
f 3437 3431 3432
f 3437 3432 3438
f 3438 3432 3433
f 3438 3433 3439
f 3439 3433 3434
f 3439 3434 3252
f 3252 3434 3253
f 3252 3253 2135
f 2135 3253 2137
f 3178 3180 3179
f 3179 3180 3182
f 3179 3182 3440
f 3440 3182 3435
f 3440 3435 3441
f 3441 3435 3436
f 3441 3436 3442
f 3442 3436 3437
f 3442 3437 3443
f 3443 3437 3438
f 3443 3438 3444
f 3444 3438 3439
f 3444 3439 3251
f 3251 3439 3252
f 3251 3252 2132
f 2132 3252 2134
f 3175 3177 3176
f 3176 3177 3179
f 3176 3179 3445
f 3445 3179 3440
f 3445 3440 3446
f 3446 3440 3441
f 3446 3441 3447
f 3447 3441 3442
f 3447 3442 3448
f 3448 3442 3443
f 3448 3443 3449
f 3449 3443 3444
f 3449 3444 3250
f 3250 3444 3251
f 3250 3251 2129
f 2129 3251 2131
f 3172 3174 3173
f 3173 3174 3176
f 3173 3176 3450
f 3450 3176 3445
f 3450 3445 3451
f 3451 3445 3446
f 3451 3446 3452
f 3452 3446 3447
f 3452 3447 3453
f 3453 3447 3448
f 3453 3448 3454
f 3454 3448 3449
f 3454 3449 3267
f 3267 3449 3250
f 3267 3250 2126
f 2126 3250 2128
f 3169 3171 3170
f 3170 3171 3173
f 3170 3173 3455
f 3455 3173 3450
f 3455 3450 3456
f 3456 3450 3451
f 3456 3451 3457
f 3457 3451 3452
f 3457 3452 3458
f 3458 3452 3453
f 3458 3453 3459
f 3459 3453 3454
f 3459 3454 3249
f 3249 3454 3267
f 3249 3267 2123
f 2123 3267 2622
f 3166 3168 3167
f 3167 3168 3170
f 3167 3170 3460
f 3460 3170 3455
f 3460 3455 3461
f 3461 3455 3456
f 3461 3456 3462
f 3462 3456 3457
f 3462 3457 3463
f 3463 3457 3458
f 3463 3458 3464
f 3464 3458 3459
f 3464 3459 3248
f 3248 3459 3249
f 3248 3249 2120
f 2120 3249 2122
f 3163 3165 3164
f 3164 3165 3167
f 3164 3167 3465
f 3465 3167 3460
f 3465 3460 3466
f 3466 3460 3461
f 3466 3461 3467
f 3467 3461 3462
f 3467 3462 3468
f 3468 3462 3463
f 3468 3463 3469
f 3469 3463 3464
f 3469 3464 3247
f 3247 3464 3248
f 3247 3248 2117
f 2117 3248 2119
f 3160 3162 3161
f 3161 3162 3164
f 3161 3164 3470
f 3470 3164 3465
f 3470 3465 3471
f 3471 3465 3466
f 3471 3466 3472
f 3472 3466 3467
f 3472 3467 3473
f 3473 3467 3468
f 3473 3468 3474
f 3474 3468 3469
f 3474 3469 3246
f 3246 3469 3247
f 3246 3247 2114
f 2114 3247 2116
f 3157 3159 3158
f 3158 3159 3161
f 3158 3161 3475
f 3475 3161 3470
f 3475 3470 3476
f 3476 3470 3471
f 3476 3471 3477
f 3477 3471 3472
f 3477 3472 3478
f 3478 3472 3473
f 3478 3473 3479
f 3479 3473 3474
f 3479 3474 3245
f 3245 3474 3246
f 3245 3246 2111
f 2111 3246 2113
f 3154 3156 3155
f 3155 3156 3158
f 3155 3158 3480
f 3480 3158 3475
f 3480 3475 3481
f 3481 3475 3476
f 3481 3476 3482
f 3482 3476 3477
f 3482 3477 3483
f 3483 3477 3478
f 3483 3478 3484
f 3484 3478 3479
f 3484 3479 3244
f 3244 3479 3245
f 3244 3245 2108
f 2108 3245 2110
f 3151 3153 3152
f 3152 3153 3155
f 3152 3155 3485
f 3485 3155 3480
f 3485 3480 3486
f 3486 3480 3481
f 3486 3481 3487
f 3487 3481 3482
f 3487 3482 3488
f 3488 3482 3483
f 3488 3483 3489
f 3489 3483 3484
f 3489 3484 3243
f 3243 3484 3244
f 3243 3244 2650
f 2650 3244 2107
f 3148 3150 3149
f 3149 3150 3152
f 3149 3152 3490
f 3490 3152 3485
f 3490 3485 3491
f 3491 3485 3486
f 3491 3486 3492
f 3492 3486 3487
f 3492 3487 3493
f 3493 3487 3488
f 3493 3488 3494
f 3494 3488 3489
f 3494 3489 3242
f 3242 3489 3243
f 3242 3243 2669
f 2669 3243 2670
f 3145 3147 3146
f 3146 3147 3149
f 3146 3149 3495
f 3495 3149 3490
f 3495 3490 3496
f 3496 3490 3491
f 3496 3491 3497
f 3497 3491 3492
f 3497 3492 3498
f 3498 3492 3493
f 3498 3493 3499
f 3499 3493 3494
f 3499 3494 3241
f 3241 3494 3242
f 3241 3242 2652
f 2652 3242 2668
f 3142 3144 3143
f 3143 3144 3146
f 3143 3146 3500
f 3500 3146 3495
f 3500 3495 3501
f 3501 3495 3496
f 3501 3496 3502
f 3502 3496 3497
f 3502 3497 3503
f 3503 3497 3498
f 3503 3498 3504
f 3504 3498 3499
f 3504 3499 3240
f 3240 3499 3241
f 3240 3241 2671
f 2671 3241 2651
f 2674 2673 3240
f 3240 2673 3239
f 3240 3239 3504
f 3504 3239 3333
f 3504 3333 3503
f 3503 3333 3335
f 3503 3335 3502
f 3502 3335 3337
f 3502 3337 3501
f 3501 3337 3339
f 3501 3339 3500
f 3500 3339 3341
f 3500 3341 3143
f 3143 3341 3343
f 3143 3343 3141
f 3505 3506 3344
f 3344 3506 3507
f 3344 3507 3343
f 3343 3507 3508
f 3343 3508 3141
f 2708 2707 3238
f 3238 2707 3237
f 3238 3237 3334
f 3334 3237 3345
f 3334 3345 3336
f 3336 3345 3347
f 3336 3347 3338
f 3338 3347 3349
f 3338 3349 3340
f 3340 3349 3351
f 3340 3351 3342
f 3342 3351 3353
f 3342 3353 3344
f 3344 3353 3355
f 3344 3355 3505
f 3505 3355 3357
f 3139 3358 3140
f 3140 3358 3356
f 3140 3356 3509
f 3509 3356 3354
f 3509 3354 3510
f 3510 3354 3352
f 3510 3352 3511
f 3511 3352 3350
f 3511 3350 3512
f 3512 3350 3348
f 3512 3348 3513
f 3513 3348 3346
f 3513 3346 3235
f 3235 3346 3236
f 3235 3236 2741
f 2741 3236 2742
f 3136 3138 3137
f 3137 3138 3140
f 3137 3140 3514
f 3514 3140 3509
f 3514 3509 3515
f 3515 3509 3510
f 3515 3510 3516
f 3516 3510 3511
f 3516 3511 3517
f 3517 3511 3512
f 3517 3512 3518
f 3518 3512 3513
f 3518 3513 3234
f 3234 3513 3235
f 3234 3235 2758
f 2758 3235 2759
f 3133 3135 3134
f 3134 3135 3137
f 3134 3137 3519
f 3519 3137 3514
f 3519 3514 3520
f 3520 3514 3515
f 3520 3515 3521
f 3521 3515 3516
f 3521 3516 3522
f 3522 3516 3517
f 3522 3517 3523
f 3523 3517 3518
f 3523 3518 3233
f 3233 3518 3234
f 3233 3234 2775
f 2775 3234 2776
f 3130 3132 3131
f 3131 3132 3134
f 3131 3134 3524
f 3524 3134 3519
f 3524 3519 3525
f 3525 3519 3520
f 3525 3520 3526
f 3526 3520 3521
f 3526 3521 3527
f 3527 3521 3522
f 3527 3522 3528
f 3528 3522 3523
f 3528 3523 3232
f 3232 3523 3233
f 3232 3233 2792
f 2792 3233 2793
f 3127 3129 3128
f 3128 3129 3131
f 3128 3131 3529
f 3529 3131 3524
f 3529 3524 3530
f 3530 3524 3525
f 3530 3525 3531
f 3531 3525 3526
f 3531 3526 3532
f 3532 3526 3527
f 3532 3527 3533
f 3533 3527 3528
f 3533 3528 3231
f 3231 3528 3232
f 3231 3232 2809
f 2809 3232 2810
f 3124 3126 3125
f 3125 3126 3128
f 3125 3128 3534
f 3534 3128 3529
f 3534 3529 3535
f 3535 3529 3530
f 3535 3530 3536
f 3536 3530 3531
f 3536 3531 3537
f 3537 3531 3532
f 3537 3532 3538
f 3538 3532 3533
f 3538 3533 3230
f 3230 3533 3231
f 3230 3231 2102
f 2102 3231 2104
f 3121 3123 3122
f 3122 3123 3125
f 3122 3125 3539
f 3539 3125 3534
f 3539 3534 3540
f 3540 3534 3535
f 3540 3535 3541
f 3541 3535 3536
f 3541 3536 3542
f 3542 3536 3537
f 3542 3537 3543
f 3543 3537 3538
f 3543 3538 3229
f 3229 3538 3230
f 3229 3230 2099
f 2099 3230 2101
f 3544 3120 3298
f 3298 3120 3122
f 3298 3122 3290
f 3290 3122 3539
f 3290 3539 3286
f 3286 3539 3540
f 3286 3540 3283
f 3283 3540 3541
f 3283 3541 3281
f 3281 3541 3542
f 3281 3542 3227
f 3227 3542 3543
f 3227 3543 3225
f 3225 3543 3229
f 3225 3229 2096
f 2096 3229 2098
f 3545 3546 3547
f 2968 3273 3272
f 3272 3273 3548
f 3272 3548 3303
f 3303 3548 3549
f 3303 3549 3302
f 3302 3549 3550
f 3302 3550 3301
f 3301 3550 3551
f 3301 3551 3300
f 3300 3551 3552
f 3300 3552 3299
f 3299 3552 3545
f 3299 3545 3298
f 3298 3545 3547
f 3298 3547 3544
f 3553 3554 3555
f 2985 3274 3273
f 3273 3274 3556
f 3273 3556 3548
f 3548 3556 3557
f 3548 3557 3549
f 3549 3557 3558
f 3549 3558 3550
f 3550 3558 3559
f 3550 3559 3551
f 3551 3559 3560
f 3551 3560 3552
f 3552 3560 3553
f 3552 3553 3545
f 3545 3553 3555
f 3545 3555 3546
f 3561 3562 3563
f 3002 3275 3274
f 3274 3275 3564
f 3274 3564 3556
f 3556 3564 3565
f 3556 3565 3557
f 3557 3565 3566
f 3557 3566 3558
f 3558 3566 3567
f 3558 3567 3559
f 3559 3567 3568
f 3559 3568 3560
f 3560 3568 3561
f 3560 3561 3553
f 3553 3561 3563
f 3553 3563 3554
f 3569 3570 3571
f 3019 3276 3275
f 3275 3276 3572
f 3275 3572 3564
f 3564 3572 3573
f 3564 3573 3565
f 3565 3573 3574
f 3565 3574 3566
f 3566 3574 3575
f 3566 3575 3567
f 3567 3575 3576
f 3567 3576 3568
f 3568 3576 3569
f 3568 3569 3561
f 3561 3569 3571
f 3561 3571 3562
f 3577 3578 3579
f 3036 3277 3276
f 3276 3277 3580
f 3276 3580 3572
f 3572 3580 3581
f 3572 3581 3573
f 3573 3581 3582
f 3573 3582 3574
f 3574 3582 3583
f 3574 3583 3575
f 3575 3583 3584
f 3575 3584 3576
f 3576 3584 3577
f 3576 3577 3569
f 3569 3577 3579
f 3569 3579 3570
f 3585 3586 3587
f 3053 3278 3277
f 3277 3278 3588
f 3277 3588 3580
f 3580 3588 3589
f 3580 3589 3581
f 3581 3589 3590
f 3581 3590 3582
f 3582 3590 3591
f 3582 3591 3583
f 3583 3591 3592
f 3583 3592 3584
f 3584 3592 3585
f 3584 3585 3577
f 3577 3585 3587
f 3577 3587 3578
f 3593 3594 3595
f 3070 3279 3278
f 3278 3279 3596
f 3278 3596 3588
f 3588 3596 3597
f 3588 3597 3589
f 3589 3597 3598
f 3589 3598 3590
f 3590 3598 3599
f 3590 3599 3591
f 3591 3599 3600
f 3591 3600 3592
f 3592 3600 3593
f 3592 3593 3585
f 3585 3593 3595
f 3585 3595 3586
f 3601 3602 3603
f 3087 3280 3279
f 3279 3280 3604
f 3279 3604 3596
f 3596 3604 3605
f 3596 3605 3597
f 3597 3605 3606
f 3597 3606 3598
f 3598 3606 3607
f 3598 3607 3599
f 3599 3607 3608
f 3599 3608 3600
f 3600 3608 3601
f 3600 3601 3593
f 3593 3601 3603
f 3593 3603 3594
f 3104 3228 3280
f 3280 3228 3375
f 3280 3375 3604
f 3604 3375 3370
f 3604 3370 3605
f 3605 3370 3366
f 3605 3366 3606
f 3606 3366 3297
f 3606 3297 3607
f 3607 3297 3296
f 3607 3296 3608
f 3608 3296 3304
f 3608 3304 3601
f 3601 3304 3359
f 3601 3359 3602
f 3609 3610 3611
f 3609 3611 3612
f 3613 3612 3611
f 3614 3613 3611
f 3615 3614 3611
f 3616 3615 3611
f 3617 3616 3611
f 3618 3617 3611
f 3619 3618 3611
f 3620 3619 3611
f 3621 3620 3611
f 3622 3621 3611
f 3623 3622 3611
f 3624 3623 3611
f 3625 3624 3611
f 3626 3625 3611
f 3627 3626 3611
f 3628 3627 3611
f 3629 3628 3611
f 3630 3629 3611
f 3631 3630 3611
f 3632 3631 3611
f 3633 3632 3611
f 3634 3633 3611
f 3635 3634 3611
f 3636 3635 3611
f 3637 3636 3611
f 3638 3637 3611
f 3639 3638 3611
f 3640 3639 3611
f 3641 3640 3611
f 3642 3641 3611
f 3643 3642 3611
f 3644 3643 3611
f 3645 3644 3611
f 3646 3645 3611
f 3647 3646 3611
f 3648 3647 3611
f 3649 3648 3611
f 3650 3649 3611
f 3651 3650 3611
f 3652 3651 3611
f 3653 3652 3611
f 3654 3653 3611
f 3655 3654 3611
f 3656 3655 3611
f 3657 3656 3611
f 3658 3657 3611
f 3659 3658 3611
f 3660 3659 3611
f 3661 3660 3611
f 3610 3661 3611
f 3662 3663 3361
f 3361 3362 3662
f 3662 3362 3363
f 3662 3363 3664
f 3363 3223 3664
f 3664 3223 3222
f 3664 3222 3665
f 3222 3220 3665
f 3665 3220 3219
f 3665 3219 3666
f 3219 3217 3666
f 3666 3217 3216
f 3666 3216 3667
f 3216 3214 3667
f 3667 3214 3213
f 3667 3213 3668
f 3213 3211 3668
f 3668 3211 3210
f 3668 3210 3669
f 3210 3208 3669
f 3669 3208 3207
f 3669 3207 3670
f 3670 3207 3205
f 3205 3204 3670
f 3670 3204 3202
f 3670 3202 3671
f 3202 3201 3671
f 3671 3201 3199
f 3671 3199 3672
f 3199 3198 3672
f 3672 3198 3196
f 3672 3196 3673
f 3196 3195 3673
f 3673 3195 3193
f 3673 3193 3674
f 3193 3192 3674
f 3674 3192 3190
f 3674 3190 3675
f 3190 3189 3675
f 3675 3189 3187
f 3675 3187 3676
f 3187 3186 3676
f 3676 3186 3429
f 3676 3429 3677
f 3429 3428 3677
f 3677 3428 3427
f 3677 3427 3678
f 3678 3427 3426
f 3678 3426 3679
f 3426 3331 3679
f 3679 3331 3332
f 3679 3332 3680
f 3332 3184 3680
f 3680 3184 3183
f 3680 3183 3681
f 3183 3181 3681
f 3681 3181 3180
f 3681 3180 3682
f 3180 3178 3682
f 3682 3178 3177
f 3682 3177 3683
f 3177 3175 3683
f 3683 3175 3174
f 3683 3174 3684
f 3174 3172 3684
f 3684 3172 3171
f 3684 3171 3685
f 3171 3169 3685
f 3685 3169 3168
f 3685 3168 3686
f 3168 3166 3686
f 3686 3166 3165
f 3686 3165 3687
f 3687 3165 3163
f 3163 3162 3687
f 3687 3162 3160
f 3687 3160 3688
f 3160 3159 3688
f 3688 3159 3157
f 3688 3157 3689
f 3157 3156 3689
f 3689 3156 3154
f 3689 3154 3690
f 3154 3153 3690
f 3690 3153 3151
f 3690 3151 3691
f 3151 3150 3691
f 3691 3150 3148
f 3691 3148 3692
f 3148 3147 3692
f 3692 3147 3145
f 3692 3145 3693
f 3145 3144 3693
f 3693 3144 3142
f 3693 3142 3694
f 3142 3141 3694
f 3694 3141 3508
f 3694 3508 3695
f 3508 3507 3695
f 3695 3507 3506
f 3695 3506 3696
f 3696 3506 3505
f 3696 3505 3697
f 3505 3357 3697
f 3697 3357 3358
f 3697 3358 3698
f 3358 3139 3698
f 3698 3139 3138
f 3698 3138 3699
f 3138 3136 3699
f 3699 3136 3135
f 3699 3135 3700
f 3135 3133 3700
f 3700 3133 3132
f 3700 3132 3701
f 3132 3130 3701
f 3701 3130 3129
f 3701 3129 3702
f 3129 3127 3702
f 3702 3127 3126
f 3702 3126 3703
f 3126 3124 3703
f 3703 3124 3123
f 3703 3123 3704
f 3704 3123 3121
f 3121 3120 3704
f 3704 3120 3544
f 3704 3544 3705
f 3544 3547 3705
f 3705 3547 3546
f 3705 3546 3706
f 3546 3555 3706
f 3706 3555 3554
f 3706 3554 3707
f 3554 3563 3707
f 3707 3563 3562
f 3707 3562 3708
f 3562 3571 3708
f 3708 3571 3570
f 3708 3570 3709
f 3570 3579 3709
f 3709 3579 3578
f 3709 3578 3710
f 3578 3587 3710
f 3710 3587 3586
f 3710 3586 3711
f 3586 3595 3711
f 3711 3595 3594
f 3711 3594 3712
f 3594 3603 3712
f 3712 3603 3602
f 3712 3602 3713
f 3713 3602 3359
f 3713 3359 3663
f 3663 3359 3360
f 3663 3360 3361
f 3712 3714 3711
f 3711 3714 3715
f 3711 3715 3710
f 3710 3715 3716
f 3710 3716 3709
f 3709 3716 3717
f 3709 3717 3708
f 3708 3717 3718
f 3708 3718 3707
f 3707 3718 3719
f 3707 3719 3706
f 3706 3719 3720
f 3706 3720 3705
f 3705 3720 3721
f 3705 3721 3704
f 3704 3721 3722
f 3704 3722 3703
f 3703 3722 3723
f 3703 3723 3702
f 3702 3723 3724
f 3702 3724 3701
f 3701 3724 3725
f 3701 3725 3700
f 3700 3725 3726
f 3700 3726 3699
f 3699 3726 3727
f 3699 3727 3698
f 3698 3727 3728
f 3698 3728 3697
f 3697 3728 3729
f 3697 3729 3696
f 3696 3729 3730
f 3696 3730 3695
f 3695 3730 3731
f 3695 3731 3694
f 3694 3731 3732
f 3694 3732 3693
f 3693 3732 3733
f 3693 3733 3692
f 3692 3733 3734
f 3692 3734 3691
f 3691 3734 3735
f 3691 3735 3690
f 3690 3735 3736
f 3690 3736 3689
f 3689 3736 3737
f 3689 3737 3688
f 3688 3737 3738
f 3688 3738 3687
f 3687 3738 3739
f 3687 3739 3686
f 3686 3739 3740
f 3686 3740 3685
f 3685 3740 3741
f 3685 3741 3684
f 3684 3741 3742
f 3684 3742 3683
f 3683 3742 3743
f 3683 3743 3682
f 3682 3743 3744
f 3682 3744 3681
f 3681 3744 3745
f 3681 3745 3680
f 3680 3745 3746
f 3680 3746 3679
f 3679 3746 3747
f 3679 3747 3678
f 3678 3747 3748
f 3678 3748 3677
f 3677 3748 3749
f 3677 3749 3676
f 3676 3749 3750
f 3676 3750 3675
f 3675 3750 3751
f 3675 3751 3674
f 3674 3751 3752
f 3674 3752 3673
f 3673 3752 3753
f 3673 3753 3672
f 3672 3753 3754
f 3672 3754 3671
f 3671 3754 3755
f 3671 3755 3670
f 3670 3755 3756
f 3670 3756 3669
f 3669 3756 3757
f 3669 3757 3668
f 3668 3757 3758
f 3668 3758 3667
f 3667 3758 3759
f 3667 3759 3666
f 3666 3759 3760
f 3666 3760 3665
f 3665 3760 3761
f 3665 3761 3664
f 3664 3761 3762
f 3664 3762 3662
f 3662 3762 3763
f 3662 3763 3663
f 3663 3763 3764
f 3663 3764 3713
f 3713 3764 3765
f 3713 3765 3712
f 3712 3765 3714
f 3714 3766 3715
f 3715 3766 3767
f 3715 3767 3716
f 3716 3767 3768
f 3716 3768 3717
f 3717 3768 3769
f 3717 3769 3718
f 3718 3769 3770
f 3718 3770 3719
f 3719 3770 3771
f 3719 3771 3720
f 3720 3771 3772
f 3720 3772 3721
f 3721 3772 3773
f 3721 3773 3722
f 3722 3773 3774
f 3722 3774 3723
f 3723 3774 3775
f 3723 3775 3724
f 3724 3775 3776
f 3724 3776 3725
f 3725 3776 3777
f 3725 3777 3726
f 3726 3777 3778
f 3726 3778 3727
f 3727 3778 3779
f 3727 3779 3728
f 3728 3779 3780
f 3728 3780 3729
f 3729 3780 3781
f 3729 3781 3730
f 3730 3781 3782
f 3730 3782 3731
f 3731 3782 3783
f 3731 3783 3732
f 3732 3783 3784
f 3732 3784 3733
f 3733 3784 3785
f 3733 3785 3734
f 3734 3785 3786
f 3734 3786 3735
f 3735 3786 3787
f 3735 3787 3736
f 3736 3787 3788
f 3736 3788 3737
f 3737 3788 3789
f 3737 3789 3738
f 3738 3789 3790
f 3738 3790 3739
f 3739 3790 3791
f 3739 3791 3740
f 3740 3791 3792
f 3740 3792 3741
f 3741 3792 3793
f 3741 3793 3742
f 3742 3793 3794
f 3742 3794 3743
f 3743 3794 3795
f 3743 3795 3744
f 3744 3795 3796
f 3744 3796 3745
f 3745 3796 3797
f 3745 3797 3746
f 3746 3797 3798
f 3746 3798 3747
f 3747 3798 3799
f 3747 3799 3748
f 3748 3799 3800
f 3748 3800 3749
f 3749 3800 3801
f 3749 3801 3750
f 3750 3801 3802
f 3750 3802 3751
f 3751 3802 3803
f 3751 3803 3752
f 3752 3803 3804
f 3752 3804 3753
f 3753 3804 3805
f 3753 3805 3754
f 3754 3805 3806
f 3754 3806 3755
f 3755 3806 3807
f 3755 3807 3756
f 3756 3807 3808
f 3756 3808 3757
f 3757 3808 3809
f 3757 3809 3758
f 3758 3809 3810
f 3758 3810 3759
f 3759 3810 3811
f 3759 3811 3760
f 3760 3811 3812
f 3760 3812 3761
f 3761 3812 3813
f 3761 3813 3762
f 3762 3813 3814
f 3762 3814 3763
f 3763 3814 3815
f 3763 3815 3764
f 3764 3815 3816
f 3764 3816 3765
f 3765 3816 3817
f 3765 3817 3714
f 3714 3817 3766
f 3766 3818 3767
f 3767 3818 3819
f 3767 3819 3768
f 3768 3819 3820
f 3768 3820 3769
f 3769 3820 3821
f 3769 3821 3770
f 3770 3821 3822
f 3770 3822 3771
f 3771 3822 3823
f 3771 3823 3772
f 3772 3823 3824
f 3772 3824 3773
f 3773 3824 3825
f 3773 3825 3774
f 3774 3825 3826
f 3774 3826 3775
f 3775 3826 3827
f 3775 3827 3776
f 3776 3827 3828
f 3776 3828 3777
f 3777 3828 3829
f 3777 3829 3778
f 3778 3829 3830
f 3778 3830 3779
f 3779 3830 3831
f 3779 3831 3780
f 3780 3831 3832
f 3780 3832 3781
f 3781 3832 3833
f 3781 3833 3782
f 3782 3833 3834
f 3782 3834 3783
f 3783 3834 3835
f 3783 3835 3784
f 3784 3835 3836
f 3784 3836 3785
f 3785 3836 3837
f 3785 3837 3786
f 3786 3837 3838
f 3786 3838 3787
f 3787 3838 3839
f 3787 3839 3788
f 3788 3839 3840
f 3788 3840 3789
f 3789 3840 3841
f 3789 3841 3790
f 3790 3841 3842
f 3790 3842 3791
f 3791 3842 3843
f 3791 3843 3792
f 3792 3843 3844
f 3792 3844 3793
f 3793 3844 3845
f 3793 3845 3794
f 3794 3845 3846
f 3794 3846 3795
f 3795 3846 3847
f 3795 3847 3796
f 3796 3847 3848
f 3796 3848 3797
f 3797 3848 3849
f 3797 3849 3798
f 3798 3849 3850
f 3798 3850 3799
f 3799 3850 3851
f 3799 3851 3800
f 3800 3851 3852
f 3800 3852 3801
f 3801 3852 3853
f 3801 3853 3802
f 3802 3853 3854
f 3802 3854 3803
f 3803 3854 3855
f 3803 3855 3804
f 3804 3855 3856
f 3804 3856 3805
f 3805 3856 3857
f 3805 3857 3806
f 3806 3857 3858
f 3806 3858 3807
f 3807 3858 3859
f 3807 3859 3808
f 3808 3859 3860
f 3808 3860 3809
f 3809 3860 3861
f 3809 3861 3810
f 3810 3861 3862
f 3810 3862 3811
f 3811 3862 3863
f 3811 3863 3812
f 3812 3863 3864
f 3812 3864 3813
f 3813 3864 3865
f 3813 3865 3814
f 3814 3865 3866
f 3814 3866 3815
f 3815 3866 3867
f 3815 3867 3816
f 3816 3867 3868
f 3816 3868 3817
f 3817 3868 3869
f 3817 3869 3766
f 3766 3869 3818
f 3818 3870 3819
f 3819 3870 3871
f 3819 3871 3820
f 3820 3871 3872
f 3820 3872 3821
f 3821 3872 3873
f 3821 3873 3822
f 3822 3873 3874
f 3822 3874 3823
f 3823 3874 3875
f 3823 3875 3824
f 3824 3875 3876
f 3824 3876 3825
f 3825 3876 3877
f 3825 3877 3826
f 3826 3877 3878
f 3826 3878 3827
f 3827 3878 3879
f 3827 3879 3828
f 3828 3879 3880
f 3828 3880 3829
f 3829 3880 3881
f 3829 3881 3830
f 3830 3881 3882
f 3830 3882 3831
f 3831 3882 3883
f 3831 3883 3832
f 3832 3883 3884
f 3832 3884 3833
f 3833 3884 3885
f 3833 3885 3834
f 3834 3885 3886
f 3834 3886 3835
f 3835 3886 3887
f 3835 3887 3836
f 3836 3887 3888
f 3836 3888 3837
f 3837 3888 3889
f 3837 3889 3838
f 3838 3889 3890
f 3838 3890 3839
f 3839 3890 3891
f 3839 3891 3840
f 3840 3891 3892
f 3840 3892 3841
f 3841 3892 3893
f 3841 3893 3842
f 3842 3893 3894
f 3842 3894 3843
f 3843 3894 3895
f 3843 3895 3844
f 3844 3895 3896
f 3844 3896 3845
f 3845 3896 3897
f 3845 3897 3846
f 3846 3897 3898
f 3846 3898 3847
f 3847 3898 3899
f 3847 3899 3848
f 3848 3899 3900
f 3848 3900 3849
f 3849 3900 3901
f 3849 3901 3850
f 3850 3901 3902
f 3850 3902 3851
f 3851 3902 3903
f 3851 3903 3852
f 3852 3903 3904
f 3852 3904 3853
f 3853 3904 3905
f 3853 3905 3854
f 3854 3905 3906
f 3854 3906 3855
f 3855 3906 3907
f 3855 3907 3856
f 3856 3907 3908
f 3856 3908 3857
f 3857 3908 3909
f 3857 3909 3858
f 3858 3909 3910
f 3858 3910 3859
f 3859 3910 3911
f 3859 3911 3860
f 3860 3911 3912
f 3860 3912 3861
f 3861 3912 3913
f 3861 3913 3862
f 3862 3913 3914
f 3862 3914 3863
f 3863 3914 3915
f 3863 3915 3864
f 3864 3915 3916
f 3864 3916 3865
f 3865 3916 3917
f 3865 3917 3866
f 3866 3917 3918
f 3866 3918 3867
f 3867 3918 3919
f 3867 3919 3868
f 3868 3919 3920
f 3868 3920 3869
f 3869 3920 3921
f 3869 3921 3818
f 3818 3921 3870
f 3870 3922 3871
f 3871 3922 3923
f 3871 3923 3872
f 3872 3923 3924
f 3872 3924 3873
f 3873 3924 3925
f 3873 3925 3874
f 3874 3925 3926
f 3874 3926 3875
f 3875 3926 3927
f 3875 3927 3876
f 3876 3927 3928
f 3876 3928 3877
f 3877 3928 3929
f 3877 3929 3878
f 3878 3929 3930
f 3878 3930 3879
f 3879 3930 3931
f 3879 3931 3880
f 3880 3931 3932
f 3880 3932 3881
f 3881 3932 3933
f 3881 3933 3882
f 3882 3933 3934
f 3882 3934 3883
f 3883 3934 3935
f 3883 3935 3884
f 3884 3935 3936
f 3884 3936 3885
f 3885 3936 3937
f 3885 3937 3886
f 3886 3937 3938
f 3886 3938 3887
f 3887 3938 3939
f 3887 3939 3888
f 3888 3939 3940
f 3888 3940 3889
f 3889 3940 3941
f 3889 3941 3890
f 3890 3941 3942
f 3890 3942 3891
f 3891 3942 3943
f 3891 3943 3892
f 3892 3943 3944
f 3892 3944 3893
f 3893 3944 3945
f 3893 3945 3894
f 3894 3945 3946
f 3894 3946 3895
f 3895 3946 3947
f 3895 3947 3896
f 3896 3947 3948
f 3896 3948 3897
f 3897 3948 3949
f 3897 3949 3898
f 3898 3949 3950
f 3898 3950 3899
f 3899 3950 3951
f 3899 3951 3900
f 3900 3951 3952
f 3900 3952 3901
f 3901 3952 3953
f 3901 3953 3902
f 3902 3953 3954
f 3902 3954 3903
f 3903 3954 3955
f 3903 3955 3904
f 3904 3955 3956
f 3904 3956 3905
f 3905 3956 3957
f 3905 3957 3906
f 3906 3957 3958
f 3906 3958 3907
f 3907 3958 3959
f 3907 3959 3908
f 3908 3959 3960
f 3908 3960 3909
f 3909 3960 3961
f 3909 3961 3910
f 3910 3961 3962
f 3910 3962 3911
f 3911 3962 3963
f 3911 3963 3912
f 3912 3963 3964
f 3912 3964 3913
f 3913 3964 3965
f 3913 3965 3914
f 3914 3965 3966
f 3914 3966 3915
f 3915 3966 3967
f 3915 3967 3916
f 3916 3967 3968
f 3916 3968 3917
f 3917 3968 3969
f 3917 3969 3918
f 3918 3969 3970
f 3918 3970 3919
f 3919 3970 3971
f 3919 3971 3920
f 3920 3971 3972
f 3920 3972 3921
f 3921 3972 3973
f 3921 3973 3870
f 3870 3973 3922
f 3922 3974 3923
f 3923 3974 3975
f 3923 3975 3924
f 3924 3975 3976
f 3924 3976 3925
f 3925 3976 3977
f 3925 3977 3926
f 3926 3977 3978
f 3926 3978 3927
f 3927 3978 3979
f 3927 3979 3928
f 3928 3979 3980
f 3928 3980 3929
f 3929 3980 3981
f 3929 3981 3930
f 3930 3981 3982
f 3930 3982 3931
f 3931 3982 3983
f 3931 3983 3932
f 3932 3983 3984
f 3932 3984 3933
f 3933 3984 3985
f 3933 3985 3934
f 3934 3985 3986
f 3934 3986 3935
f 3935 3986 3987
f 3935 3987 3936
f 3936 3987 3988
f 3936 3988 3937
f 3937 3988 3989
f 3937 3989 3938
f 3938 3989 3990
f 3938 3990 3939
f 3939 3990 3991
f 3939 3991 3940
f 3940 3991 3992
f 3940 3992 3941
f 3941 3992 3993
f 3941 3993 3942
f 3942 3993 3994
f 3942 3994 3943
f 3943 3994 3995
f 3943 3995 3944
f 3944 3995 3996
f 3944 3996 3945
f 3945 3996 3997
f 3945 3997 3946
f 3946 3997 3998
f 3946 3998 3947
f 3947 3998 3999
f 3947 3999 3948
f 3948 3999 4000
f 3948 4000 3949
f 3949 4000 4001
f 3949 4001 3950
f 3950 4001 4002
f 3950 4002 3951
f 3951 4002 4003
f 3951 4003 3952
f 3952 4003 4004
f 3952 4004 3953
f 3953 4004 4005
f 3953 4005 3954
f 3954 4005 4006
f 3954 4006 3955
f 3955 4006 4007
f 3955 4007 3956
f 3956 4007 4008
f 3956 4008 3957
f 3957 4008 4009
f 3957 4009 3958
f 3958 4009 4010
f 3958 4010 3959
f 3959 4010 4011
f 3959 4011 3960
f 3960 4011 4012
f 3960 4012 3961
f 3961 4012 4013
f 3961 4013 3962
f 3962 4013 4014
f 3962 4014 3963
f 3963 4014 4015
f 3963 4015 3964
f 3964 4015 4016
f 3964 4016 3965
f 3965 4016 4017
f 3965 4017 3966
f 3966 4017 4018
f 3966 4018 3967
f 3967 4018 4019
f 3967 4019 3968
f 3968 4019 4020
f 3968 4020 3969
f 3969 4020 4021
f 3969 4021 3970
f 3970 4021 4022
f 3970 4022 3971
f 3971 4022 4023
f 3971 4023 3972
f 3972 4023 4024
f 3972 4024 3973
f 3973 4024 4025
f 3973 4025 3922
f 3922 4025 3974
f 3974 4026 3975
f 3975 4026 4027
f 3975 4027 3976
f 3976 4027 4028
f 3976 4028 3977
f 3977 4028 4029
f 3977 4029 3978
f 3978 4029 4030
f 3978 4030 3979
f 3979 4030 4031
f 3979 4031 3980
f 3980 4031 4032
f 3980 4032 3981
f 3981 4032 4033
f 3981 4033 3982
f 3982 4033 4034
f 3982 4034 3983
f 3983 4034 4035
f 3983 4035 3984
f 3984 4035 4036
f 3984 4036 3985
f 3985 4036 4037
f 3985 4037 3986
f 3986 4037 4038
f 3986 4038 3987
f 3987 4038 4039
f 3987 4039 3988
f 3988 4039 4040
f 3988 4040 3989
f 3989 4040 4041
f 3989 4041 3990
f 3990 4041 4042
f 3990 4042 3991
f 3991 4042 4043
f 3991 4043 3992
f 3992 4043 4044
f 3992 4044 3993
f 3993 4044 4045
f 3993 4045 3994
f 3994 4045 4046
f 3994 4046 3995
f 3995 4046 4047
f 3995 4047 3996
f 3996 4047 4048
f 3996 4048 3997
f 3997 4048 4049
f 3997 4049 3998
f 3998 4049 4050
f 3998 4050 3999
f 3999 4050 4051
f 3999 4051 4000
f 4000 4051 4052
f 4000 4052 4001
f 4001 4052 4053
f 4001 4053 4002
f 4002 4053 4054
f 4002 4054 4003
f 4003 4054 4055
f 4003 4055 4004
f 4004 4055 4056
f 4004 4056 4005
f 4005 4056 4057
f 4005 4057 4006
f 4006 4057 4058
f 4006 4058 4007
f 4007 4058 4059
f 4007 4059 4008
f 4008 4059 4060
f 4008 4060 4009
f 4009 4060 4061
f 4009 4061 4010
f 4010 4061 4062
f 4010 4062 4011
f 4011 4062 4063
f 4011 4063 4012
f 4012 4063 4064
f 4012 4064 4013
f 4013 4064 4065
f 4013 4065 4014
f 4014 4065 4066
f 4014 4066 4015
f 4015 4066 4067
f 4015 4067 4016
f 4016 4067 4068
f 4016 4068 4017
f 4017 4068 4069
f 4017 4069 4018
f 4018 4069 4070
f 4018 4070 4019
f 4019 4070 4071
f 4019 4071 4020
f 4020 4071 4072
f 4020 4072 4021
f 4021 4072 4073
f 4021 4073 4022
f 4022 4073 4074
f 4022 4074 4023
f 4023 4074 4075
f 4023 4075 4024
f 4024 4075 4076
f 4024 4076 4025
f 4025 4076 4077
f 4025 4077 3974
f 3974 4077 4026
f 4026 4078 4027
f 4027 4078 4079
f 4027 4079 4028
f 4028 4079 4080
f 4028 4080 4029
f 4029 4080 4081
f 4029 4081 4030
f 4030 4081 4082
f 4030 4082 4031
f 4031 4082 4083
f 4031 4083 4032
f 4032 4083 4084
f 4032 4084 4033
f 4033 4084 4085
f 4033 4085 4034
f 4034 4085 4086
f 4034 4086 4035
f 4035 4086 4087
f 4035 4087 4036
f 4036 4087 4088
f 4036 4088 4037
f 4037 4088 4089
f 4037 4089 4038
f 4038 4089 4090
f 4038 4090 4039
f 4039 4090 4091
f 4039 4091 4040
f 4040 4091 4092
f 4040 4092 4041
f 4041 4092 4093
f 4041 4093 4042
f 4042 4093 4094
f 4042 4094 4043
f 4043 4094 4095
f 4043 4095 4044
f 4044 4095 4096
f 4044 4096 4045
f 4045 4096 4097
f 4045 4097 4046
f 4046 4097 4098
f 4046 4098 4047
f 4047 4098 4099
f 4047 4099 4048
f 4048 4099 4100
f 4048 4100 4049
f 4049 4100 4101
f 4049 4101 4050
f 4050 4101 4102
f 4050 4102 4051
f 4051 4102 4103
f 4051 4103 4052
f 4052 4103 4104
f 4052 4104 4053
f 4053 4104 4105
f 4053 4105 4054
f 4054 4105 4106
f 4054 4106 4055
f 4055 4106 4107
f 4055 4107 4056
f 4056 4107 4108
f 4056 4108 4057
f 4057 4108 4109
f 4057 4109 4058
f 4058 4109 4110
f 4058 4110 4059
f 4059 4110 4111
f 4059 4111 4060
f 4060 4111 4112
f 4060 4112 4061
f 4061 4112 4113
f 4061 4113 4062
f 4062 4113 4114
f 4062 4114 4063
f 4063 4114 4115
f 4063 4115 4064
f 4064 4115 4116
f 4064 4116 4065
f 4065 4116 4117
f 4065 4117 4066
f 4066 4117 4118
f 4066 4118 4067
f 4067 4118 4119
f 4067 4119 4068
f 4068 4119 4120
f 4068 4120 4069
f 4069 4120 4121
f 4069 4121 4070
f 4070 4121 4122
f 4070 4122 4071
f 4071 4122 4123
f 4071 4123 4072
f 4072 4123 4124
f 4072 4124 4073
f 4073 4124 4125
f 4073 4125 4074
f 4074 4125 4126
f 4074 4126 4075
f 4075 4126 4127
f 4075 4127 4076
f 4076 4127 4128
f 4076 4128 4077
f 4077 4128 4129
f 4077 4129 4026
f 4026 4129 4078
f 4078 4130 4079
f 4079 4130 4131
f 4079 4131 4080
f 4080 4131 4132
f 4080 4132 4081
f 4081 4132 4133
f 4081 4133 4082
f 4082 4133 4134
f 4082 4134 4083
f 4083 4134 4135
f 4083 4135 4084
f 4084 4135 4136
f 4084 4136 4085
f 4085 4136 4137
f 4085 4137 4086
f 4086 4137 4138
f 4086 4138 4087
f 4087 4138 4139
f 4087 4139 4088
f 4088 4139 4140
f 4088 4140 4089
f 4089 4140 4141
f 4089 4141 4090
f 4090 4141 4142
f 4090 4142 4091
f 4091 4142 4143
f 4091 4143 4092
f 4092 4143 4144
f 4092 4144 4093
f 4093 4144 4145
f 4093 4145 4094
f 4094 4145 4146
f 4094 4146 4095
f 4095 4146 4147
f 4095 4147 4096
f 4096 4147 4148
f 4096 4148 4097
f 4097 4148 4149
f 4097 4149 4098
f 4098 4149 4150
f 4098 4150 4099
f 4099 4150 4151
f 4099 4151 4100
f 4100 4151 4152
f 4100 4152 4101
f 4101 4152 4153
f 4101 4153 4102
f 4102 4153 4154
f 4102 4154 4103
f 4103 4154 4155
f 4103 4155 4104
f 4104 4155 4156
f 4104 4156 4105
f 4105 4156 4157
f 4105 4157 4106
f 4106 4157 4158
f 4106 4158 4107
f 4107 4158 4159
f 4107 4159 4108
f 4108 4159 4160
f 4108 4160 4109
f 4109 4160 4161
f 4109 4161 4110
f 4110 4161 4162
f 4110 4162 4111
f 4111 4162 4163
f 4111 4163 4112
f 4112 4163 4164
f 4112 4164 4113
f 4113 4164 4165
f 4113 4165 4114
f 4114 4165 4166
f 4114 4166 4115
f 4115 4166 4167
f 4115 4167 4116
f 4116 4167 4168
f 4116 4168 4117
f 4117 4168 4169
f 4117 4169 4118
f 4118 4169 4170
f 4118 4170 4119
f 4119 4170 4171
f 4119 4171 4120
f 4120 4171 4172
f 4120 4172 4121
f 4121 4172 4173
f 4121 4173 4122
f 4122 4173 4174
f 4122 4174 4123
f 4123 4174 4175
f 4123 4175 4124
f 4124 4175 4176
f 4124 4176 4125
f 4125 4176 4177
f 4125 4177 4126
f 4126 4177 4178
f 4126 4178 4127
f 4127 4178 4179
f 4127 4179 4128
f 4128 4179 4180
f 4128 4180 4129
f 4129 4180 4181
f 4129 4181 4078
f 4078 4181 4130
f 4130 4182 4131
f 4131 4182 4183
f 4131 4183 4132
f 4132 4183 4184
f 4132 4184 4133
f 4133 4184 4185
f 4133 4185 4134
f 4134 4185 4186
f 4134 4186 4135
f 4135 4186 4187
f 4135 4187 4136
f 4136 4187 4188
f 4136 4188 4137
f 4137 4188 4189
f 4137 4189 4138
f 4138 4189 4190
f 4138 4190 4139
f 4139 4190 4191
f 4139 4191 4140
f 4140 4191 4192
f 4140 4192 4141
f 4141 4192 4193
f 4141 4193 4142
f 4142 4193 4194
f 4142 4194 4143
f 4143 4194 4195
f 4143 4195 4144
f 4144 4195 4196
f 4144 4196 4145
f 4145 4196 4197
f 4145 4197 4146
f 4146 4197 4198
f 4146 4198 4147
f 4147 4198 4199
f 4147 4199 4148
f 4148 4199 4200
f 4148 4200 4149
f 4149 4200 4201
f 4149 4201 4150
f 4150 4201 4202
f 4150 4202 4151
f 4151 4202 4203
f 4151 4203 4152
f 4152 4203 4204
f 4152 4204 4153
f 4153 4204 4205
f 4153 4205 4154
f 4154 4205 4206
f 4154 4206 4155
f 4155 4206 4207
f 4155 4207 4156
f 4156 4207 4208
f 4156 4208 4157
f 4157 4208 4209
f 4157 4209 4158
f 4158 4209 4210
f 4158 4210 4159
f 4159 4210 4211
f 4159 4211 4160
f 4160 4211 4212
f 4160 4212 4161
f 4161 4212 4213
f 4161 4213 4162
f 4162 4213 4214
f 4162 4214 4163
f 4163 4214 4215
f 4163 4215 4164
f 4164 4215 4216
f 4164 4216 4165
f 4165 4216 4217
f 4165 4217 4166
f 4166 4217 4218
f 4166 4218 4167
f 4167 4218 4219
f 4167 4219 4168
f 4168 4219 4220
f 4168 4220 4169
f 4169 4220 4221
f 4169 4221 4170
f 4170 4221 4222
f 4170 4222 4171
f 4171 4222 4223
f 4171 4223 4172
f 4172 4223 4224
f 4172 4224 4173
f 4173 4224 4225
f 4173 4225 4174
f 4174 4225 4226
f 4174 4226 4175
f 4175 4226 4227
f 4175 4227 4176
f 4176 4227 4228
f 4176 4228 4177
f 4177 4228 4229
f 4177 4229 4178
f 4178 4229 4230
f 4178 4230 4179
f 4179 4230 4231
f 4179 4231 4180
f 4180 4231 4232
f 4180 4232 4181
f 4181 4232 4233
f 4181 4233 4130
f 4130 4233 4182
f 4182 4234 4183
f 4183 4234 4235
f 4183 4235 4184
f 4184 4235 4236
f 4184 4236 4185
f 4185 4236 4237
f 4185 4237 4186
f 4186 4237 4238
f 4186 4238 4187
f 4187 4238 4239
f 4187 4239 4188
f 4188 4239 4240
f 4188 4240 4189
f 4189 4240 4241
f 4189 4241 4190
f 4190 4241 4242
f 4190 4242 4191
f 4191 4242 4243
f 4191 4243 4192
f 4192 4243 4244
f 4192 4244 4193
f 4193 4244 4245
f 4193 4245 4194
f 4194 4245 4246
f 4194 4246 4195
f 4195 4246 4247
f 4195 4247 4196
f 4196 4247 4248
f 4196 4248 4197
f 4197 4248 4249
f 4197 4249 4198
f 4198 4249 4250
f 4198 4250 4199
f 4199 4250 4251
f 4199 4251 4200
f 4200 4251 4252
f 4200 4252 4201
f 4201 4252 4253
f 4201 4253 4202
f 4202 4253 4254
f 4202 4254 4203
f 4203 4254 4255
f 4203 4255 4204
f 4204 4255 4256
f 4204 4256 4205
f 4205 4256 4257
f 4205 4257 4206
f 4206 4257 4258
f 4206 4258 4207
f 4207 4258 4259
f 4207 4259 4208
f 4208 4259 4260
f 4208 4260 4209
f 4209 4260 4261
f 4209 4261 4210
f 4210 4261 4262
f 4210 4262 4211
f 4211 4262 4263
f 4211 4263 4212
f 4212 4263 4264
f 4212 4264 4213
f 4213 4264 4265
f 4213 4265 4214
f 4214 4265 4266
f 4214 4266 4215
f 4215 4266 4267
f 4215 4267 4216
f 4216 4267 4268
f 4216 4268 4217
f 4217 4268 4269
f 4217 4269 4218
f 4218 4269 4270
f 4218 4270 4219
f 4219 4270 4271
f 4219 4271 4220
f 4220 4271 4272
f 4220 4272 4221
f 4221 4272 4273
f 4221 4273 4222
f 4222 4273 4274
f 4222 4274 4223
f 4223 4274 4275
f 4223 4275 4224
f 4224 4275 4276
f 4224 4276 4225
f 4225 4276 4277
f 4225 4277 4226
f 4226 4277 4278
f 4226 4278 4227
f 4227 4278 4279
f 4227 4279 4228
f 4228 4279 4280
f 4228 4280 4229
f 4229 4280 4281
f 4229 4281 4230
f 4230 4281 4282
f 4230 4282 4231
f 4231 4282 4283
f 4231 4283 4232
f 4232 4283 4284
f 4232 4284 4233
f 4233 4284 4285
f 4233 4285 4182
f 4182 4285 4234
f 4234 4286 4235
f 4235 4286 4287
f 4235 4287 4236
f 4236 4287 4288
f 4236 4288 4237
f 4237 4288 4289
f 4237 4289 4238
f 4238 4289 4290
f 4238 4290 4239
f 4239 4290 4291
f 4239 4291 4240
f 4240 4291 4292
f 4240 4292 4241
f 4241 4292 4293
f 4241 4293 4242
f 4242 4293 4294
f 4242 4294 4243
f 4243 4294 4295
f 4243 4295 4244
f 4244 4295 4296
f 4244 4296 4245
f 4245 4296 4297
f 4245 4297 4246
f 4246 4297 4298
f 4246 4298 4247
f 4247 4298 4299
f 4247 4299 4248
f 4248 4299 4300
f 4248 4300 4249
f 4249 4300 4301
f 4249 4301 4250
f 4250 4301 4302
f 4250 4302 4251
f 4251 4302 4303
f 4251 4303 4252
f 4252 4303 4304
f 4252 4304 4253
f 4253 4304 4305
f 4253 4305 4254
f 4254 4305 4306
f 4254 4306 4255
f 4255 4306 4307
f 4255 4307 4256
f 4256 4307 4308
f 4256 4308 4257
f 4257 4308 4309
f 4257 4309 4258
f 4258 4309 4310
f 4258 4310 4259
f 4259 4310 4311
f 4259 4311 4260
f 4260 4311 4312
f 4260 4312 4261
f 4261 4312 4313
f 4261 4313 4262
f 4262 4313 4314
f 4262 4314 4263
f 4263 4314 4315
f 4263 4315 4264
f 4264 4315 4316
f 4264 4316 4265
f 4265 4316 4317
f 4265 4317 4266
f 4266 4317 4318
f 4266 4318 4267
f 4267 4318 4319
f 4267 4319 4268
f 4268 4319 4320
f 4268 4320 4269
f 4269 4320 4321
f 4269 4321 4270
f 4270 4321 4322
f 4270 4322 4271
f 4271 4322 4323
f 4271 4323 4272
f 4272 4323 4324
f 4272 4324 4273
f 4273 4324 4325
f 4273 4325 4274
f 4274 4325 4326
f 4274 4326 4275
f 4275 4326 4327
f 4275 4327 4276
f 4276 4327 4328
f 4276 4328 4277
f 4277 4328 4329
f 4277 4329 4278
f 4278 4329 4330
f 4278 4330 4279
f 4279 4330 4331
f 4279 4331 4280
f 4280 4331 4332
f 4280 4332 4281
f 4281 4332 4333
f 4281 4333 4282
f 4282 4333 4334
f 4282 4334 4283
f 4283 4334 4335
f 4283 4335 4284
f 4284 4335 4336
f 4284 4336 4285
f 4285 4336 4337
f 4285 4337 4234
f 4234 4337 4286
f 4286 4338 4287
f 4287 4338 4339
f 4287 4339 4288
f 4288 4339 4340
f 4288 4340 4289
f 4289 4340 4341
f 4289 4341 4290
f 4290 4341 4342
f 4290 4342 4291
f 4291 4342 4343
f 4291 4343 4292
f 4292 4343 4344
f 4292 4344 4293
f 4293 4344 4345
f 4293 4345 4294
f 4294 4345 4346
f 4294 4346 4295
f 4295 4346 4347
f 4295 4347 4296
f 4296 4347 4348
f 4296 4348 4297
f 4297 4348 4349
f 4297 4349 4298
f 4298 4349 4350
f 4298 4350 4299
f 4299 4350 4351
f 4299 4351 4300
f 4300 4351 4352
f 4300 4352 4301
f 4301 4352 4353
f 4301 4353 4302
f 4302 4353 4354
f 4302 4354 4303
f 4303 4354 4355
f 4303 4355 4304
f 4304 4355 4356
f 4304 4356 4305
f 4305 4356 4357
f 4305 4357 4306
f 4306 4357 4358
f 4306 4358 4307
f 4307 4358 4359
f 4307 4359 4308
f 4308 4359 4360
f 4308 4360 4309
f 4309 4360 4361
f 4309 4361 4310
f 4310 4361 4362
f 4310 4362 4311
f 4311 4362 4363
f 4311 4363 4312
f 4312 4363 4364
f 4312 4364 4313
f 4313 4364 4365
f 4313 4365 4314
f 4314 4365 4366
f 4314 4366 4315
f 4315 4366 4367
f 4315 4367 4316
f 4316 4367 4368
f 4316 4368 4317
f 4317 4368 4369
f 4317 4369 4318
f 4318 4369 4370
f 4318 4370 4319
f 4319 4370 4371
f 4319 4371 4320
f 4320 4371 4372
f 4320 4372 4321
f 4321 4372 4373
f 4321 4373 4322
f 4322 4373 4374
f 4322 4374 4323
f 4323 4374 4375
f 4323 4375 4324
f 4324 4375 4376
f 4324 4376 4325
f 4325 4376 4377
f 4325 4377 4326
f 4326 4377 4378
f 4326 4378 4327
f 4327 4378 4379
f 4327 4379 4328
f 4328 4379 4380
f 4328 4380 4329
f 4329 4380 4381
f 4329 4381 4330
f 4330 4381 4382
f 4330 4382 4331
f 4331 4382 4383
f 4331 4383 4332
f 4332 4383 4384
f 4332 4384 4333
f 4333 4384 4385
f 4333 4385 4334
f 4334 4385 4386
f 4334 4386 4335
f 4335 4386 4387
f 4335 4387 4336
f 4336 4387 4388
f 4336 4388 4337
f 4337 4388 4389
f 4337 4389 4286
f 4286 4389 4338
f 4338 4390 4339
f 4339 4390 4391
f 4339 4391 4340
f 4340 4391 4392
f 4340 4392 4341
f 4341 4392 4393
f 4341 4393 4342
f 4342 4393 4394
f 4342 4394 4343
f 4343 4394 4395
f 4343 4395 4344
f 4344 4395 4396
f 4344 4396 4345
f 4345 4396 4397
f 4345 4397 4346
f 4346 4397 4398
f 4346 4398 4347
f 4347 4398 4399
f 4347 4399 4348
f 4348 4399 4400
f 4348 4400 4349
f 4349 4400 4401
f 4349 4401 4350
f 4350 4401 4402
f 4350 4402 4351
f 4351 4402 4403
f 4351 4403 4352
f 4352 4403 4404
f 4352 4404 4353
f 4353 4404 4405
f 4353 4405 4354
f 4354 4405 4406
f 4354 4406 4355
f 4355 4406 4407
f 4355 4407 4356
f 4356 4407 4408
f 4356 4408 4357
f 4357 4408 4409
f 4357 4409 4358
f 4358 4409 4410
f 4358 4410 4359
f 4359 4410 4411
f 4359 4411 4360
f 4360 4411 4412
f 4360 4412 4361
f 4361 4412 4413
f 4361 4413 4362
f 4362 4413 4414
f 4362 4414 4363
f 4363 4414 4415
f 4363 4415 4364
f 4364 4415 4416
f 4364 4416 4365
f 4365 4416 4417
f 4365 4417 4366
f 4366 4417 4418
f 4366 4418 4367
f 4367 4418 4419
f 4367 4419 4368
f 4368 4419 4420
f 4368 4420 4369
f 4369 4420 4421
f 4369 4421 4370
f 4370 4421 4422
f 4370 4422 4371
f 4371 4422 4423
f 4371 4423 4372
f 4372 4423 4424
f 4372 4424 4373
f 4373 4424 4425
f 4373 4425 4374
f 4374 4425 4426
f 4374 4426 4375
f 4375 4426 4427
f 4375 4427 4376
f 4376 4427 4428
f 4376 4428 4377
f 4377 4428 4429
f 4377 4429 4378
f 4378 4429 4430
f 4378 4430 4379
f 4379 4430 4431
f 4379 4431 4380
f 4380 4431 4432
f 4380 4432 4381
f 4381 4432 4433
f 4381 4433 4382
f 4382 4433 4434
f 4382 4434 4383
f 4383 4434 4435
f 4383 4435 4384
f 4384 4435 4436
f 4384 4436 4385
f 4385 4436 4437
f 4385 4437 4386
f 4386 4437 4438
f 4386 4438 4387
f 4387 4438 4439
f 4387 4439 4388
f 4388 4439 4440
f 4388 4440 4389
f 4389 4440 4441
f 4389 4441 4338
f 4338 4441 4390
f 4390 4442 4391
f 4391 4442 4443
f 4391 4443 4392
f 4392 4443 4444
f 4392 4444 4393
f 4393 4444 4445
f 4393 4445 4394
f 4394 4445 4446
f 4394 4446 4395
f 4395 4446 4447
f 4395 4447 4396
f 4396 4447 4448
f 4396 4448 4397
f 4397 4448 4449
f 4397 4449 4398
f 4398 4449 4450
f 4398 4450 4399
f 4399 4450 4451
f 4399 4451 4400
f 4400 4451 4452
f 4400 4452 4401
f 4401 4452 4453
f 4401 4453 4402
f 4402 4453 4454
f 4402 4454 4403
f 4403 4454 4455
f 4403 4455 4404
f 4404 4455 4456
f 4404 4456 4405
f 4405 4456 4457
f 4405 4457 4406
f 4406 4457 4458
f 4406 4458 4407
f 4407 4458 4459
f 4407 4459 4408
f 4408 4459 4460
f 4408 4460 4409
f 4409 4460 4461
f 4409 4461 4410
f 4410 4461 4462
f 4410 4462 4411
f 4411 4462 4463
f 4411 4463 4412
f 4412 4463 4464
f 4412 4464 4413
f 4413 4464 4465
f 4413 4465 4414
f 4414 4465 4466
f 4414 4466 4415
f 4415 4466 4467
f 4415 4467 4416
f 4416 4467 4468
f 4416 4468 4417
f 4417 4468 4469
f 4417 4469 4418
f 4418 4469 4470
f 4418 4470 4419
f 4419 4470 4471
f 4419 4471 4420
f 4420 4471 4472
f 4420 4472 4421
f 4421 4472 4473
f 4421 4473 4422
f 4422 4473 4474
f 4422 4474 4423
f 4423 4474 4475
f 4423 4475 4424
f 4424 4475 4476
f 4424 4476 4425
f 4425 4476 4477
f 4425 4477 4426
f 4426 4477 4478
f 4426 4478 4427
f 4427 4478 4479
f 4427 4479 4428
f 4428 4479 4480
f 4428 4480 4429
f 4429 4480 4481
f 4429 4481 4430
f 4430 4481 4482
f 4430 4482 4431
f 4431 4482 4483
f 4431 4483 4432
f 4432 4483 4484
f 4432 4484 4433
f 4433 4484 4485
f 4433 4485 4434
f 4434 4485 4486
f 4434 4486 4435
f 4435 4486 4487
f 4435 4487 4436
f 4436 4487 4488
f 4436 4488 4437
f 4437 4488 4489
f 4437 4489 4438
f 4438 4489 4490
f 4438 4490 4439
f 4439 4490 4491
f 4439 4491 4440
f 4440 4491 4492
f 4440 4492 4441
f 4441 4492 4493
f 4441 4493 4390
f 4390 4493 4442
f 4442 4494 4443
f 4443 4494 4495
f 4443 4495 4444
f 4444 4495 4496
f 4444 4496 4445
f 4445 4496 4497
f 4445 4497 4446
f 4446 4497 4498
f 4446 4498 4447
f 4447 4498 4499
f 4447 4499 4448
f 4448 4499 4500
f 4448 4500 4449
f 4449 4500 4501
f 4449 4501 4450
f 4450 4501 4502
f 4450 4502 4451
f 4451 4502 4503
f 4451 4503 4452
f 4452 4503 4504
f 4452 4504 4453
f 4453 4504 4505
f 4453 4505 4454
f 4454 4505 4506
f 4454 4506 4455
f 4455 4506 4507
f 4455 4507 4456
f 4456 4507 4508
f 4456 4508 4457
f 4457 4508 4509
f 4457 4509 4458
f 4458 4509 4510
f 4458 4510 4459
f 4459 4510 4511
f 4459 4511 4460
f 4460 4511 4512
f 4460 4512 4461
f 4461 4512 4513
f 4461 4513 4462
f 4462 4513 4514
f 4462 4514 4463
f 4463 4514 4515
f 4463 4515 4464
f 4464 4515 4516
f 4464 4516 4465
f 4465 4516 4517
f 4465 4517 4466
f 4466 4517 4518
f 4466 4518 4467
f 4467 4518 4519
f 4467 4519 4468
f 4468 4519 4520
f 4468 4520 4469
f 4469 4520 4521
f 4469 4521 4470
f 4470 4521 4522
f 4470 4522 4471
f 4471 4522 4523
f 4471 4523 4472
f 4472 4523 4524
f 4472 4524 4473
f 4473 4524 4525
f 4473 4525 4474
f 4474 4525 4526
f 4474 4526 4475
f 4475 4526 4527
f 4475 4527 4476
f 4476 4527 4528
f 4476 4528 4477
f 4477 4528 4529
f 4477 4529 4478
f 4478 4529 4530
f 4478 4530 4479
f 4479 4530 4531
f 4479 4531 4480
f 4480 4531 4532
f 4480 4532 4481
f 4481 4532 4533
f 4481 4533 4482
f 4482 4533 4534
f 4482 4534 4483
f 4483 4534 4535
f 4483 4535 4484
f 4484 4535 4536
f 4484 4536 4485
f 4485 4536 4537
f 4485 4537 4486
f 4486 4537 4538
f 4486 4538 4487
f 4487 4538 4539
f 4487 4539 4488
f 4488 4539 4540
f 4488 4540 4489
f 4489 4540 4541
f 4489 4541 4490
f 4490 4541 4542
f 4490 4542 4491
f 4491 4542 4543
f 4491 4543 4492
f 4492 4543 4544
f 4492 4544 4493
f 4493 4544 4545
f 4493 4545 4442
f 4442 4545 4494
f 4494 4546 4495
f 4495 4546 4547
f 4495 4547 4496
f 4496 4547 4548
f 4496 4548 4497
f 4497 4548 4549
f 4497 4549 4498
f 4498 4549 4550
f 4498 4550 4499
f 4499 4550 4551
f 4499 4551 4500
f 4500 4551 4552
f 4500 4552 4501
f 4501 4552 4553
f 4501 4553 4502
f 4502 4553 4554
f 4502 4554 4503
f 4503 4554 4555
f 4503 4555 4504
f 4504 4555 4556
f 4504 4556 4505
f 4505 4556 4557
f 4505 4557 4506
f 4506 4557 4558
f 4506 4558 4507
f 4507 4558 4559
f 4507 4559 4508
f 4508 4559 4560
f 4508 4560 4509
f 4509 4560 4561
f 4509 4561 4510
f 4510 4561 4562
f 4510 4562 4511
f 4511 4562 4563
f 4511 4563 4512
f 4512 4563 4564
f 4512 4564 4513
f 4513 4564 4565
f 4513 4565 4514
f 4514 4565 4566
f 4514 4566 4515
f 4515 4566 4567
f 4515 4567 4516
f 4516 4567 4568
f 4516 4568 4517
f 4517 4568 4569
f 4517 4569 4518
f 4518 4569 4570
f 4518 4570 4519
f 4519 4570 4571
f 4519 4571 4520
f 4520 4571 4572
f 4520 4572 4521
f 4521 4572 4573
f 4521 4573 4522
f 4522 4573 4574
f 4522 4574 4523
f 4523 4574 4575
f 4523 4575 4524
f 4524 4575 4576
f 4524 4576 4525
f 4525 4576 4577
f 4525 4577 4526
f 4526 4577 4578
f 4526 4578 4527
f 4527 4578 4579
f 4527 4579 4528
f 4528 4579 4580
f 4528 4580 4529
f 4529 4580 4581
f 4529 4581 4530
f 4530 4581 4582
f 4530 4582 4531
f 4531 4582 4583
f 4531 4583 4532
f 4532 4583 4584
f 4532 4584 4533
f 4533 4584 4585
f 4533 4585 4534
f 4534 4585 4586
f 4534 4586 4535
f 4535 4586 4587
f 4535 4587 4536
f 4536 4587 4588
f 4536 4588 4537
f 4537 4588 4589
f 4537 4589 4538
f 4538 4589 4590
f 4538 4590 4539
f 4539 4590 4591
f 4539 4591 4540
f 4540 4591 4592
f 4540 4592 4541
f 4541 4592 4593
f 4541 4593 4542
f 4542 4593 4594
f 4542 4594 4543
f 4543 4594 4595
f 4543 4595 4544
f 4544 4595 4596
f 4544 4596 4545
f 4545 4596 4597
f 4545 4597 4494
f 4494 4597 4546
f 4546 4598 4547
f 4547 4598 4599
f 4547 4599 4548
f 4548 4599 4600
f 4548 4600 4549
f 4549 4600 4601
f 4549 4601 4550
f 4550 4601 4602
f 4550 4602 4551
f 4551 4602 4603
f 4551 4603 4552
f 4552 4603 4604
f 4552 4604 4553
f 4553 4604 4605
f 4553 4605 4554
f 4554 4605 4606
f 4554 4606 4555
f 4555 4606 4607
f 4555 4607 4556
f 4556 4607 4608
f 4556 4608 4557
f 4557 4608 4609
f 4557 4609 4558
f 4558 4609 4610
f 4558 4610 4559
f 4559 4610 4611
f 4559 4611 4560
f 4560 4611 4612
f 4560 4612 4561
f 4561 4612 4613
f 4561 4613 4562
f 4562 4613 4614
f 4562 4614 4563
f 4563 4614 4615
f 4563 4615 4564
f 4564 4615 4616
f 4564 4616 4565
f 4565 4616 4617
f 4565 4617 4566
f 4566 4617 4618
f 4566 4618 4567
f 4567 4618 4619
f 4567 4619 4568
f 4568 4619 4620
f 4568 4620 4569
f 4569 4620 4621
f 4569 4621 4570
f 4570 4621 4622
f 4570 4622 4571
f 4571 4622 4623
f 4571 4623 4572
f 4572 4623 4624
f 4572 4624 4573
f 4573 4624 4625
f 4573 4625 4574
f 4574 4625 4626
f 4574 4626 4575
f 4575 4626 4627
f 4575 4627 4576
f 4576 4627 4628
f 4576 4628 4577
f 4577 4628 4629
f 4577 4629 4578
f 4578 4629 4630
f 4578 4630 4579
f 4579 4630 4631
f 4579 4631 4580
f 4580 4631 4632
f 4580 4632 4581
f 4581 4632 4633
f 4581 4633 4582
f 4582 4633 4634
f 4582 4634 4583
f 4583 4634 4635
f 4583 4635 4584
f 4584 4635 4636
f 4584 4636 4585
f 4585 4636 4637
f 4585 4637 4586
f 4586 4637 4638
f 4586 4638 4587
f 4587 4638 4639
f 4587 4639 4588
f 4588 4639 4640
f 4588 4640 4589
f 4589 4640 4641
f 4589 4641 4590
f 4590 4641 4642
f 4590 4642 4591
f 4591 4642 4643
f 4591 4643 4592
f 4592 4643 4644
f 4592 4644 4593
f 4593 4644 4645
f 4593 4645 4594
f 4594 4645 4646
f 4594 4646 4595
f 4595 4646 4647
f 4595 4647 4596
f 4596 4647 4648
f 4596 4648 4597
f 4597 4648 4649
f 4597 4649 4546
f 4546 4649 4598
f 4598 4650 4599
f 4599 4650 4651
f 4599 4651 4600
f 4600 4651 4652
f 4600 4652 4601
f 4601 4652 4653
f 4601 4653 4602
f 4602 4653 4654
f 4602 4654 4603
f 4603 4654 4655
f 4603 4655 4604
f 4604 4655 4656
f 4604 4656 4605
f 4605 4656 4657
f 4605 4657 4606
f 4606 4657 4658
f 4606 4658 4607
f 4607 4658 4659
f 4607 4659 4608
f 4608 4659 4660
f 4608 4660 4609
f 4609 4660 4661
f 4609 4661 4610
f 4610 4661 4662
f 4610 4662 4611
f 4611 4662 4663
f 4611 4663 4612
f 4612 4663 4664
f 4612 4664 4613
f 4613 4664 4665
f 4613 4665 4614
f 4614 4665 4666
f 4614 4666 4615
f 4615 4666 4667
f 4615 4667 4616
f 4616 4667 4668
f 4616 4668 4617
f 4617 4668 4669
f 4617 4669 4618
f 4618 4669 4670
f 4618 4670 4619
f 4619 4670 4671
f 4619 4671 4620
f 4620 4671 4672
f 4620 4672 4621
f 4621 4672 4673
f 4621 4673 4622
f 4622 4673 4674
f 4622 4674 4623
f 4623 4674 4675
f 4623 4675 4624
f 4624 4675 4676
f 4624 4676 4625
f 4625 4676 4677
f 4625 4677 4626
f 4626 4677 4678
f 4626 4678 4627
f 4627 4678 4679
f 4627 4679 4628
f 4628 4679 4680
f 4628 4680 4629
f 4629 4680 4681
f 4629 4681 4630
f 4630 4681 4682
f 4630 4682 4631
f 4631 4682 4683
f 4631 4683 4632
f 4632 4683 4684
f 4632 4684 4633
f 4633 4684 4685
f 4633 4685 4634
f 4634 4685 4686
f 4634 4686 4635
f 4635 4686 4687
f 4635 4687 4636
f 4636 4687 4688
f 4636 4688 4637
f 4637 4688 4689
f 4637 4689 4638
f 4638 4689 4690
f 4638 4690 4639
f 4639 4690 4691
f 4639 4691 4640
f 4640 4691 4692
f 4640 4692 4641
f 4641 4692 4693
f 4641 4693 4642
f 4642 4693 4694
f 4642 4694 4643
f 4643 4694 4695
f 4643 4695 4644
f 4644 4695 4696
f 4644 4696 4645
f 4645 4696 4697
f 4645 4697 4646
f 4646 4697 4698
f 4646 4698 4647
f 4647 4698 4699
f 4647 4699 4648
f 4648 4699 4700
f 4648 4700 4649
f 4649 4700 4701
f 4649 4701 4598
f 4598 4701 4650
f 4650 3610 4651
f 4651 3610 3609
f 4651 3609 4652
f 4652 3609 3612
f 4652 3612 4653
f 4653 3612 3613
f 4653 3613 4654
f 4654 3613 3614
f 4654 3614 4655
f 4655 3614 3615
f 4655 3615 4656
f 4656 3615 3616
f 4656 3616 4657
f 4657 3616 3617
f 4657 3617 4658
f 4658 3617 3618
f 4658 3618 4659
f 4659 3618 3619
f 4659 3619 4660
f 4660 3619 3620
f 4660 3620 4661
f 4661 3620 3621
f 4661 3621 4662
f 4662 3621 3622
f 4662 3622 4663
f 4663 3622 3623
f 4663 3623 4664
f 4664 3623 3624
f 4664 3624 4665
f 4665 3624 3625
f 4665 3625 4666
f 4666 3625 3626
f 4666 3626 4667
f 4667 3626 3627
f 4667 3627 4668
f 4668 3627 3628
f 4668 3628 4669
f 4669 3628 3629
f 4669 3629 4670
f 4670 3629 3630
f 4670 3630 4671
f 4671 3630 3631
f 4671 3631 4672
f 4672 3631 3632
f 4672 3632 4673
f 4673 3632 3633
f 4673 3633 4674
f 4674 3633 3634
f 4674 3634 4675
f 4675 3634 3635
f 4675 3635 4676
f 4676 3635 3636
f 4676 3636 4677
f 4677 3636 3637
f 4677 3637 4678
f 4678 3637 3638
f 4678 3638 4679
f 4679 3638 3639
f 4679 3639 4680
f 4680 3639 3640
f 4680 3640 4681
f 4681 3640 3641
f 4681 3641 4682
f 4682 3641 3642
f 4682 3642 4683
f 4683 3642 3643
f 4683 3643 4684
f 4684 3643 3644
f 4684 3644 4685
f 4685 3644 3645
f 4685 3645 4686
f 4686 3645 3646
f 4686 3646 4687
f 4687 3646 3647
f 4687 3647 4688
f 4688 3647 3648
f 4688 3648 4689
f 4689 3648 3649
f 4689 3649 4690
f 4690 3649 3650
f 4690 3650 4691
f 4691 3650 3651
f 4691 3651 4692
f 4692 3651 3652
f 4692 3652 4693
f 4693 3652 3653
f 4693 3653 4694
f 4694 3653 3654
f 4694 3654 4695
f 4695 3654 3655
f 4695 3655 4696
f 4696 3655 3656
f 4696 3656 4697
f 4697 3656 3657
f 4697 3657 4698
f 4698 3657 3658
f 4698 3658 4699
f 4699 3658 3659
f 4699 3659 4700
f 4700 3659 3660
f 4700 3660 4701
f 4701 3660 3661
f 4701 3661 4650
f 4650 3661 3610

