# https://github.com/mikedh/trimesh
v 80.96282196 61.32074738 23.57584190
v 81.93826294 61.32074738 23.51299286
v 81.94101715 61.39810944 23.53557205
v 79.20003510 61.24804688 23.36204529
v 79.99028015 61.24804688 23.49260330
v 79.98657227 61.32074738 23.52729034
v 78.09835052 61.24804688 23.06832695
v 79.02982330 61.24804688 23.33392525
v 79.02218628 61.32074738 23.36796570
v 78.08470917 61.30478668 23.09270477
v 78.09365082 61.24804688 23.06698799
v 78.08285522 61.31655884 23.09803581
v 78.08219147 61.32074738 23.09993744
v 78.07901764 61.35356140 23.10904884
v 80.33013916 61.24804688 23.50950623
v 80.96257019 61.24804688 23.54095840
v 81.46959686 61.24804688 23.50828743
v 81.93403625 61.24804688 23.47836304
v 82.59918976 61.24804688 23.35843849
v 78.07347870 61.42807770 23.12496185
v 78.07471466 61.39810944 23.12141991
v 79.01719666 61.39810944 23.39015961
v 82.89207458 61.24804688 23.30563164
v 82.89382935 61.26369858 23.31293678
v 82.89936829 61.31324005 23.33605385
v 82.90020752 61.32074738 23.33955383
v 82.90238190 61.35237122 23.34859657
v 82.90293121 61.36038589 23.35088730
v 79.01500702 61.47813034 23.39992905
v 78.07221222 61.45888901 23.12860298
v 82.90551758 61.39810944 23.36167336
v 82.90633392 61.42615509 23.36508560
v 82.90705872 61.45085144 23.36808968
v 80.96298981 61.39810944 23.59858894
v 81.94222260 61.47813034 23.54551125
v 82.90784454 61.47813034 23.37141037
v 78.07221985 61.54357529 23.12858963
v 78.07187653 61.51518250 23.12958145
v 78.07142639 61.47813034 23.13087463
v 79.01566315 61.55871201 23.39702034
v 78.07240295 61.55871201 23.12806320
v 79.98415375 61.39810944 23.54990768
v 79.98307800 61.47813034 23.55986023
v 80.96305847 61.47813034 23.60860062
v 80.96303558 61.55871201 23.60561943
v 81.94186401 61.55871201 23.54255104
v 81.93994141 61.63777161 23.52677345
v 82.90772247 61.49315643 23.37086868
v 82.90754700 61.51326370 23.37014771
v 82.90737152 61.53396606 23.36940193
v 82.90715790 61.55871201 23.36851120
v 79.02536011 61.71324539 23.35379982
v 78.08695984 61.71324539 23.08622551
v 78.08535004 61.70020676 23.09086037
v 78.08293152 61.68071365 23.09778786
v 79.01914215 61.63777161 23.38150978
v 78.07899475 61.64884567 23.10911179
v 78.07762909 61.63777161 23.11304855
v 78.07574463 61.60926437 23.11845970
v 79.98339844 61.55871201 23.55690002
v 79.98509216 61.63777161 23.54109192
v 80.96292877 61.63777161 23.58972359
v 80.96271515 61.71324539 23.56132698
v 81.93650055 61.71324539 23.49858284
v 81.93164062 61.78317261 23.45871544
v 82.90607452 61.58177948 23.36400223
v 82.90460205 61.61323929 23.35784912
v 82.90344238 61.63777161 23.35305595
v 82.90241241 61.64959335 23.34872818
v 82.90225983 61.65133667 23.34808922
v 82.89734650 61.70722580 23.32764053
v 78.09708405 61.76690674 23.05711555
v 79.98811340 61.71324539 23.51285553
v 79.99239349 61.78317261 23.47292137
v 80.96241760 61.78317261 23.52116585
v 80.96204376 61.84573364 23.47028542
v 81.92548370 61.84573364 23.40820885
v 81.91818237 61.89930344 23.34837532
v 82.88545990 61.79370880 23.27804947
v 82.88262939 61.80865097 23.26623726
v 82.89682007 61.71324539 23.32543945
v 82.89377594 61.73602295 23.31271744
v 82.88745880 61.78317261 23.28638268
v 78.12032318 61.85507202 22.99031448
v 78.11997223 61.85411835 22.99132919
v 79.04529572 61.84573364 23.26496696
v 78.11687469 61.84573364 23.00023651
v 78.10015106 61.78317261 23.04829216
v 78.14456177 61.91452408 22.92063522
v 78.13667297 61.89930344 22.94330597
v 79.05848694 61.89930344 23.20615196
v 82.87559509 61.84573364 23.23690796
v 82.86920929 61.87005234 23.21029663
v 82.86153412 61.89930344 23.17829514
v 82.85383606 61.92020798 23.14623070
v 81.90994263 61.94248581 23.28077316
v 80.96160889 61.89930344 23.41001129
v 79.99781799 61.84573364 23.42233086
v 79.03415680 61.78317261 23.31461334
v 78.17145538 61.95860672 22.84333420
v 78.16719818 61.95307922 22.85555458
v 79.07341003 61.94248581 23.13970184
v 78.15904999 61.94248581 22.87898636
v 80.00422668 61.89930344 23.36239815
v 80.01148987 61.94248581 23.29468155
v 80.96110535 61.94248581 23.34190941
v 80.96056366 61.97415543 23.26775360
v 81.90096283 61.97415543 23.20715904
v 81.89148712 61.99349976 23.12944794
v 82.85353088 61.92105484 23.14492989
v 82.84564972 61.94248581 23.11206818
v 82.83691406 61.95849228 23.07562447
v 78.09949493 61.77971268 23.05017090
v 78.23007202 61.99864960 22.67483330
v 78.20913696 61.99349976 22.73500252
v 79.10678864 61.99349976 22.99095535
v 78.20023346 61.98680115 22.76061058
v 80.03628540 62.00000000 23.06318283
v 79.12438202 62.00000000 22.91252899
v 78.23554993 62.00000000 22.65908813
v 80.95940399 62.00000000 23.10909271
v 80.02772522 61.99349976 23.14310074
v 79.08964539 61.97415543 23.06734276
v 78.18341827 61.97415543 22.80894279
v 81.88175201 62.00000000 23.04966354
v 80.95999146 61.99349976 23.18946648
v 80.01938629 61.97415543 23.22094345
v 82.82835388 61.97415543 23.03995132
v 82.81882477 61.98424530 23.00024033
v 82.81009674 61.99349976 22.96382523
v 82.80005646 61.99697876 22.92197227
v 82.79134369 62.00000000 22.88566589
v 86.23635101 61.99559021 21.17825699
v 86.25328064 61.99349976 21.19785118
v 86.92375946 61.99349976 20.54844666
v 88.57633209 61.94248581 18.26575279
v 88.89807892 61.94248581 17.37105179
v 88.82697296 61.97415543 17.34997368
v 88.77824402 61.71324539 18.35165215
v 89.10845184 61.71324539 17.43341637
v 89.06994629 61.78317261 17.42200089
v 88.81900024 61.55871201 18.36899376
v 89.15091705 61.55871201 17.44600677
v 89.13567352 61.63777161 17.44148827
v 88.81253052 61.39810944 18.36623955
v 89.14418030 61.39810944 17.44400787
v 89.15377808 61.47813034 17.44685364
v 88.35831451 61.32074738 19.23351288
v 88.79160309 61.32074738 18.35733414
v 89.05258179 61.24804688 17.52869987
v 89.08892059 61.24804688 17.42762756
v 89.12236786 61.32074738 17.43754387
v 87.41246033 61.24804688 20.50619125
v 87.79994965 61.24804688 20.03413582
v 87.82814026 61.32074738 20.05469894
v 86.62310791 61.24804688 21.32819939
v 87.18229675 61.24804688 20.78658295
v 87.20795441 61.32074738 20.81022072
v 86.48303986 61.24804688 21.46386337
v 86.50097656 61.30523300 21.48463058
v 86.50584412 61.32074738 21.49026489
v 86.51457977 61.36619949 21.50037766
v 88.08773041 61.24804688 19.58839417
v 88.32797241 61.24804688 19.21629143
v 88.63753510 61.24804688 18.59029198
v 88.75949860 61.24804688 18.34367752
v 86.52288818 61.42465591 21.50999260
v 86.52070618 61.39810944 21.50747681
v 87.22469330 61.39810944 20.82562828
v 89.14033508 61.38447571 17.44286919
v 87.23205566 61.47813034 20.83241272
v 86.52415466 61.44018555 21.51146126
v 86.52580261 61.53830338 21.51337051
v 86.52716827 61.48166656 21.51495552
v 86.52725983 61.47813034 21.51505470
v 88.37808990 61.39810944 19.24474144
v 88.82173920 61.47813034 18.37015915
v 89.15148926 61.54285812 17.44617271
v 87.84651184 61.39810944 20.06810379
v 88.38679504 61.47813034 19.24968529
v 86.52045441 61.59565353 21.50717735
v 86.52416229 61.56748199 21.51146507
v 87.22986603 61.55871201 20.83039284
v 86.52530670 61.55871201 21.51279831
v 87.19728088 61.71324539 20.80038452
v 86.49635315 61.71324539 21.47927666
v 86.51492310 61.63777161 21.50077057
v 87.85459900 61.47813034 20.07400703
v 88.38420105 61.55871201 19.24821281
v 88.80437469 61.63777161 18.36276817
v 89.11411285 61.69754791 17.43509674
v 87.85218811 61.55871201 20.07224846
v 88.37038422 61.63777161 19.24036598
v 86.47046661 61.78219986 21.44930458
v 86.47069550 61.78159714 21.44956779
v 86.49494934 61.71696854 21.47765923
v 87.78396606 61.78317261 20.02247047
v 87.16773987 61.78317261 20.77317429
v 87.21817017 61.63777161 20.81962395
v 87.81640625 61.71324539 20.04614067
v 88.31075287 61.78317261 19.20652199
v 88.26651001 61.84573364 19.18140411
v 88.69445801 61.84573364 18.31600952
v 88.63899994 61.89930344 18.29241371
v 87.83934784 61.63777161 20.06287956
v 88.34568787 61.71324539 19.22634697
v 88.74127960 61.78317261 18.33592987
v 89.02993774 61.83448029 17.41014290
v 86.40924835 61.88325119 21.37842751
v 86.43438721 61.84907913 21.40752983
v 87.13031769 61.84573364 20.73870277
v 86.43684387 61.84573364 21.41037750
v 86.47010803 61.78317261 21.44888496
v 87.08598328 61.89930344 20.69786644
v 86.39744568 61.89930344 21.36476135
v 87.63914490 61.94248581 19.91681290
v 87.03589630 61.94248581 20.65172768
v 86.38337708 61.91294479 21.34847641
v 88.90792084 61.93597794 17.37396812
v 88.90441132 61.93830109 17.37292671
v 89.02117157 61.84573364 17.40753937
v 88.97177887 61.89151382 17.39290047
v 88.96337128 61.89930344 17.39040756
v 87.74285889 61.84573364 19.99248123
v 88.21408081 61.89930344 19.15164948
v 86.30445862 61.97415543 21.25709915
v 86.31675720 61.96611786 21.27134514
v 86.34185791 61.94971466 21.30040932
v 86.35292816 61.94248581 21.31322098
v 86.27030945 61.98706055 21.21756554
v 86.98133850 61.97415543 20.60148430
v 87.57923889 61.97415543 19.87310410
v 88.09037018 61.97415543 19.08142281
v 87.69416809 61.89930344 19.95695305
v 88.15486145 61.94248581 19.11803055
v 88.50809479 61.97415543 18.23672104
v 88.75192261 61.99349976 17.32772255
v 87.51599121 61.99349976 19.82696342
v 88.02228546 61.99349976 19.04277611
v 88.43605042 61.99349976 18.20607376
v 88.36209106 62.00000000 18.17460823
v 87.95238495 62.00000000 19.00309944
v 87.45106506 62.00000000 19.77958870
v 86.86463928 62.00000000 20.49399185
v 86.20073700 62.00000000 21.13702393
v 88.74932861 61.99371719 17.32695198
v 88.67485809 62.00000000 17.30487633
v 73.50451660 61.32074738 19.34232903
v 74.04666138 61.32074738 20.15565681
v 74.02848816 61.39810944 20.16933250
v 72.74752045 61.24804688 17.54734039
v 73.09033203 61.24804688 18.45846748
v 73.05843353 61.32074738 18.47259331
v 72.47882843 61.31546402 16.60919762
v 72.51060486 61.24804688 16.60312462
v 73.15880585 61.24804688 18.59197807
v 73.53459167 61.24804688 19.32466507
v 73.71086121 61.24804688 19.58909035
v 74.70314789 61.24804688 20.87800407
v 74.69200134 61.28004837 20.88857460
v 74.38809967 61.24804688 20.50546646
v 74.07453918 61.24804688 20.13468552
v 72.44488525 61.47227478 16.61568260
v 72.45399475 61.39810944 16.61394119
v 72.69250488 61.39810944 17.56452942
v 72.47634125 61.32074738 16.60967255
v 72.68295288 61.47813034 17.56751633
v 72.44416046 61.47813034 16.61582184
v 72.71421814 61.32074738 17.55774498
v 73.03763580 61.39810944 18.48180199
v 73.48489380 61.39810944 19.35384560
v 73.47626495 61.47813034 19.35891533
v 74.02048492 61.47813034 20.17535019
v 74.02286530 61.55871201 20.17355919
v 74.67784119 61.32074738 20.90201187
v 74.67282867 61.34422684 20.90676308
v 74.66133881 61.39810944 20.91766548
v 74.65487671 61.46922684 20.92378998
v 72.46151733 61.63174820 16.61250496
v 72.44709015 61.55871201 16.61526299
v 72.68579865 61.55871201 17.56662750
v 73.02848053 61.47813034 18.48585701
v 73.03121185 61.55871201 18.48464966
v 73.47883606 61.55871201 19.35740471
v 73.49253845 61.63777161 19.34935760
v 74.03556824 61.63777161 20.16400146
v 74.05826569 61.71324539 20.14693069
v 74.65407562 61.47813034 20.92455673
v 74.65548706 61.53084183 20.92321396
v 74.65623474 61.55871201 20.92250443
v 74.66120148 61.59275818 20.91779327
v 72.52738190 61.77843475 16.59992027
v 72.49060059 61.71324539 16.60694695
v 72.72807312 61.71324539 17.55341530
v 72.46270752 61.63777161 16.61227798
v 74.66777039 61.63777161 20.91156578
v 74.68836975 61.71324539 20.89202118
v 74.69120026 61.72003174 20.88933945
v 74.70909882 61.76300430 20.87235451
v 73.04574585 61.63777161 18.47821236
v 73.51702881 61.71324539 19.33498001
v 74.09035492 61.78317261 20.12278557
v 74.71750641 61.78317261 20.86438179
v 72.63697815 61.89725876 16.57897758
v 72.58002472 61.84573364 16.58985901
v 72.81497955 61.84573364 17.52626419
v 72.53004456 61.78317261 16.59940910
v 72.70097351 61.63777161 17.56188583
v 73.07170868 61.71324539 18.46671486
v 73.55165863 61.78317261 19.31464386
v 74.13101959 61.84573364 20.09219933
v 74.71881104 61.78538132 20.86314583
v 72.76641083 61.78317261 17.54143906
v 73.10842896 61.78317261 18.45045280
v 73.15495300 61.84573364 18.42984962
v 73.59553528 61.84573364 19.28888130
v 73.64752197 61.89930344 19.25836182
v 74.17918396 61.89930344 20.05596352
v 74.23360443 61.94248581 20.01502037
v 74.75442505 61.84573364 20.82936668
v 74.75784302 61.84991837 20.82612610
v 74.78036499 61.87751389 20.80475616
v 73.34014893 61.97415543 18.34783936
v 73.00830078 61.97415543 17.46585846
v 72.93750763 61.94248581 17.48797417
v 72.70612335 61.94248581 16.56576347
v 72.63922882 61.89930344 16.57854652
v 73.77019501 61.97415543 19.18632889
v 73.27233887 61.94248581 18.37786674
v 72.87250519 61.89930344 17.50828743
v 74.85742188 61.94828796 20.73166656
v 74.87616730 61.95932007 20.71389008
v 74.79814911 61.89930344 20.78788376
v 74.81018829 61.90981293 20.77647591
v 74.84756470 61.94248581 20.74101639
v 74.29286957 61.97415543 19.97043991
v 73.70624542 61.94248581 19.22387886
v 73.21006775 61.89930344 18.40544319
v 72.85585785 61.99349976 16.53714943
v 72.83288574 61.98771667 16.54154015
v 72.78002167 61.97442627 16.55164337
v 72.77896118 61.97415543 16.55184555
v 72.85947418 61.99379730 16.53646088
v 73.08302307 61.99349976 17.44250870
v 73.41172791 61.99349976 18.31613922
v 73.83770752 61.99349976 19.14669037
v 74.35543060 61.99349976 19.92337418
v 74.90137482 61.97415543 20.68997955
v 74.93850708 61.98680115 20.65475655
v 74.95356750 61.99192810 20.64046669
v 74.95816803 61.99349976 20.63610458
v 75.01648712 62.00000000 20.58078766
v 74.41966248 62.00000000 19.87505531
v 73.90702057 62.00000000 19.10599327
v 73.48521423 62.00000000 18.28359222
v 73.15973663 62.00000000 17.41853714
v 72.93480682 62.00000000 16.52206421
v 88.94052124 61.99379730 13.46353912
v 88.94413757 61.99349976 13.46284866
v 88.71697998 61.99349976 12.55748940
v 88.29547882 61.32074738 10.65767002
v 87.75333405 61.32074738 9.84434128
v 87.77151489 61.39810944 9.83066750
v 87.72546387 61.24804688 9.86531353
v 87.09684753 61.24804688 9.12199497
v 87.12215424 61.32074738 9.09798717
v 88.38069153 61.24804688 10.90013027
v 88.26540375 61.24804688 10.67533302
v 88.85771942 61.24804688 11.93502712
v 88.70967102 61.24804688 11.54153252
v 88.74156189 61.32074738 11.52740574
v 89.05247498 61.24804688 12.45265865
v 89.08577728 61.32074738 12.44225311
v 89.19564056 61.24804688 13.02321148
v 89.32116699 61.31546402 13.39080143
v 89.28939056 61.24804688 13.39687443
v 87.77256775 61.24804688 9.93599415
v 89.35511017 61.47227478 13.38431644
v 89.34600067 61.39810944 13.38605785
v 89.10749054 61.39810944 12.43546963
v 89.32365417 61.32074738 13.39032650
v 88.76235962 61.39810944 11.51819706
v 88.31510162 61.39810944 10.64615345
v 88.32373810 61.47813034 10.64108276
v 87.77951813 61.47813034 9.82464886
v 87.77713013 61.55871201 9.82644081
v 87.13392639 61.37594223 9.08681965
v 87.13865662 61.39810944 9.08233452
v 87.14231110 61.43830109 9.07887363
v 89.33847809 61.63174820 13.38749409
v 89.35290527 61.55871201 13.38473797
v 89.11419678 61.55871201 12.43337250
v 89.35583496 61.47813034 13.38417816
v 89.09902954 61.63777161 12.43811417
v 89.33728790 61.63777161 13.38772106
v 89.11704254 61.47813034 12.43248367
v 88.77151489 61.47813034 11.51414204
v 88.76879120 61.55871201 11.51534939
v 88.32116699 61.55871201 10.64259243
v 88.30745697 61.63777161 10.65064240
v 87.76442719 61.63777161 9.83599663
v 87.74172974 61.71324539 9.85306835
v 87.14592743 61.47813034 9.07544327
v 87.14533997 61.49995422 9.07599926
v 87.14376068 61.55871201 9.07749462
v 87.13420868 61.62416840 9.08655167
v 89.27262115 61.77843475 13.40007877
v 89.30939484 61.71324539 13.39305210
v 89.07192230 61.71324539 12.44658279
v 89.03359222 61.78317261 12.45856094
v 89.26995087 61.78317261 13.40058994
v 88.75424957 61.63777161 11.52178669
v 88.72828674 61.71324539 11.53328419
v 88.28296661 61.71324539 10.66501999
v 88.24833679 61.78317261 10.68535614
v 87.70964050 61.78317261 9.87721348
v 87.66897583 61.84573364 9.90780067
v 87.09528351 61.75246048 9.12347889
v 87.09089661 61.76300430 9.12764454
v 87.13223267 61.63777161 9.08843422
v 87.11859894 61.68771744 9.10136890
v 87.11163330 61.71324539 9.10797787
v 89.16301727 61.89725876 13.42102146
v 89.21997070 61.84573364 13.41014004
v 88.98501587 61.84573364 12.47373581
v 88.92749023 61.89930344 12.49171352
v 89.16076660 61.89930344 13.42145348
v 88.69156647 61.78317261 11.54954720
v 88.64504242 61.84573364 11.57015038
v 88.20446014 61.84573364 10.71111870
v 88.15247345 61.89930344 10.74163818
v 87.62081146 61.89930344 9.94403648
v 87.56639099 61.94248581 9.98497868
v 87.08248901 61.78317261 9.13561726
v 87.06221008 61.81753922 9.15485287
v 87.04557037 61.84573364 9.17063236
v 87.01963043 61.87751389 9.19524384
v 87.01719666 61.88049698 9.19755173
v 88.45984650 61.97415543 11.65216160
v 88.79169464 61.97415543 12.53414154
v 88.86248779 61.94248581 12.51202488
v 89.09387207 61.94248581 13.43423557
v 88.58992767 61.89930344 11.59455585
v 88.52765656 61.94248581 11.62213230
v 88.09375000 61.94248581 10.77612114
v 88.02980042 61.97415543 10.81367016
v 87.50712585 61.97415543 10.02956104
v 87.44456482 61.99349976 10.07662392
v 87.00184631 61.89930344 9.21211529
v 86.95882416 61.93689728 9.25291920
v 86.95243073 61.94248581 9.25898361
v 86.94257355 61.94828796 9.26833248
v 86.89862823 61.97415543 9.31002045
v 88.96711731 61.98771667 13.45845795
v 89.01997375 61.97442627 13.44835663
v 89.02103424 61.97415543 13.44815445
v 88.38827515 61.99349976 11.68386078
v 87.96229553 61.99349976 10.85330963
v 88.86518860 62.00000000 13.47793579
v 88.64025879 62.00000000 12.58146191
v 88.31478119 62.00000000 11.71640682
v 87.89298248 62.00000000 10.89400578
v 87.38033295 62.00000000 10.12494373
v 86.88648987 61.97829056 9.32153511
v 86.86148834 61.98680115 9.34524345
v 86.84182739 61.99349976 9.36389637
v 86.80456543 61.99765015 9.39923477
v 86.78351593 62.00000000 9.41921234
v 83.56992340 61.99864960 7.32516670
v 83.59085846 61.99349976 7.26499653
v 82.69321442 61.99349976 7.00904417
v 78.89706421 61.36038589 6.64911127
v 78.89447784 61.39810944 6.63832569
v 79.85897827 61.39810944 6.46442842
v 82.77781677 61.32074738 6.63203382
v 81.81342316 61.32074738 6.47270870
v 81.81584930 61.39810944 6.45009232
v 80.89983368 61.24804688 6.46214485
v 80.83742523 61.24804688 6.45904160
v 80.83717346 61.32074738 6.42415619
v 83.71528625 61.30478668 6.90729523
v 83.71714783 61.31655884 6.90196180
v 83.71781158 61.32074738 6.90006208
v 83.70635223 61.24804688 6.93301105
v 83.15286255 61.24804688 6.77519178
v 82.77017975 61.24804688 6.66607380
v 82.03679657 61.24804688 6.54491234
v 81.80971527 61.24804688 6.50739670
v 78.90792084 61.24804688 6.69436693
v 78.90617371 61.26369858 6.68706274
v 79.76251984 61.24804688 6.54028654
v 79.86174011 61.32074738 6.48700619
v 79.86595917 61.24804688 6.52163553
v 80.83693695 61.47813034 6.39139843
v 80.83700562 61.39810944 6.40141106
v 78.90062714 61.31324005 6.66394472
v 78.89978790 61.32074738 6.66044378
v 78.89762115 61.35237122 6.65140247
v 83.72778320 61.45888901 6.87139654
v 83.72651672 61.42807770 6.87503815
v 82.78279877 61.39810944 6.60984039
v 83.72528076 61.39810944 6.87858009
v 83.72098541 61.35356140 6.89095068
v 79.85813141 61.55871201 6.45744801
v 79.85777283 61.47813034 6.45448923
v 83.72777557 61.54357529 6.87140989
v 83.72811890 61.51518250 6.87041807
v 82.78498840 61.47813034 6.60007095
v 83.72857666 61.47813034 6.86912346
v 82.78433228 61.55871201 6.60297918
v 83.72759247 61.55871201 6.87193775
v 78.89366150 61.42615509 6.63491344
v 78.89293671 61.45085144 6.63190794
v 78.89215088 61.47813034 6.62858868
v 78.89227295 61.49315643 6.62912989
v 78.89244843 61.51326370 6.62985277
v 78.89262390 61.53396606 6.63059759
v 78.89284515 61.55871201 6.63148785
v 78.89392090 61.58177948 6.63599730
v 79.86005402 61.63777161 6.47322750
v 80.83695984 61.55871201 6.39437962
v 81.81691742 61.47813034 6.44013739
v 83.71464539 61.70020676 6.90913963
v 83.71706390 61.68071365 6.90221214
v 82.78085327 61.63777161 6.61848974
v 83.70291138 61.76690674 6.94288301
v 83.71304321 61.71324539 6.91377354
v 82.77464294 61.71324539 6.64619923
v 83.72100067 61.64884567 6.89088726
v 83.72236633 61.63777161 6.88695145
v 83.72425079 61.60926437 6.88153887
v 81.81659698 61.55871201 6.44310093
v 81.81491089 61.63777161 6.45890665
v 80.83707428 61.63777161 6.41027546
v 80.83728027 61.71324539 6.43867254
v 79.86349487 61.71324539 6.50141668
v 79.86835480 61.78317261 6.54128361
v 78.89540100 61.61323929 6.64214897
v 78.89655304 61.63777161 6.64694500
v 78.89759064 61.64959335 6.65127134
v 78.89773560 61.65133667 6.65190983
v 78.90264893 61.70722580 6.67235804
v 81.81188202 61.71324539 6.48714304
v 81.80760956 61.78317261 6.52707720
v 80.83757782 61.78317261 6.47883415
v 80.83795166 61.84573364 6.52971315
v 79.87451172 61.84573364 6.59179020
v 79.88182068 61.89930344 6.65162325
v 78.91453552 61.79370880 6.72194815
v 78.91736603 61.80865097 6.73376226
v 78.90317535 61.71324539 6.67456055
v 78.90621948 61.73602295 6.68728161
v 78.91254425 61.78317261 6.71361494
v 83.67967224 61.85507202 7.00968504
v 83.68002319 61.85411835 7.00867081
v 82.75469971 61.84573364 6.73503256
v 83.68312836 61.84573364 6.99976158
v 83.69984436 61.78317261 6.95170546
v 83.65543365 61.91452408 7.07936382
v 83.66332245 61.89930344 7.05669165
v 82.74150848 61.89930344 6.79384661
v 78.92440033 61.84573364 6.76309204
v 78.93078613 61.87005234 6.78970289
v 78.93846130 61.89930344 6.82170582
v 78.94615936 61.92020798 6.85376787
v 79.89006042 61.94248581 6.71922493
v 80.83838654 61.89930344 6.58998728
v 81.80218506 61.84573364 6.57766867
v 82.76583862 61.78317261 6.68538618
v 83.61657715 61.97415543 7.19105625
v 83.62854004 61.95860672 7.15666342
v 82.72659302 61.94248581 6.86029720
v 83.63279724 61.95307922 7.14444447
v 83.64094543 61.94248581 7.12101460
v 83.59976196 61.98680115 7.23938942
v 82.71035767 61.97415543 6.93265724
v 81.78060913 61.97415543 6.77905607
v 81.79576874 61.89930344 6.63760233
v 81.78851318 61.94248581 6.70531750
v 80.83889008 61.94248581 6.65808916
v 80.83943176 61.97415543 6.73224688
v 79.89903259 61.97415543 6.79283953
v 79.90851593 61.99349976 6.87055016
v 78.94646454 61.92105484 6.85506964
v 78.95434570 61.94248581 6.88793135
v 78.96308899 61.95849228 6.92437506
v 83.70050049 61.77971268 6.94982815
v 81.77227783 61.99349976 6.85689688
v 80.84000397 61.99349976 6.81053209
v 83.56444550 62.00000000 7.34091139
v 82.67561340 62.00000000 7.08747101
v 81.76371765 62.00000000 6.93681765
v 80.84059143 62.00000000 6.89090681
v 79.91824341 62.00000000 6.95033646
v 78.97164917 61.97415543 6.96004629
v 78.98117065 61.98424530 6.99975920
v 78.98989868 61.99349976 7.03617382
v 78.99994659 61.99697876 7.07802725
v 79.00865173 62.00000000 7.11433411
v 71.07708740 0.00000000 26.33624268
v 69.56375122 0.00000000 24.82291031
v 83.03472137 0.00000000 29.84732056
v 94.54447937 0.00000000 8.76877499
v 95.29238892 0.00000000 10.77401066
v 95.74732208 0.00000000 12.86527729
v 92.23624420 0.00000000 5.17708921
v 68.28119659 0.00000000 23.10961151
v 67.25551605 0.00000000 21.23122406
v 69.56375122 0.00000000 5.17708921
v 71.07708740 0.00000000 3.66375589
v 85.12599182 0.00000000 0.60760510
v 72.79038239 0.00000000 2.38119626
v 68.28119659 0.00000000 6.89038706
v 87.13122559 0.00000000 1.35551953
v 89.00961304 0.00000000 2.38119626
v 90.72290802 0.00000000 3.66375589
v 67.25551605 0.00000000 8.76877499
v 93.51879883 0.00000000 6.89038706
v 66.50760651 0.00000000 19.22598839
v 66.05267334 0.00000000 17.13472176
v 65.90000153 0.00000000 15.00000000
v 95.90000153 0.00000000 15.00000000
v 95.74732208 0.00000000 17.13472176
v 95.29238892 0.00000000 19.22598839
v 92.23624420 0.00000000 24.82291031
v 90.72290802 0.00000000 26.33624268
v 89.00961304 0.00000000 27.61880302
v 66.05267334 0.00000000 12.86527729
v 66.50760651 0.00000000 10.77401066
v 78.76527405 0.00000000 0.15267822
v 83.03472137 0.00000000 0.15267822
v 80.90000153 0.00000000 0.00000000
v 94.54447937 0.00000000 21.23122406
v 93.51879883 0.00000000 23.10961151
v 87.13122559 0.00000000 28.64447975
v 85.12599182 0.00000000 29.39239502
v 74.66876984 0.00000000 1.35551953
v 76.67400360 0.00000000 0.60760510
v 76.67400360 0.00000000 29.39239502
v 74.66876984 0.00000000 28.64447975
v 78.76527405 0.00000000 29.84732056
v 80.90000153 0.00000000 30.00000000
v 72.79038239 0.00000000 27.61880302
v 83.03472137 3.00000000 0.15267822
v 80.90000153 3.00000000 0.00000000
v 78.76527405 3.00000000 0.15267822
v 76.67400360 3.00000000 0.60760510
v 74.66876984 3.00000000 1.35551953
v 72.79038239 3.00000000 2.38119626
v 71.07708740 3.00000000 3.66375589
v 69.56375122 3.00000000 5.17708921
v 68.28119659 3.00000000 6.89038706
v 67.25551605 3.00000000 8.76877499
v 66.50760651 3.00000000 10.77401066
v 66.05267334 3.00000000 12.86527729
v 65.90000153 3.00000000 15.00000000
v 66.05267334 3.00000000 17.13472176
v 66.50760651 3.00000000 19.22598839
v 67.25551605 3.00000000 21.23122406
v 68.28119659 3.00000000 23.10961151
v 69.56375122 3.00000000 24.82291031
v 71.07708740 3.00000000 26.33624268
v 72.79038239 3.00000000 27.61880302
v 74.66876984 3.00000000 28.64447975
v 76.67400360 3.00000000 29.39239502
v 78.76527405 3.00000000 29.84732056
v 80.90000153 3.00000000 30.00000000
v 83.03472137 3.00000000 29.84732056
v 85.12599182 3.00000000 29.39239502
v 87.13122559 3.00000000 28.64447975
v 89.00961304 3.00000000 27.61880302
v 90.72290802 3.00000000 26.33624268
v 92.23624420 3.00000000 24.82291031
v 93.51879883 3.00000000 23.10961151
v 94.54447937 3.00000000 21.23122406
v 95.29238892 3.00000000 19.22598839
v 95.74732208 3.00000000 17.13472176
v 95.90000153 3.00000000 15.00000000
v 95.74732208 3.00000000 12.86527729
v 95.29238892 3.00000000 10.77401066
v 94.54447937 3.00000000 8.76877499
v 93.51879883 3.00000000 6.89038706
v 92.23624420 3.00000000 5.17708921
v 90.72290802 3.00000000 3.66375589
v 89.00961304 3.00000000 2.38119626
v 87.13122559 3.00000000 1.35551953
v 85.12599182 3.00000000 0.60760510
v 90.01921082 4.00000000 4.37738562
v 90.06589508 4.00000000 4.42176580
v 94.73855591 4.00000000 12.88001060
v 94.75158691 4.00000000 13.00819302
v 92.78102112 4.00000000 22.40549660
v 92.67060089 4.00000000 22.56413460
v 85.09108734 4.00000000 28.35794830
v 84.84156799 4.00000000 28.42255211
v 71.78078461 4.00000000 25.62261391
v 71.73410034 4.00000000 25.57823372
v 67.06143951 4.00000000 17.11998940
v 67.04840851 4.00000000 16.99180794
v 69.01897430 4.00000000 7.59450340
v 69.12939453 4.00000000 7.43586349
v 78.08181763 4.00000000 1.28658020
v 76.95842743 4.00000000 1.57744813
v 76.70891571 4.00000000 1.64205027
v 75.37901306 4.00000000 2.13459039
v 75.08974457 4.00000000 2.27648401
v 74.10576630 4.00000000 2.75914741
v 73.33982849 4.00000000 3.23656487
v 71.73410034 4.00000000 4.42176580
v 71.78078461 4.00000000 4.37738562
v 72.90224457 4.00000000 3.50931191
v 70.75289917 4.00000000 5.35446310
v 70.33302307 4.00000000 5.84355736
v 69.82913971 4.00000000 6.43051624
v 68.33073425 4.00000000 8.83448124
v 68.17825317 4.00000000 9.18981075
v 67.77146149 4.00000000 10.13772583
v 67.48197174 4.00000000 11.06041145
v 67.04840851 4.00000000 13.00819302
v 67.06143951 4.00000000 12.88001060
v 67.34691620 4.00000000 11.49086475
v 66.91796875 4.00000000 14.29091072
v 66.91796875 4.00000000 15.00000000
v 66.91796875 4.00000000 15.70908737
v 67.34691620 4.00000000 18.50913429
v 67.48197174 4.00000000 18.93958855
v 69.12939453 4.00000000 22.56413460
v 69.01897430 4.00000000 22.40549660
v 68.33073425 4.00000000 21.16551781
v 68.17825317 4.00000000 20.81018829
v 67.77146149 4.00000000 19.86227417
v 69.82913971 4.00000000 23.56948280
v 70.33302307 4.00000000 24.15644264
v 70.75289917 4.00000000 24.64553642
v 72.90224457 4.00000000 26.49068832
v 73.33982849 4.00000000 26.76343536
v 76.70891571 4.00000000 28.35794830
v 75.37901306 4.00000000 27.86540985
v 75.08974457 4.00000000 27.72351456
v 74.10576630 4.00000000 27.24085236
v 79.48364258 4.00000000 28.92816925
v 78.91022491 4.00000000 28.84032631
v 78.08181763 4.00000000 28.71342087
v 76.95842743 4.00000000 28.42255211
v 80.90000153 4.00000000 29.00000000
v 82.31635284 4.00000000 28.92816925
v 82.88977051 4.00000000 28.84032631
v 83.71817780 4.00000000 28.71342087
v 86.42098236 4.00000000 27.86540985
v 86.71025085 4.00000000 27.72351456
v 87.69422913 4.00000000 27.24085236
v 88.46016693 4.00000000 26.76343536
v 90.06589508 4.00000000 25.57823372
v 90.01921082 4.00000000 25.62261391
v 88.89775085 4.00000000 26.49068832
v 91.04710388 4.00000000 24.64553642
v 91.46697235 4.00000000 24.15644264
v 91.97086334 4.00000000 23.56948280
v 93.46926117 4.00000000 21.16551781
v 93.62174225 4.00000000 20.81018829
v 94.02853394 4.00000000 19.86227417
v 94.31802368 4.00000000 18.93958855
v 94.75158691 4.00000000 16.99180794
v 94.73855591 4.00000000 17.11998940
v 94.45307922 4.00000000 18.50913429
v 94.88202667 4.00000000 15.70908737
v 94.88202667 4.00000000 15.00000000
v 94.88202667 4.00000000 14.29091072
v 94.45307922 4.00000000 11.49086475
v 94.31802368 4.00000000 11.06041145
v 92.67060089 4.00000000 7.43586349
v 92.78102112 4.00000000 7.59450340
v 93.46926117 4.00000000 8.83448124
v 93.62174225 4.00000000 9.18981075
v 94.02853394 4.00000000 10.13772583
v 91.97086334 4.00000000 6.43051624
v 91.46697235 4.00000000 5.84355736
v 91.04710388 4.00000000 5.35446310
v 88.89775085 4.00000000 3.50931191
v 88.46016693 4.00000000 3.23656487
v 84.84156799 4.00000000 1.57744813
v 85.09108734 4.00000000 1.64205027
v 86.42098236 4.00000000 2.13459039
v 86.71025085 4.00000000 2.27648401
v 87.69422913 4.00000000 2.75914741
v 83.71817780 4.00000000 1.28658020
v 82.88977051 4.00000000 1.15967357
v 78.91022491 4.00000000 1.15967357
v 79.48364258 4.00000000 1.07182932
v 80.90000153 4.00000000 0.99999923
v 82.31635284 4.00000000 1.07182932
v 94.59854889 8.45888233 15.00000000
v 94.56224060 8.45888233 15.69283772
v 94.96012878 8.17562771 15.71304893
v 94.52350616 8.45888233 16.43188858
v 94.42221069 8.45888233 17.07143211
v 94.81585693 8.17562771 17.13183212
v 94.29920197 8.45888233 17.84808922
v 94.14359283 8.45888233 18.42884254
v 94.52877808 8.17562771 18.52873802
v 93.92810059 8.45888233 19.23308563
v 93.72920990 8.45888233 19.75119400
v 94.10186005 8.17562771 19.88943291
v 93.41424561 8.45888233 20.57170296
v 93.18330383 8.45888233 21.02495766
v 93.53946686 8.17562771 21.19995689
v 92.76329041 8.45888233 21.84927368
v 92.51142883 8.45888233 22.23710251
v 92.84738159 8.17562771 22.44686127
v 91.98236084 8.45888233 23.05180550
v 91.72045135 8.45888233 23.37522888
v 92.03269958 8.17562771 23.61735153
v 91.08000946 8.45888233 24.16611862
v 90.81844330 8.45888233 24.42768288
v 91.10377502 8.17562771 24.69941521
v 90.06611633 8.45888233 25.18000793
v 89.81459808 8.45888233 25.38368416
v 90.07015228 8.17562771 25.68194962
v 88.95180511 8.45888233 26.08235931
v 88.71916199 8.45888233 26.23344040
v 88.94242859 8.17562771 26.55487251
v 87.74927521 8.45888233 26.86329269
v 87.54332733 8.45888233 26.96823120
v 87.73217773 8.17562771 27.30922699
v 86.47170258 8.45888233 27.51424980
v 86.29907990 8.45888233 27.58051300
v 86.45182037 8.17562771 27.93727493
v 85.13307953 8.45888233 28.02809715
v 84.99914551 8.45888233 28.06398582
v 85.11449432 8.17562771 28.43256569
v 83.74808502 8.45888233 28.39920425
v 83.65678406 8.45888233 28.41366386
v 83.73391724 8.17562771 28.79001999
v 82.33188629 8.45888233 28.62351036
v 82.28572845 8.45888233 28.62592697
v 82.32426453 8.17562771 29.00597000
v 67.20145416 8.45888233 15.00000000
v 67.23775482 8.45888233 14.30716133
v 66.83986664 8.17562771 14.28695011
v 67.27648926 8.45888233 13.56811047
v 67.37778473 8.45888233 12.92856789
v 66.98413849 8.17562771 12.86816883
v 67.50079346 8.45888233 12.15191078
v 67.65640259 8.45888233 11.57115555
v 67.27121735 8.17562771 11.47126198
v 67.87189484 8.45888233 10.76691437
v 68.07078552 8.45888233 10.24880505
v 67.69813538 8.17562771 10.11056614
v 68.38574982 8.45888233 9.42829609
v 68.61669922 8.45888233 8.97504234
v 68.26052856 8.17562771 8.80004215
v 69.03670502 8.45888233 8.15072441
v 69.28856659 8.45888233 7.76289606
v 68.95261383 8.17562771 7.55313778
v 69.81764221 8.45888233 6.94819355
v 70.07954407 8.45888233 6.62477112
v 69.76729584 8.17562771 6.38264799
v 70.71998596 8.45888233 5.83387995
v 70.98155212 8.45888233 5.57231712
v 70.69622040 8.17562771 5.30058432
v 71.73387909 8.45888233 4.81999207
v 71.98540497 8.45888233 4.61631346
v 71.72984314 8.17562771 4.31804991
v 72.84819031 8.45888233 3.91763926
v 73.08084106 8.45888233 3.76655912
v 72.85756683 8.17562771 3.44512606
v 74.05072784 8.45888233 3.13670659
v 74.25667572 8.45888233 3.03176785
v 74.06781769 8.17562771 2.69077158
v 75.32830048 8.45888233 2.48575020
v 75.50092316 8.45888233 2.41948652
v 75.34817505 8.17562771 2.06272578
v 76.66691589 8.45888233 1.97190320
v 76.80084991 8.45888233 1.93601286
v 76.68550110 8.17562771 1.56743455
v 78.05191040 8.45888233 1.60079455
v 78.14321136 8.45888233 1.58633387
v 78.06607819 8.17562771 1.20997989
v 79.46810913 8.45888233 1.37649012
v 79.51426697 8.45888233 1.37407148
v 79.47573090 8.17562771 0.99402851
v 80.90000153 4.33177757 0.66192913
v 82.35056305 4.33177757 0.73549336
v 83.78623199 4.33177757 0.95543081
v 86.55430603 4.33177757 1.82391798
v 87.85829163 4.33177757 2.46355677
v 90.23941803 4.33177757 4.12087250
v 92.23819733 4.33177757 6.22358084
v 93.77278137 4.33177757 8.68559742
v 94.34555817 4.33177757 10.02031231
v 95.07272339 4.33177757 12.82881737
v 94.78035736 4.33177757 18.59387398
v 94.34555817 4.33177757 19.97968674
v 93.06792450 4.33177757 22.58432198
v 89.09088135 4.33177757 26.76816368
v 87.85829163 4.33177757 27.53644180
v 85.19228363 4.33177757 28.68051529
v 83.78623199 4.33177757 29.04456902
v 80.90000153 4.33177757 29.33806992
v 79.44944000 4.33177757 29.26450539
v 78.01376343 4.33177757 29.04456902
v 75.24569702 4.33177757 28.17608070
v 73.94171143 4.33177757 27.53644180
v 71.56057739 4.33177757 25.87912560
v 69.56179810 4.33177757 23.77641869
v 68.02721405 4.33177757 21.31440163
v 67.45444489 4.33177757 19.97968674
v 66.72727203 4.33177757 17.17118263
v 67.01963806 4.33177757 11.40612507
v 67.45444489 4.33177757 10.02031231
v 68.73207855 4.33177757 7.41567659
v 72.70911407 4.33177757 3.23183560
v 73.94171143 4.33177757 2.46355677
v 76.60771179 4.33177757 1.31948388
v 78.01376343 4.33177757 0.95543081
v 79.44944000 4.33177757 0.73549336
v 75.24569702 4.33177757 1.82391798
v 71.56057739 4.33177757 4.12087250
v 70.50786591 4.33177757 5.12154388
v 69.56179810 4.33177757 6.22358084
v 68.02721405 4.33177757 8.68559742
v 66.72727203 4.33177757 12.82881737
v 66.58032990 4.33177757 14.27378845
v 66.58032990 4.33177757 15.72621059
v 67.01963806 4.33177757 18.59387398
v 68.73207855 4.33177757 22.58432198
v 70.50786591 4.33177757 24.87845612
v 72.70911407 4.33177757 26.76816368
v 76.60771179 4.33177757 28.68051529
v 82.35056305 4.33177757 29.26450539
v 86.55430603 4.33177757 28.17608070
v 90.23941803 4.33177757 25.87912560
v 91.29212952 4.33177757 24.87845612
v 92.23819733 4.33177757 23.77641869
v 93.77278137 4.33177757 21.31440163
v 95.07272339 4.33177757 17.17118263
v 95.21966553 4.33177757 15.72621059
v 95.21966553 4.33177757 14.27378845
v 94.78035736 4.33177757 11.40612507
v 93.06792450 4.33177757 7.41567659
v 91.29212952 4.33177757 5.12154388
v 89.09088135 4.33177757 3.23183560
v 85.19228363 4.33177757 1.31948388
v 79.42150879 4.71664858 0.46078953
v 80.90000153 4.71664858 0.38580877
v 79.40066528 5.14319420 0.25586784
v 80.90000153 5.14319420 0.17983094
v 79.38754272 5.59875870 0.12680888
v 80.90000153 5.59875870 0.05010515
v 79.38252258 6.06982708 0.07743947
v 80.90000153 6.06982708 0.00048149
v 79.38575745 6.54242325 0.10922644
v 80.90000153 6.54242325 0.03243238
v 79.39714050 7.00252581 0.22122544
v 80.90000153 7.00252581 0.14500879
v 79.41635132 7.43648434 0.41011348
v 80.90000153 7.43648434 0.33487195
v 79.44281006 7.83142471 0.67028773
v 80.90000153 7.83142471 0.59638733
v 80.90000153 8.17562771 0.92179793
v 80.90000153 8.45888233 1.30144882
v 77.95818329 4.71664858 0.68496263
v 77.91671753 5.14319420 0.48320088
v 77.89060211 5.59875870 0.35613030
v 77.88062286 6.06982708 0.30752271
v 77.88705444 6.54242325 0.33881888
v 77.90970612 7.00252581 0.44909120
v 77.94792938 7.43648434 0.63506794
v 78.00057220 7.83142471 0.89123005
v 76.52504730 4.71664858 1.05602670
v 76.46338654 5.14319420 0.85949433
v 76.42455292 5.59875870 0.73571873
v 76.40969849 6.06982708 0.68837124
v 76.41926575 6.54242325 0.71885622
v 76.45296478 7.00252581 0.82626939
v 76.50980377 7.43648434 1.00742555
v 76.58808899 7.83142471 1.25694835
v 75.13681030 4.71664858 1.57017541
v 75.05558014 5.14319420 1.38088965
v 75.00441742 5.59875870 1.26167762
v 74.98484802 6.06982708 1.21607542
v 74.99744415 6.54242325 1.24543631
v 75.04184723 7.00252581 1.34888947
v 75.11671448 7.43648434 1.52336526
v 75.21984863 7.83142471 1.76368749
v 73.80770111 4.71664858 2.22213197
v 73.70774078 5.14319420 2.04203463
v 73.64479065 5.59875870 1.92860985
v 73.62070465 6.06982708 1.88522232
v 73.63621521 6.54242325 1.91315818
v 73.69084167 7.00252581 2.01158881
v 73.78298187 7.43648434 2.17759418
v 73.90989685 7.83142471 2.40624976
v 72.55137634 4.71664858 3.00520658
v 72.43370819 5.14319420 2.83614635
v 72.35959625 5.59875870 2.72967291
v 72.33125305 6.06982708 2.68894339
v 72.34950256 6.54242325 2.71516752
v 72.41381836 7.00252581 2.80756593
v 72.52227783 7.43648434 2.96339869
v 72.67167664 7.83142471 3.17804146
v 71.38072205 4.71664858 3.91136384
v 71.24655151 5.14319420 3.75507593
v 71.16204834 5.59875870 3.65664625
v 71.12972260 6.06982708 3.61899376
v 71.15053558 6.54242325 3.64323616
v 71.22386932 7.00252581 3.72865510
v 71.34753418 7.43648434 3.87271500
v 71.51788330 7.83142471 4.07114172
v 70.30773926 4.71664858 4.93130541
v 70.15844727 5.14319420 4.78939342
v 70.06442261 5.59875870 4.70001698
v 70.02845764 6.06982708 4.66582823
v 70.05161285 6.54242325 4.68784094
v 70.13320923 7.00252581 4.76540232
v 70.27082062 7.43648434 4.89621162
v 70.46036530 7.83142471 5.07638788
v 69.34344482 4.71664858 6.05456638
v 69.18057251 5.14319420 5.92848587
v 69.07798004 5.59875870 5.84908009
v 69.03874207 6.06982708 5.81870508
v 69.06400299 6.54242325 5.83826208
v 69.15303040 7.00252581 5.90717125
v 69.30316925 7.43648434 6.02338743
v 69.50997162 7.83142471 6.18346214
v 68.49774933 4.71664858 7.26961899
v 68.32295227 5.14319420 7.16066360
v 68.21286011 5.59875870 7.09204388
v 68.17073822 6.06982708 7.06579447
v 68.19786072 6.54242325 7.08269501
v 68.29339600 7.00252581 7.14224386
v 68.45452118 7.43648434 7.24267483
v 68.67646027 7.83142471 7.38100719
v 67.77931213 4.71664858 8.56399536
v 67.59438324 5.14319420 8.47328472
v 67.47791290 5.59875870 8.41615391
v 67.43336487 6.06982708 8.39429951
v 67.46205139 6.54242325 8.40837002
v 67.56311798 7.00252581 8.45794868
v 67.73358154 7.43648434 8.54156399
v 67.96836853 7.83142471 8.65673256
v 67.19551086 4.71664858 9.92441463
v 67.00235748 5.14319420 9.85287666
v 66.88070679 5.59875870 9.80782318
v 66.83416748 6.06982708 9.79058838
v 66.86413574 6.54242325 9.80168533
v 66.96970367 7.00252581 9.84078312
v 67.14774323 7.43648434 9.90672398
v 67.39298248 7.83142471 9.99754906
v 66.75233459 4.71664858 11.33691597
v 66.55293274 5.14319420 11.28528595
v 66.42735291 5.59875870 11.25277138
v 66.37931061 6.06982708 11.24033260
v 66.41023254 6.54242325 11.24834061
v 66.51922607 7.00252581 11.27655792
v 66.70301819 7.43648434 11.32414818
v 66.95619202 7.83142471 11.38969803
v 66.45433807 4.71664858 12.78700447
v 66.25073242 5.14319420 12.75581455
v 66.12250519 5.59875870 12.73617077
v 66.07344818 6.06982708 12.72865582
v 66.10503387 6.54242325 12.73349380
v 66.21630859 7.00252581 12.75054169
v 66.40398407 7.43648434 12.77929211
v 66.66248322 7.83142471 12.81889248
v 66.30456543 4.71664858 14.25980282
v 66.09885406 5.14319420 14.24937057
v 65.96929169 5.59875870 14.24279976
v 65.91973114 6.06982708 14.24028587
v 65.95164490 6.54242325 14.24190521
v 66.06407166 7.00252581 14.24760628
v 66.25369263 7.43648434 14.25722313
v 66.51486969 7.83142471 14.27046871
v 66.30456543 4.71664858 15.74019718
v 66.09885406 5.14319420 15.75062752
v 65.96929169 5.59875870 15.75719929
v 65.91973114 6.06982708 15.75971222
v 65.95164490 6.54242325 15.75809574
v 66.06407166 7.00252581 15.75239182
v 66.25369263 7.43648434 15.74277687
v 66.51486969 7.83142471 15.72952938
v 66.83986664 8.17562771 15.71304893
v 67.23775482 8.45888233 15.69283772
v 66.98413849 8.17562771 17.13183212
v 67.37778473 8.45888233 17.07143211
v 67.27648926 8.45888233 16.43188858
v 66.45433807 4.71664858 17.21299362
v 66.25073242 5.14319420 17.24418449
v 66.12250519 5.59875870 17.26383018
v 66.07344818 6.06982708 17.27134323
v 66.10503387 6.54242325 17.26650429
v 66.21630859 7.00252581 17.24945831
v 66.40398407 7.43648434 17.22070694
v 66.66248322 7.83142471 17.18110657
v 67.27121735 8.17562771 18.52873802
v 67.65640259 8.45888233 18.42884254
v 67.50079346 8.45888233 17.84808922
v 66.75233459 4.71664858 18.66308403
v 66.55293274 5.14319420 18.71471214
v 66.42735291 5.59875870 18.74722862
v 66.37931061 6.06982708 18.75966644
v 66.41023254 6.54242325 18.75165939
v 66.51922607 7.00252581 18.72344208
v 66.70301819 7.43648434 18.67584991
v 66.95619202 7.83142471 18.61030197
v 67.69813538 8.17562771 19.88943291
v 68.07078552 8.45888233 19.75119400
v 67.87189484 8.45888233 19.23308563
v 67.19551086 4.71664858 20.07558632
v 67.00235748 5.14319420 20.14712334
v 66.88070679 5.59875870 20.19217682
v 66.83416748 6.06982708 20.20941162
v 66.86413574 6.54242325 20.19831467
v 66.96970367 7.00252581 20.15921593
v 67.14774323 7.43648434 20.09327507
v 67.39298248 7.83142471 20.00245094
v 68.26052856 8.17562771 21.19995689
v 68.61669922 8.45888233 21.02495766
v 68.38574982 8.45888233 20.57170296
v 67.77931213 4.71664858 21.43600464
v 67.59438324 5.14319420 21.52671432
v 67.47791290 5.59875870 21.58384514
v 67.43336487 6.06982708 21.60569954
v 67.46205139 6.54242325 21.59162903
v 67.56311798 7.00252581 21.54204941
v 67.73358154 7.43648434 21.45843506
v 67.96836853 7.83142471 21.34326744
v 68.95261383 8.17562771 22.44686127
v 69.28856659 8.45888233 22.23710251
v 69.03670502 8.45888233 21.84927368
v 68.49774933 4.71664858 22.73038101
v 68.32295227 5.14319420 22.83933640
v 68.21286011 5.59875870 22.90795517
v 68.17073822 6.06982708 22.93420601
v 68.19786072 6.54242325 22.91730499
v 68.29339600 7.00252581 22.85775566
v 68.45452118 7.43648434 22.75732613
v 68.67646027 7.83142471 22.61899185
v 69.76729584 8.17562771 23.61735153
v 70.07954407 8.45888233 23.37522888
v 69.81764221 8.45888233 23.05180550
v 69.34344482 4.71664858 23.94543266
v 69.18057251 5.14319420 24.07151413
v 69.07798004 5.59875870 24.15091896
v 69.03874207 6.06982708 24.18129539
v 69.06400299 6.54242325 24.16173744
v 69.15303040 7.00252581 24.09282684
v 69.30316925 7.43648434 23.97661209
v 69.50997162 7.83142471 23.81653786
v 70.69622040 8.17562771 24.69941521
v 70.98155212 8.45888233 24.42768288
v 70.71998596 8.45888233 24.16611862
v 70.30773926 4.71664858 25.06869316
v 70.15844727 5.14319420 25.21060562
v 70.06442261 5.59875870 25.29998207
v 70.02845764 6.06982708 25.33417130
v 70.05161285 6.54242325 25.31215858
v 70.13320923 7.00252581 25.23459625
v 70.27082062 7.43648434 25.10378838
v 70.46036530 7.83142471 24.92361069
v 71.72984314 8.17562771 25.68194962
v 71.98540497 8.45888233 25.38368416
v 71.73387909 8.45888233 25.18000793
v 71.38072205 4.71664858 26.08863640
v 71.24655151 5.14319420 26.24492264
v 71.16204834 5.59875870 26.34335327
v 71.12972260 6.06982708 26.38100433
v 71.15053558 6.54242325 26.35676384
v 71.22386932 7.00252581 26.27134323
v 71.34753418 7.43648434 26.12728500
v 71.51788330 7.83142471 25.92885780
v 72.85756683 8.17562771 26.55487251
v 73.08084106 8.45888233 26.23344040
v 72.84819031 8.45888233 26.08235931
v 72.55137634 4.71664858 26.99479294
v 72.43370819 5.14319420 27.16385269
v 72.35959625 5.59875870 27.27032661
v 72.33125305 6.06982708 27.31105614
v 72.34950256 6.54242325 27.28483009
v 72.41381836 7.00252581 27.19243240
v 72.52227783 7.43648434 27.03660011
v 72.67167664 7.83142471 26.82195854
v 74.06781769 8.17562771 27.30922699
v 74.25667572 8.45888233 26.96823120
v 74.05072784 8.45888233 26.86329269
v 73.80770111 4.71664858 27.77786827
v 73.70774078 5.14319420 27.95796394
v 73.64479065 5.59875870 28.07138824
v 73.62070465 6.06982708 28.11477661
v 73.63621521 6.54242325 28.08684158
v 73.69084167 7.00252581 27.98841095
v 73.78298187 7.43648434 27.82240486
v 73.90989685 7.83142471 27.59375000
v 75.34817505 8.17562771 27.93727493
v 75.50092316 8.45888233 27.58051300
v 75.32830048 8.45888233 27.51424980
v 75.13681030 4.71664858 28.42982483
v 75.05558014 5.14319420 28.61911011
v 75.00441742 5.59875870 28.73832130
v 74.98484802 6.06982708 28.78392410
v 74.99744415 6.54242325 28.75456238
v 75.04184723 7.00252581 28.65111160
v 75.11671448 7.43648434 28.47663307
v 75.21984863 7.83142471 28.23631096
v 76.68550110 8.17562771 28.43256569
v 76.80084991 8.45888233 28.06398582
v 76.66691589 8.45888233 28.02809715
v 76.52504730 4.71664858 28.94397354
v 76.46338654 5.14319420 29.14050674
v 76.42455292 5.59875870 29.26428032
v 76.40969849 6.06982708 29.31162643
v 76.41926575 6.54242325 29.28114319
v 76.45296478 7.00252581 29.17373085
v 76.50980377 7.43648434 28.99257469
v 76.58808899 7.83142471 28.74305153
v 78.06607819 8.17562771 28.79001999
v 78.14321136 8.45888233 28.41366386
v 78.05191040 8.45888233 28.39920425
v 77.95818329 4.71664858 29.31503487
v 77.91671753 5.14319420 29.51679802
v 77.89060211 5.59875870 29.64386940
v 77.88062286 6.06982708 29.69247627
v 77.88705444 6.54242325 29.66118050
v 77.90970612 7.00252581 29.55090904
v 77.94792938 7.43648434 29.36493301
v 78.00057220 7.83142471 29.10877037
v 79.47573090 8.17562771 29.00597000
v 79.51426697 8.45888233 28.62592697
v 79.46810913 8.45888233 28.62351036
v 79.42150879 4.71664858 29.53920937
v 79.40066528 5.14319420 29.74413109
v 79.38754272 5.59875870 29.87318993
v 79.38252258 6.06982708 29.92255974
v 79.38575745 6.54242325 29.89077187
v 79.39714050 7.00252581 29.77877426
v 79.41635132 7.43648434 29.58988571
v 79.44281006 7.83142471 29.32971191
v 80.90000153 4.71664858 29.61419106
v 80.90000153 5.14319420 29.82016754
v 80.90000153 5.59875870 29.94989395
v 80.90000153 6.06982708 29.99951744
v 80.90000153 6.54242325 29.96756744
v 80.90000153 7.00252581 29.85499001
v 80.90000153 7.43648434 29.66512680
v 80.90000153 7.83142471 29.40361214
v 80.90000153 8.17562771 29.07820129
v 80.90000153 8.45888233 28.69855118
v 82.37849426 4.71664858 29.53920937
v 82.39933014 5.14319420 29.74413109
v 82.41245270 5.59875870 29.87318993
v 82.41747284 6.06982708 29.92255974
v 82.41423798 6.54242325 29.89077187
v 82.40285492 7.00252581 29.77877426
v 82.38364410 7.43648434 29.58988571
v 82.35719299 7.83142471 29.32971191
v 83.84181213 4.71664858 29.31503487
v 83.88327789 5.14319420 29.51679802
v 83.90939331 5.59875870 29.64386940
v 83.91937256 6.06982708 29.69247627
v 83.91294861 6.54242325 29.66118050
v 83.89028931 7.00252581 29.55090904
v 83.85206604 7.43648434 29.36493301
v 83.79942322 7.83142471 29.10877037
v 85.27494812 4.71664858 28.94397354
v 85.33660889 5.14319420 29.14050674
v 85.37544250 5.59875870 29.26428032
v 85.39029694 6.06982708 29.31162643
v 85.38072968 6.54242325 29.28114319
v 85.34703064 7.00252581 29.17373085
v 85.29019165 7.43648434 28.99257469
v 85.21191406 7.83142471 28.74305153
v 86.66318512 4.71664858 28.42982483
v 86.74442291 5.14319420 28.61911011
v 86.79557800 5.59875870 28.73832130
v 86.81514740 6.06982708 28.78392410
v 86.80255127 6.54242325 28.75456238
v 86.75814819 7.00252581 28.65111160
v 86.68328094 7.43648434 28.47663307
v 86.58014679 7.83142471 28.23631096
v 87.99229431 4.71664858 27.77786827
v 88.09225464 5.14319420 27.95796394
v 88.15521240 5.59875870 28.07138824
v 88.17929077 6.06982708 28.11477661
v 88.16378784 6.54242325 28.08684158
v 88.10916138 7.00252581 27.98841095
v 88.01701355 7.43648434 27.82240486
v 87.89010620 7.83142471 27.59375000
v 89.24861908 4.71664858 26.99479294
v 89.36628723 5.14319420 27.16385269
v 89.44039917 5.59875870 27.27032661
v 89.46875000 6.06982708 27.31105614
v 89.45049286 6.54242325 27.28483009
v 89.38617706 7.00252581 27.19243240
v 89.27772522 7.43648434 27.03660011
v 89.12832642 7.83142471 26.82195854
v 90.41928101 4.71664858 26.08863640
v 90.55344391 5.14319420 26.24492264
v 90.63795471 5.59875870 26.34335327
v 90.67027283 6.06982708 26.38100433
v 90.64945984 6.54242325 26.35676384
v 90.57612610 7.00252581 26.27134323
v 90.45246124 7.43648434 26.12728500
v 90.28211212 7.83142471 25.92885780
v 91.49225616 4.71664858 25.06869316
v 91.64155579 5.14319420 25.21060562
v 91.73557281 5.59875870 25.29998207
v 91.77154541 6.06982708 25.33417130
v 91.74839020 6.54242325 25.31215858
v 91.66678619 7.00252581 25.23459625
v 91.52917480 7.43648434 25.10378838
v 91.33963013 7.83142471 24.92361069
v 92.45655060 4.71664858 23.94543266
v 92.61942291 5.14319420 24.07151413
v 92.72201538 5.59875870 24.15091896
v 92.76125336 6.06982708 24.18129539
v 92.73599243 6.54242325 24.16173744
v 92.64696503 7.00252581 24.09282684
v 92.49682617 7.43648434 23.97661209
v 92.29003143 7.83142471 23.81653786
v 93.30224609 4.71664858 22.73038101
v 93.47705078 5.14319420 22.83933640
v 93.58713531 5.59875870 22.90795517
v 93.62925720 6.06982708 22.93420601
v 93.60213470 6.54242325 22.91730499
v 93.50660706 7.00252581 22.85775566
v 93.34548187 7.43648434 22.75732613
v 93.12354279 7.83142471 22.61899185
v 94.02068329 4.71664858 21.43600464
v 94.20561218 5.14319420 21.52671432
v 94.32208252 5.59875870 21.58384514
v 94.36663055 6.06982708 21.60569954
v 94.33794403 6.54242325 21.59162903
v 94.23687744 7.00252581 21.54204941
v 94.06642151 7.43648434 21.45843506
v 93.83162689 7.83142471 21.34326744
v 94.60448456 4.71664858 20.07558632
v 94.79763794 5.14319420 20.14712334
v 94.91929626 5.59875870 20.19217682
v 94.96582794 6.06982708 20.20941162
v 94.93586731 6.54242325 20.19831467
v 94.83029938 7.00252581 20.15921593
v 94.65225220 7.43648434 20.09327507
v 94.40701294 7.83142471 20.00245094
v 95.04766083 4.71664858 18.66308403
v 95.24707031 5.14319420 18.71471214
v 95.37265015 5.59875870 18.74722862
v 95.42068481 6.06982708 18.75966644
v 95.38976288 6.54242325 18.75165939
v 95.28077698 7.00252581 18.72344208
v 95.09697723 7.43648434 18.67584991
v 94.84380341 7.83142471 18.61030197
v 95.34565735 4.71664858 17.21299362
v 95.54926300 5.14319420 17.24418449
v 95.67749786 5.59875870 17.26383018
v 95.72654724 6.06982708 17.27134323
v 95.69496918 6.54242325 17.26650429
v 95.58368683 7.00252581 17.24945831
v 95.39601135 7.43648434 17.22070694
v 95.13751221 7.83142471 17.18110657
v 95.49542999 4.71664858 15.74019718
v 95.70114136 5.14319420 15.75062752
v 95.83071136 5.59875870 15.75719929
v 95.88026428 6.06982708 15.75971222
v 95.84835052 6.54242325 15.75809574
v 95.73592377 7.00252581 15.75239182
v 95.54630280 7.43648434 15.74277687
v 95.28512573 7.83142471 15.72952938
v 95.49542999 4.71664858 14.25980282
v 95.70114136 5.14319420 14.24937057
v 95.83071136 5.59875870 14.24279976
v 95.88026428 6.06982708 14.24028587
v 95.84835052 6.54242325 14.24190521
v 95.73592377 7.00252581 14.24760628
v 95.54630280 7.43648434 14.25722313
v 95.28512573 7.83142471 14.27046871
v 94.96012878 8.17562771 14.28695011
v 94.56224060 8.45888233 14.30716133
v 94.81585693 8.17562771 12.86816883
v 94.42221069 8.45888233 12.92856789
v 94.52350616 8.45888233 13.56811047
v 95.34565735 4.71664858 12.78700447
v 95.54926300 5.14319420 12.75581455
v 95.67749786 5.59875870 12.73617077
v 95.72654724 6.06982708 12.72865582
v 95.69496918 6.54242325 12.73349380
v 95.58368683 7.00252581 12.75054169
v 95.39601135 7.43648434 12.77929211
v 95.13751221 7.83142471 12.81889248
v 94.52877808 8.17562771 11.47126198
v 94.14359283 8.45888233 11.57115555
v 94.29920197 8.45888233 12.15191078
v 95.04766083 4.71664858 11.33691597
v 95.24707031 5.14319420 11.28528595
v 95.37265015 5.59875870 11.25277138
v 95.42068481 6.06982708 11.24033260
v 95.38976288 6.54242325 11.24834061
v 95.28077698 7.00252581 11.27655792
v 95.09697723 7.43648434 11.32414818
v 94.84380341 7.83142471 11.38969803
v 94.10186005 8.17562771 10.11056614
v 93.72920990 8.45888233 10.24880505
v 93.92810059 8.45888233 10.76691437
v 94.60448456 4.71664858 9.92441463
v 94.79763794 5.14319420 9.85287666
v 94.91929626 5.59875870 9.80782318
v 94.96582794 6.06982708 9.79058838
v 94.93586731 6.54242325 9.80168533
v 94.83029938 7.00252581 9.84078312
v 94.65225220 7.43648434 9.90672398
v 94.40701294 7.83142471 9.99754906
v 93.53946686 8.17562771 8.80004215
v 93.18330383 8.45888233 8.97504234
v 93.41424561 8.45888233 9.42829609
v 94.02068329 4.71664858 8.56399536
v 94.20561218 5.14319420 8.47328472
v 94.32208252 5.59875870 8.41615391
v 94.36663055 6.06982708 8.39429951
v 94.33794403 6.54242325 8.40837002
v 94.23687744 7.00252581 8.45794868
v 94.06642151 7.43648434 8.54156399
v 93.83162689 7.83142471 8.65673256
v 92.84738159 8.17562771 7.55313778
v 92.51142883 8.45888233 7.76289606
v 92.76329041 8.45888233 8.15072441
v 93.30224609 4.71664858 7.26961899
v 93.47705078 5.14319420 7.16066360
v 93.58713531 5.59875870 7.09204388
v 93.62925720 6.06982708 7.06579447
v 93.60213470 6.54242325 7.08269501
v 93.50660706 7.00252581 7.14224386
v 93.34548187 7.43648434 7.24267483
v 93.12354279 7.83142471 7.38100719
v 92.03269958 8.17562771 6.38264799
v 91.72045135 8.45888233 6.62477112
v 91.98236084 8.45888233 6.94819355
v 92.45655060 4.71664858 6.05456638
v 92.61942291 5.14319420 5.92848587
v 92.72201538 5.59875870 5.84908009
v 92.76125336 6.06982708 5.81870508
v 92.73599243 6.54242325 5.83826208
v 92.64696503 7.00252581 5.90717125
v 92.49682617 7.43648434 6.02338743
v 92.29003143 7.83142471 6.18346214
v 91.10377502 8.17562771 5.30058432
v 90.81844330 8.45888233 5.57231712
v 91.08000946 8.45888233 5.83387995
v 91.49225616 4.71664858 4.93130541
v 91.64155579 5.14319420 4.78939342
v 91.73557281 5.59875870 4.70001698
v 91.77154541 6.06982708 4.66582823
v 91.74839020 6.54242325 4.68784094
v 91.66678619 7.00252581 4.76540232
v 91.52917480 7.43648434 4.89621162
v 91.33963013 7.83142471 5.07638788
v 90.07015228 8.17562771 4.31804991
v 89.81459808 8.45888233 4.61631346
v 90.06611633 8.45888233 4.81999207
v 90.41928101 4.71664858 3.91136384
v 90.55344391 5.14319420 3.75507593
v 90.63795471 5.59875870 3.65664625
v 90.67027283 6.06982708 3.61899376
v 90.64945984 6.54242325 3.64323616
v 90.57612610 7.00252581 3.72865510
v 90.45246124 7.43648434 3.87271500
v 90.28211212 7.83142471 4.07114172
v 88.94242859 8.17562771 3.44512606
v 88.71916199 8.45888233 3.76655912
v 88.95180511 8.45888233 3.91763926
v 89.24861908 4.71664858 3.00520658
v 89.36628723 5.14319420 2.83614635
v 89.44039917 5.59875870 2.72967291
v 89.46875000 6.06982708 2.68894339
v 89.45049286 6.54242325 2.71516752
v 89.38617706 7.00252581 2.80756593
v 89.27772522 7.43648434 2.96339869
v 89.12832642 7.83142471 3.17804146
v 87.73217773 8.17562771 2.69077158
v 87.54332733 8.45888233 3.03176785
v 87.74927521 8.45888233 3.13670659
v 87.99229431 4.71664858 2.22213197
v 88.09225464 5.14319420 2.04203463
v 88.15521240 5.59875870 1.92860985
v 88.17929077 6.06982708 1.88522232
v 88.16378784 6.54242325 1.91315818
v 88.10916138 7.00252581 2.01158881
v 88.01701355 7.43648434 2.17759418
v 87.89010620 7.83142471 2.40624976
v 86.45182037 8.17562771 2.06272578
v 86.29907990 8.45888233 2.41948652
v 86.47170258 8.45888233 2.48575020
v 86.66318512 4.71664858 1.57017541
v 86.74442291 5.14319420 1.38088965
v 86.79557800 5.59875870 1.26167762
v 86.81514740 6.06982708 1.21607542
v 86.80255127 6.54242325 1.24543631
v 86.75814819 7.00252581 1.34888947
v 86.68328094 7.43648434 1.52336526
v 86.58014679 7.83142471 1.76368749
v 85.11449432 8.17562771 1.56743455
v 84.99914551 8.45888233 1.93601286
v 85.13307953 8.45888233 1.97190320
v 85.27494812 4.71664858 1.05602670
v 85.33660889 5.14319420 0.85949433
v 85.37544250 5.59875870 0.73571873
v 85.39029694 6.06982708 0.68837124
v 85.38072968 6.54242325 0.71885622
v 85.34703064 7.00252581 0.82626939
v 85.29019165 7.43648434 1.00742555
v 85.21191406 7.83142471 1.25694835
v 83.73391724 8.17562771 1.20997989
v 83.65678406 8.45888233 1.58633387
v 83.74808502 8.45888233 1.60079455
v 83.84181213 4.71664858 0.68496263
v 83.88327789 5.14319420 0.48320088
v 83.90939331 5.59875870 0.35613030
v 83.91937256 6.06982708 0.30752271
v 83.91294861 6.54242325 0.33881888
v 83.89028931 7.00252581 0.44909120
v 83.85206604 7.43648434 0.63506794
v 83.79942322 7.83142471 0.89123005
v 82.32426453 8.17562771 0.99402851
v 82.28572845 8.45888233 1.37407148
v 82.33188629 8.45888233 1.37649012
v 82.37849426 4.71664858 0.46078953
v 82.39933014 5.14319420 0.25586784
v 82.41245270 5.59875870 0.12680888
v 82.41747284 6.06982708 0.07743947
v 82.41423798 6.54242325 0.10922644
v 82.40285492 7.00252581 0.22122544
v 82.38364410 7.43648434 0.41011348
v 82.35719299 7.83142471 0.67028773
v 79.56401825 9.11152840 2.28900266
v 80.90000153 9.11152840 2.21898675
v 78.24267578 9.11152840 2.49828219
v 76.95044708 9.11152840 2.84453392
v 75.70149231 9.11152840 3.32396293
v 74.50949097 9.11152840 3.93131757
v 73.38750458 9.11152840 4.65994310
v 72.34783173 9.11152840 5.50185633
v 71.40185547 9.11152840 6.44783306
v 70.55994415 9.11152840 7.48750830
v 69.83132172 9.11152840 8.60949326
v 69.22396088 9.11152840 9.80149364
v 68.74452972 9.11152840 11.05044937
v 68.39828491 9.11152840 12.34267712
v 68.18900299 9.11152840 13.66402054
v 68.11898804 9.11152840 15.00000000
v 68.18900299 9.11152840 16.33597946
v 68.39828491 9.11152840 17.65732002
v 68.74452972 9.11152840 18.94954872
v 69.22396088 9.11152840 20.19850540
v 69.83132172 9.11152840 21.39050484
v 70.55994415 9.11152840 22.51249123
v 71.40185547 9.11152840 23.55216599
v 72.34783173 9.11152840 24.49814224
v 73.38750458 9.11152840 25.34005547
v 74.50949097 9.11152840 26.06868172
v 75.70149231 9.11152840 26.67603683
v 76.95044708 9.11152840 27.15546608
v 78.24267578 9.11152840 27.50171661
v 79.56401825 9.11152840 27.71099663
v 80.90000153 9.11152840 27.78101349
v 82.23597717 9.11152840 27.71099663
v 83.55731964 9.11152840 27.50171661
v 84.84954834 9.11152840 27.15546608
v 86.09851074 9.11152840 26.67603683
v 87.29050446 9.11152840 26.06868172
v 88.41249084 9.11152840 25.34005547
v 89.45216370 9.11152840 24.49814224
v 90.39813995 9.11152840 23.55216599
v 91.24005890 9.11152840 22.51249123
v 91.96868134 9.11152840 21.39050484
v 92.57603455 9.11152840 20.19850540
v 93.05546570 9.11152840 18.94954872
v 93.40171814 9.11152840 17.65732002
v 93.61099243 9.11152840 16.33597946
v 93.68100739 9.11152840 15.00000000
v 93.61099243 9.11152840 13.66402054
v 93.40171814 9.11152840 12.34267712
v 93.05546570 9.11152840 11.05044937
v 92.57603455 9.11152840 9.80149364
v 91.96868134 9.11152840 8.60949326
v 91.24005890 9.11152840 7.48750830
v 90.39813995 9.11152840 6.44783306
v 89.45216370 9.11152840 5.50185633
v 88.41249084 9.11152840 4.65994310
v 87.29050446 9.11152840 3.93131757
v 86.09851074 9.11152840 3.32396293
v 84.84954834 9.11152840 2.84453392
v 83.55731964 9.11152840 2.49828219
v 82.23597717 9.11152840 2.28900266
v 82.14948273 9.87513351 3.11195207
v 83.38527679 9.87513351 3.30768251
v 84.59384155 9.87513351 3.63151646
v 85.76193237 9.87513351 4.07990646
v 86.87676239 9.87513351 4.64793873
v 87.92610168 9.87513351 5.32939005
v 88.89847565 9.87513351 6.11679554
v 89.78320312 9.87513351 7.00152683
v 90.57061005 9.87513351 7.97389078
v 91.25205994 9.87513351 9.02323437
v 91.82009125 9.87513351 10.13806057
v 92.26847839 9.87513351 11.30615520
v 92.59231567 9.87513351 12.51472092
v 92.78804779 9.87513351 13.75051594
v 92.85353088 9.87513351 15.00000000
v 92.78804779 9.87513351 16.24948311
v 92.59231567 9.87513351 17.48527718
v 92.26847839 9.87513351 18.69384384
v 91.82009125 9.87513351 19.86193848
v 91.25205994 9.87513351 20.97676468
v 90.57061005 9.87513351 22.02610779
v 89.78320312 9.87513351 22.99847221
v 88.89847565 9.87513351 23.88320541
v 87.92610168 9.87513351 24.67060852
v 86.87676239 9.87513351 25.35206032
v 85.76193237 9.87513351 25.92009354
v 84.59384155 9.87513351 26.36848450
v 83.38527679 9.87513351 26.69231606
v 82.14948273 9.87513351 26.88804626
v 80.90000153 9.87513351 26.95352936
v 79.65051270 9.87513351 26.88804626
v 78.41472626 9.87513351 26.69231606
v 77.20615387 9.87513351 26.36848450
v 76.03806305 9.87513351 25.92009354
v 74.92323303 9.87513351 25.35206032
v 73.87389374 9.87513351 24.67060852
v 72.90152740 9.87513351 23.88320541
v 72.01679230 9.87513351 22.99847221
v 71.22939301 9.87513351 22.02610779
v 70.54793549 9.87513351 20.97676468
v 69.97990417 9.87513351 19.86193848
v 69.53151703 9.87513351 18.69384384
v 69.20767975 9.87513351 17.48527718
v 69.01194763 9.87513351 16.24948311
v 68.94646454 9.87513351 15.00000000
v 69.01194763 9.87513351 13.75051594
v 69.20767975 9.87513351 12.51472092
v 69.53151703 9.87513351 11.30615520
v 69.97990417 9.87513351 10.13806057
v 70.54793549 9.87513351 9.02323437
v 71.22939301 9.87513351 7.97389078
v 72.01679230 9.87513351 7.00152683
v 72.90152740 9.87513351 6.11679554
v 73.87389374 9.87513351 5.32939005
v 74.92323303 9.87513351 4.64793873
v 76.03806305 9.87513351 4.07990646
v 77.20615387 9.87513351 3.63151646
v 78.41472626 9.87513351 3.30768251
v 79.65051270 9.87513351 3.11195207
v 80.90000153 9.87513351 3.04646969
v 82.07379150 10.73740005 3.83208323
v 83.23472595 10.73740005 4.01595688
v 84.37008667 10.73740005 4.32017422
v 85.46742249 10.73740005 4.74140215
v 86.51470947 10.73740005 5.27502584
v 87.50048828 10.73740005 5.91519833
v 88.41395569 10.73740005 6.65490532
v 89.24509430 10.73740005 7.48604250
v 89.98479462 10.73740005 8.39950562
v 90.62496948 10.73740005 9.38528442
v 91.15859985 10.73740005 10.43257904
v 91.57982635 10.73740005 11.52991390
v 91.88404083 10.73740005 12.66526985
v 92.06790924 10.73740005 13.82620430
v 92.12943268 10.73740005 15.00000000
v 92.06790924 10.73740005 16.17379570
v 91.88404083 10.73740005 17.33473015
v 91.57982635 10.73740005 18.47008514
v 91.15859985 10.73740005 19.56742096
v 90.62496948 10.73740005 20.61471558
v 89.98479462 10.73740005 21.60049438
v 89.24509430 10.73740005 22.51395607
v 88.41395569 10.73740005 23.34509468
v 87.50048828 10.73740005 24.08480072
v 86.51470947 10.73740005 24.72497368
v 85.46742249 10.73740005 25.25859642
v 84.37008667 10.73740005 25.67982483
v 83.23472595 10.73740005 25.98404121
v 82.07379150 10.73740005 26.16791534
v 80.90000153 10.73740005 26.22943115
v 79.72620392 10.73740005 26.16791534
v 78.56526947 10.73740005 25.98404121
v 77.42991638 10.73740005 25.67982483
v 76.33257294 10.73740005 25.25859642
v 75.28528595 10.73740005 24.72497368
v 74.29950714 10.73740005 24.08480072
v 73.38603973 10.73740005 23.34509468
v 72.55490112 10.73740005 22.51395607
v 71.81520081 10.73740005 21.60049438
v 71.17502594 10.73740005 20.61471558
v 70.64139557 10.73740005 19.56742096
v 70.22016907 10.73740005 18.47008514
v 69.91595459 10.73740005 17.33473015
v 69.73208618 10.73740005 16.17379570
v 69.67056274 10.73740005 15.00000000
v 69.73208618 10.73740005 13.82620430
v 69.91595459 10.73740005 12.66526985
v 70.22016907 10.73740005 11.52991390
v 70.64139557 10.73740005 10.43257904
v 71.17502594 10.73740005 9.38528442
v 71.81520081 10.73740005 8.39950562
v 72.55490112 10.73740005 7.48604250
v 73.38603973 10.73740005 6.65490532
v 74.29950714 10.73740005 5.91519833
v 75.28528595 10.73740005 5.27502584
v 76.33257294 10.73740005 4.74140215
v 77.42991638 10.73740005 4.32017422
v 78.56526947 10.73740005 4.01595688
v 79.72620392 10.73740005 3.83208323
v 80.90000153 10.73740005 3.77056742
v 82.01012421 11.68443775 4.43779564
v 83.10810089 11.68443775 4.61169720
v 84.18187714 11.68443775 4.89941502
v 85.21969604 11.68443775 5.29779673
v 86.21018982 11.68443775 5.80247784
v 87.14250183 11.68443775 6.40792942
v 88.00642395 11.68443775 7.10751677
v 88.79248047 11.68443775 7.89357615
v 89.49206543 11.68443775 8.75749397
v 90.09751892 11.68443775 9.68980789
v 90.60220337 11.68443775 10.68030071
v 91.00058746 11.68443775 11.71812057
v 91.28829956 11.68443775 12.79189777
v 91.46220398 11.68443775 13.88986778
v 91.52038574 11.68443775 15.00000000
v 91.46220398 11.68443775 16.11013222
v 91.28829956 11.68443775 17.20810127
v 91.00058746 11.68443775 18.28187943
v 90.60220337 11.68443775 19.31969833
v 90.09751892 11.68443775 20.31019211
v 89.49206543 11.68443775 21.24250412
v 88.79248047 11.68443775 22.10642433
v 88.00642395 11.68443775 22.89248276
v 87.14250183 11.68443775 23.59206963
v 86.21018982 11.68443775 24.19752312
v 85.21969604 11.68443775 24.70220184
v 84.18187714 11.68443775 25.10058594
v 83.10810089 11.68443775 25.38830185
v 82.01012421 11.68443775 25.56220436
v 80.90000153 11.68443775 25.62038231
v 79.78987122 11.68443775 25.56220436
v 78.69190216 11.68443775 25.38830185
v 77.61811829 11.68443775 25.10058594
v 76.58029938 11.68443775 24.70220184
v 75.58980560 11.68443775 24.19752312
v 74.65749359 11.68443775 23.59206963
v 73.79357147 11.68443775 22.89248276
v 73.00751495 11.68443775 22.10642433
v 72.30792999 11.68443775 21.24250412
v 71.70248413 11.68443775 20.31019211
v 71.19779205 11.68443775 19.31969833
v 70.79940796 11.68443775 18.28187943
v 70.51169586 11.68443775 17.20810127
v 70.33779144 11.68443775 16.11013222
v 70.27960968 11.68443775 15.00000000
v 70.33779144 11.68443775 13.88986778
v 70.51169586 11.68443775 12.79189777
v 70.79940796 11.68443775 11.71812057
v 71.19779205 11.68443775 10.68030071
v 71.70248413 11.68443775 9.68980789
v 72.30792999 11.68443775 8.75749397
v 73.00751495 11.68443775 7.89357615
v 73.79357147 11.68443775 7.10751677
v 74.65749359 11.68443775 6.40792942
v 75.58980560 11.68443775 5.80247784
v 76.58029938 11.68443775 5.29779673
v 77.61811829 11.68443775 4.89941502
v 78.69190216 11.68443775 4.61169720
v 79.78987122 11.68443775 4.43779564
v 80.90000153 11.68443775 4.37961626
v 81.95951843 12.70099258 4.91933346
v 83.00743103 12.70099258 5.08530617
v 84.03224945 12.70099258 5.35990667
v 85.02276611 12.70099258 5.74012566
v 85.96809387 12.70099258 6.22179842
v 86.85790253 12.70099258 6.79964685
v 87.68243408 12.70099258 7.46733952
v 88.43265533 12.70099258 8.21756172
v 89.10035706 12.70099258 9.04209423
v 89.67819977 12.70099258 9.93190289
v 90.15987396 12.70099258 10.87723827
v 90.54009247 12.70099258 11.86774349
v 90.81469727 12.70099258 12.89256668
v 90.98066711 12.70099258 13.94047832
v 91.03619385 12.70099258 15.00000000
v 90.98066711 12.70099258 16.05951881
v 90.81469727 12.70099258 17.10743332
v 90.54009247 12.70099258 18.13225555
v 90.15987396 12.70099258 19.12276077
v 89.67819977 12.70099258 20.06809616
v 89.10035706 12.70099258 20.95790672
v 88.43265533 12.70099258 21.78243828
v 87.68243408 12.70099258 22.53266144
v 86.85790253 12.70099258 23.20035172
v 85.96809387 12.70099258 23.77820015
v 85.02276611 12.70099258 24.25987244
v 84.03224945 12.70099258 24.64009285
v 83.00743103 12.70099258 24.91469383
v 81.95951843 12.70099258 25.08066559
v 80.90000153 12.70099258 25.13619232
v 79.84048462 12.70099258 25.08066559
v 78.79256439 12.70099258 24.91469383
v 77.76774597 12.70099258 24.64009285
v 76.77723694 12.70099258 24.25987244
v 75.83190155 12.70099258 23.77820015
v 74.94210052 12.70099258 23.20035172
v 74.11756134 12.70099258 22.53266144
v 73.36734009 12.70099258 21.78243828
v 72.69964600 12.70099258 20.95790672
v 72.12179565 12.70099258 20.06809616
v 71.64012909 12.70099258 19.12276077
v 71.25991058 12.70099258 18.13225555
v 70.98530579 12.70099258 17.10743332
v 70.81933594 12.70099258 16.05951881
v 70.76380157 12.70099258 15.00000000
v 70.81933594 12.70099258 13.94047832
v 70.98530579 12.70099258 12.89256668
v 71.25991058 12.70099258 11.86774349
v 71.64012909 12.70099258 10.87723827
v 72.12179565 12.70099258 9.93190289
v 72.69964600 12.70099258 9.04209423
v 73.36734009 12.70099258 8.21756172
v 74.11756134 12.70099258 7.46733952
v 74.94210052 12.70099258 6.79964685
v 75.83190155 12.70099258 6.22179842
v 76.77723694 12.70099258 5.74012566
v 77.76774597 12.70099258 5.35990667
v 78.79256439 12.70099258 5.08530617
v 79.84048462 12.70099258 4.91933346
v 80.90000153 12.70099258 4.86380625
v 81.92277527 13.77068806 5.26893806
v 82.93434143 13.77068806 5.42915535
v 83.92362213 13.77068806 5.69423199
v 84.87977600 13.77068806 6.06126547
v 85.79233551 13.77068806 6.52623272
v 86.65128326 13.77068806 7.08404112
v 87.44721985 13.77068806 7.72857809
v 88.17142487 13.77068806 8.45278263
v 88.81595612 13.77068806 9.24871826
v 89.37376404 13.77068806 10.10766792
v 89.83873749 13.77068806 11.02021885
v 90.20576477 13.77068806 11.97637272
v 90.47084045 13.77068806 12.96565437
v 90.63105774 13.77068806 13.97722435
v 90.68466187 13.77068806 15.00000000
v 90.63105774 13.77068806 16.02277565
v 90.47084045 13.77068806 17.03434563
v 90.20576477 13.77068806 18.02362633
v 89.83873749 13.77068806 18.97978020
v 89.37376404 13.77068806 19.89233208
v 88.81595612 13.77068806 20.75127983
v 88.17142487 13.77068806 21.54721642
v 87.44721985 13.77068806 22.27142143
v 86.65128326 13.77068806 22.91595840
v 85.79233551 13.77068806 23.47376633
v 84.87977600 13.77068806 23.93873405
v 83.92362213 13.77068806 24.30576897
v 82.93434143 13.77068806 24.57084465
v 81.92277527 13.77068806 24.73106194
v 80.90000153 13.77068806 24.78466225
v 79.87722015 13.77068806 24.73106194
v 78.86565399 13.77068806 24.57084465
v 77.87637329 13.77068806 24.30576897
v 76.92021942 13.77068806 23.93873405
v 76.00766754 13.77068806 23.47376633
v 75.14871979 13.77068806 22.91595840
v 74.35277557 13.77068806 22.27142143
v 73.62857819 13.77068806 21.54721642
v 72.98403931 13.77068806 20.75127983
v 72.42623138 13.77068806 19.89233208
v 71.96125793 13.77068806 18.97978020
v 71.59423065 13.77068806 18.02362633
v 71.32915497 13.77068806 17.03434563
v 71.16893768 13.77068806 16.02277565
v 71.11533356 13.77068806 15.00000000
v 71.16893768 13.77068806 13.97722435
v 71.32915497 13.77068806 12.96565437
v 71.59423065 13.77068806 11.97637272
v 71.96125793 13.77068806 11.02021885
v 72.42623138 13.77068806 10.10766792
v 72.98403931 13.77068806 9.24871826
v 73.62857819 13.77068806 8.45278263
v 74.35277557 13.77068806 7.72857809
v 75.14871979 13.77068806 7.08404112
v 76.00766754 13.77068806 6.52623272
v 76.92021942 13.77068806 6.06126547
v 77.87637329 13.77068806 5.69423199
v 78.86565399 13.77068806 5.42915535
v 79.87722015 13.77068806 5.26893806
v 80.90000153 13.77068806 5.21533680
v 81.90048218 14.87629414 5.48097944
v 82.89002228 14.87629414 5.63770533
v 83.85773468 14.87629414 5.89700699
v 84.79306030 14.87629414 6.25604200
v 85.68572235 14.87629414 6.71087742
v 86.52595520 14.87629414 7.25653124
v 87.30455017 14.87629414 7.88702345
v 88.01297760 14.87629414 8.59544659
v 88.64347076 14.87629414 9.37404156
v 89.18911743 14.87629414 10.21427250
v 89.64395142 14.87629414 11.10693932
v 90.00299072 14.87629414 12.04225826
v 90.26229095 14.87629414 13.00998211
v 90.41901398 14.87629414 13.99951077
v 90.47145081 14.87629414 15.00000000
v 90.41901398 14.87629414 16.00048828
v 90.26229095 14.87629414 16.99001694
v 90.00299072 14.87629414 17.95774078
v 89.64395142 14.87629414 18.89306068
v 89.18911743 14.87629414 19.78572655
v 88.64347076 14.87629414 20.62595749
v 88.01297760 14.87629414 21.40455246
v 87.30455017 14.87629414 22.11297607
v 86.52595520 14.87629414 22.74346733
v 85.68572235 14.87629414 23.28912163
v 84.79306030 14.87629414 23.74395752
v 83.85773468 14.87629414 24.10299301
v 82.89002228 14.87629414 24.36229324
v 81.90048218 14.87629414 24.51901817
v 80.90000153 14.87629414 24.57145309
v 79.89951324 14.87629414 24.51901817
v 78.90998077 14.87629414 24.36229324
v 77.94226074 14.87629414 24.10299301
v 77.00693512 14.87629414 23.74395752
v 76.11427307 14.87629414 23.28912163
v 75.27404022 14.87629414 22.74346733
v 74.49545288 14.87629414 22.11297607
v 73.78701782 14.87629414 21.40455246
v 73.15652466 14.87629414 20.62595749
v 72.61087799 14.87629414 19.78572655
v 72.15604401 14.87629414 18.89306068
v 71.79700470 14.87629414 17.95774078
v 71.53770447 14.87629414 16.99001694
v 71.38098145 14.87629414 16.00048828
v 71.32854462 14.87629414 15.00000000
v 71.38098145 14.87629414 13.99951077
v 71.53770447 14.87629414 13.00998211
v 71.79700470 14.87629414 12.04225826
v 72.15604401 14.87629414 11.10693932
v 72.61087799 14.87629414 10.21427250
v 73.15652466 14.87629414 9.37404156
v 73.78701782 14.87629414 8.59544659
v 74.49545288 14.87629414 7.88702345
v 75.27404022 14.87629414 7.25653124
v 76.11427307 14.87629414 6.71087742
v 77.00693512 14.87629414 6.25604200
v 77.94226074 14.87629414 5.89700699
v 78.90998077 14.87629414 5.63770533
v 79.89951324 14.87629414 5.48097944
v 80.90000153 14.87629414 5.42854595
v 81.89302063 16.00000000 5.55204153
v 82.87516022 16.00000000 5.70759726
v 83.83566284 16.00000000 5.96496296
v 84.76399994 16.00000000 6.32131767
v 85.64999390 16.00000000 6.77275848
v 86.48395538 16.00000000 7.31433821
v 87.25673676 16.00000000 7.94012356
v 87.95986938 16.00000000 8.64325809
v 88.58566284 16.00000000 9.41604042
v 89.12724304 16.00000000 10.25000000
v 89.57868195 16.00000000 11.13600063
v 89.93503571 16.00000000 12.06433773
v 90.19239807 16.00000000 13.02483845
v 90.34796143 16.00000000 14.00697994
v 90.39999390 16.00000000 15.00000000
v 90.34796143 16.00000000 15.99301910
v 90.19239807 16.00000000 16.97516060
v 89.93503571 16.00000000 17.93566132
v 89.57868195 16.00000000 18.86399841
v 89.12724304 16.00000000 19.75000000
v 88.58566284 16.00000000 20.58395958
v 87.95986938 16.00000000 21.35674095
v 87.25673676 16.00000000 22.05987740
v 86.48395538 16.00000000 22.68566132
v 85.64999390 16.00000000 23.22724152
v 84.76399994 16.00000000 23.67868233
v 83.83566284 16.00000000 24.03503609
v 82.87516022 16.00000000 24.29240227
v 81.89302063 16.00000000 24.44795799
v 80.90000153 16.00000000 24.50000000
v 79.90697479 16.00000000 24.44795799
v 78.92483521 16.00000000 24.29240227
v 77.96433258 16.00000000 24.03503609
v 77.03600311 16.00000000 23.67868233
v 76.15000153 16.00000000 23.22724152
v 75.31604004 16.00000000 22.68566132
v 74.54325867 16.00000000 22.05987740
v 73.84012604 16.00000000 21.35674095
v 73.21434021 16.00000000 20.58395958
v 72.67275238 16.00000000 19.75000000
v 72.22131348 16.00000000 18.86399841
v 71.86495972 16.00000000 17.93566132
v 71.60759735 16.00000000 16.97516060
v 71.45203400 16.00000000 15.99301910
v 71.40000153 16.00000000 15.00000000
v 71.45203400 16.00000000 14.00697994
v 71.60759735 16.00000000 13.02483845
v 71.86495972 16.00000000 12.06433773
v 72.22131348 16.00000000 11.13600063
v 72.67275238 16.00000000 10.25000000
v 73.21434021 16.00000000 9.41604042
v 73.84012604 16.00000000 8.64325809
v 74.54325867 16.00000000 7.94012356
v 75.31604004 16.00000000 7.31433821
v 76.15000153 16.00000000 6.77275848
v 77.03600311 16.00000000 6.32131767
v 77.96433258 16.00000000 5.96496296
v 78.92483521 16.00000000 5.70759726
v 79.90697479 16.00000000 5.55204153
v 80.90000153 16.00000000 5.50000000
v 80.33226776 16.00000000 23.48101807
v 81.46773529 16.00000000 23.48101807
v 82.59307861 16.00000000 23.32967567
v 83.68820953 16.00000000 23.02968597
v 84.73358154 16.00000000 22.58640862
v 85.71054840 16.00000000 22.00775146
v 86.60166931 16.00000000 21.30404282
v 87.39104462 16.00000000 20.48783684
v 72.96796417 16.00000000 11.94503307
v 72.63155365 16.00000000 13.02952862
v 72.44268799 16.00000000 14.14918613
v 72.40473938 16.00000000 15.28402710
v 76.08944702 16.00000000 22.00775146
v 77.06641388 16.00000000 22.58640862
v 78.11179352 16.00000000 23.02968597
v 79.20692444 16.00000000 23.32967567
v 73.73541260 16.00000000 19.57369995
v 74.40895844 16.00000000 20.48783684
v 75.19833374 16.00000000 21.30404282
v 72.51840210 16.00000000 16.41379929
v 72.78163147 16.00000000 17.51834106
v 73.18972778 16.00000000 18.57794380
v 88.06458282 16.00000000 19.57369995
v 88.61026764 16.00000000 18.57794380
v 89.01836395 16.00000000 17.51834106
v 89.28159332 16.00000000 16.41379929
v 75.63212585 16.00000000 8.32920551
v 74.79000092 16.00000000 9.09086418
v 74.05690002 16.00000000 9.95797157
v 73.44592285 16.00000000 10.91505527
v 89.39525604 16.00000000 15.28402710
v 89.35730743 16.00000000 14.14918613
v 89.16844177 16.00000000 13.02952862
v 79.76705933 16.00000000 6.57584143
v 78.65433502 16.00000000 6.80201149
v 77.58168793 16.00000000 7.17447615
v 76.56826019 16.00000000 7.68658590
v 87.00999451 16.00000000 9.09086418
v 86.16786957 16.00000000 8.32920551
v 85.23173523 16.00000000 7.68658590
v 84.21830750 16.00000000 7.17447615
v 83.14566040 16.00000000 6.80201149
v 88.83203888 16.00000000 11.94503307
v 88.35407257 16.00000000 10.91505527
v 87.74309540 16.00000000 9.95797157
v 82.03294373 16.00000000 6.57584143
v 80.90000153 16.00000000 6.49999905
v 81.28100586 40.00000000 10.52550507
v 81.49979401 40.00000000 10.54015064
v 81.50819397 36.94561768 10.47765064
v 83.41426086 40.00000000 11.27989388
v 83.68887329 40.00000000 11.46840191
v 83.72795868 36.94561768 11.41891098
v 84.00824738 40.00000000 11.75725651
v 84.13470459 40.00000000 11.87163448
v 84.18003845 36.94561768 11.82779312
v 85.19317627 40.00000000 13.68526554
v 85.27741241 40.00000000 13.95680904
v 85.33875275 36.94561768 13.94218922
v 85.29025269 40.00000000 15.94597054
v 85.19795990 40.00000000 16.33323860
v 85.25819397 36.94561768 16.35192299
v 85.06655884 40.00000000 16.67440987
v 84.98191071 40.00000000 16.89420700
v 85.03910828 36.94561768 16.92075157
v 83.72092438 40.00000000 18.49348068
v 83.44676208 40.00000000 18.70998764
v 83.48245239 36.94561768 18.76197815
v 83.09024048 40.00000000 18.92115593
v 82.92954254 40.00000000 19.01633453
v 82.95798492 36.94561768 19.07261848
v 80.90000153 40.00000000 19.48995209
v 80.59943390 40.00000000 19.48995209
v 80.59521484 36.94561768 19.55287170
v 78.70976257 40.00000000 18.92115593
v 78.35323334 40.00000000 18.70998764
v 78.31754303 36.94561768 18.76197815
v 78.07907104 40.00000000 18.49348068
v 77.88146973 40.00000000 18.33743477
v 77.83916473 36.94561768 18.38420486
v 76.73343658 40.00000000 16.67440987
v 76.60203552 40.00000000 16.33323860
v 76.54180145 36.94561768 16.35192299
v 76.50974274 40.00000000 15.94597054
v 76.46268463 40.00000000 15.74848175
v 76.40049744 36.94561768 15.75897121
v 76.60681915 40.00000000 13.68526554
v 76.70068359 40.00000000 13.38266468
v 76.64183807 36.94561768 13.35999966
v 77.79174805 40.00000000 11.75725651
v 78.11112976 40.00000000 11.46840191
v 78.07204437 36.94561768 11.41891098
v 78.38573456 40.00000000 11.27989388
v 78.60672760 40.00000000 11.12819290
v 78.57458496 36.94561768 11.07393360
v 80.51898956 40.00000000 10.52550507
v 80.90000153 40.00000000 10.50000000
v 80.90000153 36.94561768 10.43693733
v 85.59091187 18.90973282 9.05981922
v 84.75730896 18.90973282 8.48758316
v 84.34448242 21.85541344 9.18456268
v 83.53862762 21.85541344 8.77734566
v 83.27012634 24.83201790 9.41055870
v 82.50398254 24.83201790 9.14452267
v 82.35488129 27.83447456 9.68881321
v 81.63399506 27.83447456 9.54228497
v 81.57534790 30.85766792 9.97829247
v 80.90000153 30.85766792 9.93308353
v 80.90000153 33.89644241 10.24785805
v 80.26660156 33.89644241 10.29025841
v 80.29180145 36.94561768 10.47765064
v 79.69445801 36.94561768 10.59906673
v 83.85486603 18.90973282 8.03156090
v 82.68568420 21.85541344 8.48117161
v 81.70920563 24.83201790 8.98297882
v 80.90000153 27.83447456 9.49314976
v 80.22464752 30.85766792 9.97829247
v 79.64450073 33.89644241 10.41670513
v 79.11862183 36.94561768 10.79901695
v 79.14324951 40.00000000 10.85707569
v 79.04906464 40.00000000 10.90466595
v 79.89114380 18.90973282 7.49849176
v 78.90029144 18.90973282 7.69989109
v 79.11431122 21.85541344 8.48117161
v 78.26136780 21.85541344 8.77734566
v 78.52986908 24.83201790 9.41055870
v 77.80601501 24.83201790 9.77633667
v 78.09362030 27.83447456 10.26189709
v 77.48712921 27.83447456 10.67822838
v 77.75978088 30.85766792 11.02348614
v 77.25778198 30.85766792 11.47751808
v 77.48404694 33.89644241 11.69634628
v 77.07419586 33.89644241 12.18112564
v 77.22641754 36.94561768 12.29328346
v 76.89841461 36.94561768 12.80707455
v 76.95372772 40.00000000 12.83738232
v 76.88879395 40.00000000 12.97731113
v 77.04269409 18.90973282 8.48758316
v 76.20908356 18.90973282 9.05981922
v 76.71112061 21.85541344 9.69555569
v 76.04148102 21.85541344 10.30120850
v 76.53588104 24.83201790 10.77935314
v 76.01226044 24.83201790 11.39869213
v 76.46659851 27.83447456 11.73344803
v 76.07077026 27.83447456 12.35350800
v 76.45656586 30.85766792 12.56493187
v 76.17165375 30.85766792 13.17891026
v 76.46539307 33.89644241 13.29204273
v 76.27730560 33.89644241 13.89835739
v 76.46124268 36.94561768 13.94218922
v 76.35985565 36.94561768 14.54325676
v 75.45919037 18.90973282 9.73805809
v 75.45854950 21.85541344 10.99070930
v 75.57586670 24.83201790 12.08229542
v 75.76110840 27.83447456 13.02079487
v 75.97111511 30.85766792 13.82538700
v 76.17172241 33.89644241 14.52433014
v 76.33948517 36.94561768 15.15247440
v 76.40251160 40.00000000 15.15036774
v 76.40657043 40.00000000 15.19073200
v 73.83671570 18.90973282 12.27962685
v 73.53714752 18.90973282 13.24534321
v 74.32514191 21.85541344 13.43313217
v 74.17496490 21.85541344 14.32345486
v 74.85929871 24.83201790 14.39229965
v 74.83219910 24.83201790 15.20286846
v 75.39622498 27.83447456 15.18401146
v 75.46985626 27.83447456 15.91595078
v 75.90366364 30.85766792 15.84277630
v 76.06056976 30.85766792 16.50120354
v 76.36121368 33.89644241 16.40794373
v 76.58937836 33.89644241 17.00034142
v 76.76088715 36.94561768 16.92075157
v 77.05383301 36.94561768 17.45530128
v 73.36896515 18.90973282 14.24237156
v 74.14479828 21.85541344 15.22585106
v 74.91337585 24.83201790 16.00981712
v 75.64039612 27.83447456 16.63154602
v 76.30384827 30.85766792 17.13284111
v 76.89445496 33.89644241 17.55704308
v 77.41540527 36.94561768 17.94604111
v 77.46356964 40.00000000 17.90532494
v 77.52562714 40.00000000 17.96949959
v 73.67079163 18.90973282 17.24252319
v 74.03419495 18.90973282 18.18607330
v 74.76898956 21.85541344 17.84508896
v 75.20290375 21.85541344 18.63688850
v 75.78263855 24.83201790 18.26679993
v 76.26371765 24.83201790 18.91973114
v 76.69467926 27.83447456 18.55537415
v 77.20609283 27.83447456 19.08416748
v 77.50118256 30.85766792 18.75788879
v 78.03238678 30.85766792 19.17737770
v 78.21054077 33.89644241 18.91786194
v 78.75673676 33.89644241 19.24137497
v 78.84201050 36.94561768 19.07261848
v 79.40319824 36.94561768 19.31058502
v 74.52011108 18.90973282 19.07276726
v 75.73848724 21.85541344 19.36378479
v 76.82752991 24.83201790 19.50271034
v 77.78341675 27.83447456 19.54007530
v 78.61476898 30.85766792 19.52231789
v 79.34117889 33.89644241 19.48920059
v 79.99110413 36.94561768 19.47162628
v 80.00366211 40.00000000 19.40982819
v 80.14044189 40.00000000 19.42822266
v 75.82279968 18.90973282 20.61359596
v 76.61631775 18.90973282 21.24023438
v 77.07477570 21.85541344 20.57238388
v 77.85163116 21.85541344 21.03251648
v 78.16182709 24.83201790 20.41865158
v 78.90849304 24.83201790 20.73526764
v 79.09361267 27.83447456 20.20215034
v 79.80310822 27.83447456 20.39650154
v 79.89073944 30.85766792 19.96538353
v 80.56156158 30.85766792 20.05560112
v 80.58258820 33.89644241 19.74152946
v 81.21740723 33.89644241 19.74152946
v 81.20478058 36.94561768 19.55287170
v 81.80889130 36.94561768 19.47162628
v 77.48628235 18.90973282 21.75551224
v 78.68288422 21.85541344 21.38499832
v 79.69070435 24.83201790 20.94953537
v 80.53218079 27.83447456 20.49455261
v 81.23843384 30.85766792 20.05560112
v 81.84655762 33.89644241 19.65691757
v 82.39679718 36.94561768 19.31058502
v 82.37610626 40.00000000 19.25101089
v 82.39852142 40.00000000 19.24150848
v 80.39443970 18.90973282 22.55213928
v 81.40555573 18.90973282 22.55213928
v 81.35144806 21.85541344 21.74388695
v 82.24629974 21.85541344 21.62354088
v 82.10929108 24.83201790 20.94953537
v 82.89150238 24.83201790 20.73526764
v 82.70638275 27.83447456 20.20215034
v 83.38364410 27.83447456 19.91496658
v 83.18522644 30.85766792 19.52231789
v 83.76760864 30.85766792 19.17737770
v 83.58945465 33.89644241 18.91786194
v 84.08766174 33.89644241 18.52443695
v 83.96083069 36.94561768 18.38420486
v 84.38459015 36.94561768 17.94604111
v 82.40764618 18.90973282 22.41737175
v 83.11711121 21.85541344 21.38499832
v 83.63816833 24.83201790 20.41865158
v 84.01658630 27.83447456 19.54007530
v 84.29881287 30.85766792 18.75788879
v 84.52898407 33.89644241 18.06811523
v 84.74617004 36.94561768 17.45530128
v 84.69301605 40.00000000 17.42136955
v 84.72811127 40.00000000 17.35731888
v 85.18367767 18.90973282 21.24023438
v 85.97719574 18.90973282 20.61359596
v 85.43381500 21.85541344 20.01281166
v 86.06150818 21.85541344 19.36378479
v 85.53627777 24.83201790 18.91973114
v 86.01735687 24.83201790 18.26679993
v 85.54167938 27.83447456 17.96313667
v 85.89521027 27.83447456 17.31802368
v 85.49614716 30.85766792 17.13284111
v 85.73942566 30.85766792 16.50120354
v 85.43878174 33.89644241 16.40794373
v 85.58594513 33.89644241 15.79041958
v 85.39949799 36.94561768 15.75897121
v 85.46051025 36.94561768 15.15247440
v 86.68011475 18.90973282 19.88678360
v 86.59709167 21.85541344 18.63688850
v 86.40712738 24.83201790 17.55557632
v 86.15959930 27.83447456 16.63154602
v 85.89633179 30.85766792 15.84277630
v 85.64949036 33.89644241 15.15879250
v 85.44014740 36.94561768 14.54325676
v 85.37739563 40.00000000 14.54956913
v 85.35714722 40.00000000 14.42950058
v 87.76580811 18.90973282 18.18607330
v 88.12920380 18.90973282 17.24252319
v 87.35551453 21.85541344 17.00252151
v 87.56482697 21.85541344 16.12421608
v 86.88661957 24.83201790 16.00981712
v 86.96779633 24.83201790 15.20286846
v 86.40377045 27.83447456 15.18401146
v 86.37919617 27.83447456 14.44878769
v 85.94147491 30.85766792 14.49282265
v 85.82888794 30.85766792 13.82538700
v 85.52268982 33.89644241 13.89835739
v 85.33460999 33.89644241 13.29204273
v 85.15816498 36.94561768 13.35999966
v 84.90158081 36.94561768 12.80707455
v 88.36360168 18.90973282 16.25895309
v 87.65520477 21.85541344 15.22585106
v 86.94069672 24.83201790 14.39229965
v 86.25682831 27.83447456 13.72340107
v 85.62834930 30.85766792 13.17891026
v 85.06739044 33.89644241 12.71620655
v 84.57358551 36.94561768 12.29328346
v 84.52281189 40.00000000 12.33069038
v 84.51757812 40.00000000 12.32449627
v 88.26284790 18.90973282 13.24534321
v 87.96327972 18.90973282 12.27962685
v 87.20734406 21.85541344 12.57076931
v 86.82728577 21.85541344 11.75175667
v 86.22412872 24.83201790 12.08229542
v 85.78773499 24.83201790 11.39869213
v 85.33339691 27.83447456 11.73344803
v 84.85845184 27.83447456 11.17167950
v 84.54221344 30.85766792 11.47751808
v 84.04021454 30.85766792 11.02348614
v 83.84513855 33.89644241 11.27052116
v 83.32176971 33.89644241 10.91124821
v 83.22541046 36.94561768 11.07393360
v 82.68137360 36.94561768 10.79901695
v 87.53766632 18.90973282 11.36245537
v 86.34144592 21.85541344 10.99070930
v 85.26411438 24.83201790 10.77935314
v 84.31287384 27.83447456 10.67822838
v 83.48218536 30.85766792 10.64041615
v 82.75518799 33.89644241 10.62494087
v 82.10553741 36.94561768 10.59906673
v 82.08888245 40.00000000 10.65988827
v 82.03321838 40.00000000 10.64857483
v 86.34080505 18.90973282 9.73805809
v 85.08888245 21.85541344 9.69555569
v 83.99398041 24.83201790 9.77633667
v 83.04981232 27.83447456 9.93011856
v 82.23865509 30.85766792 10.11311436
v 81.53339386 33.89644241 10.29025841
v 79.71112061 40.00000000 10.65988827
v 79.76677704 40.00000000 10.64857483
v 80.30020142 40.00000000 10.54015064
v 79.04481506 33.89644241 10.62494087
v 79.56134796 30.85766792 10.11311436
v 80.16600800 27.83447456 9.54228497
v 80.90000153 24.83201790 8.92880821
v 81.80088806 21.85541344 8.30132675
v 82.89970398 18.90973282 7.69989109
v 78.47822571 33.89644241 10.91124821
v 78.92192841 30.85766792 10.33514404
v 79.44511414 27.83447456 9.68881321
v 80.09078979 24.83201790 8.98297882
v 80.90000153 21.85541344 8.24102020
v 81.90885162 18.90973282 7.49849176
v 80.90000153 18.90973282 7.43095684
v 79.99911499 21.85541344 8.30132675
v 79.29601288 24.83201790 9.14452267
v 78.75018311 27.83447456 9.93011856
v 78.31781006 30.85766792 10.64041615
v 77.95485687 33.89644241 11.27052116
v 77.61996460 36.94561768 11.82779312
v 77.27718353 40.00000000 12.33069038
v 77.28242493 40.00000000 12.32449627
v 77.66529083 40.00000000 11.87163448
v 76.73260498 33.89644241 12.71620655
v 76.82077789 30.85766792 11.99440765
v 76.94154358 27.83447456 11.17167950
v 77.13738251 24.83201790 10.23533154
v 77.45551300 21.85541344 9.18456268
v 77.94512939 18.90973282 8.03156090
v 76.42259979 40.00000000 14.54956913
v 76.44285583 40.00000000 14.42950058
v 76.52258301 40.00000000 13.95680904
v 76.15050507 33.89644241 15.15879250
v 75.85852814 30.85766792 14.49282265
v 75.54316711 27.83447456 13.72340107
v 75.23448181 24.83201790 12.81796551
v 74.97270966 21.85541344 11.75175667
v 74.80638885 18.90973282 10.51019669
v 76.21405029 33.89644241 15.79041958
v 75.83591461 30.85766792 15.16931057
v 75.42080688 27.83447456 14.44878769
v 74.99419403 24.83201790 13.59257507
v 74.59265137 21.85541344 12.57076931
v 74.26232910 18.90973282 11.36245537
v 77.10697937 40.00000000 17.42136955
v 77.07188416 40.00000000 17.35731888
v 76.81808472 40.00000000 16.89420700
v 77.27101135 33.89644241 18.06811523
v 76.62913513 30.85766792 17.72641754
v 75.90478516 27.83447456 17.31802368
v 75.10138702 24.83201790 16.79874611
v 74.23516846 21.85541344 16.12421608
v 73.33518219 18.90973282 15.25291920
v 77.71233368 33.89644241 18.52443695
v 77.03063965 30.85766792 18.27134132
v 76.25831604 27.83447456 17.96313667
v 75.39287567 24.83201790 17.55557632
v 74.44448090 21.85541344 17.00252151
v 73.43639374 18.90973282 16.25895309
v 79.42388916 40.00000000 19.25101089
v 79.40148163 40.00000000 19.24150848
v 78.87045288 40.00000000 19.01633453
v 79.95343781 33.89644241 19.65691757
v 79.23792267 30.85766792 19.78655815
v 78.41635132 27.83447456 19.91496658
v 77.46402740 24.83201790 20.00534248
v 76.36618042 21.85541344 20.01281166
v 75.11988068 18.90973282 19.88678360
v 81.79633331 40.00000000 19.40982819
v 81.65955353 40.00000000 19.42822266
v 81.20056152 40.00000000 19.48995209
v 82.45881653 33.89644241 19.48920059
v 81.90925598 30.85766792 19.96538353
v 81.26782227 27.83447456 20.49455261
v 80.49448395 24.83201790 21.05763435
v 79.55370331 21.85541344 21.62354088
v 78.41716766 18.90973282 22.15023994
v 83.04325867 33.89644241 19.24137497
v 82.56207275 30.85766792 19.78655815
v 81.99688721 27.83447456 20.39650154
v 81.30551147 24.83201790 21.05763435
v 80.44854736 21.85541344 21.74388695
v 79.39234924 18.90973282 22.41737175
v 84.33643341 40.00000000 17.90532494
v 84.27436829 40.00000000 17.96949959
v 83.91852570 40.00000000 18.33743477
v 84.90554047 33.89644241 17.55704308
v 84.76936340 30.85766792 18.27134132
v 84.59391022 27.83447456 19.08416748
v 84.33596802 24.83201790 20.00534248
v 83.94836426 21.85541344 21.03251648
v 83.38282776 18.90973282 22.15023994
v 85.21062469 33.89644241 17.00034142
v 85.17086792 30.85766792 17.72641754
v 85.10531616 27.83447456 18.55537415
v 84.97246552 24.83201790 19.50271034
v 84.72521973 21.85541344 20.57238388
v 84.31371307 18.90973282 21.75551224
v 85.39748383 40.00000000 15.15036774
v 85.39343262 40.00000000 15.19073200
v 85.33731079 40.00000000 15.74848175
v 85.62827301 33.89644241 14.52433014
v 85.96408081 30.85766792 15.16931057
v 86.33013916 27.83447456 15.91595078
v 86.69860840 24.83201790 16.79874611
v 87.03100586 21.85541344 17.84508896
v 87.27988434 18.90973282 19.07276726
v 84.84627533 40.00000000 12.83738232
v 84.91120148 40.00000000 12.97731113
v 85.09931183 40.00000000 13.38266468
v 84.72580719 33.89644241 12.18112564
v 85.34342957 30.85766792 12.56493187
v 86.03888702 27.83447456 13.02079487
v 86.80580902 24.83201790 13.59257507
v 87.62503052 21.85541344 14.32345486
v 88.46481323 18.90973282 15.25291920
v 84.31594849 33.89644241 11.69634628
v 84.97921753 30.85766792 11.99440765
v 85.72922516 27.83447456 12.35350800
v 86.56551361 24.83201790 12.81796551
v 87.47485352 21.85541344 13.43313217
v 88.43103027 18.90973282 14.24237156
v 82.65674591 40.00000000 10.85707569
v 82.75093079 40.00000000 10.90466595
v 83.19327545 40.00000000 11.12819290
v 82.15549469 33.89644241 10.41670513
v 82.87806702 30.85766792 10.33514404
v 83.70637512 27.83447456 10.26189709
v 84.66261292 24.83201790 10.23533154
v 85.75851440 21.85541344 10.30120850
v 86.99360657 18.90973282 10.51019669
v 81.40386963 40.53668976 22.52688599
v 80.90000153 40.53668976 22.52688599
v 80.39613342 40.53668976 22.52688599
v 79.62669373 40.53668976 22.42340660
v 79.39739227 40.53668976 22.39256859
v 78.42546844 40.53668976 22.12633133
v 78.38790131 40.53668976 22.11040306
v 77.49769592 40.53668976 21.73292351
v 77.22831726 40.53668976 21.57336617
v 76.63064575 40.53668976 21.21936798
v 76.17104340 40.53668976 20.85642052
v 75.83978271 40.53668976 20.59482384
v 75.24325562 40.53668976 19.97802544
v 75.13920593 40.53668976 19.87044334
v 74.54144287 40.53668976 19.05914879
v 74.48260498 40.53668976 18.95177460
v 74.05714417 40.53668976 18.17541885
v 73.91523743 40.53668976 17.80695915
v 73.69496155 40.53668976 17.23502350
v 73.54024506 40.53668976 16.58581352
v 73.46134949 40.53668976 16.25474358
v 73.36727905 40.53668976 15.31974030
v 73.36048126 40.53668976 15.25207329
v 73.39414978 40.53668976 14.24490452
v 73.42810059 40.53668976 14.04362297
v 73.56176758 40.53668976 13.25121021
v 73.70297241 40.53668976 12.79599953
v 73.86032867 40.53668976 12.28872299
v 74.17567444 40.53668976 11.60919476
v 74.28452301 40.53668976 11.37461853
v 74.82675934 40.53668976 10.52520943
v 74.83554840 40.53668976 10.51482582
v 75.47738647 40.53668976 9.75565434
v 75.68938446 40.53668976 9.56391239
v 76.22477722 40.53668976 9.07968235
v 76.68511963 40.53668976 8.76367092
v 77.05558777 40.53668976 8.50936031
v 77.79711914 40.53668976 8.13464260
v 77.95500946 40.53668976 8.05486298
v 78.90697479 40.53668976 7.72430182
v 79.00029755 40.53668976 7.70533514
v 79.89452362 40.53668976 7.52357578
v 80.26129150 40.53668976 7.49902344
v 80.90000153 40.53668976 7.45626688
v 81.53870392 40.53668976 7.49902344
v 81.90547943 40.53668976 7.52357578
v 82.79970551 40.53668976 7.70533514
v 82.89302063 40.53668976 7.72430182
v 83.84498596 40.53668976 8.05486298
v 84.00287628 40.53668976 8.13464260
v 84.74440765 40.53668976 8.50936031
v 85.11487579 40.53668976 8.76367092
v 85.57522583 40.53668976 9.07968235
v 86.11061096 40.53668976 9.56391239
v 86.32261658 40.53668976 9.75565434
v 86.96444702 40.53668976 10.51482582
v 86.97323608 40.53668976 10.52520943
v 87.51547241 40.53668976 11.37461853
v 87.62432861 40.53668976 11.60919476
v 87.93966675 40.53668976 12.28872299
v 88.09702301 40.53668976 12.79599953
v 88.23823547 40.53668976 13.25121021
v 88.37189484 40.53668976 14.04362297
v 88.40584564 40.53668976 14.24490452
v 88.43951416 40.53668976 15.25207329
v 88.43271637 40.53668976 15.31974030
v 88.33865356 40.53668976 16.25474358
v 88.25975037 40.53668976 16.58581352
v 88.10504150 40.53668976 17.23502350
v 87.88475800 40.53668976 17.80695915
v 87.74285126 40.53668976 18.17541885
v 87.31739044 40.53668976 18.95177460
v 87.25855255 40.53668976 19.05914879
v 86.66078949 40.53668976 19.87044334
v 86.55673981 40.53668976 19.97802544
v 85.96022034 40.53668976 20.59482384
v 85.62895966 40.53668976 20.85642052
v 85.16934967 40.53668976 21.21936798
v 84.57167816 40.53668976 21.57336617
v 84.30229950 40.53668976 21.73292351
v 83.41209412 40.53668976 22.11040306
v 83.37452698 40.53668976 22.12633133
v 82.40260315 40.53668976 22.39256859
v 82.17330170 40.53668976 22.42340660
v 83.40762329 42.81595993 7.90299273
v 83.84498596 42.81595993 8.05486298
v 83.91668701 42.76776123 7.88577843
v 84.57437897 42.81595993 8.42343807
v 84.74440765 42.81595993 8.50936031
v 84.83800507 42.76776123 8.35134125
v 87.31034088 42.81595993 11.05329418
v 87.51547241 42.81595993 11.37461853
v 87.67652893 42.76776123 11.28635693
v 87.89385223 42.81595993 12.19000435
v 87.93966675 42.81595993 12.28872299
v 88.11105347 42.76776123 12.22271538
v 88.36862183 42.81595993 15.95677948
v 88.33865356 42.81595993 16.25474358
v 88.51975250 42.76776123 16.28529167
v 86.11158752 42.81595993 20.43830681
v 85.96022034 42.81595993 20.59482384
v 86.08341217 42.76776123 20.73103523
v 85.12254333 42.81595993 21.24709320
v 84.30229950 42.81595993 21.73292351
v 84.38512421 42.76776123 21.89684105
v 80.26129913 42.81595993 22.50875092
v 79.39739227 42.81595993 22.39256859
v 79.36080933 42.76776123 22.57254791
v 79.00344086 42.81595993 22.28465271
v 78.42546844 42.81595993 22.12633133
v 78.36521912 42.76776123 22.29982567
v 73.68865967 42.81595993 17.20856476
v 73.46134949 42.81595993 16.25474358
v 73.28024292 42.76776123 16.28529167
v 73.90614319 42.81595993 12.19000435
v 74.28452301 42.81595993 11.37461853
v 74.12346649 42.76776123 11.28635693
v 74.48965454 42.81595993 11.05329418
v 74.82675934 42.81595993 10.52520943
v 74.67890167 42.76776123 10.41626740
v 79.62774658 42.81595993 7.57779884
v 79.89452362 42.81595993 7.52357578
v 79.87004089 42.76776123 7.34155655
v 83.91668701 40.58489609 7.88577843
v 84.83800507 40.58489609 8.35134125
v 85.68904877 40.58489609 8.93554878
v 87.67652893 40.58489609 11.28635693
v 88.11105347 40.58489609 12.22271538
v 88.62307739 40.58489609 15.25821018
v 86.80104065 40.58489609 19.98901749
v 86.08341217 40.58489609 20.73103523
v 82.43918610 40.58489609 22.57254791
v 75.71658325 40.58489609 20.73103523
v 74.99896240 40.58489609 19.98901749
v 73.28024292 40.58489609 16.28529167
v 73.17691803 40.58489609 15.25821018
v 74.12346649 40.58489609 11.28635693
v 75.34536743 40.58489609 9.62797546
v 76.96199036 40.58489609 8.35134125
v 77.88330841 40.58489609 7.88577843
v 79.87004089 40.58489609 7.34155655
v 73.38311768 40.58489609 13.20863533
v 73.21141815 40.58489609 14.22652149
v 73.89054871 40.58489609 18.25272751
v 74.38664246 40.58489609 19.15797234
v 76.52670288 40.58489609 21.37078094
v 77.41487122 40.58489609 21.89684105
v 77.33670807 40.66247940 22.05151749
v 79.36080933 40.58489609 22.57254791
v 80.38386536 40.58489609 22.71013260
v 83.43477631 40.58489609 22.29982567
v 84.38512421 40.58489609 21.89684105
v 87.41335297 40.58489609 19.15797234
v 87.90944672 40.58489609 18.25272751
v 88.51975250 40.58489609 16.28529167
v 88.58857727 40.58489609 14.22652149
v 88.41688538 40.58489609 13.20863533
v 87.12109375 40.58489609 10.41626740
v 86.45462799 40.58489609 9.62797546
v 82.94153595 40.58489609 7.54716969
v 81.92996216 40.58489609 7.34155655
v 78.25644684 40.76736069 22.61306572
v 78.30837250 40.66247940 22.46354103
v 78.36521912 40.58489609 22.29982567
v 79.82584381 40.76736069 7.01292992
v 80.90000153 40.76736069 6.94102335
v 80.90000153 40.66247940 7.09930611
v 79.26707458 40.89671707 23.03370476
v 79.29476166 40.76736069 22.89748764
v 79.32629395 40.66247940 22.74237823
v 80.34468079 41.04705811 23.29538727
v 80.35243225 40.89671707 23.17966843
v 80.36171722 40.76736069 23.04097939
v 80.37229156 40.66247940 22.88305092
v 81.46131134 41.21434402 23.38501549
v 81.45531464 41.04705811 23.29538727
v 81.44756317 40.89671707 23.17966843
v 81.43827820 40.76736069 23.04097939
v 81.42771149 40.66247940 22.88305092
v 81.41613007 40.58489609 22.71013260
v 79.77988434 41.21434402 6.67119884
v 80.90000153 41.21434402 6.59621620
v 80.90000153 41.04705811 6.68604565
v 82.58612061 41.39406586 23.29542351
v 82.57391357 41.21434402 23.23538589
v 82.55602264 41.04705811 23.14735603
v 82.53292084 40.89671707 23.03370476
v 82.50523376 40.76736069 22.89748764
v 82.47370148 40.66247940 22.74237823
v 79.77172089 41.39406586 6.61048126
v 80.90000153 41.39406586 6.53495073
v 83.68693542 41.58139038 23.02600098
v 83.67675018 41.39406586 22.99666977
v 83.65664673 41.21434402 22.93879509
v 83.62718201 41.04705811 22.85393524
v 83.58913422 40.89671707 22.74437714
v 83.54354858 40.76736069 22.61306572
v 83.49162292 40.66247940 22.46354103
v 84.73182678 41.77126694 22.58292770
v 84.73182678 41.58139038 22.58292770
v 84.71781921 41.39406586 22.55521584
v 84.69019318 41.21434402 22.50053596
v 84.64967346 41.04705811 22.42036057
v 84.59737396 40.89671707 22.31684875
v 84.53467560 40.76736069 22.19278717
v 84.46328735 40.66247940 22.05151749
v 85.69076538 41.95858765 21.97893715
v 85.70834351 41.77126694 22.00453758
v 85.70834351 41.58139038 22.00453758
v 85.69076538 41.39406586 21.97893715
v 85.65608978 41.21434402 21.92842865
v 85.60525513 41.04705811 21.85436821
v 85.53961945 40.89671707 21.75875473
v 85.46095276 40.76736069 21.64415550
v 85.37137604 40.66247940 21.51366043
v 85.27329254 40.58489609 21.37078094
v 86.53713226 42.13831329 21.23268318
v 86.57821655 41.95858765 21.27812004
v 86.59905243 41.77126694 21.30115128
v 86.59905243 41.58139038 21.30115128
v 86.57821655 41.39406586 21.27812004
v 86.53713226 41.21434402 21.23268318
v 86.47686768 41.04705811 21.16605949
v 86.39907837 40.89671707 21.08004761
v 86.30583191 40.76736069 20.97695732
v 86.19966125 40.66247940 20.85956573
v 75.60033417 40.66247940 20.85956573
v 76.42861938 40.66247940 21.51366043
v 76.33904266 40.76736069 21.64415550
v 77.26531982 40.76736069 22.19278717
v 77.20262909 40.89671707 22.31684875
v 78.21086121 40.89671707 22.74437714
v 78.17282104 41.04705811 22.85393524
v 79.24397278 41.04705811 23.14735603
v 79.22608185 41.21434402 23.23538589
v 80.33868408 41.21434402 23.38501549
v 80.33459473 41.39406586 23.44614410
v 81.46540070 41.39406586 23.44614410
v 81.46746826 41.58139038 23.47712517
v 82.59230042 41.58139038 23.32585144
v 82.59230042 41.77126694 23.32585144
v 83.68693542 41.77126694 23.02600098
v 83.67675018 41.95858765 22.99666977
v 84.71781921 41.95858765 22.55521584
v 84.69019318 42.13831329 22.50053596
v 85.65608978 42.13831329 21.92842865
v 85.60525513 42.30559540 21.85436821
v 87.24896240 42.30559540 20.36771965
v 87.31756592 42.13831329 20.42571640
v 87.36435699 41.95858765 20.46526909
v 87.38806152 41.77126694 20.48531723
v 87.38806152 41.58139038 20.48531723
v 87.36435699 41.39406586 20.46526909
v 87.31756592 41.21434402 20.42571640
v 87.24896240 41.04705811 20.36771965
v 87.16040039 40.89671707 20.29284096
v 87.05425262 40.76736069 20.20309830
v 86.93338013 40.66247940 20.10090637
v 74.86661530 40.66247940 20.10090637
v 75.49416351 40.76736069 20.97695732
v 76.26038361 40.89671707 21.75875473
v 77.15032196 41.04705811 22.42036057
v 78.14334869 41.21434402 22.93879509
v 79.21388245 41.39406586 23.29542351
v 80.33252716 41.58139038 23.47712517
v 81.46746826 41.77126694 23.47712517
v 82.58612061 41.95858765 23.29542351
v 83.65664673 42.13831329 22.93879509
v 84.64967346 42.30559540 22.42036057
v 85.53961945 42.45593643 21.75875473
v 87.81001282 42.45593643 19.41118813
v 87.90776825 42.30559540 19.47359276
v 87.98348236 42.13831329 19.52192688
v 88.03511810 41.95858765 19.55489349
v 88.06129456 41.77126694 19.57159996
v 88.06129456 41.58139038 19.57159996
v 88.03511810 41.39406586 19.55489349
v 87.98348236 41.21434402 19.52192688
v 87.90776825 41.04705811 19.47359276
v 87.81001282 40.89671707 19.41118813
v 87.69284821 40.76736069 19.33639336
v 87.55943298 40.66247940 19.25122452
v 74.24056244 40.66247940 19.25122452
v 74.74574280 40.76736069 20.20309830
v 75.40091705 40.89671707 21.08004761
v 76.19474030 41.04705811 21.85436821
v 77.10980988 41.21434402 22.50053596
v 78.12325287 41.39406586 22.99666977
v 79.20769501 41.58139038 23.32585144
v 80.33252716 41.77126694 23.47712517
v 81.46540070 41.95858765 23.44614410
v 82.57391357 42.13831329 23.23538589
v 83.62718201 42.30559540 22.85393524
v 84.59737396 42.45593643 22.31684875
v 85.46095276 42.58529282 21.64415550
v 88.21022797 42.58529282 18.39230156
v 88.33631134 42.45593643 18.45081329
v 88.44151306 42.30559540 18.49963188
v 88.52299500 42.13831329 18.53744507
v 88.57856750 41.95858765 18.56323242
v 88.60672760 41.77126694 18.57630348
v 88.60672760 41.58139038 18.57630348
v 88.57856750 41.39406586 18.56323242
v 88.52299500 41.21434402 18.53744507
v 88.44151306 41.04705811 18.49963188
v 88.33631134 40.89671707 18.45081329
v 88.21022797 40.76736069 18.39230156
v 88.06664276 40.66247940 18.32567596
v 78.66357422 41.39406586 6.83572149
v 78.65537262 41.58139038 6.80577374
v 77.58321381 41.58139038 7.17806721
v 77.58321381 41.77126694 7.17806721
v 76.57024384 41.77126694 7.68994284
v 76.58606720 41.95858765 7.71665859
v 75.65378571 41.95858765 8.35663414
v 75.69174957 42.13831329 8.40471458
v 74.85915375 42.13831329 9.15775299
v 74.92372894 42.30559540 9.22020149
v 74.20668030 42.30559540 10.06833076
v 74.30004883 42.45593643 10.13712597
v 73.71078491 42.45593643 11.06020164
v 73.83267975 42.58529282 11.12700272
v 73.37951660 42.58529282 12.10354042
v 73.52722168 42.69017410 12.16042900
v 73.68894958 40.58489609 12.22271538
v 73.21453094 40.66247940 13.16845989
v 73.03897858 40.66247940 14.20917416
v 72.88150024 40.76736069 14.19333076
v 72.84552002 40.76736069 15.26928997
v 72.70660400 40.89671707 15.27393532
v 72.81621552 40.89671707 16.36356544
v 72.70185852 41.04705811 16.38285446
v 72.95932007 41.04705811 17.46322250
v 72.87352753 41.21434402 17.48983574
v 73.27700043 41.21434402 18.53744507
v 73.22142792 41.39406586 18.56323242
v 73.76487732 41.39406586 19.55489349
v 73.73870087 41.58139038 19.57159996
v 74.41193390 41.58139038 20.48531723
v 74.41193390 41.77126694 20.48531723
v 75.20094299 41.77126694 21.30115128
v 75.22177887 41.95858765 21.27812004
v 76.10923004 41.95858765 21.97893715
v 76.14390564 42.13831329 21.92842865
v 77.10980988 42.13831329 22.50053596
v 77.15032196 42.30559540 22.42036057
v 78.17282104 42.30559540 22.85393524
v 78.21086121 42.45593643 22.74437714
v 79.26707458 42.45593643 23.03370476
v 79.29476166 42.58529282 22.89748764
v 80.36171722 42.58529282 23.04097939
v 80.37229156 42.69017410 22.88305092
v 73.51954651 40.58489609 17.28943825
v 73.73335266 40.66247940 18.32567596
v 74.10714722 40.76736069 19.33639336
v 74.63959503 40.89671707 20.29284096
v 75.32312775 41.04705811 21.16605949
v 76.14390564 41.21434402 21.92842865
v 77.08217621 41.39406586 22.55521584
v 78.11306763 41.58139038 23.02600098
v 79.20769501 41.77126694 23.32585144
v 80.33459473 41.95858765 23.44614410
v 81.46131134 42.13831329 23.38501549
v 82.55602264 42.30559540 23.14735603
v 83.58913422 42.45593643 22.74437714
v 84.53467560 42.58529282 22.19278717
v 85.37137604 42.69017410 21.51366043
v 88.44596863 42.69017410 17.34078217
v 88.59714508 42.58529282 17.38767624
v 88.72990417 42.45593643 17.42885971
v 88.84067535 42.30559540 17.46322250
v 88.92647552 42.13831329 17.48983574
v 88.98498535 41.95858765 17.50798798
v 89.01464081 41.77126694 17.51718712
v 89.01464081 41.58139038 17.51718712
v 88.98498535 41.39406586 17.50798798
v 88.92647552 41.21434402 17.48983574
v 88.84067535 41.04705811 17.46322250
v 88.72990417 40.89671707 17.42885971
v 88.59714508 40.76736069 17.38767624
v 88.44596863 40.66247940 17.34078217
v 88.28044891 40.58489609 17.28943825
v 79.76757812 41.58139038 6.57970715
v 78.65537262 41.77126694 6.80577374
v 77.59532928 41.95858765 7.20665359
v 76.61729431 42.13831329 7.76937103
v 75.74742889 42.30559540 8.47521400
v 75.00709534 42.45593643 9.30082798
v 74.41195679 42.58529282 10.21957779
v 73.97148895 42.69017410 11.20307064
v 73.68894958 42.76776123 12.22271538
v 73.52722168 40.66247940 12.16042900
v 73.06055450 40.76736069 13.13176632
v 72.74319458 40.89671707 14.17941761
v 72.59068298 41.04705811 15.27781010
v 72.61327362 41.21434402 16.39779472
v 72.81501007 41.39406586 17.50798798
v 73.19326782 41.58139038 18.57630348
v 73.73870087 41.77126694 19.57159996
v 74.43564606 41.95858765 20.46526909
v 75.26286316 42.13831329 21.23268318
v 76.19474030 42.30559540 21.85436821
v 77.20262909 42.45593643 22.31684875
v 78.25644684 42.58529282 22.61306572
v 79.32629395 42.69017410 22.74237823
v 80.38386536 42.76776123 22.71013260
v 73.35402679 40.66247940 17.34078217
v 73.58977509 40.76736069 18.39230156
v 73.98999023 40.89671707 19.41118813
v 74.55103302 41.04705811 20.36771965
v 75.26286316 41.21434402 21.23268318
v 76.10923004 41.39406586 21.97893715
v 77.06816864 41.58139038 22.58292770
v 78.11306763 41.77126694 23.02600098
v 79.21388245 41.95858765 23.29542351
v 80.33868408 42.13831329 23.38501549
v 81.45531464 42.30559540 23.29538727
v 82.53292084 42.45593643 23.03370476
v 83.54354858 42.58529282 22.61306572
v 84.46328735 42.69017410 22.05151749
v 85.27329254 42.76776123 21.37078094
v 87.55943298 42.69017410 19.25122452
v 86.93338013 42.69017410 20.10090637
v 87.05425262 42.58529282 20.20309830
v 88.69063568 42.69017410 16.31411743
v 88.84671021 42.58529282 16.34044456
v 88.98377991 42.45593643 16.36356544
v 89.09813690 42.30559540 16.38285446
v 89.18672180 42.13831329 16.39779472
v 89.24713135 41.95858765 16.40798569
v 89.27774811 41.77126694 16.41315079
v 89.27774811 41.58139038 16.41315079
v 89.24713135 41.39406586 16.40798569
v 89.18672180 41.21434402 16.39779472
v 89.09813690 41.04705811 16.38285446
v 88.98377991 40.89671707 16.36356544
v 88.84671021 40.76736069 16.34044456
v 88.69063568 40.66247940 16.31411743
v 76.96199036 42.76776123 8.35134125
v 77.88330841 42.76776123 7.88577843
v 77.81565094 42.69017410 7.72622681
v 76.16423798 42.81595993 9.13442898
v 76.22477722 42.81595993 9.07968235
v 76.11095428 42.76776123 8.93554878
v 76.87367249 42.69017410 8.20223045
v 77.75386047 42.58529282 7.58050394
v 75.34536743 42.76776123 9.62797546
v 75.22079468 42.69017410 9.50749779
v 76.00354767 42.69017410 8.79953957
v 75.90544891 42.58529282 8.67531967
v 76.79300690 42.58529282 8.06604290
v 76.72217560 42.45593643 7.94644642
v 77.69959259 42.45593643 7.45253325
v 77.65431976 42.30559540 7.34575939
v 78.70349121 42.30559540 6.98144722
v 78.67975616 42.13831329 6.89480925
v 79.77988434 42.13831329 6.67119884
v 79.77172089 41.95858765 6.61048126
v 80.90000153 41.95858765 6.53495073
v 80.90000153 41.77126694 6.50390053
v 73.21141815 42.76776123 14.22652149
v 73.38311768 42.76776123 13.20863533
v 73.21453094 42.69017410 13.16845989
v 73.89054871 42.76776123 18.25272751
v 73.51954651 42.76776123 17.28943825
v 73.35402679 42.69017410 17.34078217
v 73.10935974 42.69017410 16.31411743
v 72.95328522 42.58529282 16.34044456
v 72.84552002 42.58529282 15.26928997
v 72.70660400 42.45593643 15.27393532
v 72.74319458 42.45593643 14.17941761
v 72.62779999 42.30559540 14.16780853
v 72.81253052 42.30559540 13.07265759
v 72.72514343 42.13831329 13.05183315
v 73.05774689 42.13831329 11.97961426
v 73.00057983 41.95858765 11.95759487
v 73.47657776 41.95858765 10.93185139
v 73.44934082 41.77126694 10.91692924
v 74.06004333 41.77126694 9.96028614
v 74.06004333 41.58139038 9.96028614
v 74.79280090 41.58139038 9.09357643
v 74.81512451 41.39406586 9.11516094
v 75.65378571 41.39406586 8.35663414
v 75.69174957 41.21434402 8.40471458
v 76.61729431 41.21434402 7.76937103
v 76.66307068 41.04705811 7.84666109
v 77.65431976 41.04705811 7.34575939
v 77.69959259 40.89671707 7.45253325
v 78.73413086 40.89671707 7.09330368
v 78.77085114 40.76736069 7.22736549
v 79.84693909 40.66247940 7.16979980
v 80.90000153 40.58489609 7.27260923
v 78.85845947 40.58489609 7.54716969
v 77.81565094 40.66247940 7.72622681
v 76.87367249 40.66247940 8.20223045
v 76.79300690 40.76736069 8.06604290
v 75.90544891 40.76736069 8.67531967
v 75.81930542 40.89671707 8.56623268
v 75.00709534 40.89671707 9.30082798
v 74.92372894 41.04705811 9.22020149
v 74.20668030 41.04705811 10.06833076
v 74.13436127 41.21434402 10.01504517
v 73.53030396 41.21434402 10.96129417
v 73.47657776 41.39406586 10.93185139
v 73.00057983 41.39406586 11.95759487
v 72.97160339 41.58139038 11.94643593
v 72.63534546 41.58139038 13.03043175
v 72.63534546 41.77126694 13.03043175
v 72.44657135 41.77126694 14.14957619
v 72.47746277 41.95858765 14.15268517
v 72.43967438 41.95858765 15.28285885
v 72.50090790 42.13831329 15.28081226
v 72.61327362 42.13831329 16.39779472
v 72.70185852 42.30559540 16.38285446
v 72.95932007 42.30559540 17.46322250
v 73.07009125 42.45593643 17.42885971
v 73.46368408 42.45593643 18.45081329
v 73.58977509 42.58529282 18.39230156
v 74.10714722 42.58529282 19.33639336
v 74.24056244 42.69017410 19.25122452
v 74.86661530 42.69017410 20.10090637
v 74.99896240 42.76776123 19.98901749
v 75.71658325 42.76776123 20.73103523
v 76.00354767 40.66247940 8.79953957
v 75.10701752 40.76736069 9.39745998
v 74.30004883 40.89671707 10.13712597
v 73.60907745 41.04705811 11.00446510
v 73.05774689 41.21434402 11.97961426
v 72.66555023 41.39406586 13.03763103
v 72.44657135 41.58139038 14.14957619
v 72.40864563 41.77126694 15.28389645
v 72.55286407 41.95858765 16.40798569
v 72.87352753 42.13831329 17.48983574
v 73.35848236 42.30559540 18.49963188
v 73.98999023 42.45593643 19.41118813
v 74.74574280 42.58529282 20.20309830
v 75.60033417 42.69017410 20.85956573
v 76.52670288 42.76776123 21.37078094
v 76.63064575 42.81595993 21.21936798
v 76.67745972 42.81595993 21.24709320
v 76.11095428 40.58489609 8.93554878
v 75.22079468 40.66247940 9.50749779
v 74.53938293 40.66247940 10.31346798
v 74.41195679 40.76736069 10.21957779
v 73.83267975 40.76736069 11.12700272
v 73.71078491 40.89671707 11.06020164
v 73.24980164 40.89671707 12.05358315
v 73.14157104 41.04705811 12.01190090
v 72.81253052 41.04705811 13.07265759
v 72.72514343 41.21434402 13.05183315
v 72.53842163 41.21434402 14.15881729
v 72.47746277 41.39406586 14.15268517
v 72.43967438 41.39406586 15.28285885
v 72.40864563 41.58139038 15.28389645
v 72.52224731 41.58139038 16.41315079
v 72.52224731 41.77126694 16.41315079
v 72.78535461 41.77126694 17.51718712
v 72.81501007 41.95858765 17.50798798
v 73.22142792 41.95858765 18.56323242
v 73.27700043 42.13831329 18.53744507
v 73.81651306 42.13831329 19.52192688
v 73.89222717 42.30559540 19.47359276
v 74.55103302 42.30559540 20.36771965
v 74.63959503 42.45593643 20.29284096
v 75.40091705 42.45593643 21.08004761
v 75.49416351 42.58529282 20.97695732
v 76.33904266 42.58529282 21.64415550
v 76.42861938 42.69017410 21.51366043
v 77.33670807 42.69017410 22.05151749
v 77.41487122 42.76776123 21.89684105
v 82.43918610 42.76776123 22.57254791
v 81.41613007 42.76776123 22.71013260
v 81.42771149 42.69017410 22.88305092
v 86.80104065 42.76776123 19.98901749
v 87.41335297 42.76776123 19.15797234
v 87.90944672 42.76776123 18.25272751
v 88.11134338 42.81595993 17.20856476
v 88.10504150 42.81595993 17.23502350
v 88.28044891 42.76776123 17.28943825
v 88.06664276 42.69017410 18.32567596
v 87.69284821 42.58529282 19.33639336
v 87.16040039 42.45593643 20.29284096
v 80.90000153 42.13831329 6.59621620
v 79.79186249 42.30559540 6.76022768
v 80.90000153 42.30559540 6.68604565
v 79.80731964 42.45593643 6.87516928
v 80.90000153 42.45593643 6.80202246
v 79.82584381 42.58529282 7.01292992
v 80.90000153 42.58529282 6.94102335
v 79.84693909 42.69017410 7.16979980
v 80.90000153 42.69017410 7.09930611
v 80.90000153 42.76776123 7.27260923
v 80.90000153 42.81595993 7.45626688
v 78.73413086 42.45593643 7.09330368
v 78.77085114 42.58529282 7.22736549
v 78.81267548 42.69017410 7.38002396
v 78.85845947 42.76776123 7.54716969
v 78.90697479 42.81595993 7.72430182
v 78.39237213 42.81595993 7.90299273
v 77.05558777 42.81595993 8.50936031
v 77.22561646 42.81595993 8.42343807
v 77.95500946 42.81595993 8.05486298
v 75.47738647 42.81595993 9.75565434
v 75.24885559 42.81595993 10.02596092
v 74.53938293 42.69017410 10.31346798
v 75.10701752 42.58529282 9.39745998
v 75.81930542 42.45593643 8.56623268
v 76.66307068 42.30559540 7.84666109
v 77.61925507 42.13831329 7.26305723
v 78.66357422 41.95858765 6.83572149
v 79.76757812 41.77126694 6.57970715
v 80.90000153 41.58139038 6.50390053
v 73.86032867 42.81595993 12.28872299
v 73.56176758 42.81595993 13.25121021
v 73.43137360 42.81595993 15.95677948
v 73.36048126 42.81595993 15.25207329
v 73.17691803 42.76776123 15.25821018
v 73.03897858 42.69017410 14.20917416
v 73.06055450 42.58529282 13.13176632
v 73.24980164 42.45593643 12.05358315
v 73.60907745 42.30559540 11.00446510
v 74.13436127 42.13831329 10.01504517
v 74.81512451 41.95858765 9.11516094
v 75.63453674 41.77126694 8.33226681
v 76.57024384 41.58139038 7.68994284
v 77.59532928 41.39406586 7.20665359
v 78.67975616 41.21434402 6.89480925
v 79.79186249 41.04705811 6.76022768
v 80.90000153 40.89671707 6.80202246
v 73.37959290 42.81595993 14.68038750
v 73.39414978 42.81595993 14.24490452
v 73.53460693 42.81595993 13.41221428
v 73.00371552 42.69017410 15.26400089
v 72.88150024 42.58529282 14.19333076
v 72.92534637 42.45593643 13.09954357
v 73.14157104 42.30559540 12.01190090
v 73.53030396 42.13831329 10.96129417
v 74.08504486 41.95858765 9.97870445
v 74.79280090 41.77126694 9.09357643
v 75.63453674 41.58139038 8.33226681
v 76.58606720 41.39406586 7.71665859
v 77.61925507 41.21434402 7.26305723
v 78.70349121 41.04705811 6.98144722
v 79.80731964 40.89671707 6.87516928
v 74.84841156 42.81595993 19.47576714
v 74.54144287 42.81595993 19.05914879
v 74.38664246 42.76776123 19.15797234
v 73.73335266 42.69017410 18.32567596
v 73.20285034 42.58529282 17.38767624
v 72.81621552 42.45593643 16.36356544
v 72.59068298 42.30559540 15.27781010
v 72.53842163 42.13831329 14.15881729
v 72.66555023 41.95858765 13.03763103
v 72.97160339 41.77126694 11.94643593
v 73.44934082 41.58139038 10.91692924
v 74.08504486 41.39406586 9.97870445
v 74.85915375 41.21434402 9.15775299
v 75.74742889 41.04705811 8.47521400
v 76.72217560 40.89671707 7.94644642
v 77.75386047 40.76736069 7.58050394
v 78.81267548 40.66247940 7.38002396
v 74.17488098 42.81595993 18.39025688
v 74.05714417 42.81595993 18.17541885
v 73.69496155 42.81595993 17.23502350
v 75.83978271 42.81595993 20.59482384
v 75.68840790 42.81595993 20.43830681
v 75.13920593 42.81595993 19.87044334
v 77.49769592 42.81595993 21.73292351
v 77.79849243 42.81595993 21.86046982
v 78.30837250 42.69017410 22.46354103
v 77.26531982 42.58529282 22.19278717
v 76.26038361 42.45593643 21.75875473
v 75.32312775 42.30559540 21.16605949
v 74.48243713 42.13831329 20.42571640
v 73.76487732 41.95858765 19.55489349
v 73.19326782 41.77126694 18.57630348
v 72.78535461 41.58139038 17.51718712
v 72.55286407 41.39406586 16.40798569
v 72.50090790 41.21434402 15.28081226
v 72.62779999 41.04705811 14.16780853
v 72.92534637 40.89671707 13.09954357
v 73.37951660 40.76736069 12.10354042
v 73.97148895 40.66247940 11.20307064
v 74.67890167 40.58489609 10.41626740
v 80.39613342 42.81595993 22.52688599
v 81.40386963 42.81595993 22.52688599
v 84.00150299 42.81595993 21.86046982
v 83.37452698 42.81595993 22.12633133
v 83.43477631 42.76776123 22.29982567
v 82.47370148 42.69017410 22.74237823
v 81.43827820 42.58529282 23.04097939
v 80.35243225 42.45593643 23.17966843
v 79.24397278 42.30559540 23.14735603
v 78.14334869 42.13831329 22.93879509
v 77.08217621 41.95858765 22.55521584
v 76.09165192 41.77126694 22.00453758
v 75.20094299 41.58139038 21.30115128
v 74.43564606 41.39406586 20.46526909
v 73.81651306 41.21434402 19.52192688
v 73.35848236 41.04705811 18.49963188
v 73.07009125 40.89671707 17.42885971
v 72.95328522 40.76736069 16.34044456
v 73.00371552 40.66247940 15.26400089
v 82.79656219 42.81595993 22.28465271
v 82.40260315 42.81595993 22.39256859
v 81.53869629 42.81595993 22.50875092
v 83.49162292 42.69017410 22.46354103
v 82.50523376 42.58529282 22.89748764
v 81.44756317 42.45593643 23.17966843
v 80.34468079 42.30559540 23.29538727
v 79.22608185 42.13831329 23.23538589
v 78.12325287 41.95858765 22.99666977
v 77.06816864 41.77126694 22.58292770
v 76.09165192 41.58139038 22.00453758
v 75.22177887 41.39406586 21.27812004
v 74.48243713 41.21434402 20.42571640
v 73.89222717 41.04705811 19.47359276
v 73.46368408 40.89671707 18.45081329
v 73.20285034 40.76736069 17.38767624
v 73.10935974 40.66247940 16.31411743
v 85.16934967 42.81595993 21.21936798
v 86.47686768 42.30559540 21.16605949
v 86.39907837 42.45593643 21.08004761
v 86.30583191 42.58529282 20.97695732
v 86.19966125 42.69017410 20.85956573
v 86.66078949 42.81595993 19.87044334
v 87.74285126 42.81595993 18.17541885
v 87.62511444 42.81595993 18.39025688
v 87.25855255 42.81595993 19.05914879
v 86.95158386 42.81595993 19.47576714
v 88.79627991 40.66247940 15.26400089
v 88.95447540 40.76736069 15.26928997
v 89.09339142 40.89671707 15.27393532
v 89.20931244 41.04705811 15.27781010
v 89.29908752 41.21434402 15.28081226
v 89.36032104 41.39406586 15.28285885
v 89.39134979 41.58139038 15.28389645
v 89.39134979 41.77126694 15.28389645
v 89.36032104 41.95858765 15.28285885
v 89.29908752 42.13831329 15.28081226
v 89.20931244 42.30559540 15.27781010
v 89.09339142 42.45593643 15.27393532
v 88.95447540 42.58529282 15.26928997
v 88.79627991 42.69017410 15.26400089
v 88.62307739 42.76776123 15.25821018
v 88.43951416 42.81595993 15.25207329
v 88.58857727 42.76776123 14.22652149
v 88.40584564 42.81595993 14.24490452
v 88.42040253 42.81595993 14.68038750
v 88.76101685 40.66247940 14.20917416
v 88.91850281 40.76736069 14.19333076
v 89.05680847 40.89671707 14.17941761
v 89.17220306 41.04705811 14.16780853
v 89.26157379 41.21434402 14.15881729
v 89.32254028 41.39406586 14.15268517
v 89.35342407 41.58139038 14.14957619
v 89.35342407 41.77126694 14.14957619
v 89.32254028 41.95858765 14.15268517
v 89.26157379 42.13831329 14.15881729
v 89.17220306 42.30559540 14.16780853
v 89.05680847 42.45593643 14.17941761
v 88.91850281 42.58529282 14.19333076
v 88.76101685 42.69017410 14.20917416
v 88.41688538 42.76776123 13.20863533
v 88.23823547 42.81595993 13.25121021
v 88.26538849 42.81595993 13.41221428
v 88.58546448 40.66247940 13.16845989
v 88.73944092 40.76736069 13.13176632
v 88.87465668 40.89671707 13.09954357
v 88.98747253 41.04705811 13.07265759
v 89.07485199 41.21434402 13.05183315
v 89.13444519 41.39406586 13.03763103
v 89.16464996 41.58139038 13.03043175
v 89.16464996 41.77126694 13.03043175
v 89.13444519 41.95858765 13.03763103
v 89.07485199 42.13831329 13.05183315
v 88.98747253 42.30559540 13.07265759
v 88.87465668 42.45593643 13.09954357
v 88.73944092 42.58529282 13.13176632
v 88.58546448 42.69017410 13.16845989
v 88.27277374 40.66247940 12.16042900
v 88.42047882 40.76736069 12.10354042
v 88.55019379 40.89671707 12.05358315
v 88.65842438 41.04705811 12.01190090
v 88.74224854 41.21434402 11.97961426
v 88.79941559 41.39406586 11.95759487
v 88.82839203 41.58139038 11.94643593
v 88.82839203 41.77126694 11.94643593
v 88.79941559 41.95858765 11.95759487
v 88.74224854 42.13831329 11.97961426
v 88.65842438 42.30559540 12.01190090
v 88.55019379 42.45593643 12.05358315
v 88.42047882 42.58529282 12.10354042
v 88.27277374 42.69017410 12.16042900
v 87.82850647 40.66247940 11.20307064
v 87.96731567 40.76736069 11.12700272
v 88.08921051 40.89671707 11.06020164
v 88.19091797 41.04705811 11.00446510
v 88.26969910 41.21434402 10.96129417
v 88.32342529 41.39406586 10.93185139
v 88.35065460 41.58139038 10.91692924
v 88.35065460 41.77126694 10.91692924
v 88.32342529 41.95858765 10.93185139
v 88.26969910 42.13831329 10.96129417
v 88.19091797 42.30559540 11.00446510
v 88.08921051 42.45593643 11.06020164
v 87.96731567 42.58529282 11.12700272
v 87.82850647 42.69017410 11.20307064
v 87.26061249 40.66247940 10.31346798
v 87.38803864 40.76736069 10.21957779
v 87.49994659 40.89671707 10.13712597
v 87.59331512 41.04705811 10.06833076
v 87.66563416 41.21434402 10.01504517
v 87.71495819 41.39406586 9.97870445
v 87.73995209 41.58139038 9.96028614
v 87.73995209 41.77126694 9.96028614
v 87.71495819 41.95858765 9.97870445
v 87.66563416 42.13831329 10.01504517
v 87.59331512 42.30559540 10.06833076
v 87.49994659 42.45593643 10.13712597
v 87.38803864 42.58529282 10.21957779
v 87.26061249 42.69017410 10.31346798
v 87.12109375 42.76776123 10.41626740
v 86.97323608 42.81595993 10.52520943
v 86.45462799 42.76776123 9.62797546
v 86.32261658 42.81595993 9.75565434
v 86.55114746 42.81595993 10.02596092
v 86.57920074 40.66247940 9.50749779
v 86.69297791 40.76736069 9.39745998
v 86.79290009 40.89671707 9.30082798
v 86.87626648 41.04705811 9.22020149
v 86.94084167 41.21434402 9.15775299
v 86.98487091 41.39406586 9.11516094
v 87.00719452 41.58139038 9.09357643
v 87.00719452 41.77126694 9.09357643
v 86.98487091 41.95858765 9.11516094
v 86.94084167 42.13831329 9.15775299
v 86.87626648 42.30559540 9.22020149
v 86.79290009 42.45593643 9.30082798
v 86.69297791 42.58529282 9.39745998
v 86.57920074 42.69017410 9.50749779
v 85.68904877 42.76776123 8.93554878
v 85.57522583 42.81595993 9.07968235
v 85.63575745 42.81595993 9.13442898
v 85.79645538 40.66247940 8.79953957
v 85.89454651 40.76736069 8.67531967
v 85.98069000 40.89671707 8.56623268
v 86.05256653 41.04705811 8.47521400
v 86.10824585 41.21434402 8.40471458
v 86.14620972 41.39406586 8.35663414
v 86.16545868 41.58139038 8.33226681
v 86.16545868 41.77126694 8.33226681
v 86.14620972 41.95858765 8.35663414
v 86.10824585 42.13831329 8.40471458
v 86.05256653 42.30559540 8.47521400
v 85.98069000 42.45593643 8.56623268
v 85.89454651 42.58529282 8.67531967
v 85.79645538 42.69017410 8.79953957
v 84.92632294 40.66247940 8.20223045
v 85.00698853 40.76736069 8.06604290
v 85.07781982 40.89671707 7.94644642
v 85.13692474 41.04705811 7.84666109
v 85.18270111 41.21434402 7.76937103
v 85.21392822 41.39406586 7.71665859
v 85.22975159 41.58139038 7.68994284
v 85.22975159 41.77126694 7.68994284
v 85.21392822 41.95858765 7.71665859
v 85.18270111 42.13831329 7.76937103
v 85.13692474 42.30559540 7.84666109
v 85.07781982 42.45593643 7.94644642
v 85.00698853 42.58529282 8.06604290
v 84.92632294 42.69017410 8.20223045
v 83.98434448 40.66247940 7.72622681
v 84.04614258 40.76736069 7.58050394
v 84.10040283 40.89671707 7.45253325
v 84.14568329 41.04705811 7.34575939
v 84.18074036 41.21434402 7.26305723
v 84.20466614 41.39406586 7.20665359
v 84.21678162 41.58139038 7.17806721
v 84.21678162 41.77126694 7.17806721
v 84.20466614 41.95858765 7.20665359
v 84.18074036 42.13831329 7.26305723
v 84.14568329 42.30559540 7.34575939
v 84.10040283 42.45593643 7.45253325
v 84.04614258 42.58529282 7.58050394
v 83.98434448 42.69017410 7.72622681
v 82.98731995 40.66247940 7.38002396
v 83.02914429 40.76736069 7.22736549
v 83.06586456 40.89671707 7.09330368
v 83.09650421 41.04705811 6.98144722
v 83.12023926 41.21434402 6.89480925
v 83.13642120 41.39406586 6.83572149
v 83.14463043 41.58139038 6.80577374
v 83.14463043 41.77126694 6.80577374
v 83.13642120 41.95858765 6.83572149
v 83.12023926 42.13831329 6.89480925
v 83.09650421 42.30559540 6.98144722
v 83.06586456 42.45593643 7.09330368
v 83.02914429 42.58529282 7.22736549
v 82.98731995 42.69017410 7.38002396
v 82.94153595 42.76776123 7.54716969
v 82.89302063 42.81595993 7.72430182
v 81.92996216 42.76776123 7.34155655
v 81.90547943 42.81595993 7.52357578
v 82.17224884 42.81595993 7.57779884
v 81.95305634 40.66247940 7.16979980
v 81.97415924 40.76736069 7.01292992
v 81.99267578 40.89671707 6.87516928
v 82.00814056 41.04705811 6.76022768
v 82.02011108 41.21434402 6.67119884
v 82.02827454 41.39406586 6.61048126
v 82.03241730 41.58139038 6.57970715
v 82.03241730 41.77126694 6.57970715
v 82.02827454 41.95858765 6.61048126
v 82.02011108 42.13831329 6.67119884
v 82.00814056 42.30559540 6.76022768
v 81.99267578 42.45593643 6.87516928
v 81.97415924 42.58529282 7.01292992
v 81.95305634 42.69017410 7.16979980
v 80.90000153 43.00000000 8.50000000
v 79.90777588 43.00000000 8.57617664
v 79.80316925 43.00000000 8.60065556
v 78.93881226 43.00000000 8.80292225
v 78.73941803 43.00000000 8.88328648
v 78.01581573 43.00000000 9.17492294
v 77.73852539 43.00000000 9.33977795
v 77.16042328 43.00000000 9.68345833
v 76.82847595 43.00000000 9.95721340
v 76.39268494 43.00000000 10.31660938
v 76.03477478 43.00000000 10.71821976
v 75.73059082 43.00000000 11.05953407
v 75.37965393 43.00000000 11.60145283
v 75.18966675 43.00000000 11.89482117
v 74.88153076 43.00000000 12.58217621
v 74.78258514 43.00000000 12.80288982
v 74.55448914 43.00000000 13.63294697
v 74.51889801 43.00000000 13.76245689
v 74.40784454 43.00000000 14.72436142
v 74.40476990 43.00000000 14.75103188
v 74.44288635 43.00000000 15.74544239
v 74.45822906 43.00000000 15.82453442
v 74.63235474 43.00000000 16.72237968
v 74.69593048 43.00000000 16.89939117
v 74.96872711 43.00000000 17.65894508
v 75.10997772 43.00000000 17.91871071
v 75.44412231 43.00000000 18.53318977
v 75.68864441 43.00000000 18.85396767
v 76.04740906 43.00000000 19.32461548
v 76.41561127 43.00000000 19.67898178
v 76.76441956 43.00000000 20.01467896
v 77.27048492 43.00000000 20.37063599
v 77.57838440 43.00000000 20.58720207
v 78.22931671 43.00000000 20.90950394
v 78.47018433 43.00000000 21.02876472
v 79.26526642 43.00000000 21.28038406
v 79.41895294 43.00000000 21.32901955
v 80.34935760 43.00000000 21.47273064
v 80.40242767 43.00000000 21.48092651
v 81.39756775 43.00000000 21.48092651
v 81.45063782 43.00000000 21.47273064
v 82.38105011 43.00000000 21.32901955
v 82.53472900 43.00000000 21.28038406
v 83.32981110 43.00000000 21.02876472
v 83.57067871 43.00000000 20.90950394
v 84.22161865 43.00000000 20.58720207
v 84.52951050 43.00000000 20.37063599
v 85.03557587 43.00000000 20.01467896
v 85.38438416 43.00000000 19.67898178
v 85.75259399 43.00000000 19.32461548
v 86.11135101 43.00000000 18.85396767
v 86.35587311 43.00000000 18.53318977
v 86.69001770 43.00000000 17.91871071
v 86.83126831 43.00000000 17.65894508
v 87.10406494 43.00000000 16.89939117
v 87.16764069 43.00000000 16.72237968
v 87.34177399 43.00000000 15.82453442
v 87.35710907 43.00000000 15.74544239
v 87.39522552 43.00000000 14.75103188
v 87.39215088 43.00000000 14.72436142
v 87.28109741 43.00000000 13.76245689
v 87.24550629 43.00000000 13.63294697
v 87.01741028 43.00000000 12.80288982
v 86.91846466 43.00000000 12.58217621
v 86.61032867 43.00000000 11.89482117
v 86.42034149 43.00000000 11.60145283
v 86.06940460 43.00000000 11.05953407
v 85.76522064 43.00000000 10.71821976
v 85.40731049 43.00000000 10.31660938
v 84.97151947 43.00000000 9.95721340
v 84.63957214 43.00000000 9.68345833
v 84.06147003 43.00000000 9.33977795
v 83.78417969 43.00000000 9.17492294
v 83.06057739 43.00000000 8.88328648
v 82.86118317 43.00000000 8.80292225
v 81.99682617 43.00000000 8.60065556
v 81.89221954 43.00000000 8.57617664
v 85.01672363 46.00000000 11.37695503
v 85.27410889 46.00000000 11.66576004
v 85.61521149 45.32053375 11.40575218
v 85.57106018 46.00000000 12.12430573
v 85.73181915 46.00000000 12.37254047
v 86.10861206 45.32053375 12.16764832
v 85.99254608 46.00000000 12.95414925
v 86.07626343 46.00000000 13.14090633
v 86.47991943 45.32053375 12.99593258
v 86.26927948 46.00000000 13.84326267
v 86.29940033 46.00000000 13.95284843
v 86.72044373 45.32053375 13.87119007
v 84.69448090 46.00000000 18.95913887
v 84.39933777 46.00000000 19.24319077
v 84.67221069 45.32053375 19.57407951
v 83.97113037 46.00000000 19.54438591
v 83.71060181 46.00000000 19.72763252
v 83.92977905 45.32053375 20.09629822
v 83.15980530 46.00000000 20.00034714
v 82.95599365 46.00000000 20.10126495
v 83.11632538 45.32053375 20.49906540
v 82.28322601 46.00000000 20.31417274
v 82.15319061 46.00000000 20.35532570
v 82.25091553 45.32053375 20.77293968
v 76.49038696 46.00000000 18.26104927
v 76.28349304 46.00000000 17.98962021
v 75.92348480 45.32053375 18.22275543
v 76.00074768 46.00000000 17.46967888
v 75.88122559 46.00000000 17.24987602
v 75.48985291 45.32053375 17.42532539
v 75.65039825 46.00000000 16.60717773
v 75.59660339 46.00000000 16.45739746
v 75.18304443 45.32053375 16.57104683
v 77.45486450 46.00000000 10.73302650
v 77.73574066 46.00000000 10.50138855
v 77.48899841 45.32053375 10.15058136
v 78.22490692 46.00000000 10.21058083
v 78.45954132 46.00000000 10.07108974
v 78.26922607 45.32053375 9.68672752
v 86.55361176 43.80091095 11.92566395
v 86.01805878 43.80091095 11.09867382
v 85.86534119 44.58113861 11.21508121
v 84.18862152 43.80091095 20.53170586
v 84.99449158 43.80091095 19.96487045
v 84.87232971 44.58113861 19.81672859
v 75.02763367 43.80091095 17.63253403
v 75.49831390 43.80091095 18.49809456
v 75.65949249 44.58113861 18.39371681
v 78.04446411 43.80091095 9.23278141
v 77.19757080 43.80091095 9.73626614
v 77.30804443 44.58113861 9.89332581
v 81.88236237 43.80091095 8.63998318
v 86.95664978 43.80091095 12.82471371
v 87.21772003 43.80091095 13.77474976
v 87.33071136 43.80091095 14.75350475
v 87.10539246 43.80091095 16.70527077
v 83.30567169 43.80091095 20.96888351
v 82.36633301 43.80091095 21.26615524
v 81.39262390 43.80091095 21.41655350
v 79.43366241 43.80091095 21.26615524
v 74.69460297 43.80091095 16.70527077
v 74.50701904 43.80091095 15.73803806
v 74.58227539 43.80091095 13.77474976
v 78.95829773 43.80091095 8.86447716
v 79.91763306 43.80091095 8.63998318
v 76.43746185 43.80091095 10.36312771
v 75.78194427 43.80091095 11.09867382
v 75.24638367 43.80091095 11.92566395
v 74.84334564 43.80091095 12.82471371
v 76.80550385 43.80091095 19.96487045
v 77.61137390 43.80091095 20.53170586
v 78.49432373 43.80091095 20.96888351
v 85.70439148 43.80091095 19.28166199
v 86.30168152 43.80091095 18.49809456
v 86.77236176 43.80091095 17.63253403
v 85.36254120 43.80091095 10.36312771
v 84.60242462 43.80091095 9.73626614
v 83.75553131 43.80091095 9.23278141
v 82.84170532 43.80091095 8.86447716
v 80.90000153 43.80091095 8.56456280
v 76.78871155 45.32053375 10.72810173
v 76.57061005 44.58113861 10.50148392
v 76.47376251 45.32053375 18.94464684
v 76.23895264 44.58113861 19.15390396
v 76.09560394 43.80091095 19.28166199
v 85.32623291 45.32053375 18.94464684
v 85.56104279 44.58113861 19.15390396
v 85.01129150 45.32053375 10.72810173
v 85.22939301 44.58113861 10.50148392
v 81.85305786 44.58113861 8.82975388
v 80.90000153 44.58113861 8.75658321
v 79.94694519 44.58113861 8.82975388
v 74.97545624 45.32053375 14.77290726
v 75.07955170 45.32053375 13.87119007
v 74.77078247 44.58113861 13.81130886
v 75.44926453 46.00000000 15.69768238
v 75.43628693 46.00000000 15.63075924
v 75.01021576 45.32053375 15.67994595
v 74.66116333 44.58113861 14.76085949
v 80.44614410 45.32053375 20.91149902
v 79.54907990 45.32053375 20.77293968
v 79.47741699 44.58113861 21.07918549
v 81.36592865 46.00000000 20.47692680
v 81.32101440 46.00000000 20.48386192
v 81.35385132 45.32053375 20.91149902
v 80.42206573 44.58113861 21.22509575
v 86.78977966 45.32053375 15.67994595
v 86.61695862 45.32053375 16.57104683
v 86.92023468 44.58113861 16.65438843
v 86.39335632 46.00000000 14.76676750
v 86.39596558 46.00000000 14.78933430
v 86.82454681 45.32053375 14.77290726
v 87.10221863 44.58113861 15.71601677
v 81.80504608 45.32053375 9.14058781
v 80.90000153 45.32053375 9.07110310
v 79.99495697 45.32053375 9.14058781
v 79.11112976 45.32053375 9.34741116
v 79.07182312 46.00000000 9.82431889
v 79.01622772 44.58113861 9.04754925
v 78.12966919 44.58113861 9.40486431
v 77.08612061 46.00000000 11.03713131
v 76.18478394 45.32053375 11.40575218
v 76.52588654 46.00000000 11.66576004
v 76.78327179 46.00000000 11.37695503
v 75.93465424 44.58113861 11.21508121
v 75.69138336 45.32053375 12.16764832
v 76.06817627 46.00000000 12.37254047
v 76.22893524 46.00000000 12.12430573
v 75.41508484 44.58113861 12.01739502
v 75.32008362 45.32053375 12.99593258
v 75.72373199 46.00000000 13.14090633
v 75.80744934 46.00000000 12.95414925
v 75.02407074 44.58113861 12.88961983
v 75.53071594 46.00000000 13.84326267
v 75.40402985 46.00000000 14.78933430
v 75.40663910 46.00000000 14.76676750
v 75.50060272 46.00000000 13.95284843
v 74.69777679 44.58113861 15.71601677
v 74.46928406 43.80091095 14.75350475
v 74.87976837 44.58113861 16.65438843
v 75.20285797 44.58113861 17.55398560
v 76.79395294 46.00000000 18.65929222
v 77.12778473 45.32053375 19.57407951
v 77.40066528 46.00000000 19.24319077
v 77.10551453 46.00000000 18.95913887
v 76.92766571 44.58113861 19.81672859
v 77.87021637 45.32053375 20.09629822
v 78.08939362 46.00000000 19.72763252
v 77.82887268 46.00000000 19.54438591
v 77.70949554 44.58113861 20.36664963
v 78.68367767 45.32053375 20.49906540
v 78.84400177 46.00000000 20.10126495
v 78.64019012 46.00000000 20.00034714
v 78.56610107 44.58113861 20.79078293
v 79.51676941 46.00000000 20.31417274
v 80.47898102 46.00000000 20.48386192
v 80.43406677 46.00000000 20.47692680
v 79.64680481 46.00000000 20.35532570
v 81.37792969 44.58113861 21.22509575
v 80.40737152 43.80091095 21.41655350
v 82.32258606 44.58113861 21.07918549
v 83.23389435 44.58113861 20.79078293
v 84.09049988 44.58113861 20.36664963
v 85.00604248 46.00000000 18.65929222
v 85.87651062 45.32053375 18.22275543
v 85.51650238 46.00000000 17.98962021
v 85.30960846 46.00000000 18.26104927
v 86.14050293 44.58113861 18.39371681
v 86.31014252 45.32053375 17.42532539
v 85.91876984 46.00000000 17.24987602
v 85.79924774 46.00000000 17.46967888
v 86.59713745 44.58113861 17.55398560
v 86.14959717 46.00000000 16.60717773
v 86.36370850 46.00000000 15.63075924
v 86.35073090 46.00000000 15.69768238
v 86.20339966 46.00000000 16.45739746
v 87.13883209 44.58113861 14.76085949
v 87.29297638 43.80091095 15.73803806
v 87.02921295 44.58113861 13.81130886
v 86.77593231 44.58113861 12.88961983
v 86.38491821 44.58113861 12.01739502
v 84.71387482 46.00000000 11.03713131
v 84.31100464 45.32053375 10.15058136
v 84.06425476 46.00000000 10.50138855
v 84.34513092 46.00000000 10.73302650
v 84.49195099 44.58113861 9.89332581
v 83.53076935 45.32053375 9.68672752
v 83.34046173 46.00000000 10.07108974
v 83.57508850 46.00000000 10.21058083
v 83.67032623 44.58113861 9.40486431
v 82.68886566 45.32053375 9.34741116
v 82.55945587 46.00000000 9.75631905
v 82.72817993 46.00000000 9.82431889
v 82.78376770 44.58113861 9.04754925
v 81.82808685 46.00000000 9.58517075
v 79.24053955 46.00000000 9.75631905
v 79.97190857 46.00000000 9.58517075
v 80.06043243 46.00000000 9.56445789
v 80.90000153 46.00000000 9.50000000
v 81.73957062 46.00000000 9.56445789
v 81.73957062 48.00000000 9.56445789
v 80.90000153 48.00000000 9.50000000
v 80.06043243 48.00000000 9.56445789
v 79.97190857 48.00000000 9.58517075
v 79.24053955 48.00000000 9.75631905
v 79.07182312 48.00000000 9.82431889
v 78.45954132 48.00000000 10.07108974
v 78.22490692 48.00000000 10.21058083
v 77.73574066 48.00000000 10.50138855
v 77.45486450 48.00000000 10.73302650
v 77.08612061 48.00000000 11.03713131
v 76.78327179 48.00000000 11.37695503
v 76.52588654 48.00000000 11.66576004
v 76.22893524 48.00000000 12.12430573
v 76.06817627 48.00000000 12.37254047
v 75.80744934 48.00000000 12.95414925
v 75.72373199 48.00000000 13.14090633
v 75.53071594 48.00000000 13.84326267
v 75.50060272 48.00000000 13.95284843
v 75.40663910 48.00000000 14.76676750
v 75.40402985 48.00000000 14.78933430
v 75.43628693 48.00000000 15.63075924
v 75.44926453 48.00000000 15.69768238
v 75.59660339 48.00000000 16.45739746
v 75.65039825 48.00000000 16.60717773
v 75.88122559 48.00000000 17.24987602
v 76.00074768 48.00000000 17.46967888
v 76.28349304 48.00000000 17.98962021
v 76.49038696 48.00000000 18.26104927
v 76.79395294 48.00000000 18.65929222
v 77.10551453 48.00000000 18.95913887
v 77.40066528 48.00000000 19.24319077
v 77.82887268 48.00000000 19.54438591
v 78.08939362 48.00000000 19.72763252
v 78.64019012 48.00000000 20.00034714
v 78.84400177 48.00000000 20.10126495
v 79.51676941 48.00000000 20.31417274
v 79.64680481 48.00000000 20.35532570
v 80.43406677 48.00000000 20.47692680
v 80.47898102 48.00000000 20.48386192
v 81.32101440 48.00000000 20.48386192
v 81.36592865 48.00000000 20.47692680
v 82.15319061 48.00000000 20.35532570
v 82.28322601 48.00000000 20.31417274
v 82.95599365 48.00000000 20.10126495
v 83.15980530 48.00000000 20.00034714
v 83.71060181 48.00000000 19.72763252
v 83.97113037 48.00000000 19.54438591
v 84.39933777 48.00000000 19.24319077
v 84.69448090 48.00000000 18.95913887
v 85.00604248 48.00000000 18.65929222
v 85.30960846 48.00000000 18.26104927
v 85.51650238 48.00000000 17.98962021
v 85.79924774 48.00000000 17.46967888
v 85.91876984 48.00000000 17.24987602
v 86.14959717 48.00000000 16.60717773
v 86.20339966 48.00000000 16.45739746
v 86.35073090 48.00000000 15.69768238
v 86.36370850 48.00000000 15.63075924
v 86.39596558 48.00000000 14.78933430
v 86.39335632 48.00000000 14.76676750
v 86.29940033 48.00000000 13.95284843
v 86.26927948 48.00000000 13.84326267
v 86.07626343 48.00000000 13.14090633
v 85.99254608 48.00000000 12.95414925
v 85.73181915 48.00000000 12.37254047
v 85.57106018 48.00000000 12.12430573
v 85.27410889 48.00000000 11.66576004
v 85.01672363 48.00000000 11.37695503
v 84.71387482 48.00000000 11.03713131
v 84.34513092 48.00000000 10.73302650
v 84.06425476 48.00000000 10.50138855
v 83.57508850 48.00000000 10.21058083
v 83.34046173 48.00000000 10.07108974
v 82.72817993 48.00000000 9.82431889
v 82.55945587 48.00000000 9.75631905
v 81.82808685 48.00000000 9.58517075
v 81.63307953 50.00000000 9.54907417
v 81.73834229 50.00000000 9.57046986
v 81.76469421 49.98636246 9.40179157
v 82.35307312 50.00000000 9.69541931
v 82.55612946 50.00000000 9.76592636
v 82.60912323 49.98636246 9.59939480
v 86.03249359 50.00000000 13.02325726
v 86.06962585 50.00000000 13.14296722
v 86.23117065 49.98636246 13.08527088
v 86.25016785 50.00000000 13.72498798
v 86.28890991 50.00000000 13.95461845
v 86.46097565 49.98636246 13.92151165
v 85.53590393 50.00000000 17.95945358
v 85.51467133 50.00000000 17.98826981
v 85.65466309 49.98636246 18.07908821
v 85.10008240 50.00000000 18.55095291
v 85.00049591 50.00000000 18.65392685
v 85.12892151 49.98636246 18.76880074
v 84.58931732 50.00000000 19.07908630
v 84.39248657 50.00000000 19.23451996
v 84.50405121 49.98636246 19.37017250
v 80.53263855 50.00000000 20.48771858
v 80.47942352 50.00000000 20.48056030
v 80.46637726 49.98636246 20.64797211
v 79.80447388 50.00000000 20.38978958
v 79.64903259 50.00000000 20.34720802
v 79.60929871 49.98636246 20.51558876
v 79.09586334 50.00000000 20.19568062
v 78.84844971 50.00000000 20.09077072
v 78.78247833 49.98636246 20.25392532
v 78.41944122 50.00000000 19.90885353
v 78.09564972 50.00000000 19.71707153
v 78.00528717 49.98636246 19.86911392
v 77.78728485 50.00000000 19.53442764
v 77.40750885 50.00000000 19.23451996
v 77.29594421 49.98636246 19.37017250
v 77.21067810 50.00000000 19.07908630
v 76.79950714 50.00000000 18.65392685
v 76.67108154 49.98636246 18.76880074
v 75.64693451 50.00000000 16.62951469
v 75.60541534 50.00000000 16.45529747
v 75.43789673 49.98636246 16.50101280
v 75.47660828 50.00000000 15.91481113
v 75.44791412 50.00000000 15.62958813
v 75.27277374 49.98636246 15.64963531
v 75.40306854 50.00000000 15.18378258
v 75.41624451 50.00000000 14.78974247
v 75.23956299 49.98636246 14.78303051
v 75.42761993 50.00000000 14.44947338
v 75.51109314 50.00000000 13.95461845
v 75.33901978 49.98636246 13.92151165
v 75.54982758 50.00000000 13.72498798
v 75.73036957 50.00000000 13.14296722
v 75.56882477 49.98636246 13.08527088
v 77.49137115 50.00000000 10.68360329
v 77.74249268 50.00000000 10.51121902
v 77.64105225 49.98636246 10.36676216
v 78.09710693 50.00000000 10.26779079
v 78.46499634 50.00000000 10.08188820
v 78.38650513 49.98636246 9.92358494
v 80.03530121 48.01363754 9.40179157
v 79.19087219 48.01363754 9.59939480
v 79.14257050 48.05418015 9.44675255
v 81.76469421 48.01363754 9.40179157
v 82.60912323 48.01363754 9.59939480
v 83.41349030 48.01363754 9.92358494
v 84.15894318 48.01363754 10.36676216
v 84.82801056 48.01363754 10.91853714
v 86.52722168 48.01363754 15.64963531
v 86.06895447 48.01363754 17.31720734
v 85.65466309 48.01363754 18.07908821
v 85.12892151 48.01363754 18.76880074
v 80.46637726 48.01363754 20.64797211
v 78.78247833 48.01363754 20.25392532
v 78.00528717 48.01363754 19.86911392
v 77.29594421 48.01363754 19.37017250
v 75.56882477 48.01363754 13.08527088
v 75.92358398 48.01363754 12.29391098
v 76.39498901 48.01363754 11.56597900
v 78.38650513 48.01363754 9.92358494
v 77.64105225 48.01363754 10.36676216
v 75.33901978 48.01363754 13.92151165
v 75.27277374 48.01363754 15.64963531
v 75.43789673 48.01363754 16.50101280
v 75.73104095 48.01363754 17.31720734
v 76.14533234 48.01363754 18.07908821
v 79.60929871 48.01363754 20.51558876
v 81.33362579 48.01363754 20.64797211
v 82.19069672 48.01363754 20.51558876
v 83.01751709 48.01363754 20.25392532
v 83.79471588 48.01363754 19.86911392
v 84.50405121 48.01363754 19.37017250
v 86.36209869 48.01363754 16.50101280
v 86.56043243 48.01363754 14.78303051
v 86.46097565 48.01363754 13.92151165
v 86.23117065 48.01363754 13.08527088
v 85.87641144 48.01363754 12.29391098
v 85.40500641 48.01363754 11.56597900
v 78.24835205 48.12052536 9.64456177
v 78.31546783 48.05418015 9.78010559
v 77.38237762 48.21086121 9.99900532
v 77.46192932 48.12052536 10.11209774
v 77.54894257 48.05418015 10.23580647
v 76.57594299 48.32271957 10.50702572
v 76.66020203 48.21086121 10.59457779
v 76.75608063 48.12052536 10.69420052
v 76.86096191 48.05418015 10.80317783
v 76.97198486 48.01363754 10.91853714
v 79.94812012 48.32271957 8.83735561
v 80.90000153 48.32271957 8.76427650
v 80.90000153 48.21086121 8.88578701
v 75.86009979 48.45305252 11.15824795
v 75.94077301 48.32271957 11.21974564
v 76.03740692 48.21086121 11.29340839
v 76.14736938 48.12052536 11.37722874
v 76.26766205 48.05418015 11.46891880
v 79.93264008 48.45305252 8.73710251
v 80.90000153 48.45305252 8.66283321
v 75.26366425 48.59830475 11.93505669
v 75.33272552 48.45305252 11.97260952
v 75.42183685 48.32271957 12.02107048
v 75.52858734 48.21086121 12.07911873
v 75.65005493 48.12052536 12.14517117
v 75.78292847 48.05418015 12.21742439
v 79.92063141 48.59830475 8.65941715
v 80.90000153 48.59830475 8.58422661
v 74.81138611 48.75451279 12.81323242
v 74.86185455 48.59830475 12.83135986
v 74.93583679 48.45305252 12.85793114
v 75.03131104 48.32271957 12.89222050
v 75.14566803 48.21086121 12.93329239
v 75.27579498 48.12052536 12.98002911
v 75.41814423 48.05418015 13.03115273
v 74.52224731 48.91741943 13.76310730
v 74.54893494 48.75451279 13.76828384
v 74.60158539 48.59830475 13.77849388
v 74.67874908 48.45305252 13.79345894
v 74.77833557 48.32271957 13.81277275
v 74.89762115 48.21086121 13.83590794
v 75.03335571 48.12052536 13.86223221
v 75.18183899 48.05418015 13.89102840
v 74.40818024 49.08258057 14.75116253
v 74.40818024 48.91741943 14.75116253
v 74.43534851 48.75451279 14.75220394
v 74.48892975 48.59830475 14.75425816
v 74.56748199 48.45305252 14.75726891
v 74.66885376 48.32271957 14.76115417
v 74.79026794 48.21086121 14.76580811
v 74.92843628 48.12052536 14.77110481
v 75.07957458 48.05418015 14.77689743
v 75.23956299 48.01363754 14.78303051
v 74.47328186 49.24548340 15.74193287
v 74.44627380 49.08258057 15.74504948
v 74.44627380 48.91741943 15.74504948
v 74.47328186 48.75451279 15.74193287
v 74.52655792 48.59830475 15.73578262
v 74.60464478 48.45305252 15.72676754
v 74.70541382 48.32271957 15.71513367
v 74.82612610 48.21086121 15.70119858
v 74.96347809 48.12052536 15.68534184
v 75.11373138 48.05418015 15.66799545
v 74.71356201 49.40169525 16.70006180
v 74.66185760 49.24548340 16.71427155
v 74.63565063 49.08258057 16.72147369
v 74.63565063 48.91741943 16.72147369
v 74.66185760 48.75451279 16.71427155
v 74.71356201 48.59830475 16.70006180
v 74.78936005 48.45305252 16.67923164
v 74.88717651 48.32271957 16.65235138
v 75.00434875 48.21086121 16.62015343
v 75.13766479 48.12052536 16.58351517
v 75.28351593 48.05418015 16.54343605
v 75.11730957 49.54695129 17.59233475
v 75.04558563 49.40169525 17.62449265
v 74.99665070 49.24548340 17.64642906
v 74.97183990 49.08258057 17.65754890
v 74.97183990 48.91741943 17.65754890
v 74.99665070 48.75451279 17.64642906
v 75.04558563 48.59830475 17.62449265
v 75.11730957 48.45305252 17.59233475
v 75.20987701 48.32271957 17.55083847
v 75.32075500 48.21086121 17.50113297
v 75.44692230 48.12052536 17.44457245
v 75.58493805 48.05418015 17.38270187
v 79.93264008 49.54695129 8.73710251
v 80.90000153 49.54695129 8.66283321
v 80.90000153 49.40169525 8.58422661
v 75.66595459 49.67728424 18.38953590
v 75.58079529 49.54695129 18.44467735
v 75.51482391 49.40169525 18.48740578
v 75.46981049 49.24548340 18.51655579
v 75.44699097 49.08258057 18.53133202
v 75.44699097 48.91741943 18.53133202
v 75.46981049 48.75451279 18.51655579
v 75.51482391 48.59830475 18.48740578
v 75.58079529 48.45305252 18.44467735
v 75.66595459 48.32271957 18.38953590
v 75.76794434 48.21086121 18.32348633
v 75.88399506 48.12052536 18.24833107
v 76.01094818 48.05418015 18.16611671
v 79.94812012 49.67728424 8.83735561
v 80.90000153 49.67728424 8.76427650
v 76.33541870 49.78914261 19.06794357
v 76.24469757 49.67728424 19.14878654
v 76.16896820 49.54695129 19.21627998
v 76.11028290 49.40169525 19.26857758
v 76.07025146 49.24548340 19.30425644
v 76.04995728 49.08258057 19.32234383
v 76.04995728 48.91741943 19.32234383
v 76.07025146 48.75451279 19.30425644
v 76.11028290 48.59830475 19.26857758
v 76.16896820 48.45305252 19.21627998
v 76.24469757 48.32271957 19.14878654
v 76.33541870 48.21086121 19.06794357
v 76.43863678 48.12052536 18.97595024
v 76.55155182 48.05418015 18.87532043
v 76.67108154 48.01363754 18.76880074
v 78.98793793 48.45305252 8.95816803
v 78.96422577 48.59830475 8.88322449
v 78.05319214 48.59830475 9.25040436
v 78.02939606 48.75451279 9.20234585
v 77.17803192 48.75451279 9.70848751
v 77.16239166 48.91741943 9.68625164
v 76.39505768 48.91741943 10.31907082
v 76.39505768 49.08258057 10.31907082
v 75.73331451 49.08258057 11.06160545
v 75.75493622 49.24548340 11.07808495
v 75.21655273 49.24548340 11.90943909
v 75.26366425 49.40169525 11.93505669
v 74.86185455 49.40169525 12.83135986
v 74.93583679 49.54695129 12.85793114
v 74.67874908 49.54695129 13.79345894
v 74.77833557 49.67728424 13.81277275
v 74.66885376 49.67728424 14.76115417
v 74.79026794 49.78914261 14.76580811
v 74.82612610 49.78914261 15.70119858
v 74.96347809 49.87947083 15.68534184
v 77.09784698 49.87947083 19.61037827
v 77.00988007 49.78914261 19.71704865
v 76.93256378 49.67728424 19.81079292
v 76.86802673 49.54695129 19.88905525
v 76.81800842 49.40169525 19.94969940
v 76.78388977 49.24548340 19.99107170
v 76.76659393 49.08258057 20.01204300
v 76.76659393 48.91741943 20.01204300
v 76.78388977 48.75451279 19.99107170
v 76.81800842 48.59830475 19.94969940
v 76.86802673 48.45305252 19.88905525
v 76.93256378 48.32271957 19.81079292
v 77.00988007 48.21086121 19.71704865
v 77.09784698 48.12052536 19.61037827
v 77.19407654 48.05418015 19.49369240
v 79.01855469 49.67728424 9.05488205
v 79.05521393 49.78914261 9.17073154
v 78.18700409 49.78914261 9.52065277
v 78.24835205 49.87947083 9.64456177
v 77.46192932 49.87947083 10.11209774
v 77.54894257 49.94581604 10.23580647
v 78.94805145 48.75451279 8.83209705
v 78.01733398 48.91741943 9.17798424
v 77.16239166 49.08258057 9.68625164
v 76.41390991 49.24548340 10.33865643
v 75.79757690 49.40169525 11.11059475
v 75.33272552 49.54695129 11.97260952
v 75.03131104 49.67728424 12.89222050
v 74.89762115 49.78914261 13.83590794
v 74.92843628 49.87947083 14.77110481
v 75.11373138 49.94581604 15.66799545
v 77.92346954 49.94581604 20.00673485
v 77.84617615 49.87947083 20.13674164
v 77.77552032 49.78914261 20.25559235
v 77.71343231 49.67728424 20.36003685
v 77.66159058 49.54695129 20.44723511
v 77.62141418 49.40169525 20.51480293
v 77.59400940 49.24548340 20.56089973
v 77.58012390 49.08258057 20.58426666
v 77.58012390 48.91741943 20.58426666
v 77.59400940 48.75451279 20.56089973
v 77.62141418 48.59830475 20.51480293
v 77.66159058 48.45305252 20.44723511
v 77.71343231 48.32271957 20.36003685
v 77.77552032 48.21086121 20.25559235
v 77.84617615 48.12052536 20.13674164
v 77.92346954 48.05418015 20.00673485
v 79.96667480 49.78914261 8.95744324
v 79.09693909 49.87947083 9.30255318
v 78.31546783 49.94581604 9.78010559
v 79.91244507 48.75451279 8.60641766
v 78.93984985 48.91741943 8.80617905
v 78.01733398 49.08258057 9.17798424
v 77.17803192 49.24548340 9.70848751
v 76.45109558 49.40169525 10.37729645
v 75.86009979 49.54695129 11.15824795
v 75.42183685 49.67728424 12.02107048
v 75.14566803 49.78914261 12.93329239
v 75.03335571 49.87947083 13.86223221
v 75.07957458 49.94581604 14.77689743
v 78.72262573 49.94581604 20.40242195
v 78.66609192 49.87947083 20.54270554
v 78.61439514 49.78914261 20.67094612
v 78.56897736 49.67728424 20.78364754
v 78.53105927 49.54695129 20.87773705
v 78.50167084 49.40169525 20.95064545
v 78.48162842 49.24548340 21.00038528
v 78.47146606 49.08258057 21.02559853
v 78.47146606 48.91741943 21.02559853
v 78.48162842 48.75451279 21.00038528
v 78.50167084 48.59830475 20.95064545
v 78.53105927 48.45305252 20.87773705
v 78.56897736 48.32271957 20.78364754
v 78.61439514 48.21086121 20.67094612
v 78.66609192 48.12052536 20.54270554
v 78.72262573 48.05418015 20.40242195
v 79.19087219 49.98636246 9.59939480
v 80.03530121 49.98636246 9.40179157
v 80.01086426 49.94581604 9.24356270
v 76.39498901 49.98636246 11.56597900
v 76.97198486 49.98636246 10.91853714
v 76.86096191 49.94581604 10.80317783
v 76.14533234 49.98636246 18.07908821
v 75.73104095 49.98636246 17.31720734
v 75.58493805 49.94581604 17.38270187
v 80.90000153 49.87947083 9.02405167
v 80.90000153 49.94581604 9.17530060
v 80.90000153 49.98636246 9.33540535
v 80.16692352 50.00000000 9.54907417
v 80.90000153 50.00000000 9.50000000
v 78.75286102 50.00000000 9.93642616
v 79.24386597 50.00000000 9.76592636
v 79.44692993 50.00000000 9.69541931
v 80.06165314 50.00000000 9.57046986
v 79.14257050 49.94581604 9.44675255
v 79.98777008 49.87947083 9.09408760
v 80.90000153 49.78914261 8.88578701
v 77.09259033 50.00000000 11.04428387
v 75.76750183 50.00000000 13.02325726
v 76.07677460 50.00000000 12.35680008
v 75.92358398 49.98636246 12.29391098
v 76.26766205 49.94581604 11.46891880
v 76.75608063 49.87947083 10.69420052
v 77.38237762 49.78914261 9.99900532
v 78.13308716 49.67728424 9.41175842
v 78.98793793 49.54695129 8.95816803
v 79.92063141 49.40169525 8.65941715
v 80.90000153 49.24548340 8.53059959
v 76.47211456 50.00000000 11.73751068
v 76.52990723 50.00000000 11.66915512
v 76.94646454 50.00000000 11.17644119
v 75.78292847 49.94581604 12.21742439
v 76.14736938 49.87947083 11.37722874
v 76.66020203 49.78914261 10.59457779
v 77.31246948 49.67728424 9.89961815
v 78.08807373 49.54695129 9.32084942
v 78.96422577 49.40169525 8.88322449
v 79.91244507 49.24548340 8.60641766
v 80.90000153 49.08258057 8.50341511
v 75.41814423 49.94581604 13.03115273
v 75.65005493 49.87947083 12.14517117
v 76.03740692 49.78914261 11.29340839
v 76.57594299 49.67728424 10.50702572
v 77.25411224 49.54695129 9.81664467
v 78.05319214 49.40169525 9.25040436
v 78.94805145 49.24548340 8.83209705
v 79.90829468 49.08258057 8.57955170
v 80.90000153 48.91741943 8.50341511
v 75.18183899 49.94581604 13.89102840
v 75.27579498 49.87947083 12.98002911
v 75.52858734 49.78914261 12.07911873
v 75.94077301 49.67728424 11.21974564
v 76.50559998 49.54695129 10.43393421
v 77.20888519 49.40169525 9.75234985
v 78.02939606 49.24548340 9.20234585
v 78.93984985 49.08258057 8.80617905
v 79.90829468 48.91741943 8.57955170
v 80.90000153 48.75451279 8.53059959
v 75.13766479 49.87947083 16.58351517
v 75.28351593 49.94581604 16.54343605
v 75.88526917 50.00000000 17.24832344
v 76.69991302 50.00000000 18.55095291
v 76.28532410 50.00000000 17.98826981
v 76.26409149 50.00000000 17.95945358
v 75.91100311 50.00000000 17.31514168
v 76.01094818 49.94581604 18.16611671
v 75.44692230 49.87947083 17.44457245
v 75.00434875 49.78914261 16.62015343
v 74.70541382 49.67728424 15.71513367
v 74.56748199 49.54695129 14.75726891
v 74.60158539 49.40169525 13.77849388
v 74.81138611 49.24548340 12.81323242
v 75.19266510 49.08258057 11.89645195
v 75.73331451 48.91741943 11.06160545
v 76.41390991 48.75451279 10.33865643
v 77.20888519 48.59830475 9.75234985
v 78.08807373 48.45305252 9.32084942
v 79.01855469 48.32271957 9.05488205
v 79.96667480 48.21086121 8.95744324
v 80.90000153 48.12052536 9.02405167
v 76.55155182 49.94581604 18.87532043
v 75.88399506 49.87947083 18.24833107
v 75.32075500 49.78914261 17.50113297
v 74.88717651 49.67728424 16.65235138
v 74.60464478 49.54695129 15.72676754
v 74.48892975 49.40169525 14.75425816
v 74.54893494 49.24548340 13.76828384
v 74.78579712 49.08258057 12.80404472
v 75.19266510 48.91741943 11.89645195
v 75.75493622 48.75451279 11.07808495
v 76.45109558 48.59830475 10.37729645
v 77.25411224 48.45305252 9.81664467
v 78.13308716 48.32271957 9.41175842
v 79.05521393 48.21086121 9.17073154
v 79.98777008 48.12052536 9.09408760
v 80.90000153 48.05418015 9.17530060
v 77.19407654 49.94581604 19.49369240
v 76.43863678 49.87947083 18.97595024
v 75.76794434 49.78914261 18.32348633
v 75.20987701 49.67728424 17.55083847
v 74.78936005 49.54695129 16.67923164
v 74.52655792 49.40169525 15.73578262
v 74.43534851 49.24548340 14.75220394
v 74.52224731 49.08258057 13.76310730
v 74.78579712 48.91741943 12.80404472
v 75.21655273 48.75451279 11.90943909
v 75.79757690 48.59830475 11.11059475
v 76.50559998 48.45305252 10.43393421
v 77.31246948 48.32271957 9.89961815
v 78.18700409 48.21086121 9.52065277
v 79.09693909 48.12052536 9.30255318
v 80.01086426 48.05418015 9.24356270
v 80.90000153 48.01363754 9.33540535
v 79.57282257 48.05418015 20.67148399
v 79.53836060 48.12052536 20.81875038
v 79.50685120 48.21086121 20.95337868
v 79.47916412 48.32271957 21.07169533
v 79.45605469 48.45305252 21.17046928
v 79.43814087 48.59830475 21.24700928
v 79.42592621 48.75451279 21.29922485
v 79.41973114 48.91741943 21.32569504
v 79.41973114 49.08258057 21.32569504
v 79.42592621 49.24548340 21.29922485
v 79.43814087 49.40169525 21.24700928
v 79.45605469 49.54695129 21.17046928
v 79.47916412 49.67728424 21.07169533
v 79.50685120 49.78914261 20.95337868
v 79.53836060 49.87947083 20.81875038
v 79.57282257 49.94581604 20.67148399
v 80.45411682 48.05418015 20.80760956
v 80.44255066 48.12052536 20.95841217
v 80.43196106 48.21086121 21.09627151
v 80.42266083 48.32271957 21.21742630
v 80.41489410 48.45305252 21.31857109
v 80.40888214 48.59830475 21.39694786
v 80.40476990 48.75451279 21.45041656
v 80.40268707 48.91741943 21.47752190
v 80.40268707 49.08258057 21.47752190
v 80.40476990 49.24548340 21.45041656
v 80.40888214 49.40169525 21.39694786
v 80.41489410 49.54695129 21.31857109
v 80.42266083 49.67728424 21.21742630
v 80.43196106 49.78914261 21.09627151
v 80.44255066 49.87947083 20.95841217
v 80.45411682 49.94581604 20.80760956
v 81.33362579 49.98636246 20.64797211
v 81.32057953 50.00000000 20.48056030
v 81.26735687 50.00000000 20.48771858
v 81.34587860 48.05418015 20.80760956
v 81.35745239 48.12052536 20.95841217
v 81.36803436 48.21086121 21.09627151
v 81.37733459 48.32271957 21.21742630
v 81.38510895 48.45305252 21.31857109
v 81.39112091 48.59830475 21.39694786
v 81.39522552 48.75451279 21.45041656
v 81.39730835 48.91741943 21.47752190
v 81.39730835 49.08258057 21.47752190
v 81.39522552 49.24548340 21.45041656
v 81.39112091 49.40169525 21.39694786
v 81.38510895 49.54695129 21.31857109
v 81.37733459 49.67728424 21.21742630
v 81.36803436 49.78914261 21.09627151
v 81.35745239 49.87947083 20.95841217
v 81.34587860 49.94581604 20.80760956
v 82.19069672 49.98636246 20.51558876
v 82.15096283 50.00000000 20.34720802
v 81.99552155 50.00000000 20.38978958
v 82.22718048 48.05418015 20.67148399
v 82.26163483 48.12052536 20.81875038
v 82.29314423 48.21086121 20.95337868
v 82.32083130 48.32271957 21.07169533
v 82.34394073 48.45305252 21.17046928
v 82.36185455 48.59830475 21.24700928
v 82.37407684 48.75451279 21.29922485
v 82.38026428 48.91741943 21.32569504
v 82.38026428 49.08258057 21.32569504
v 82.37407684 49.24548340 21.29922485
v 82.36185455 49.40169525 21.24700928
v 82.34394073 49.54695129 21.17046928
v 82.32083130 49.67728424 21.07169533
v 82.29314423 49.78914261 20.95337868
v 82.26163483 49.87947083 20.81875038
v 82.22718048 49.94581604 20.67148399
v 83.01751709 49.98636246 20.25392532
v 82.95154572 50.00000000 20.09077072
v 82.70413208 50.00000000 20.19568062
v 83.07736969 48.05418015 20.40242195
v 83.13390350 48.12052536 20.54270554
v 83.18560028 48.21086121 20.67094612
v 83.23101807 48.32271957 20.78364754
v 83.26894379 48.45305252 20.87773705
v 83.29832458 48.59830475 20.95064545
v 83.31836700 48.75451279 21.00038528
v 83.32852936 48.91741943 21.02559853
v 83.32852936 49.08258057 21.02559853
v 83.31836700 49.24548340 21.00038528
v 83.29832458 49.40169525 20.95064545
v 83.26894379 49.54695129 20.87773705
v 83.23101807 49.67728424 20.78364754
v 83.18560028 49.78914261 20.67094612
v 83.13390350 49.87947083 20.54270554
v 83.07736969 49.94581604 20.40242195
v 84.01271057 50.00000000 19.53442764
v 83.70434570 50.00000000 19.71707153
v 83.79471588 49.98636246 19.86911392
v 83.38055420 50.00000000 19.90885353
v 83.87652588 48.05418015 20.00673485
v 83.95381927 48.12052536 20.13674164
v 84.02447510 48.21086121 20.25559235
v 84.08657074 48.32271957 20.36003685
v 84.13840485 48.45305252 20.44723511
v 84.17858124 48.59830475 20.51480293
v 84.20598602 48.75451279 20.56089973
v 84.21987152 48.91741943 20.58426666
v 84.21987152 49.08258057 20.58426666
v 84.20598602 49.24548340 20.56089973
v 84.17858124 49.40169525 20.51480293
v 84.13840485 49.54695129 20.44723511
v 84.08657074 49.67728424 20.36003685
v 84.02447510 49.78914261 20.25559235
v 83.95381927 49.87947083 20.13674164
v 83.87652588 49.94581604 20.00673485
v 84.60591888 48.05418015 19.49369240
v 84.70214844 48.12052536 19.61037827
v 84.79011536 48.21086121 19.71704865
v 84.86743164 48.32271957 19.81079292
v 84.93196869 48.45305252 19.88905525
v 84.98198700 48.59830475 19.94969940
v 85.01610565 48.75451279 19.99107170
v 85.03340149 48.91741943 20.01204300
v 85.03340149 49.08258057 20.01204300
v 85.01610565 49.24548340 19.99107170
v 84.98198700 49.40169525 19.94969940
v 84.93196869 49.54695129 19.88905525
v 84.86743164 49.67728424 19.81079292
v 84.79011536 49.78914261 19.71704865
v 84.70214844 49.87947083 19.61037827
v 84.60591888 49.94581604 19.49369240
v 85.24845123 48.05418015 18.87532043
v 85.36135864 48.12052536 18.97595024
v 85.46458435 48.21086121 19.06794357
v 85.55529785 48.32271957 19.14878654
v 85.63102722 48.45305252 19.21627998
v 85.68971252 48.59830475 19.26857758
v 85.72975159 48.75451279 19.30425644
v 85.75004578 48.91741943 19.32234383
v 85.75004578 49.08258057 19.32234383
v 85.72975159 49.24548340 19.30425644
v 85.68971252 49.40169525 19.26857758
v 85.63102722 49.54695129 19.21627998
v 85.55529785 49.67728424 19.14878654
v 85.46458435 49.78914261 19.06794357
v 85.36135864 49.87947083 18.97595024
v 85.24845123 49.94581604 18.87532043
v 85.78904724 48.05418015 18.16611671
v 85.91600800 48.12052536 18.24833107
v 86.03205872 48.21086121 18.32348633
v 86.13404846 48.32271957 18.38953590
v 86.21920013 48.45305252 18.44467735
v 86.28517151 48.59830475 18.48740578
v 86.33019257 48.75451279 18.51655579
v 86.35300446 48.91741943 18.53133202
v 86.35300446 49.08258057 18.53133202
v 86.33019257 49.24548340 18.51655579
v 86.28517151 49.40169525 18.48740578
v 86.21920013 49.54695129 18.44467735
v 86.13404846 49.67728424 18.38953590
v 86.03205872 49.78914261 18.32348633
v 85.91600800 49.87947083 18.24833107
v 85.78904724 49.94581604 18.16611671
v 86.06895447 49.98636246 17.31720734
v 85.91473389 50.00000000 17.24832344
v 85.88899994 50.00000000 17.31514168
v 86.21505737 48.05418015 17.38270187
v 86.35307312 48.12052536 17.44457245
v 86.47924042 48.21086121 17.50113297
v 86.59011841 48.32271957 17.55083847
v 86.68268585 48.45305252 17.59233475
v 86.75440979 48.59830475 17.62449265
v 86.80334473 48.75451279 17.64642906
v 86.82815552 48.91741943 17.65754890
v 86.82815552 49.08258057 17.65754890
v 86.80334473 49.24548340 17.64642906
v 86.75440979 49.40169525 17.62449265
v 86.68268585 49.54695129 17.59233475
v 86.59011841 49.67728424 17.55083847
v 86.47924042 49.78914261 17.50113297
v 86.35307312 49.87947083 17.44457245
v 86.21505737 49.94581604 17.38270187
v 86.36209869 49.98636246 16.50101280
v 86.19458008 50.00000000 16.45529747
v 86.15306091 50.00000000 16.62951469
v 86.51648712 48.05418015 16.54343605
v 86.66233063 48.12052536 16.58351517
v 86.79564667 48.21086121 16.62015343
v 86.91281891 48.32271957 16.65235138
v 87.01063538 48.45305252 16.67923164
v 87.08643341 48.59830475 16.70006180
v 87.13813782 48.75451279 16.71427155
v 87.16435242 48.91741943 16.72147369
v 87.16435242 49.08258057 16.72147369
v 87.13813782 49.24548340 16.71427155
v 87.08643341 49.40169525 16.70006180
v 87.01063538 49.54695129 16.67923164
v 86.91281891 49.67728424 16.65235138
v 86.79564667 49.78914261 16.62015343
v 86.66233063 49.87947083 16.58351517
v 86.51648712 49.94581604 16.54343605
v 86.52722168 49.98636246 15.64963531
v 86.35208130 50.00000000 15.62958813
v 86.32338715 50.00000000 15.91481113
v 86.68627167 48.05418015 15.66799545
v 86.83651733 48.12052536 15.68534184
v 86.97386932 48.21086121 15.70119858
v 87.09458160 48.32271957 15.71513367
v 87.19535065 48.45305252 15.72676754
v 87.27343750 48.59830475 15.73578262
v 87.32671356 48.75451279 15.74193287
v 87.35372162 48.91741943 15.74504948
v 87.35372162 49.08258057 15.74504948
v 87.32671356 49.24548340 15.74193287
v 87.27343750 49.40169525 15.73578262
v 87.19535065 49.54695129 15.72676754
v 87.09458160 49.67728424 15.71513367
v 86.97386932 49.78914261 15.70119858
v 86.83651733 49.87947083 15.68534184
v 86.68627167 49.94581604 15.66799545
v 86.37237549 50.00000000 14.44947338
v 86.38375092 50.00000000 14.78974247
v 86.56043243 49.98636246 14.78303051
v 86.39692688 50.00000000 15.18378258
v 86.72042084 48.05418015 14.77689743
v 86.87156677 48.12052536 14.77110481
v 87.00972748 48.21086121 14.76580811
v 87.13114166 48.32271957 14.76115417
v 87.23251343 48.45305252 14.75726891
v 87.31106567 48.59830475 14.75425816
v 87.36465454 48.75451279 14.75220394
v 87.39181519 48.91741943 14.75116253
v 87.39181519 49.08258057 14.75116253
v 87.36465454 49.24548340 14.75220394
v 87.31106567 49.40169525 14.75425816
v 87.23251343 49.54695129 14.75726891
v 87.13114166 49.67728424 14.76115417
v 87.00972748 49.78914261 14.76580811
v 86.87156677 49.87947083 14.77110481
v 86.72042084 49.94581604 14.77689743
v 86.61815643 48.05418015 13.89102840
v 86.76663971 48.12052536 13.86223221
v 86.90237427 48.21086121 13.83590794
v 87.02166748 48.32271957 13.81277275
v 87.12124634 48.45305252 13.79345894
v 87.19841766 48.59830475 13.77849388
v 87.25106049 48.75451279 13.76828384
v 87.27774811 48.91741943 13.76310730
v 87.27774811 49.08258057 13.76310730
v 87.25106049 49.24548340 13.76828384
v 87.19841766 49.40169525 13.77849388
v 87.12124634 49.54695129 13.79345894
v 87.02166748 49.67728424 13.81277275
v 86.90237427 49.78914261 13.83590794
v 86.76663971 49.87947083 13.86223221
v 86.61815643 49.94581604 13.89102840
v 86.38185120 48.05418015 13.03115273
v 86.52420044 48.12052536 12.98002911
v 86.65432739 48.21086121 12.93329239
v 86.76868439 48.32271957 12.89222050
v 86.86415863 48.45305252 12.85793114
v 86.93814087 48.59830475 12.83135986
v 86.98860931 48.75451279 12.81323242
v 87.01419830 48.91741943 12.80404472
v 87.01419830 49.08258057 12.80404472
v 86.98860931 49.24548340 12.81323242
v 86.93814087 49.40169525 12.83135986
v 86.86415863 49.54695129 12.85793114
v 86.76868439 49.67728424 12.89222050
v 86.65432739 49.78914261 12.93329239
v 86.52420044 49.87947083 12.98002911
v 86.38185120 49.94581604 13.03115273
v 86.01707458 48.05418015 12.21742439
v 86.14994049 48.12052536 12.14517117
v 86.27141571 48.21086121 12.07911873
v 86.37815857 48.32271957 12.02107048
v 86.46726990 48.45305252 11.97260952
v 86.53633118 48.59830475 11.93505669
v 86.58344269 48.75451279 11.90943909
v 86.60733032 48.91741943 11.89645195
v 86.60733032 49.08258057 11.89645195
v 86.58344269 49.24548340 11.90943909
v 86.53633118 49.40169525 11.93505669
v 86.46726990 49.54695129 11.97260952
v 86.37815857 49.67728424 12.02107048
v 86.27141571 49.78914261 12.07911873
v 86.14994049 49.87947083 12.14517117
v 86.01707458 49.94581604 12.21742439
v 85.87641144 49.98636246 12.29391098
v 85.72322083 50.00000000 12.35680008
v 85.40500641 49.98636246 11.56597900
v 85.27008820 50.00000000 11.66915512
v 85.32788849 50.00000000 11.73751068
v 85.53234100 48.05418015 11.46891880
v 85.65262604 48.12052536 11.37722874
v 85.76258850 48.21086121 11.29340839
v 85.85922241 48.32271957 11.21974564
v 85.93989563 48.45305252 11.15824795
v 86.00241852 48.59830475 11.11059475
v 86.04506683 48.75451279 11.07808495
v 86.06668854 48.91741943 11.06160545
v 86.06668854 49.08258057 11.06160545
v 86.04506683 49.24548340 11.07808495
v 86.00241852 49.40169525 11.11059475
v 85.93989563 49.54695129 11.15824795
v 85.85922241 49.67728424 11.21974564
v 85.76258850 49.78914261 11.29340839
v 85.65262604 49.87947083 11.37722874
v 85.53234100 49.94581604 11.46891880
v 84.82801056 49.98636246 10.91853714
v 84.70741272 50.00000000 11.04428387
v 84.85353088 50.00000000 11.17644119
v 84.93903351 48.05418015 10.80317783
v 85.04391479 48.12052536 10.69420052
v 85.13979340 48.21086121 10.59457779
v 85.22405243 48.32271957 10.50702572
v 85.29439545 48.45305252 10.43393421
v 85.34890747 48.59830475 10.37729645
v 85.38609314 48.75451279 10.33865643
v 85.40493774 48.91741943 10.31907082
v 85.40493774 49.08258057 10.31907082
v 85.38609314 49.24548340 10.33865643
v 85.34890747 49.40169525 10.37729645
v 85.29439545 49.54695129 10.43393421
v 85.22405243 49.67728424 10.50702572
v 85.13979340 49.78914261 10.59457779
v 85.04391479 49.87947083 10.69420052
v 84.93903351 49.94581604 10.80317783
v 84.15894318 49.98636246 10.36676216
v 84.05750275 50.00000000 10.51121902
v 84.30862427 50.00000000 10.68360329
v 84.25105286 48.05418015 10.23580647
v 84.33806610 48.12052536 10.11209774
v 84.41761780 48.21086121 9.99900532
v 84.48752594 48.32271957 9.89961815
v 84.54589081 48.45305252 9.81664467
v 84.59111023 48.59830475 9.75234985
v 84.62196350 48.75451279 9.70848751
v 84.63760376 48.91741943 9.68625164
v 84.63760376 49.08258057 9.68625164
v 84.62196350 49.24548340 9.70848751
v 84.59111023 49.40169525 9.75234985
v 84.54589081 49.54695129 9.81664467
v 84.48752594 49.67728424 9.89961815
v 84.41761780 49.78914261 9.99900532
v 84.33806610 49.87947083 10.11209774
v 84.25105286 49.94581604 10.23580647
v 83.04713440 50.00000000 9.93642616
v 83.33499908 50.00000000 10.08188820
v 83.41349030 49.98636246 9.92358494
v 83.70288849 50.00000000 10.26779079
v 83.48452759 48.05418015 9.78010559
v 83.55164337 48.12052536 9.64456177
v 83.61299133 48.21086121 9.52065277
v 83.66691589 48.32271957 9.41175842
v 83.71192169 48.45305252 9.32084942
v 83.74680328 48.59830475 9.25040436
v 83.77059937 48.75451279 9.20234585
v 83.78266907 48.91741943 9.17798424
v 83.78266907 49.08258057 9.17798424
v 83.77059937 49.24548340 9.20234585
v 83.74680328 49.40169525 9.25040436
v 83.71192169 49.54695129 9.32084942
v 83.66691589 49.67728424 9.41175842
v 83.61299133 49.78914261 9.52065277
v 83.55164337 49.87947083 9.64456177
v 83.48452759 49.94581604 9.78010559
v 82.65742493 48.05418015 9.44675255
v 82.70306396 48.12052536 9.30255318
v 82.74478149 48.21086121 9.17073154
v 82.78144073 48.32271957 9.05488205
v 82.81205750 48.45305252 8.95816803
v 82.83576965 48.59830475 8.88322449
v 82.85194397 48.75451279 8.83209705
v 82.86015320 48.91741943 8.80617905
v 82.86015320 49.08258057 8.80617905
v 82.85194397 49.24548340 8.83209705
v 82.83576965 49.40169525 8.88322449
v 82.81205750 49.54695129 8.95816803
v 82.78144073 49.67728424 9.05488205
v 82.74478149 49.78914261 9.17073154
v 82.70306396 49.87947083 9.30255318
v 82.65742493 49.94581604 9.44675255
v 81.78913879 48.05418015 9.24356270
v 81.81222534 48.12052536 9.09408760
v 81.83332825 48.21086121 8.95744324
v 81.85187531 48.32271957 8.83735561
v 81.86736298 48.45305252 8.73710251
v 81.87936401 48.59830475 8.65941715
v 81.88755035 48.75451279 8.60641766
v 81.89170074 48.91741943 8.57955170
v 81.89170074 49.08258057 8.57955170
v 81.88755035 49.24548340 8.60641766
v 81.87936401 49.40169525 8.65941715
v 81.86736298 49.54695129 8.73710251
v 81.85187531 49.67728424 8.83735561
v 81.83332825 49.78914261 8.95744324
v 81.81222534 49.87947083 9.09408760
v 81.78913879 49.94581604 9.24356270
v 81.93273926 59.76280975 7.32091427
v 87.69480133 59.76280975 11.27634716
v 88.13048553 59.76280975 12.21522999
v 87.43090820 59.76280975 19.16917992
v 86.81694794 59.76280975 20.00246620
v 74.00004578 61.24804688 9.96586323
v 74.02543640 61.24804688 9.93492985
v 74.66213989 59.76280975 10.40391254
v 80.90000153 59.76280975 7.25178099
v 87.09955597 58.22203064 11.60254860
v 86.59140778 58.22203064 10.80654144
v 87.13785553 59.76280975 10.40391254
v 86.85878754 58.22203064 18.80394936
v 87.31263733 58.22203064 17.97577858
v 87.92833710 59.76280975 18.26149368
v 86.97384644 56.63447189 12.66070175
v 86.60784912 56.63447189 11.87201023
v 85.87042236 56.63447189 19.20223427
v 86.38618469 56.63447189 18.50224686
v 86.80397797 55.00916290 13.59301090
v 86.56376648 55.00916290 12.81864071
v 84.97120667 55.00916290 19.50132179
v 85.53484344 55.00916290 18.91851807
v 86.62473297 53.35535812 14.42408562
v 86.49688721 53.35535812 13.66619205
v 84.15624237 53.35535812 19.74353218
v 84.75944519 53.35535812 19.26719284
v 75.70824432 51.68246460 13.00043488
v 75.48806000 51.68246460 13.71026897
v 75.30310822 53.35535812 13.66619205
v 82.36985016 51.68246460 9.63417816
v 83.07192993 51.68246460 9.87796593
v 83.73525238 51.68246460 10.21315670
v 84.34797668 51.68246460 10.63376999
v 84.89916992 51.68246460 11.13229847
v 86.46038818 51.68246460 15.18590355
v 86.38599396 51.68246460 15.92537212
v 86.21370697 51.68246460 16.64832878
v 83.40918732 51.68246460 19.96552658
v 82.72496796 51.68246460 20.25566483
v 82.00817108 51.68246460 20.45201492
v 81.27159882 51.68246460 20.55107498
v 80.52840424 51.68246460 20.55107498
v 75.85340118 51.68246460 17.34186935
v 76.90082550 51.68246460 11.13229847
v 77.45201874 51.68246460 10.63376999
v 78.06475067 51.68246460 10.21315670
v 78.72806549 51.68246460 9.87796593
v 79.43014526 51.68246460 9.63417816
v 80.15845490 51.68246460 9.48614216
v 77.41733551 60.26020813 22.19976425
v 77.32230377 60.14490891 22.08442879
v 77.40547180 59.76280975 21.91543007
v 76.73002625 59.48448563 21.37204170
v 76.61747742 59.38293839 21.23895645
v 76.89905548 58.22203064 20.82835197
v 73.65549469 58.99055862 13.53743362
v 73.72733307 58.94618225 13.30077934
v 74.02312469 58.22203064 13.36115742
v 84.03982544 60.73070908 7.37242413
v 84.10043335 60.64753342 7.44805479
v 83.92481995 59.76280975 7.86660242
v 86.14226532 58.94151306 9.82090092
v 86.20049286 58.95278168 9.87378311
v 85.98168945 58.22203064 10.08536816
v 89.07557678 60.73070908 13.90537739
v 88.96636200 60.47257233 14.18563080
v 88.60930634 59.76280975 14.22443581
v 89.04442596 61.19218063 17.46297836
v 85.93576050 60.73070908 21.53295326
v 85.43798065 60.29853058 21.60919762
v 85.28507996 59.76280975 21.38795280
v 82.55648041 60.85293579 23.14941597
v 82.55867004 60.85632706 23.15087891
v 82.83921051 61.19218063 23.28477478
v 82.09603119 59.65403366 22.60217094
v 82.10267639 59.76265717 22.65462685
v 81.41752625 59.76280975 22.73091698
v 82.10976410 59.87855148 22.71059799
v 82.33965302 60.51758194 23.00476265
v 82.31233978 60.46670914 22.98211670
v 82.18083191 60.16357803 22.84425163
v 82.26481628 59.17683029 22.34797478
v 82.22835541 59.22394180 22.37631226
v 81.37218475 58.22203064 22.05366707
v 82.30586243 59.13318253 22.32024765
v 82.30813599 58.22203064 21.92779350
v 82.37937164 59.07304001 22.27831078
v 82.34690857 59.09694672 22.29572105
v 82.19216156 59.28185654 22.40951729
v 82.16146088 59.34452820 22.44399261
v 82.11917877 59.47448730 22.51224327
v 83.25563049 58.99055862 22.00520706
v 83.01476288 58.94618225 22.06132126
v 83.21895599 58.22203064 21.67829514
v 82.92195129 58.93876648 22.08508492
v 82.76409912 58.94151306 22.12948608
v 82.64250946 58.95980453 22.16841316
v 82.48155975 59.01344681 22.22978783
v 82.43550873 59.03703690 22.25036812
v 82.39156342 59.06405640 22.27177048
v 82.58530426 58.97446060 22.18868065
v 82.53177643 58.99236679 22.20909309
v 84.33335876 59.48448563 21.79732513
v 84.10292816 59.34806442 21.83887100
v 84.08839417 58.22203064 21.30962181
v 83.69185638 59.14227676 21.91583824
v 83.53915405 59.08025742 21.94588852
v 83.32742310 59.01327515 21.99018860
v 85.39384460 60.26020813 21.61595917
v 84.85942841 59.84217453 21.70525742
v 84.74169922 59.76211929 21.72586060
v 86.09738159 59.76280975 20.74648285
v 88.08168793 59.65403366 17.76529121
v 88.13043976 59.76265717 17.78576469
v 88.18245697 59.87855148 17.80760765
v 88.33374023 60.16357803 17.81288910
v 88.51888275 60.46670914 17.76793861
v 88.55215454 60.51758194 17.75560570
v 88.78820038 60.85632706 17.63898659
v 88.98172760 61.10998917 17.50605011
v 87.94173431 59.09694672 17.39480209
v 87.94245148 59.13318253 17.44260979
v 87.94594574 59.17683029 17.49201584
v 87.95224762 59.22394180 17.53776360
v 87.95195770 59.01344681 17.24521637
v 87.94675446 59.03703690 17.29538918
v 87.94331360 59.06405640 17.34415627
v 87.96291351 59.28185654 17.58571434
v 87.97741699 59.34452820 17.62953758
v 88.01538849 59.47448730 17.70027733
v 87.87097931 58.22203064 16.17585754
v 88.14450073 58.99055862 16.46256447
v 88.07266235 58.94618225 16.69922066
v 87.65204620 58.22203064 17.09450531
v 88.04684448 58.93876648 16.79147720
v 88.00636292 58.94151306 16.95038795
v 87.97927856 58.95980453 17.07514954
v 87.96823120 58.97446060 17.13482285
v 87.95939636 58.99187851 17.18984604
v 87.95914459 58.99236679 17.19138336
v 88.50334167 59.48448563 15.42528152
v 88.42410278 59.34806442 15.64561749
v 87.96549988 58.22203064 15.23622513
v 88.28522491 59.14227676 16.04009628
v 88.23488617 59.08025742 16.18737411
v 88.21941376 59.06489944 16.23449898
v 88.87651062 60.26020813 14.41619301
v 88.68663788 59.84217453 14.92365932
v 88.64561462 59.76211929 15.03592300
v 88.43714905 59.76280975 13.20380592
v 86.88565063 59.65403366 10.16312122
v 86.92776489 59.76265717 10.13113785
v 86.97269440 59.87855148 10.09701157
v 87.05290222 60.16357803 9.96863842
v 87.10654449 60.46670914 9.78582191
v 87.11250305 60.51758194 9.75084305
v 87.12953186 60.85632706 9.48810768
v 87.10521698 61.19218063 9.17820263
v 86.49482727 59.09694672 10.09908009
v 86.53658295 59.13318253 10.12236214
v 86.58111572 59.17683029 10.14404202
v 86.62389374 59.22394180 10.16145134
v 86.37039185 59.01344681 10.01542950
v 86.41124725 59.03703690 10.04502106
v 86.45175171 59.06405640 10.07238388
v 86.23677826 58.95980453 9.90673542
v 86.28292084 58.97446060 9.94614124
v 86.32736969 58.99236679 9.98229122
v 86.67074585 59.28185654 10.17619419
v 86.71595001 59.34452820 10.18554497
v 86.79620361 59.47448730 10.18803310
v 85.59574127 59.08025742 9.24148369
v 85.78887177 58.99055862 9.45735550
v 85.28128815 58.22203064 9.45189571
v 85.95790100 58.94618225 9.63789749
v 86.02488708 58.93876648 9.70639324
v 85.06996918 59.48448563 8.62795544
v 85.22116852 59.34806442 8.80674458
v 84.50270844 58.22203064 8.91743088
v 85.49336243 59.14227676 9.12425709
v 85.51782227 59.12745285 9.15227127
v 84.38265991 60.26020813 7.80023336
v 84.72720337 59.84217453 8.21840191
v 84.80391693 59.76211929 8.31006050
v 82.94704437 59.76280975 7.52708149
v 79.70396423 59.65403366 7.39782906
v 79.69731903 59.76265717 7.34537220
v 79.86725616 59.76280975 7.32091427
v 79.69023132 59.87855148 7.28940248
v 79.46034241 60.51758194 6.99523735
v 79.48765564 60.46670914 7.01788235
v 79.61916351 60.16357803 7.15574789
v 79.24132538 60.85632706 6.84912109
v 78.96078491 61.19218063 6.71522427
v 79.57164001 59.22394180 7.62368679
v 79.60783386 59.28185654 7.59048128
v 79.95773315 58.22203064 7.99362278
v 79.63853455 59.34452820 7.55600643
v 79.68081665 59.47448730 7.48775482
v 79.45308685 59.09694672 7.70427799
v 79.49413300 59.13318253 7.67975044
v 79.53517914 59.17683029 7.65202475
v 79.31843567 59.01344681 7.77021313
v 79.36448669 59.03703690 7.74963236
v 79.40843964 59.06405640 7.72822809
v 79.15748596 58.95980453 7.83158541
v 79.21469116 58.97446060 7.81131840
v 79.26821899 58.99236679 7.79090643
v 77.69706726 59.34806442 8.16112709
v 77.97711182 59.20786667 8.10869312
v 78.14015961 58.22203064 8.49150658
v 78.10813904 59.14227676 8.08416080
v 78.26084900 59.08025742 8.05411148
v 78.54436493 58.99055862 7.99479055
v 78.78523254 58.94618225 7.93867636
v 79.03227997 58.22203064 8.18172836
v 78.87804413 58.93876648 7.91491365
v 78.95339203 58.94007492 7.89372063
v 79.03590393 58.94151306 7.87051392
v 76.40615082 60.26020813 8.38403988
v 76.92935181 59.85094070 8.29661655
v 76.95137787 59.76280975 8.33342075
v 76.94056702 59.84217453 8.29474258
v 77.05830383 59.76211929 8.27413750
v 76.09803772 59.76280975 8.91920185
v 75.74964905 60.83902740 8.48151207
v 75.86423492 60.73070908 8.46704674
v 74.61769867 61.24804688 9.21341515
v 74.76687622 61.24804688 9.06892490
v 75.33039093 59.76280975 9.61349678
v 75.31695557 61.24804688 8.53613663
v 73.24784088 60.51758194 12.24439430
v 72.94057465 61.24804688 11.93420124
v 73.28112030 60.46670914 12.23206139
v 73.46625519 60.16357803 12.18710995
v 73.01179504 60.85632706 12.36101246
v 72.75556946 61.19218063 12.53702164
v 72.71107483 61.24804688 12.57237244
v 74.10519409 59.76280975 11.27634716
v 73.66956329 59.76265717 12.21423531
v 73.61753845 59.87855148 12.19239044
v 73.60934448 59.89400101 12.19210434
v 73.04049683 61.24804688 11.65632153
v 73.84774780 59.22394180 12.46223640
v 73.83708954 59.28185654 12.41428661
v 74.30291748 58.22203064 12.45918274
v 73.82257843 59.34452820 12.37046051
v 73.78461456 59.47448730 12.29972172
v 73.71830750 59.65403366 12.23470783
v 73.85826111 59.09694672 12.60519791
v 73.85754395 59.13318253 12.55738831
v 73.85404968 59.17683029 12.50798225
v 73.75315857 58.93876648 13.20852089
v 73.79363251 58.94151306 13.04961205
v 73.82071686 58.95980453 12.92485046
v 73.84803772 59.01344681 12.75478172
v 73.85324097 59.03703690 12.70461178
v 73.85668182 59.06405640 12.65584278
v 73.83176422 58.97446060 12.86517715
v 73.84085083 58.99236679 12.80861473
v 73.37589264 59.34806442 14.35438251
v 73.41352081 59.29230881 14.24750137
v 73.86605072 58.22203064 14.29237843
v 73.51477814 59.14227676 13.95990372
v 73.56510925 59.08025742 13.81262684
v 72.92349243 60.26020813 15.58380699
v 73.04278564 59.99755096 15.26495934
v 73.15610504 59.76280975 15.25890636
v 73.11335754 59.84217453 15.07633972
v 73.15438080 59.76211929 14.96407700
v 73.25971222 59.76280975 16.28875542
v 72.59424591 61.04566956 16.40420341
v 72.72441864 60.73070908 16.09462357
v 74.68727112 60.52201462 20.25259590
v 74.67046356 60.85632706 20.51189232
v 74.69478607 61.19218063 20.82179642
v 74.91434479 59.65403366 19.83687782
v 74.87223053 59.76265717 19.86886215
v 74.36908722 59.76280975 19.16917992
v 74.82730865 59.87855148 19.90298653
v 74.68749237 60.51758194 20.24915695
v 74.69345093 60.46670914 20.21417809
v 74.74709320 60.16357803 20.03136063
v 75.17666626 59.22332382 19.83877563
v 75.17610168 59.22394180 19.83854866
v 74.94120789 58.22203064 18.80394936
v 75.12924957 59.28185654 19.82380486
v 75.08404541 59.34452820 19.81445312
v 75.00379181 59.47448730 19.81196594
v 76.15791321 58.22203064 20.24307442
v 75.84209442 58.94618225 20.36210060
v 75.77510834 58.93876648 20.29360580
v 75.65773010 58.94151306 20.17909813
v 75.50139618 58.22203064 19.56423759
v 75.56322479 58.95980453 20.09326363
v 75.30516815 59.09694672 19.90091705
v 75.26341248 59.13318253 19.87763596
v 75.21887970 59.17683029 19.85595703
v 75.42960358 59.01344681 19.98456955
v 75.38874817 59.03703690 19.95497894
v 75.34824371 59.06405640 19.92761612
v 75.51707458 58.97446060 20.05385780
v 75.47263336 58.99236679 20.01770782
v 76.20425415 59.08025742 20.75851440
v 76.01113129 58.99055862 20.54264450
v 75.94803619 58.97399521 20.47525597
v 76.57882690 59.34806442 21.19325447
v 76.30663300 59.14227676 20.87574196
v 77.71160126 58.22203064 21.30962181
v 76.99607849 59.76211929 21.68993759
v 77.07279205 59.84217453 21.78159714
v 78.35839081 59.76280975 22.31950378
v 77.76017761 60.73070908 22.62757492
v 75.36444092 51.68246460 14.44311714
v 75.33960724 51.68246460 15.18590355
v 75.41400146 51.68246460 15.92537212
v 75.58628845 51.68246460 16.64832878
v 76.21056366 51.68246460 17.99361992
v 76.65142059 51.68246460 18.59194756
v 77.16809082 51.68246460 19.12618065
v 77.75135040 51.68246460 19.58677864
v 78.39080811 51.68246460 19.96552658
v 79.07502747 51.68246460 20.25566483
v 79.79183197 51.68246460 20.45201492
v 84.04864502 51.68246460 19.58677864
v 84.63190460 51.68246460 19.12618065
v 85.14857483 51.68246460 18.59194756
v 85.94659424 51.68246460 17.34186935
v 85.58943176 51.68246460 17.99361992
v 86.43555450 51.68246460 14.44311714
v 86.31193542 51.68246460 13.71026897
v 85.37900543 51.68246460 11.69984627
v 85.77890778 51.68246460 12.32628441
v 86.09175110 51.68246460 13.00043488
v 74.86116028 55.00916290 14.39248753
v 75.17526245 53.35535812 14.42408562
v 82.04603577 53.35535812 20.63833809
v 81.28430176 53.35535812 20.74078178
v 85.29376984 53.35535812 18.71470451
v 85.74968719 53.35535812 18.09592628
v 86.11906433 53.35535812 17.42190361
v 86.39530945 53.35535812 16.70466042
v 86.26918030 53.35535812 12.93210030
v 85.94564056 53.35535812 12.23490906
v 85.53207397 53.35535812 11.58706284
v 85.03584290 53.35535812 11.00011921
v 74.39487457 56.63447189 15.21748924
v 74.83406830 55.00916290 15.20280552
v 75.14958191 53.35535812 15.19225693
v 81.30538177 55.00916290 21.05576134
v 82.10892487 55.00916290 20.94769478
v 82.89088440 55.00916290 20.73349380
v 86.01577759 55.00916290 18.26579094
v 86.40541840 55.00916290 17.55478668
v 86.69681549 55.00916290 16.79818916
v 86.88476562 55.00916290 16.00950623
v 86.22248840 55.00916290 12.08319759
v 85.78622437 55.00916290 11.39980507
v 85.26277161 55.00916290 10.78065777
v 84.66145325 55.00916290 10.23680496
v 73.92901611 58.22203064 16.17585754
v 74.48190308 56.63447189 16.08259583
v 74.91522980 55.00916290 16.00950623
v 75.22651672 53.35535812 15.95699787
v 81.33473206 56.63447189 21.49422073
v 82.19644928 56.63447189 21.37833023
v 83.03502655 56.63447189 21.14862061
v 83.83551025 56.63447189 20.80918884
v 86.80403137 56.63447189 17.73976135
v 87.11652374 56.63447189 16.92838669
v 87.31809235 56.63447189 16.08259583
v 87.40512085 56.63447189 15.21748924
v 86.14000702 56.63447189 11.13913727
v 85.57865143 56.63447189 10.47516155
v 84.93379974 56.63447189 9.89193058
v 84.21696472 56.63447189 9.39985561
v 83.14615631 53.35535812 9.70292091
v 82.42008209 53.35535812 9.45080090
v 82.50347900 55.00916290 9.14633274
v 81.70896149 55.00916290 8.98483753
v 81.76753235 56.63447189 8.54931736
v 80.90000153 56.63447189 8.49124336
v 80.90000153 58.22203064 7.93054533
v 81.66687775 53.35535812 9.29770660
v 80.90000153 55.00916290 8.93068504
v 80.03247070 56.63447189 8.54931736
v 81.64154053 51.68246460 9.48614216
v 80.90000153 53.35535812 9.24636936
v 80.09103394 55.00916290 8.98483753
v 79.18041229 56.63447189 8.72250462
v 80.90000153 51.68246460 9.43650150
v 80.13311768 53.35535812 9.29770660
v 79.29651642 55.00916290 9.14633274
v 78.35905457 56.63447189 9.00771332
v 77.29728699 58.22203064 8.91743088
v 77.46663666 59.48448563 8.20267391
v 77.96784973 53.35535812 10.04956627
v 77.33419037 53.35535812 10.48455429
v 77.13854218 55.00916290 10.23680496
v 76.53723145 55.00916290 10.78065777
v 76.22134399 56.63447189 10.47516155
v 75.65998840 56.63447189 11.13913727
v 75.20858765 58.22203064 10.80654144
v 74.70043945 58.22203064 11.60254860
v 73.69843292 59.69832230 12.22636223
v 76.76415253 53.35535812 11.00011921
v 76.01377106 55.00916290 11.39980507
v 75.19214630 56.63447189 11.87201023
v 76.26792145 53.35535812 11.58706284
v 75.57751465 55.00916290 12.08319759
v 74.82614899 56.63447189 12.66070175
v 76.42098999 51.68246460 11.69984627
v 75.85435486 53.35535812 12.23490906
v 75.23622894 55.00916290 12.81864071
v 74.56855011 56.63447189 13.49113846
v 76.02108765 51.68246460 12.32628441
v 75.53082275 53.35535812 12.93210030
v 74.99601746 55.00916290 13.59301090
v 74.42393494 56.63447189 14.34850121
v 73.83449554 58.22203064 15.23622513
v 73.29666138 59.48448563 14.57471752
v 73.49965668 59.76280975 17.29560852
v 74.14794922 58.22203064 17.09450531
v 74.68347168 56.63447189 16.92838669
v 75.10317993 55.00916290 16.79818916
v 75.40468597 53.35535812 16.70466042
v 75.41381836 56.63447189 18.50224686
v 75.92957306 56.63447189 19.20223427
v 75.78421783 55.00916290 18.26579094
v 76.26515961 55.00916290 18.91851807
v 76.05030823 53.35535812 18.09592628
v 76.50622559 53.35535812 18.71470451
v 76.53402710 56.63447189 19.82723236
v 76.82879639 55.00916290 19.50132179
v 77.04055023 53.35535812 19.26719284
v 77.21638489 56.63447189 20.36608887
v 77.46508789 55.00916290 20.00379562
v 77.64375305 53.35535812 19.74353218
v 77.96448517 56.63447189 20.80918884
v 78.16267395 55.00916290 20.41697884
v 78.30505371 53.35535812 20.13522339
v 84.90093994 58.22203064 20.82835197
v 87.93395233 58.22203064 14.29237843
v 83.65983582 58.22203064 8.49150658
v 79.37991333 53.35535812 9.45080090
v 78.53060150 55.00916290 9.41228485
v 77.58303070 56.63447189 9.39985561
v 76.51870728 58.22203064 9.45189571
v 78.58103943 58.22203064 21.67829514
v 78.76496887 56.63447189 21.14862061
v 78.90911102 55.00916290 20.73349380
v 79.01266479 53.35535812 20.43527603
v 84.33473969 59.48542404 21.79708290
v 88.56571198 59.60620880 15.25457382
v 84.83702087 59.72758102 8.34961128
v 81.84226227 58.22203064 7.99362278
v 82.61958313 56.63447189 8.72250462
v 83.26939392 55.00916290 9.41228485
v 83.83214569 53.35535812 10.04956627
v 75.81830597 58.22203064 10.08536816
v 76.86619568 56.63447189 9.89193058
v 77.80696869 55.00916290 9.77795219
v 78.65383911 53.35535812 9.70292091
v 73.41547394 61.24804688 10.89806461
v 73.47202301 61.24804688 10.78370667
v 73.87165833 59.76280975 18.26149368
v 75.68093109 53.35535812 17.42190361
v 75.39457703 55.00916290 17.55478668
v 74.99596405 56.63447189 17.73976135
v 74.48735809 58.22203064 17.97577858
v 79.35666656 59.76280975 22.59295845
v 79.75395966 53.35535812 20.63833809
v 79.69107819 55.00916290 20.94769478
v 79.60354614 56.63447189 21.37833023
v 79.49185944 58.22203064 21.92779350
v 80.38247681 59.76280975 22.73091698
v 80.51570129 53.35535812 20.74078178
v 80.49461365 55.00916290 21.05576134
v 80.46526337 56.63447189 21.49422073
v 80.42781067 58.22203064 22.05366707
v 85.64208221 58.22203064 20.24307442
v 84.58361053 56.63447189 20.36608887
v 83.63732147 55.00916290 20.41697884
v 82.78733826 53.35535812 20.43527603
v 86.29859924 58.22203064 19.56423759
v 85.26596832 56.63447189 19.82723236
v 84.33490753 55.00916290 20.00379562
v 83.49494934 53.35535812 20.13522339
v 87.77687073 58.22203064 13.36115742
v 87.37606812 56.63447189 14.34850121
v 86.96592712 55.00916290 15.20280552
v 86.57347870 53.35535812 15.95699787
v 87.49707794 58.22203064 12.45918274
v 87.23145294 56.63447189 13.49113846
v 86.93883514 55.00916290 14.39248753
v 86.65041351 53.35535812 15.19225693
v 82.76771545 58.22203064 8.18172836
v 83.44094086 56.63447189 9.00771332
v 83.99302673 55.00916290 9.77795219
v 84.46581268 53.35535812 10.48455429
v 73.22366333 61.94248581 11.73424625
v 72.90191650 61.94248581 12.62894821
v 72.97302246 61.97415543 12.65002632
v 73.02175140 61.71324539 11.64834785
v 72.69154358 61.71324539 12.56658268
v 72.73004913 61.78317261 12.57799721
v 72.98100281 61.55871201 11.63100719
v 72.64907837 61.55871201 12.55399227
v 72.66432190 61.63777161 12.55851078
v 72.98746490 61.39810944 11.63376045
v 72.65582275 61.39810944 12.55599117
v 72.64621735 61.47813034 12.55314636
v 73.44168091 61.32074738 10.76648617
v 73.00839233 61.32074738 11.64266491
v 75.28542328 61.36619949 8.49962234
v 75.29415131 61.32074738 8.50973511
v 74.59204102 61.32074738 9.18978024
v 75.29901886 61.30523300 8.51536942
v 72.65966034 61.38447571 12.55713081
v 72.67762756 61.32074738 12.56245518
v 75.27584839 61.44018555 8.48853779
v 75.27711487 61.42465591 8.49000740
v 74.57530212 61.39810944 9.17436981
v 75.27928925 61.39810944 8.49252224
v 75.27282715 61.48166656 8.48504353
v 75.27273560 61.47813034 8.48494434
v 74.56794739 61.47813034 9.16758728
v 75.27584076 61.56748199 8.48853397
v 75.27468872 61.55871201 8.48720074
v 74.57013702 61.55871201 9.16960621
v 75.27419281 61.53830338 8.48662853
v 73.97186279 61.32074738 9.94530106
v 73.42191315 61.39810944 10.75525761
v 72.97825623 61.47813034 11.62983990
v 72.64851379 61.54285812 12.55382633
v 73.95348358 61.39810944 9.93189621
v 73.41320038 61.47813034 10.75031376
v 74.58182526 61.63777161 9.18037605
v 75.28507996 61.63777161 8.49923038
v 75.27954102 61.59565353 8.49282074
v 74.60271454 61.71324539 9.19961548
v 75.30364227 61.71324539 8.52072239
v 73.94539642 61.47813034 9.92599392
v 73.41579437 61.55871201 10.75178528
v 72.99562836 61.63777161 11.63723087
v 72.68588257 61.69754791 12.56490326
v 73.94780731 61.55871201 9.92775154
v 73.42961121 61.63777161 10.75963306
v 75.32952881 61.78219986 8.55069447
v 75.32929993 61.78159714 8.55043125
v 75.30504608 61.71696854 8.52234077
v 74.01603699 61.78317261 9.97752857
v 74.63225555 61.78317261 9.22682476
v 73.98358917 61.71324539 9.95385838
v 73.48924255 61.78317261 10.79347706
v 73.53349304 61.84573364 10.81859493
v 73.10553741 61.84573364 11.68398952
v 73.16099548 61.89930344 11.70758533
v 73.96064758 61.63777161 9.93712044
v 73.45431519 61.71324539 10.77365208
v 73.05871582 61.78317261 11.66407013
v 72.77005768 61.83448029 12.58985710
v 75.40254974 61.89930344 8.63523769
v 75.39074707 61.88325119 8.62157059
v 74.66967773 61.84573364 9.26129627
v 75.36560822 61.84907913 8.59246922
v 75.36315155 61.84573364 8.58962154
v 75.32989502 61.78317261 8.55111599
v 75.45813751 61.94971466 8.69959068
v 75.44706726 61.94248581 8.68677807
v 74.76409912 61.94248581 9.34827232
v 75.41661835 61.91294479 8.65152264
v 72.89207458 61.93597794 12.62603092
v 72.89558411 61.93830109 12.62707233
v 72.77883148 61.84573364 12.59245872
v 72.82821655 61.89151382 12.60710049
v 72.83662415 61.89930344 12.60959148
v 74.05713654 61.84573364 10.00751877
v 73.58591461 61.89930344 10.84834862
v 74.81865692 61.97415543 9.39851475
v 75.49554443 61.97415543 8.74290085
v 75.48323822 61.96611786 8.72865391
v 74.10582733 61.89930344 10.04304504
v 73.64513397 61.94248581 10.88196754
v 73.29190826 61.97415543 11.76327801
v 73.04808044 61.99349976 12.67227745
v 74.28400421 61.99349976 10.17303562
v 74.87623596 61.99349976 9.45155334
v 75.52968597 61.98706055 8.78243351
v 73.77770996 61.99349976 10.95722198
v 74.22076416 61.97415543 10.12689400
v 73.36394501 61.99349976 11.79392529
v 73.70963287 61.97415543 10.91857624
v 74.16085052 61.94248581 10.08318424
v 74.71401215 61.89930344 9.30213261
v 75.59925842 62.00000000 8.86297607
v 75.56364441 61.99559021 8.82174301
v 75.54672241 61.99349976 8.80214787
v 73.43790436 62.00000000 11.82539177
v 73.84761047 62.00000000 10.99690056
v 74.34893036 62.00000000 10.22041035
v 74.93535614 62.00000000 9.50600815
v 73.05066681 61.99371719 12.67304707
v 73.12513733 62.00000000 12.69512272
v 78.13740540 62.00000000 21.43180656
v 78.25831604 62.00000000 21.72142029
v 79.04589844 62.00000000 20.70633888
v 82.76686859 62.00000000 22.75139236
v 79.96138763 62.00000000 20.92612839
v 82.75765991 62.00000000 22.63993073
v 82.75807953 62.00000000 22.52301025
v 82.76906586 62.00000000 22.40044403
v 82.79176331 62.00000000 22.27217102
v 80.90000153 62.00000000 21.00000000
v 82.88017273 62.00000000 21.99291801
v 81.83860779 62.00000000 20.92612839
v 83.03536987 62.00000000 21.69562149
v 82.75409698 62.00000000 20.70633888
v 84.42671204 62.00000000 19.85410309
v 84.73088074 62.00000000 20.62495041
v 85.14263916 62.00000000 19.24264145
v 85.08881378 62.00000000 20.60837936
v 85.75410461 62.00000000 18.52671051
v 85.40007782 62.00000000 20.64847565
v 86.24603271 62.00000000 17.72394180
v 88.54633331 62.00000000 17.25893784
v 78.31845856 62.00000000 21.98931503
v 78.32962799 62.00000000 22.11649704
v 78.32947540 62.00000000 22.23709106
v 78.31914520 62.00000000 22.35131454
v 75.12052917 62.00000000 20.49245262
v 86.67946625 62.00000000 9.50754642
v 82.75409698 62.00000000 9.29366016
v 83.66259003 62.00000000 8.56819153
v 81.83860779 62.00000000 9.07387066
v 83.54168701 62.00000000 8.27857876
v 80.90000153 62.00000000 9.00000000
v 83.26696777 62.00000000 21.39434433
v 83.57481384 62.00000000 21.11239433
v 83.62393951 62.00000000 20.34603882
v 83.94279480 62.00000000 20.87767792
v 84.33987427 62.00000000 20.71252823
v 79.03312683 62.00000000 7.24860716
v 78.91983032 62.00000000 8.00708103
v 78.76462555 62.00000000 8.30437756
v 79.96138763 62.00000000 9.07387066
v 73.25366211 62.00000000 12.74106121
v 78.29961395 62.00000000 22.45948792
v 78.27157593 62.00000000 22.56196213
v 85.97599792 62.00000000 20.91073799
v 87.94612122 62.00000000 16.78158188
v 87.76625824 62.00000000 16.49852562
v 86.60633850 62.00000000 16.85410118
v 87.62114716 62.00000000 16.14731979
v 86.82613373 62.00000000 15.93860626
v 87.53089905 62.00000000 15.73973370
v 86.89999390 62.00000000 15.00000000
v 79.04589844 62.00000000 9.29366016
v 77.37329102 62.00000000 10.14589691
v 77.06912231 62.00000000 9.37504768
v 76.65735626 62.00000000 10.75735855
v 76.71118164 62.00000000 9.39162064
v 76.04589081 62.00000000 11.47328758
v 76.39992523 62.00000000 9.35152340
v 75.55396271 62.00000000 12.27605724
v 75.55396271 62.00000000 17.72394180
v 75.83403778 62.00000000 20.21133614
v 76.04589081 62.00000000 18.52671051
v 76.16910553 62.00000000 20.19709778
v 76.65735626 62.00000000 19.24264145
v 76.54582214 62.00000000 20.24702263
v 77.37329102 62.00000000 19.85410309
v 86.24603271 62.00000000 12.27605724
v 85.96595764 62.00000000 9.78866386
v 85.75410461 62.00000000 11.47328758
v 85.63088989 62.00000000 9.80290222
v 85.14263916 62.00000000 10.75735855
v 85.25418091 62.00000000 9.75297546
v 84.42671204 62.00000000 10.14589691
v 73.24314880 62.00000000 16.44057846
v 88.44519806 62.00000000 17.21118355
v 88.34415436 62.00000000 17.15235901
v 85.88224030 62.00000000 20.84468651
v 88.24350739 62.00000000 17.08156013
v 85.77788544 62.00000000 20.78425026
v 88.14376831 62.00000000 16.99777412
v 85.66215515 62.00000000 20.73033714
v 86.05991364 62.00000000 20.98174667
v 86.13463593 62.00000000 21.05726242
v 88.55684662 62.00000000 13.55942249
v 76.94391632 62.00000000 20.37266159
v 77.33117676 62.00000000 20.57397461
v 78.17605591 62.00000000 20.34603882
v 77.67274475 62.00000000 20.83528328
v 77.94408417 62.00000000 21.13011742
v 84.85607910 62.00000000 9.62733841
v 84.46881866 62.00000000 9.42602348
v 83.62393951 62.00000000 9.65396023
v 84.12725830 62.00000000 9.16471386
v 83.85591125 62.00000000 8.86988258
v 83.48085022 62.00000000 7.64868355
v 75.82399750 62.00000000 9.08926105
v 73.85387421 62.00000000 13.21841717
v 74.03373718 62.00000000 13.50147438
v 75.19365692 62.00000000 13.14589787
v 74.17885590 62.00000000 13.85267925
v 74.97386932 62.00000000 14.06139278
v 74.26910400 62.00000000 14.26026630
v 74.90000153 62.00000000 15.00000000
v 73.13969421 62.00000000 16.47774124
v 73.03693390 62.00000000 16.50469780
v 87.51161194 62.00000000 15.30370331
v 87.56713867 62.00000000 14.87724400
v 86.82613373 62.00000000 14.06139278
v 87.68679047 62.00000000 14.49483490
v 86.60633850 62.00000000 13.14589787
v 87.85140228 62.00000000 14.17657185
v 88.04176331 62.00000000 13.92705441
v 88.24369049 62.00000000 13.74102020
v 86.25200653 62.00000000 9.72560215
v 88.34824371 62.00000000 13.66775227
v 86.37444305 62.00000000 9.68111515
v 88.45276642 62.00000000 13.60759544
v 86.48607635 62.00000000 9.62934971
v 86.58753967 62.00000000 9.57125378
v 88.66030121 62.00000000 13.52225780
v 88.76306915 62.00000000 13.49530125
v 78.53302765 62.00000000 8.60565567
v 78.22518158 62.00000000 8.88760471
v 78.17605591 62.00000000 9.65396023
v 77.85720062 62.00000000 9.12232018
v 77.46012878 62.00000000 9.28746986
v 75.21245575 62.00000000 20.42874718
v 75.31391907 62.00000000 20.37064934
v 73.34723663 62.00000000 16.39240456
v 75.42556000 62.00000000 20.31888390
v 73.45175171 62.00000000 16.33224678
v 75.54799652 62.00000000 20.27439690
v 73.55630493 62.00000000 16.25897980
v 73.75823975 62.00000000 16.07294655
v 73.94859314 62.00000000 15.82342720
v 75.19365692 62.00000000 16.85410118
v 74.11320496 62.00000000 15.50516510
v 74.97386932 62.00000000 15.93860626
v 74.23286438 62.00000000 15.12275505
v 74.28838348 62.00000000 14.69629669
v 79.04233551 62.00000000 7.36006927
v 79.04192352 62.00000000 7.47698975
v 83.47052002 62.00000000 7.76290846
v 79.03092957 62.00000000 7.59955454
v 83.47036743 62.00000000 7.88350201
v 79.00823975 62.00000000 7.72782803
v 83.48153687 62.00000000 8.01068401
v 83.50038147 62.00000000 7.54051161
v 83.52841949 62.00000000 7.43803692
v 73.35479736 62.00000000 12.78881550
v 73.45584106 62.00000000 12.84764004
v 75.91775513 62.00000000 9.15531254
v 73.55648804 62.00000000 12.91843987
v 76.02210999 62.00000000 9.21574974
v 73.65623474 62.00000000 13.00222397
v 76.13784027 62.00000000 9.26966190
v 75.74008179 62.00000000 9.01825333
v 75.66535950 62.00000000 8.94273567
v 83.20714569 64.00000000 14.07299614
v 83.27189636 64.00000000 14.22932148
v 83.93795776 63.93933868 14.01290703
v 83.33117676 64.00000000 14.47620869
v 83.36325836 64.00000000 14.60985756
v 84.05496979 63.93933868 14.50030136
v 83.38566589 64.00000000 14.89462852
v 83.39395905 64.00000000 15.00000000
v 84.09429932 63.93933868 15.00000000
v 83.36906433 64.00000000 15.31640816
v 83.36325836 64.00000000 15.39014149
v 84.05496979 63.93933868 15.49969769
v 82.62333679 64.00000000 16.79780197
v 82.36591339 64.00000000 17.01766014
v 82.77755737 63.93933868 17.58424187
v 82.29383087 64.00000000 17.06183052
v 82.03223419 64.00000000 17.22213936
v 82.35018158 63.93933868 17.84614372
v 81.92481232 64.00000000 17.26663589
v 81.67067719 64.00000000 17.37190247
v 81.88708496 63.93933868 18.03796005
v 81.52673340 64.00000000 17.40645981
v 81.29013824 64.00000000 17.46325874
v 81.39969635 63.93933868 18.15497398
v 81.11090088 64.00000000 17.47736740
v 80.90000153 64.00000000 17.49396515
v 80.90000153 63.93933868 18.19429970
v 80.68909454 64.00000000 17.47736740
v 80.50985718 64.00000000 17.46325874
v 80.40030670 63.93933868 18.15497398
v 80.27326202 64.00000000 17.40645981
v 80.12931824 64.00000000 17.37190247
v 79.91291046 63.93933868 18.03796005
v 79.87518311 64.00000000 17.26663589
v 79.76776123 64.00000000 17.22213936
v 79.44981384 63.93933868 17.84614372
v 79.50616455 64.00000000 17.06183052
v 79.43408203 64.00000000 17.01766014
v 79.02243805 63.93933868 17.58424187
v 79.17665863 64.00000000 16.79780197
v 79.13649750 64.00000000 16.76349831
v 78.64128876 63.93933868 17.25871086
v 78.43093872 64.00000000 15.31640816
v 78.40603638 64.00000000 15.00000000
v 77.70569611 63.93933868 15.00000000
v 78.41432953 64.00000000 14.89462852
v 78.43673706 64.00000000 14.60985756
v 77.74502563 63.93933868 14.50030136
v 78.46881866 64.00000000 14.47620869
v 78.52809906 64.00000000 14.22932148
v 77.86203766 63.93933868 14.01290703
v 78.59284973 64.00000000 14.07299614
v 78.67785645 64.00000000 13.86776257
v 78.05385590 63.93933868 13.54981804
v 78.78286743 64.00000000 13.69641018
v 78.88233948 64.00000000 13.53408432
v 78.31575775 63.93933868 13.12243748
v 79.03348541 64.00000000 13.35711384
v 79.13649750 64.00000000 13.23649979
v 78.64128876 63.93933868 12.74128819
v 79.33761597 64.00000000 13.06472874
v 79.43408203 64.00000000 12.98233891
v 79.02243805 63.93933868 12.41575623
v 79.68666077 64.00000000 12.82755852
v 79.76776123 64.00000000 12.77786064
v 79.44981384 63.93933868 12.15385723
v 86.42249298 62.57196426 15.87467670
v 86.49133301 62.57196426 15.00000000
v 85.99041748 63.06513977 15.00000000
v 81.77467346 62.57196426 9.47750378
v 82.62781525 62.57196426 9.68232346
v 83.43840790 62.57196426 10.01808453
v 84.18650055 62.57196426 10.47651482
v 84.85366821 62.57196426 11.04632854
v 85.42348480 62.57196426 11.71349525
v 85.35659027 63.46484375 14.29414368
v 85.92774200 63.06513977 14.20368385
v 86.42249298 62.57196426 14.12532234
v 84.58417511 63.75916290 13.80293751
v 85.19130707 63.46484375 13.60566807
v 85.74126434 63.06513977 13.42697620
v 86.21767426 62.57196426 13.27218246
v 80.29400635 63.75916290 11.17391682
v 80.90000153 63.75916290 11.12622452
v 80.90000153 63.46484375 10.48784924
v 83.74613953 63.93933868 13.54981804
v 84.35155487 63.75916290 13.24134254
v 84.92035675 63.46484375 12.95152664
v 85.43559265 63.06513977 12.68900108
v 85.88191223 62.57196426 12.46158695
v 80.90000153 63.93933868 11.80569935
v 80.40030670 63.93933868 11.84502602
v 79.91291046 63.93933868 11.96203899
v 75.91808319 62.57196426 12.46158695
v 75.58232880 62.57196426 13.27218246
v 76.05873108 63.06513977 13.42697620
v 75.87226105 63.06513977 14.20368385
v 76.44340515 63.46484375 14.29414368
v 76.38784790 63.46484375 15.00000000
v 77.02622223 63.75916290 15.00000000
v 77.07391357 63.75916290 15.60599136
v 77.74502563 63.93933868 15.49969769
v 77.86203766 63.93933868 15.98709297
v 75.37750244 62.57196426 14.12532234
v 75.30866241 62.57196426 15.00000000
v 75.80958557 63.06513977 15.00000000
v 75.87226105 63.06513977 15.79631519
v 76.44340515 63.46484375 15.70585537
v 76.60868835 63.46484375 16.39433098
v 77.21582031 63.75916290 16.19706154
v 77.44844055 63.75916290 16.75865555
v 78.05385590 63.93933868 16.45018196
v 78.31575775 63.93933868 16.87756157
v 78.88233948 64.00000000 16.46591568
v 78.89604950 64.00000000 16.48197365
v 81.77467346 62.57196426 20.52249527
v 82.62781525 62.57196426 20.31767464
v 82.47302246 63.06513977 19.84126854
v 83.21099854 63.06513977 19.53558922
v 82.94847107 63.46484375 19.02035522
v 83.55217743 63.46484375 18.65040588
v 83.17694855 63.75916290 18.13394928
v 83.63917542 63.75916290 17.73917389
v 83.15870667 63.93933868 17.25871086
v 83.48423767 63.93933868 16.87756157
v 83.43840790 62.57196426 19.98191452
v 84.18650055 62.57196426 19.52348518
v 83.89206696 63.06513977 19.11822891
v 84.49946594 63.06513977 18.59946442
v 84.09056854 63.46484375 18.19057274
v 84.55039978 63.46484375 17.65217400
v 84.03395081 63.75916290 17.27694702
v 84.35155487 63.75916290 16.75865555
v 83.74613953 63.93933868 16.45018196
v 83.93795776 63.93933868 15.98709297
v 83.27189636 64.00000000 15.77067757
v 83.28176117 64.00000000 15.72959709
v 80.90000153 64.00000000 12.50603390
v 80.50985718 64.00000000 12.53673935
v 80.47904968 64.00000000 12.54413509
v 80.12931824 64.00000000 12.62809753
v 80.07075500 64.00000000 12.65235519
v 79.70293427 63.75916290 11.31582069
v 80.19414520 63.46484375 10.54340172
v 80.90000153 63.06513977 9.90958786
v 79.14134216 63.75916290 11.54844093
v 79.50566864 63.46484375 10.70868969
v 80.10368347 63.06513977 9.97225952
v 80.90000153 62.57196426 9.40866375
v 78.62304688 63.75916290 11.86604977
v 78.85153198 63.46484375 10.97964478
v 79.32697296 63.06513977 10.15873051
v 80.02532196 62.57196426 9.47750378
v 78.16082001 63.75916290 12.26082706
v 78.24782562 63.46484375 11.34959316
v 78.58899689 63.06513977 10.46440983
v 79.17218018 62.57196426 9.68232346
v 77.76604462 63.75916290 12.72305202
v 77.70942688 63.46484375 11.80942726
v 77.90792847 63.06513977 10.88177013
v 78.36158752 62.57196426 10.01808453
v 77.44844055 63.75916290 13.24134254
v 77.24959564 63.46484375 12.34782410
v 77.30053711 63.06513977 11.40053463
v 77.61349487 62.57196426 10.47651482
v 77.21582031 63.75916290 13.80293751
v 76.87964630 63.46484375 12.95152664
v 76.78176880 63.06513977 12.00793171
v 76.94632721 62.57196426 11.04632854
v 77.07391357 63.75916290 14.39400768
v 76.60868835 63.46484375 13.60566807
v 76.36440277 63.06513977 12.68900108
v 76.37651062 62.57196426 11.71349525
v 78.67785645 64.00000000 16.13223648
v 78.52809906 64.00000000 15.77067757
v 78.51823425 64.00000000 15.72959709
v 78.43673706 64.00000000 15.39014149
v 77.76604462 63.75916290 17.27694702
v 76.87964630 63.46484375 17.04847336
v 76.05873108 63.06513977 16.57302284
v 75.37750244 62.57196426 15.87467670
v 78.16082001 63.75916290 17.73917389
v 77.24959564 63.46484375 17.65217400
v 76.36440277 63.06513977 17.31099701
v 75.58232880 62.57196426 16.72781563
v 78.62304688 63.75916290 18.13394928
v 77.70942688 63.46484375 18.19057274
v 76.78176880 63.06513977 17.99206734
v 75.91808319 62.57196426 17.53841400
v 79.14134216 63.75916290 18.45155907
v 78.24782562 63.46484375 18.65040588
v 77.30053711 63.06513977 18.59946442
v 76.37651062 62.57196426 18.28650475
v 79.70293427 63.75916290 18.68417931
v 78.85153198 63.46484375 19.02035522
v 77.90792847 63.06513977 19.11822891
v 76.94632721 62.57196426 18.95367050
v 80.29400635 63.75916290 18.82608223
v 79.50566864 63.46484375 19.29130936
v 78.58899689 63.06513977 19.53558922
v 77.61349487 62.57196426 19.52348518
v 80.90000153 63.75916290 18.87377357
v 80.19414520 63.46484375 19.45659828
v 79.32697296 63.06513977 19.84126854
v 78.36158752 62.57196426 19.98191452
v 81.50598907 63.75916290 18.82608223
v 80.90000153 63.46484375 19.51214981
v 80.10368347 63.06513977 20.02774048
v 79.17218018 62.57196426 20.31767464
v 82.09706116 63.75916290 18.68417931
v 81.60585022 63.46484375 19.45659828
v 80.90000153 63.06513977 20.09041214
v 80.02532196 62.57196426 20.52249527
v 82.65865326 63.75916290 18.45155907
v 82.29432678 63.46484375 19.29130936
v 81.69631958 63.06513977 20.02774048
v 80.90000153 62.57196426 20.59133530
v 83.12213898 64.00000000 16.13223648
v 82.91766357 64.00000000 16.46591568
v 82.90394592 64.00000000 16.48197365
v 82.66349792 64.00000000 16.76349831
v 84.58417511 63.75916290 16.19706154
v 84.92035675 63.46484375 17.04847336
v 85.01822662 63.06513977 17.99206734
v 84.85366821 62.57196426 18.95367050
v 84.72608185 63.75916290 15.60599136
v 85.19130707 63.46484375 16.39433098
v 85.43559265 63.06513977 17.31099701
v 85.42348480 62.57196426 18.28650475
v 84.77377319 63.75916290 15.00000000
v 85.35659027 63.46484375 15.70585537
v 85.74126434 63.06513977 16.57302284
v 85.88191223 62.57196426 17.53841400
v 84.72608185 63.75916290 14.39400768
v 85.41215515 63.46484375 15.00000000
v 85.92774200 63.06513977 15.79631519
v 86.21767426 62.57196426 16.72781563
v 83.12213898 64.00000000 13.86776257
v 83.48423767 63.93933868 13.12243748
v 82.91766357 64.00000000 13.53408432
v 83.01713562 64.00000000 13.69641018
v 85.01822662 63.06513977 12.00793171
v 84.55039978 63.46484375 12.34782410
v 84.03395081 63.75916290 12.72305202
v 83.15870667 63.93933868 12.74128819
v 82.66349792 64.00000000 13.23649979
v 82.76651001 64.00000000 13.35711384
v 84.49946594 63.06513977 11.40053463
v 84.09056854 63.46484375 11.80942726
v 83.63917542 63.75916290 12.26082706
v 82.77755737 63.93933868 12.41575623
v 82.36591339 64.00000000 12.98233891
v 82.46237946 64.00000000 13.06472874
v 83.89206696 63.06513977 10.88177013
v 83.55217743 63.46484375 11.34959316
v 83.17694855 63.75916290 11.86604977
v 82.35018158 63.93933868 12.15385723
v 82.03223419 64.00000000 12.77786064
v 82.11333466 64.00000000 12.82755852
v 83.21099854 63.06513977 10.46440983
v 82.94847107 63.46484375 10.97964478
v 82.65865326 63.75916290 11.54844093
v 81.88708496 63.93933868 11.96203899
v 81.67067719 64.00000000 12.62809753
v 81.72924042 64.00000000 12.65235519
v 82.47302246 63.06513977 10.15873051
v 82.29432678 63.46484375 10.70868969
v 82.09706116 63.75916290 11.31582069
v 81.39969635 63.93933868 11.84502602
v 81.29013824 64.00000000 12.53673935
v 81.32094574 64.00000000 12.54413509
v 81.69631958 63.06513977 9.97225952
v 81.60585022 63.46484375 10.54340172
v 81.50598907 63.75916290 11.17391682
v 81.05551910 67.96048737 14.55983067
v 80.97888947 67.96048737 14.53987885
v 80.90000153 68.00000000 15.00000000
v 81.12767029 67.96048737 14.59244537
v 81.19327545 67.96048737 14.63678455
v 81.25043488 67.96048737 14.69157219
v 81.29752350 67.96048737 14.75523376
v 81.33316803 67.96048737 14.82593632
v 81.35635376 67.96048737 14.90164757
v 81.36640930 67.96048737 14.98018646
v 81.36305237 67.96048737 15.05929565
v 81.34636688 67.96048737 15.13669968
v 81.31684875 67.96048737 15.21017170
v 81.27533722 67.96048737 15.27759647
v 81.22301483 67.96048737 15.33703518
v 81.16141510 67.96048737 15.38677788
v 81.09229279 67.96048737 15.42539406
v 81.01763153 67.96048737 15.45177174
v 80.93959045 67.96048737 15.46515465
v 80.86040497 67.96048737 15.46515465
v 80.78237152 67.96048737 15.45177174
v 80.70771027 67.96048737 15.42539406
v 80.63858032 67.96048737 15.38677788
v 80.57698059 67.96048737 15.33703518
v 80.52465820 67.96048737 15.27759647
v 80.48314667 67.96048737 15.21017170
v 80.45362854 67.96048737 15.13669968
v 80.43694305 67.96048737 15.05929565
v 80.43358612 67.96048737 14.98018646
v 80.44364166 67.96048737 14.90164757
v 80.46682739 67.96048737 14.82593632
v 80.50247192 67.96048737 14.75523376
v 80.54956055 67.96048737 14.69157219
v 80.60671997 67.96048737 14.63678455
v 80.67232513 67.96048737 14.59244537
v 80.74447632 67.96048737 14.55983067
v 80.82110596 67.96048737 14.53987885
v 80.90000153 67.96048737 14.53316402
v 80.01251984 64.43657684 12.48820782
v 80.44979095 64.43657684 12.37435341
v 79.60079956 64.43657684 12.67432022
v 79.22644043 64.43657684 12.92734051
v 78.90023041 64.43657684 13.23998547
v 78.63156128 64.43657684 13.60326385
v 78.42813110 64.43657684 14.00672245
v 78.29582977 64.43657684 14.43875790
v 78.23843384 64.43657684 14.88693810
v 78.25761414 64.43657684 15.33837032
v 78.35279846 64.43657684 15.78006935
v 78.52127075 64.43657684 16.19932556
v 78.75817871 64.43657684 16.58408165
v 79.05669403 64.43657684 16.92326546
v 79.40824127 64.43657684 17.20711899
v 79.80270386 64.43657684 17.42748070
v 80.22873688 64.43657684 17.57800674
v 80.67407990 64.43657684 17.65436745
v 81.12591553 64.43657684 17.65436745
v 81.57125854 64.43657684 17.57800674
v 81.99729156 64.43657684 17.42748070
v 82.39175415 64.43657684 17.20711899
v 82.74330139 64.43657684 16.92326546
v 83.04181671 64.43657684 16.58408165
v 83.27872467 64.43657684 16.19932556
v 83.44719696 64.43657684 15.78006935
v 83.54238129 64.43657684 15.33837032
v 83.56156158 64.43657684 14.88693810
v 83.50417328 64.43657684 14.43875790
v 83.37186432 64.43657684 14.00672245
v 83.16844177 64.43657684 13.60326385
v 82.89976501 64.43657684 13.23998547
v 82.57355499 64.43657684 12.92734051
v 82.19920349 64.43657684 12.67432022
v 81.78747559 64.43657684 12.48820782
v 81.35020447 64.43657684 12.37435341
v 80.90000153 64.43657684 12.33603573
v 81.36612701 64.89550781 12.28150749
v 81.81885529 64.89550781 12.39938641
v 82.24514008 64.89550781 12.59208202
v 82.63273621 64.89550781 12.85404778
v 82.97047424 64.89550781 13.17774868
v 83.24865723 64.89550781 13.55387306
v 83.45927429 64.89550781 13.97159958
v 83.59626007 64.89550781 14.41891098
v 83.65567780 64.89550781 14.88294029
v 83.63581848 64.89550781 15.35033607
v 83.53726196 64.89550781 15.80765247
v 83.36283112 64.89550781 16.24173737
v 83.11756134 64.89550781 16.64009666
v 82.80847931 64.89550781 16.99127388
v 82.44450378 64.89550781 17.28516579
v 82.03609467 64.89550781 17.51331902
v 81.59499359 64.89550781 17.66916656
v 81.13391113 64.89550781 17.74822998
v 80.66608429 64.89550781 17.74822998
v 80.20500183 64.89550781 17.66916656
v 79.76390076 64.89550781 17.51331902
v 79.35549164 64.89550781 17.28516579
v 78.99151611 64.89550781 16.99127388
v 78.68243408 64.89550781 16.64009666
v 78.43716431 64.89550781 16.24173737
v 78.26273346 64.89550781 15.80765247
v 78.16417694 64.89550781 15.35033607
v 78.14431763 64.89550781 14.88294029
v 78.20373535 64.89550781 14.41891098
v 78.34072113 64.89550781 13.97159958
v 78.55133820 64.89550781 13.55387306
v 78.82952118 64.89550781 13.17774868
v 79.16725922 64.89550781 12.85404778
v 79.55485535 64.89550781 12.59208202
v 79.98114014 64.89550781 12.39938641
v 80.43386841 64.89550781 12.28150749
v 80.90000153 64.89550781 12.24183369
v 81.36878967 65.36374664 12.26601028
v 81.82409668 65.36374664 12.38456154
v 82.25280762 65.36374664 12.57835484
v 82.64261627 65.36374664 12.84181404
v 82.98227692 65.36374664 13.16736126
v 83.26204681 65.36374664 13.54562855
v 83.47386169 65.36374664 13.96573734
v 83.61163330 65.36374664 14.41559887
v 83.67139435 65.36374664 14.88227177
v 83.65142059 65.36374664 15.35233307
v 83.55229950 65.36374664 15.81225777
v 83.37687683 65.36374664 16.24881554
v 83.13019562 65.36374664 16.64944649
v 82.81935883 65.36374664 17.00262642
v 82.45330811 65.36374664 17.29819298
v 82.04256439 65.36374664 17.52764702
v 81.59896088 65.36374664 17.68438530
v 81.13524628 65.36374664 17.76389503
v 80.66475677 65.36374664 17.76389503
v 80.20103455 65.36374664 17.68438530
v 79.75743103 65.36374664 17.52764702
v 79.34668732 65.36374664 17.29819298
v 78.98063660 65.36374664 17.00262642
v 78.66979980 65.36374664 16.64944649
v 78.42311859 65.36374664 16.24881554
v 78.24769592 65.36374664 15.81225777
v 78.14857483 65.36374664 15.35233307
v 78.12860870 65.36374664 14.88227177
v 78.18836975 65.36374664 14.41559887
v 78.32613373 65.36374664 13.96573734
v 78.53794861 65.36374664 13.54562855
v 78.81771851 65.36374664 13.16736126
v 79.15737915 65.36374664 12.84181404
v 79.54718781 65.36374664 12.57835484
v 79.97590637 65.36374664 12.38456154
v 80.43120575 65.36374664 12.26601028
v 80.90000153 65.36374664 12.22611046
v 81.35810852 65.82797241 12.32830238
v 81.80303955 65.82797241 12.44415283
v 82.22198486 65.82797241 12.63353062
v 82.60291290 65.82797241 12.89098740
v 82.93483734 65.82797241 13.20911694
v 83.20822906 65.82797241 13.57876587
v 83.41521454 65.82797241 13.98930264
v 83.54985046 65.82797241 14.42891312
v 83.60824585 65.82797241 14.88495541
v 83.58873749 65.82797241 15.34430504
v 83.49186707 65.82797241 15.79374981
v 83.32044220 65.82797241 16.22036171
v 83.07938385 65.82797241 16.61186409
v 82.77562714 65.82797241 16.95699883
v 82.41791534 65.82797241 17.24583054
v 82.01653290 65.82797241 17.47005653
v 81.58303070 65.82797241 17.62322235
v 81.12987518 65.82797241 17.70092201
v 80.67012024 65.82797241 17.70092201
v 80.21696472 65.82797241 17.62322235
v 79.78346252 65.82797241 17.47005653
v 79.38208771 65.82797241 17.24583054
v 79.02436829 65.82797241 16.95699883
v 78.72061157 65.82797241 16.61186409
v 78.47956085 65.82797241 16.22036171
v 78.30812836 65.82797241 15.79374981
v 78.21126556 65.82797241 15.34430504
v 78.19174957 65.82797241 14.88495541
v 78.25014496 65.82797241 14.42891312
v 78.38478088 65.82797241 13.98930264
v 78.59177399 65.82797241 13.57876587
v 78.86516571 65.82797241 13.20911694
v 79.19709015 65.82797241 12.89098740
v 79.57801056 65.82797241 12.63353062
v 79.99695587 65.82797241 12.44415283
v 80.44189453 65.82797241 12.32830238
v 80.90000153 65.82797241 12.28931141
v 81.33438873 66.27497101 12.46661186
v 81.75628662 66.27497101 12.57646561
v 82.15354919 66.27497101 12.75603962
v 82.51474762 66.27497101 13.00016785
v 82.82949829 66.27497101 13.30182838
v 83.08872986 66.27497101 13.65234184
v 83.28500366 66.27497101 14.04162407
v 83.41266632 66.27497101 14.45847797
v 83.46804047 66.27497101 14.89091015
v 83.44953918 66.27497101 15.32648087
v 83.35768890 66.27497101 15.75265980
v 83.19514465 66.27497101 16.15718651
v 82.96656036 66.27497101 16.52841949
v 82.67853546 66.27497101 16.85568619
v 82.33934021 66.27497101 17.12956810
v 81.95873260 66.27497101 17.34218597
v 81.54766846 66.27497101 17.48742104
v 81.11798096 66.27497101 17.56110001
v 80.68201447 66.27497101 17.56110001
v 80.25232697 66.27497101 17.48742104
v 79.84126282 66.27497101 17.34218597
v 79.46065521 66.27497101 17.12956810
v 79.12145996 66.27497101 16.85568619
v 78.83343506 66.27497101 16.52841949
v 78.60485840 66.27497101 16.15718651
v 78.44230652 66.27497101 15.75265980
v 78.35045624 66.27497101 15.32648087
v 78.33195496 66.27497101 14.89091015
v 78.38732910 66.27497101 14.45847797
v 78.51499176 66.27497101 14.04162407
v 78.71126556 66.27497101 13.65234184
v 78.97049713 66.27497101 13.30182838
v 79.28524780 66.27497101 13.00016785
v 79.64644623 66.27497101 12.75603962
v 80.04370880 66.27497101 12.57646561
v 80.46560669 66.27497101 12.46661186
v 80.90000153 66.27497101 12.42963982
v 81.29831696 66.69202423 12.67700386
v 81.68518066 66.69202423 12.77773476
v 82.04944611 66.69202423 12.94239521
v 82.38065338 66.69202423 13.16624832
v 82.66925812 66.69202423 13.44285679
v 82.90696716 66.69202423 13.76426125
v 83.08693695 66.69202423 14.12121487
v 83.20399475 66.69202423 14.50345039
v 83.25476837 66.69202423 14.89997005
v 83.23780823 66.69202423 15.29936790
v 83.15357971 66.69202423 15.69015312
v 83.00453186 66.69202423 16.06108475
v 82.79493713 66.69202423 16.40148926
v 82.53082275 66.69202423 16.70157623
v 82.21980286 66.69202423 16.95271301
v 81.87081146 66.69202423 17.14767075
v 81.49388123 66.69202423 17.28084755
v 81.09987640 66.69202423 17.34840775
v 80.70011902 66.69202423 17.34840775
v 80.30611420 66.69202423 17.28084755
v 79.92919159 66.69202423 17.14767075
v 79.58019257 66.69202423 16.95271301
v 79.26917267 66.69202423 16.70157623
v 79.00506592 66.69202423 16.40148926
v 78.79546356 66.69202423 16.06108475
v 78.64641571 66.69202423 15.69015312
v 78.56219482 66.69202423 15.29936790
v 78.54522705 66.69202423 14.89997005
v 78.59600067 66.69202423 14.50345039
v 78.71305847 66.69202423 14.12121487
v 78.89302826 66.69202423 13.76426125
v 79.13073730 66.69202423 13.44285679
v 79.41934204 66.69202423 13.16624832
v 79.75054932 66.69202423 12.94239521
v 80.11482239 66.69202423 12.77773476
v 80.50168610 66.69202423 12.67700386
v 80.90000153 66.69202423 12.64310265
v 81.25090790 67.06726074 12.95349216
v 81.59172058 67.06726074 13.04223251
v 81.91263580 67.06726074 13.18729496
v 82.20441437 67.06726074 13.38450623
v 82.45867157 67.06726074 13.62819099
v 82.66809082 67.06726074 13.91134167
v 82.82664490 67.06726074 14.22581005
v 82.92977142 67.06726074 14.56255054
v 82.97450256 67.06726074 14.91187572
v 82.95955658 67.06726074 15.26373672
v 82.88536072 67.06726074 15.60800934
v 82.75404358 67.06726074 15.93479156
v 82.56939697 67.06726074 16.23468018
v 82.33672333 67.06726074 16.49905014
v 82.06271362 67.06726074 16.72029686
v 81.75525665 67.06726074 16.89205170
v 81.42320251 67.06726074 17.00937653
v 81.07608795 67.06726074 17.06889534
v 80.72391510 67.06726074 17.06889534
v 80.37679291 67.06726074 17.00937653
v 80.04473877 67.06726074 16.89205170
v 79.73728180 67.06726074 16.72029686
v 79.46327209 67.06726074 16.49905014
v 79.23059845 67.06726074 16.23468018
v 79.04595184 67.06726074 15.93479156
v 78.91463470 67.06726074 15.60800934
v 78.84043884 67.06726074 15.26373672
v 78.82549286 67.06726074 14.91187572
v 78.87023163 67.06726074 14.56255054
v 78.97335052 67.06726074 14.22581005
v 79.13191223 67.06726074 13.91134167
v 79.34132385 67.06726074 13.62819099
v 79.59558105 67.06726074 13.38450623
v 79.88735962 67.06726074 13.18729496
v 80.20828247 67.06726074 13.04223251
v 80.54908752 67.06726074 12.95349216
v 80.90000153 67.06726074 12.92362499
v 81.19351196 67.39000702 13.28820896
v 81.47859192 67.39000702 13.36243534
v 81.74700928 67.39000702 13.48377228
v 81.99107361 67.39000702 13.64872837
v 82.20374298 67.39000702 13.85255814
v 82.37890625 67.39000702 14.08939743
v 82.51152802 67.39000702 14.35243225
v 82.59779358 67.39000702 14.63409805
v 82.63520813 67.39000702 14.92628956
v 82.62270355 67.39000702 15.22060108
v 82.56064606 67.39000702 15.50856590
v 82.45080566 67.39000702 15.78190136
v 82.29635620 67.39000702 16.03274155
v 82.10173798 67.39000702 16.25387383
v 81.87254333 67.39000702 16.43893242
v 81.61537933 67.39000702 16.58259773
v 81.33763123 67.39000702 16.68073273
v 81.04728699 67.39000702 16.73051453
v 80.75270844 67.39000702 16.73051453
v 80.46236420 67.39000702 16.68073273
v 80.18461609 67.39000702 16.58259773
v 79.92745209 67.39000702 16.43893242
v 79.69825745 67.39000702 16.25387383
v 79.50363922 67.39000702 16.03274155
v 79.34918976 67.39000702 15.78190136
v 79.23935699 67.39000702 15.50856590
v 79.17729187 67.39000702 15.22060108
v 79.16478729 67.39000702 14.92628956
v 79.20220184 67.39000702 14.63409805
v 79.28846741 67.39000702 14.35243225
v 79.42108917 67.39000702 14.08939743
v 79.59625244 67.39000702 13.85255814
v 79.80892181 67.39000702 13.64872837
v 80.05298615 67.39000702 13.48377228
v 80.32141113 67.39000702 13.36243534
v 80.60648346 67.39000702 13.28820896
v 80.90000153 67.39000702 13.26322651
v 81.12776947 67.65109253 13.67163086
v 81.34899139 67.65109253 13.72923279
v 81.55728912 67.65109253 13.82339096
v 81.74668121 67.65109253 13.95139885
v 81.91172028 67.65109253 14.10957241
v 82.04764557 67.65109253 14.29336262
v 82.15056610 67.65109253 14.49748039
v 82.21749878 67.65109253 14.71605492
v 82.24654388 67.65109253 14.94279957
v 82.23683167 67.65109253 15.17118931
v 82.18867493 67.65109253 15.39465332
v 82.10344696 67.65109253 15.60676384
v 81.98358917 67.65109253 15.80141830
v 81.83256531 67.65109253 15.97302055
v 81.65470886 67.65109253 16.11662674
v 81.45513916 67.65109253 16.22811127
v 81.23960114 67.65109253 16.30426598
v 81.01429749 67.65109253 16.34289932
v 80.78569794 67.65109253 16.34289932
v 80.56039429 67.65109253 16.30426598
v 80.34485626 67.65109253 16.22811127
v 80.14529419 67.65109253 16.11662674
v 79.96743011 67.65109253 15.97302055
v 79.81640625 67.65109253 15.80141830
v 79.69654846 67.65109253 15.60676384
v 79.61132050 67.65109253 15.39465332
v 79.56316376 67.65109253 15.17118931
v 79.55345154 67.65109253 14.94279957
v 79.58249664 67.65109253 14.71605492
v 79.64943695 67.65109253 14.49748039
v 79.75234985 67.65109253 14.29336262
v 79.88827515 67.65109253 14.10957241
v 80.05331421 67.65109253 13.95139885
v 80.24270630 67.65109253 13.82339096
v 80.45100403 67.65109253 13.72923279
v 80.67222595 67.65109253 13.67163086
v 80.90000153 67.65109253 13.65224457
v 81.05554199 67.84307098 14.09284973
v 81.20661926 67.84307098 14.13218498
v 81.34886932 67.84307098 14.19648743
v 81.47821045 67.84307098 14.28390408
v 81.59090424 67.84307098 14.39192104
v 81.68373871 67.84307098 14.51743317
v 81.75402069 67.84307098 14.65682697
v 81.79972839 67.84307098 14.80609226
v 81.81955719 67.84307098 14.96093750
v 81.81293488 67.84307098 15.11690617
v 81.78004456 67.84307098 15.26951027
v 81.72183228 67.84307098 15.41436291
v 81.63999176 67.84307098 15.54729366
v 81.53684998 67.84307098 15.66448021
v 81.41539001 67.84307098 15.76255035
v 81.27910614 67.84307098 15.83868408
v 81.13191223 67.84307098 15.89069176
v 80.97805023 67.84307098 15.91707420
v 80.82194519 67.84307098 15.91707420
v 80.66808319 67.84307098 15.89069176
v 80.52088928 67.84307098 15.83868408
v 80.38460541 67.84307098 15.76255035
v 80.26314545 67.84307098 15.66448021
v 80.16000366 67.84307098 15.54729366
v 80.07816315 67.84307098 15.41436291
v 80.01995087 67.84307098 15.26951027
v 79.98706055 67.84307098 15.11690617
v 79.98043823 67.84307098 14.96093750
v 80.00026703 67.84307098 14.80609226
v 80.04597473 67.84307098 14.65682697
v 80.11625671 67.84307098 14.51743317
v 80.20909119 67.84307098 14.39192104
v 80.32179260 67.84307098 14.28390408
v 80.45113373 67.84307098 14.19648743
v 80.59337616 67.84307098 14.13218498
v 80.74445343 67.84307098 14.09284973
v 80.90000153 67.84307098 14.07961082
v 73.77295685 59.43021011 12.64300060
v 73.77313232 59.42927933 12.64357758
v 73.77143860 61.44091797 14.29918957
v 72.88676453 61.81619644 16.13773155
v 72.95484924 61.81335831 16.12381744
v 73.03537750 61.28202057 15.66479397
v 73.02336121 61.80895233 16.10222054
v 73.03529358 61.80789566 16.09707069
v 73.19339752 60.71831512 15.12894440
v 73.17446136 60.78337860 15.19484138
v 73.19368744 61.79048157 16.01173210
v 73.03620911 61.27902603 15.66214085
v 73.16171265 61.79499435 16.03384781
v 73.09232330 61.80287170 16.07244492
v 73.58312988 61.69221497 15.53032494
v 73.48240662 59.78686905 14.11435986
v 73.56262207 61.70194244 15.57797241
v 73.47274780 59.81498337 14.14865398
v 73.47068787 61.73150253 15.72279835
v 73.42927551 59.94139862 14.30285931
v 73.43571472 61.74274826 15.77789116
v 73.33989716 60.22446823 14.61775303
v 73.33962250 61.76446915 15.88429165
v 73.30496979 60.33507919 14.74079800
v 73.30110168 61.77317429 15.92694378
v 73.23139191 61.78515244 15.98564911
v 73.67502594 59.33104324 13.40634346
v 73.66629028 59.34539413 13.44149208
v 73.67510223 61.64774704 15.31245708
v 73.60756683 59.46689606 13.66289711
v 73.67237091 61.64989090 15.32297611
v 73.58531189 59.51905823 13.74432659
v 73.57453918 59.54432297 13.78375340
v 73.71228027 59.26987839 13.25650311
v 73.73805237 61.59838867 15.07067108
v 73.72860718 59.24917984 13.18599224
v 73.74032593 59.23899078 13.13074684
v 73.75214386 61.58735275 15.01658154
v 73.75384521 59.22723007 13.06702614
v 73.77375793 61.54661560 14.81700993
v 73.77034760 59.22425079 12.97618580
v 73.79038239 59.27503586 12.79048061
v 73.78885651 59.25866318 12.82288170
v 73.78486633 61.49385071 14.55851269
v 73.78616333 59.24552917 12.85686684
v 73.78216553 59.23517609 12.89399433
v 73.78914642 61.51760864 14.67489529
v 73.77956390 59.23163986 12.91366291
v 73.77690887 59.22803879 12.93366718
v 73.77629852 61.44629669 14.32554054
v 73.78100586 59.38645935 12.67000580
v 73.78607178 59.35189438 12.69702816
v 73.78928375 59.32095337 12.72733021
v 73.79039764 59.29991150 12.75314903
v 73.79059601 59.29629898 12.75758266
v 73.72719574 59.60942078 12.58308220
v 73.73548126 59.58263016 12.58686733
v 73.76238251 59.47880173 12.61982441
v 73.72523499 61.38973236 14.04842186
v 73.71613312 61.37963867 13.99897480
v 73.68957520 59.73108673 12.56589031
v 73.65478516 59.82806778 12.56744480
v 73.65265656 61.34195709 13.81435966
v 73.61938477 61.32220078 13.71758366
v 73.62082672 59.92271042 12.56896210
v 73.55864716 60.07528687 12.59356403
v 73.55769348 61.29838562 13.60090828
v 73.49948120 61.27590942 13.49079227
v 73.51863098 60.17343521 12.60938931
v 73.44158173 60.34362411 12.65979671
v 73.44139099 61.26032257 13.41443348
v 73.36771393 61.24055481 13.31757545
v 73.39435577 60.44791031 12.69068527
v 73.37207794 60.49471283 12.70796871
v 73.30595398 60.62757111 12.76723099
v 73.30786896 61.22822189 13.25716209
v 73.30122375 61.22685242 13.25044632
v 73.23412323 61.21527100 13.19371986
v 73.16675568 61.20565033 13.14658833
v 73.21430206 60.81175232 12.84938145
v 73.15645599 60.92129135 12.91246605
v 73.15763855 61.20459366 13.14141083
v 73.09933472 61.19783783 13.10832596
v 73.04333496 61.13552475 13.03583717
v 73.01365662 61.19033051 13.07151985
v 79.37769318 59.43021011 7.64930105
v 79.37728882 59.42927933 7.64973831
v 77.94264221 61.44091797 8.47608185
v 75.90808105 61.81619644 8.62920666
v 75.95417023 61.81335831 8.68121052
v 76.39196014 61.28202057 8.52143192
v 76.00712585 61.80895233 8.72974300
v 76.01754761 61.80789566 8.73749733
v 76.93502808 60.71831512 8.39036560
v 76.86849213 60.78337860 8.40690899
v 76.17066193 61.79048157 8.83200455
v 76.39466858 61.27902603 8.52082825
v 76.13551331 61.79499435 8.81537437
v 76.06740570 61.80287170 8.77458000
v 76.78229523 61.69221497 8.92856884
v 77.95819092 59.78686905 8.13336277
v 76.73077393 61.70194244 8.93463516
v 77.92365265 59.81498337 8.14213753
v 76.55938721 61.73150253 8.92743015
v 77.76837921 59.94139862 8.18159389
v 76.49418640 61.74274826 8.92468929
v 77.45098114 60.22446823 8.26163387
v 76.35398865 61.76446915 8.89466667
v 77.32695770 60.33507919 8.29290962
v 76.29779053 61.77317429 8.88263130
v 76.21209717 61.78515244 8.85161781
v 78.66766357 59.33104324 7.94616318
v 78.63285065 59.34539413 7.95617056
v 77.01696014 61.64774704 8.89928818
v 78.41174316 59.46689606 8.01601219
v 77.00647736 61.64989090 8.90217495
v 78.33010101 59.51905823 8.03745556
v 78.29056549 59.54432297 8.04783821
v 78.81604767 59.26987839 7.90350628
v 77.25782776 61.59838867 8.83291149
v 78.88527679 59.24917984 7.88238811
v 78.93898010 59.23899078 7.86491680
v 77.31170654 61.58735275 8.81806278
v 79.00093079 59.22723007 7.84476471
v 77.49535370 61.54661560 8.73699760
v 79.08784485 59.22425079 7.81363249
v 79.25868988 59.27503586 7.73812580
v 79.22986603 59.25866318 7.75301456
v 77.72476959 61.49385071 8.61737251
v 79.19908905 59.24552917 7.76767206
v 79.16493988 59.23517609 7.78277493
v 77.62612152 61.51760864 8.67927265
v 79.14659882 59.23163986 7.79035139
v 79.12795258 59.22803879 7.79805708
v 77.92224884 61.44629669 8.49346161
v 79.35833740 59.38645935 7.66977358
v 79.33746338 59.35189438 7.68767071
v 79.31282806 59.32095337 7.70560741
v 79.29103088 59.29991150 7.71948147
v 79.28728485 59.29629898 7.72186375
v 79.40670776 59.60942078 7.57971382
v 79.40756989 59.58263016 7.58878183
v 79.39248657 59.47880173 7.62855434
v 78.13671112 61.38973236 8.31068802
v 78.17498016 61.37963867 8.27807522
v 79.40278625 59.73108673 7.53853416
v 79.38404083 59.82806778 7.50918055
v 78.30312347 61.34195709 8.13079834
v 78.37029266 61.32220078 8.05359554
v 79.36575317 59.92271042 7.48053360
v 79.31335449 60.07528687 7.43897963
v 78.44049835 61.29838562 7.94183350
v 78.50674438 61.27590942 7.83635569
v 79.27964783 60.17343521 7.41224766
v 79.19746399 60.34362411 7.37071753
v 78.54383087 61.26032257 7.74787426
v 78.59087372 61.24055481 7.63564205
v 79.14710236 60.44791031 7.34526777
v 79.12099457 60.49471283 7.33461666
v 79.03661346 60.62757111 7.30698395
v 78.61328125 61.22822189 7.55360842
v 78.61576843 61.22685242 7.54448938
v 78.63134003 61.21527100 7.45801687
v 78.63848114 61.20565033 7.37611198
v 78.91963959 60.81175232 7.26867819
v 78.83608246 60.92129135 7.25012589
v 78.63840485 61.20459366 7.36562204
v 78.63790894 61.19783783 7.29859161
v 78.67267609 61.13552475 7.21384287
v 78.62693787 61.19033051 7.20598602
v 86.50474548 59.43021011 10.00629902
v 86.50415039 59.42927933 10.00616074
v 85.07119751 61.44091797 9.17689228
v 83.92130280 61.81619644 7.49147272
v 83.89932251 61.81335831 7.55739164
v 84.25658417 61.28202057 7.85663891
v 83.88375854 61.80895233 7.62752104
v 83.88226318 61.80789566 7.64042664
v 84.64162445 60.71831512 8.26142025
v 84.59402466 60.78337860 8.21206856
v 83.87696838 61.79048157 7.82027292
v 84.25846100 61.27902603 7.85868692
v 83.87380219 61.79499435 7.78152704
v 83.87506866 61.80287170 7.70213652
v 84.09915924 61.69221497 8.39824390
v 85.37577820 59.78686905 9.01900196
v 84.06814575 61.70194244 8.35666084
v 85.35090637 59.81498337 8.99348259
v 83.98868561 61.73150253 8.20463276
v 85.23909760 59.94139862 8.87873554
v 83.95846558 61.74274826 8.14679813
v 85.01108551 60.22446823 8.64388084
v 83.91436768 61.76446915 8.01037598
v 84.92198944 60.33507919 8.55211163
v 83.89669037 61.77317429 7.95568705
v 83.88070679 61.78515244 7.86596918
v 85.89263153 59.33104324 9.53982067
v 85.86656189 59.34539413 9.51467800
v 84.24185181 61.64774704 8.58682919
v 85.70418549 59.46689606 9.35311508
v 84.23410797 61.64989090 8.57919884
v 85.64479065 59.51905823 9.29312992
v 85.61602783 59.54432297 9.26408386
v 86.00376892 59.26987839 9.64700222
v 84.41976166 61.59838867 8.76224041
v 86.05667114 59.24917984 9.69639587
v 86.09865570 59.23899078 9.73416901
v 84.45956421 61.58735275 8.80148029
v 86.14707947 59.22723007 9.77773762
v 84.62158966 61.54661560 8.91998863
v 86.21749878 59.22425079 9.83744717
v 86.36830902 59.27503586 9.94764423
v 86.34101105 59.25866318 9.93013287
v 84.83990479 61.49385071 9.05885887
v 86.31291962 59.24552917 9.91080379
v 86.28276825 59.23517609 9.88877964
v 84.73697662 61.51760864 9.00437641
v 86.26703644 59.23163986 9.87668705
v 86.25104523 59.22803879 9.86438942
v 85.04595184 61.44629669 9.16792107
v 86.47733307 59.38645935 9.99976730
v 86.45139313 59.35189438 9.99064255
v 86.42354584 59.32095337 9.97827625
v 86.40062714 59.29991150 9.96633244
v 86.39669800 59.29629898 9.96428204
v 86.57950592 59.60942078 9.99663258
v 86.57209015 59.58263016 10.00191402
v 86.53009796 59.47880173 10.00872993
v 85.31146240 61.38973236 9.26226521
v 85.35884094 61.37963867 9.27910042
v 86.61320496 59.73108673 9.97264290
v 86.62926483 59.82806778 9.94173527
v 85.55046844 61.34195709 9.31643867
v 85.65091705 61.32220078 9.33601189
v 86.64492798 59.92271042 9.91157246
v 86.65471649 60.07528687 9.84541607
v 85.78279877 61.29838562 9.34092522
v 85.90727234 61.27590942 9.34556293
v 86.66101074 60.17343521 9.80285740
v 86.65588379 60.34362411 9.71092033
v 86.00244141 61.26032257 9.33344078
v 86.12316132 61.24055481 9.31806564
v 86.65274048 60.44791031 9.65458107
v 86.64891052 60.49471283 9.62664700
v 86.63065338 60.62757111 9.53975296
v 86.20539856 61.22822189 9.29644680
v 86.21453857 61.22685242 9.29404449
v 86.29721832 61.21527100 9.26429653
v 86.37171936 61.20565033 9.22952366
v 86.60533905 60.81175232 9.41929722
v 86.57962799 60.92129135 9.33765984
v 86.38076782 61.20459366 9.22421074
v 86.43856812 61.19783783 9.19026470
v 86.52934265 61.13552475 9.17800522
v 86.51328278 61.19033051 9.13446617
v 88.02703857 59.43021011 17.35699844
v 88.02686310 59.42927933 17.35642242
v 88.02855682 61.44091797 15.70080948
v 88.91323090 61.81619644 13.86226654
v 88.84514618 61.81335831 13.87617970
v 88.76462555 61.28202057 14.33520603
v 88.77663422 61.80895233 13.89777851
v 88.76470184 61.80789566 13.90292835
v 88.60659790 60.71831512 14.87105560
v 88.62553406 60.78337860 14.80515766
v 88.60631561 61.79048157 13.98826790
v 88.76378632 61.27902603 14.33785820
v 88.63828278 61.79499435 13.96615219
v 88.70767212 61.80287170 13.92755604
v 88.21686554 61.69221497 14.46967506
v 88.31758881 59.78686905 15.88564014
v 88.23737335 61.70194244 14.42202663
v 88.32724762 59.81498337 15.85134506
v 88.32930756 61.73150253 14.27720165
v 88.37071991 59.94139862 15.69714069
v 88.36428070 61.74274826 14.22210884
v 88.46010590 60.22446823 15.38224602
v 88.46038055 61.76446915 14.11570930
v 88.49503326 60.33507919 15.25920200
v 88.49890137 61.77317429 14.07305527
v 88.56860352 61.78515244 14.01435089
v 88.12496948 59.33104324 16.59365463
v 88.13370514 59.34539413 16.55850792
v 88.12489319 61.64774704 14.68754196
v 88.19243622 59.46689606 16.33710289
v 88.12762451 61.64989090 14.67702389
v 88.21469116 59.51905823 16.25567245
v 88.22546387 59.54432297 16.21624565
v 88.08771515 59.26987839 16.74349594
v 88.06194305 61.59838867 14.92932796
v 88.07138824 59.24917984 16.81400681
v 88.05966949 59.23899078 16.86925316
v 88.04785156 61.58735275 14.98341751
v 88.04615021 59.22723007 16.93297386
v 88.02623749 61.54661560 15.18299007
v 88.02965546 59.22425079 17.02381325
v 88.00962067 59.27503586 17.20951843
v 88.01113892 59.25866318 17.17711830
v 88.01512909 61.49385071 15.44148636
v 88.01383209 59.24552917 17.14313126
v 88.01782990 59.23517609 17.10600471
v 88.01084900 61.51760864 15.32510376
v 88.02043915 59.23163986 17.08633614
v 88.02308655 59.22803879 17.06633377
v 88.02369690 61.44629669 15.67445850
v 88.01898956 59.38645935 17.32999420
v 88.01392365 59.35189438 17.30297089
v 88.01071167 59.32095337 17.27267075
v 88.00959778 59.29991150 17.24684906
v 88.00939941 59.29629898 17.24241638
v 88.07279968 59.60942078 17.41691589
v 88.06451416 59.58263016 17.41313171
v 88.03762054 59.47880173 17.38017464
v 88.07476044 61.38973236 15.95157719
v 88.08386230 61.37963867 16.00102615
v 88.11042786 59.73108673 17.43410873
v 88.14521027 59.82806778 17.43255615
v 88.14733887 61.34195709 16.18564034
v 88.18061066 61.32220078 16.28241730
v 88.17916870 59.92271042 17.43103790
v 88.24135590 60.07528687 17.40643501
v 88.24230194 61.29838562 16.39909172
v 88.30052185 61.27590942 16.50920677
v 88.28136444 60.17343521 17.39060974
v 88.35841370 60.34362411 17.34020233
v 88.35860443 61.26032257 16.58556557
v 88.43228149 61.24055481 16.68242455
v 88.40563965 60.44791031 17.30931282
v 88.42791748 60.49471283 17.29203033
v 88.49404144 60.62757111 17.23276901
v 88.49212646 61.22822189 16.74283791
v 88.49877167 61.22685242 16.74955368
v 88.56587219 61.21527100 16.80628014
v 88.63323975 61.20565033 16.85341072
v 88.58569336 60.81175232 17.15061760
v 88.64354706 60.92129135 17.08753395
v 88.64235687 61.20459366 16.85858917
v 88.70066071 61.19783783 16.89167404
v 88.75666809 61.13552475 16.96416092
v 88.78633881 61.19033051 16.92847824
v 82.42230225 59.43021011 22.35069847
v 82.42271423 59.42927933 22.35026169
v 83.85736084 61.44091797 21.52391624
v 85.89191437 61.81619644 21.37079239
v 85.84582520 61.81335831 21.31879044
v 85.40804291 61.28202057 21.47856712
v 85.79286957 61.80895233 21.27025604
v 85.78244781 61.80789566 21.26250267
v 84.86496735 60.71831512 21.60963440
v 84.93151093 60.78337860 21.59309006
v 85.62933350 61.79048157 21.16799355
v 85.40532684 61.27902603 21.47916985
v 85.66448212 61.79499435 21.18462563
v 85.73259735 61.80287170 21.22541809
v 85.01770020 61.69221497 21.07143021
v 83.84180450 59.78686905 21.86663628
v 85.06922150 61.70194244 21.06536484
v 83.87634277 59.81498337 21.85786057
v 85.24060822 61.73150253 21.07257080
v 84.03161621 59.94139862 21.81840515
v 85.30580902 61.74274826 21.07530975
v 84.34901428 60.22446823 21.73836517
v 85.44600677 61.76446915 21.10533142
v 84.47303772 60.33507919 21.70709038
v 85.50220490 61.77317429 21.11736679
v 85.58789825 61.78515244 21.14838219
v 83.13233185 59.33104324 22.05383682
v 83.16714478 59.34539413 22.04382706
v 84.78304291 61.64774704 21.10071182
v 83.38825226 59.46689606 21.98398590
v 84.79352570 61.64989090 21.09782410
v 83.46989441 59.51905823 21.96254349
v 83.50942993 59.54432297 21.95216179
v 82.98394775 59.26987839 22.09649277
v 84.54216766 61.59838867 21.16708755
v 82.91471863 59.24917984 22.11761093
v 82.86101532 59.23899078 22.13508224
v 84.48828888 61.58735275 21.18193817
v 82.79907227 59.22723007 22.15523529
v 84.30464935 61.54661560 21.26300240
v 82.71215057 59.22425079 22.18636703
v 82.54130554 59.27503586 22.26187325
v 82.57012939 59.25866318 22.24698448
v 84.07522583 61.49385071 21.38262558
v 82.60090637 59.24552917 22.23232841
v 82.63506317 59.23517609 22.21722603
v 84.17387390 61.51760864 21.32072639
v 82.65339661 59.23163986 22.20964813
v 82.67204285 59.22803879 22.20194244
v 83.87774658 61.44629669 21.50653648
v 82.44165802 59.38645935 22.33022690
v 82.46253204 59.35189438 22.31232834
v 82.48716736 59.32095337 22.29439163
v 82.50896454 59.29991150 22.28051758
v 82.51271057 59.29629898 22.27813530
v 82.39328766 59.60942078 22.42028618
v 82.39242554 59.58263016 22.41121864
v 82.40750885 59.47880173 22.37144470
v 83.66328430 61.38973236 21.68931007
v 83.62501526 61.37963867 21.72192383
v 82.39720917 59.73108673 22.46146393
v 82.41595459 59.82806778 22.49081802
v 83.49687958 61.34195709 21.86920166
v 83.42970276 61.32220078 21.94640350
v 82.43424225 59.92271042 22.51946640
v 82.48664093 60.07528687 22.56101990
v 83.35950470 61.29838562 22.05816650
v 83.29325104 61.27590942 22.16364479
v 82.52034760 60.17343521 22.58775139
v 82.60253143 60.34362411 22.62928200
v 83.25616455 61.26032257 22.25212479
v 83.20912170 61.24055481 22.36435699
v 82.65289307 60.44791031 22.65473175
v 82.67900085 60.49471283 22.66538239
v 82.76338196 60.62757111 22.69301605
v 83.18671417 61.22822189 22.44639015
v 83.18422699 61.22685242 22.45550919
v 83.16865540 61.21527100 22.54198265
v 83.16151428 61.20565033 22.62388802
v 82.88035583 60.81175232 22.73132133
v 82.96391296 60.92129135 22.74987221
v 83.16159058 61.20459366 22.63437843
v 83.16209412 61.19783783 22.70140839
v 83.12731934 61.13552475 22.78615570
v 83.17305756 61.19033051 22.79401398
v 75.29525757 59.43021011 19.99370003
v 75.29584503 59.42927933 19.99383736
v 76.72879791 61.44091797 20.82310677
v 77.87869263 61.81619644 22.50852585
v 77.90068054 61.81335831 22.44260788
v 77.54341888 61.28202057 22.14336014
v 77.91623688 61.80895233 22.37247849
v 77.91773224 61.80789566 22.35957146
v 77.15837097 60.71831512 21.73857880
v 77.20597076 60.78337860 21.78792953
v 77.92302704 61.79048157 22.17972565
v 77.54153442 61.27902603 22.14131165
v 77.92619324 61.79499435 22.21847343
v 77.92492676 61.80287170 22.29786301
v 77.70083618 61.69221497 21.60175514
v 76.42421722 59.78686905 20.98099709
v 77.73184967 61.70194244 21.64333916
v 76.44908905 59.81498337 21.00651741
v 77.81130981 61.73150253 21.79536629
v 76.56089783 59.94139862 21.12126350
v 77.84153748 61.74274826 21.85320091
v 76.78890991 60.22446823 21.35611916
v 77.88562775 61.76446915 21.98962402
v 76.87801361 60.33507919 21.44788742
v 77.90330505 61.77317429 22.04431152
v 77.91928864 61.78515244 22.13402939
v 75.90736389 59.33104324 20.46017838
v 75.93343353 59.34539413 20.48532104
v 77.55814362 61.64774704 21.41316986
v 76.09580994 59.46689606 20.64688492
v 77.56588745 61.64989090 21.42079926
v 76.15520477 59.51905823 20.70686913
v 76.18396759 59.54432297 20.73591614
v 75.79623413 59.26987839 20.35299683
v 77.38023376 61.59838867 21.23775864
v 75.74332428 59.24917984 20.30360413
v 75.70133972 59.23899078 20.26583099
v 77.34043121 61.58735275 21.19851875
v 75.65291595 59.22723007 20.22226143
v 77.17840576 61.54661560 21.08000946
v 75.58249664 59.22425079 20.16255188
v 75.43168640 59.27503586 20.05235481
v 75.45899200 59.25866318 20.06986809
v 76.96009064 61.49385071 20.94113922
v 75.48707581 59.24552917 20.08919334
v 75.51722717 59.23517609 20.11121941
v 77.06302643 61.51760864 20.99562263
v 75.53295898 59.23163986 20.12331200
v 75.54895782 59.22803879 20.13560867
v 76.75405121 61.44629669 20.83207893
v 75.32266235 59.38645935 20.00023270
v 75.34860229 59.35189438 20.00935745
v 75.37644958 59.32095337 20.02172089
v 75.39936829 59.29991150 20.03366661
v 75.40330505 59.29629898 20.03571701
v 75.22048950 59.60942078 20.00336647
v 75.22790527 59.58263016 19.99808502
v 75.26989746 59.47880173 19.99127007
v 76.48853302 61.38973236 20.73773384
v 76.44115448 61.37963867 20.72089958
v 75.18679047 59.73108673 20.02735710
v 75.17073059 59.82806778 20.05826378
v 76.24953461 61.34195709 20.68356133
v 76.14908600 61.32220078 20.66398811
v 75.15507507 59.92271042 20.08842659
v 75.14527893 60.07528687 20.15458488
v 76.01720428 61.29838562 20.65907478
v 75.89272308 61.27590942 20.65443611
v 75.13898468 60.17343521 20.19714165
v 75.14411163 60.34362411 20.28907776
v 75.79756165 61.26032257 20.66655922
v 75.67683411 61.24055481 20.68193245
v 75.14725494 60.44791031 20.34541702
v 75.15108490 60.49471283 20.37335205
v 75.16934967 60.62757111 20.46024704
v 75.59459686 61.22822189 20.70355225
v 75.58545685 61.22685242 20.70595551
v 75.50277710 61.21527100 20.73570251
v 75.42827606 61.20565033 20.77047539
v 75.19465637 60.81175232 20.58070183
v 75.22036743 60.92129135 20.66234016
v 75.41923523 61.20459366 20.77578735
v 75.36142731 61.19783783 20.80973434
v 75.27065277 61.13552475 20.82199478
v 75.28671265 61.19033051 20.86553383
v 74.91372681 61.29618835 21.02564621
v 74.88076019 61.31648254 21.02564621
v 74.84082031 61.26248932 20.98418617
v 75.23170471 61.42396164 21.02564621
v 75.21575928 61.38868332 21.02564621
v 75.27438354 61.35592651 20.98418617
v 74.97098541 61.35140610 21.05602455
v 74.94652557 61.36123276 21.05602455
v 75.04582214 61.57300949 21.07455826
v 75.05773926 61.56700134 21.07455826
v 75.09796143 61.63233185 21.05602455
v 74.94033813 61.51982880 21.07455826
v 74.94478607 61.53240967 21.07455826
v 74.87487793 61.56401062 21.05602455
v 75.09516907 61.50000000 21.07455826
v 75.09403992 61.48670197 21.07455826
v 75.16965485 61.47373581 21.05602455
v 75.01648712 61.50000000 21.08078766
v 75.09403992 61.51329803 21.07455826
v 75.09067535 61.52621460 21.07455826
v 74.93808746 61.49332428 21.07455826
v 74.94033813 61.48017120 21.07455826
v 74.93808746 61.50667191 21.07455826
v 74.95130157 61.45594025 21.07455826
v 74.95967865 61.44555664 21.07455826
v 74.94478607 61.46759033 21.07455826
v 74.98106384 61.42974091 21.07455826
v 74.99344635 61.42476654 21.07455826
v 74.96970367 61.43673706 21.07455826
v 75.00649261 61.42195129 21.07455826
v 75.01982880 61.42138672 21.07455826
v 75.03305817 61.42308044 21.07455826
v 75.05773926 61.43299866 21.07455826
v 75.06846619 61.44093323 21.07455826
v 75.04582214 61.42699051 21.07455826
v 75.08517456 61.46162796 21.07455826
v 75.09067535 61.47378540 21.07455826
v 75.07770538 61.45056915 21.07455826
v 75.31924438 61.26218033 20.89981270
v 75.33670807 61.32062531 20.91821861
v 75.32659149 61.32676315 20.93267059
v 75.33795166 61.67863464 20.91952896
v 75.33768463 61.67945099 20.91924095
v 75.32659149 61.67323685 20.93267059
v 75.27755737 61.82582474 20.85588646
v 75.24498749 61.87216568 20.82156181
v 75.22944641 61.84585953 20.87238884
v 75.13269806 61.97063446 20.70324516
v 75.11888885 61.97593307 20.68869781
v 75.11691284 61.96598053 20.73170662
v 74.77496338 61.82655334 20.87238884
v 75.27226257 61.18540955 20.87236404
v 75.28482819 61.19510651 20.87238884
v 75.28746033 61.19198227 20.86632347
v 75.29316711 61.20457840 20.87233162
v 75.20272827 61.19752121 20.93267059
v 75.22020721 61.16965103 20.89494324
v 75.25116730 61.23334885 20.93267059
v 75.24160004 61.17496490 20.88685417
v 75.07407379 61.15039825 20.93267059
v 75.09181976 61.15059662 20.93028641
v 75.09132385 61.15275574 20.93267059
v 75.09362793 61.15061569 20.93004417
v 75.14893341 61.17039871 20.93267059
v 75.14453125 61.15499878 20.91928482
v 75.19403076 61.16314697 20.90483475
v 75.02902222 61.20484924 20.98418617
v 74.97896576 61.20697784 20.98418617
v 75.03139496 61.15069199 20.93761444
v 74.98986816 61.15328217 20.94006157
v 74.93814850 61.16030121 20.93921089
v 74.92998505 61.21753693 20.98418617
v 74.91392517 61.16540909 20.93694496
v 74.88726807 61.17102432 20.93445396
v 74.88349152 61.23621750 20.98418617
v 74.87704468 61.17398453 20.93267250
v 74.85512543 61.18032455 20.92885590
v 74.85656738 61.18281937 20.93267059
v 74.83780670 61.18533325 20.92583847
v 74.80525970 61.21440506 20.93267059
v 74.79029083 61.20307922 20.91346359
v 74.74523926 61.22405624 20.89745903
v 74.76003265 61.25421143 20.93267059
v 74.73461914 61.23011017 20.89254951
v 74.72218323 61.30109024 20.93267059
v 74.69280243 61.35368729 20.93267059
v 74.67272949 61.41049576 20.93267059
v 74.66255188 61.46987534 20.93267059
v 74.69280243 61.64631271 20.93267059
v 74.67272949 61.58950424 20.93267059
v 74.66255188 61.53012466 20.93267059
v 74.72218323 61.69891357 20.93267059
v 74.72325134 61.78104019 20.87238884
v 74.88559723 61.92739868 20.80484009
v 74.87690735 61.95578384 20.73170662
v 74.95367432 61.99048615 20.65481186
v 74.95594025 61.97282028 20.73170662
v 75.07546234 61.99260330 20.64293671
v 75.03750610 61.99736404 20.60294342
v 75.03747559 61.99404526 20.65481186
v 75.11065674 61.93695831 20.80484009
v 75.18650055 61.93474579 20.75993347
v 75.15958405 61.95269394 20.73157883
v 75.16792297 61.87687302 20.87238884
v 75.23526001 61.88599396 20.81131935
v 75.18315125 61.91475677 20.80484009
v 75.22906494 61.89219284 20.80478668
v 75.18971252 61.93153381 20.76331711
v 75.25116730 61.76665115 20.93267059
v 75.31213379 61.75601578 20.89231682
v 75.28482819 61.80489349 20.87238884
v 75.29313660 61.79436111 20.87230682
v 75.28649902 61.80777740 20.86530495
v 75.30765533 61.45007706 20.98418617
v 75.36059570 61.51046371 20.94338608
v 75.31189728 61.50000000 20.98418617
v 75.35703278 61.55864716 20.93963051
v 75.30765533 61.54992294 20.98418617
v 75.35427094 61.59597015 20.93672371
v 75.29502106 61.59841537 20.98418617
v 75.35043335 61.61543655 20.93267441
v 75.34990692 61.61811829 20.93211555
v 75.29502106 61.40158844 20.98418617
v 75.35674286 61.42464828 20.93932343
v 75.35749054 61.44131851 20.94011307
v 75.31697845 61.25717163 20.89742661
v 75.29285431 61.27684402 20.93267059
v 75.16301727 61.44822693 21.05602455
v 75.15216064 61.42420959 21.05602455
v 75.13739777 61.40237427 21.05602455
v 75.11916351 61.38333893 21.05602455
v 75.09796143 61.36766815 21.05602455
v 75.07442474 61.35580444 21.05602455
v 75.04923248 61.34808350 21.05602455
v 75.02308655 61.34473419 21.05602455
v 74.99674988 61.34585190 21.05602455
v 74.92407227 61.37505722 21.05602455
v 74.90428925 61.39247131 21.05602455
v 74.88773346 61.41297913 21.05602455
v 74.87487793 61.43598938 21.05602455
v 74.86609650 61.46084213 21.05602455
v 74.86164093 61.48682022 21.05602455
v 74.86164093 61.51317978 21.05602455
v 74.86609650 61.53915787 21.05602455
v 74.82736969 61.62781525 21.02564621
v 74.88773346 61.58702469 21.05602455
v 74.95130157 61.54405975 21.07455826
v 75.16728973 61.67134094 21.02564621
v 75.11916351 61.61666107 21.05602455
v 75.06846619 61.55906677 21.07455826
v 75.16301727 61.55177307 21.05602455
v 75.16965485 61.52626419 21.05602455
v 75.17189026 61.50000000 21.05602455
v 75.19407654 61.35660934 21.02564621
v 75.16728973 61.32865524 21.02564621
v 75.13616180 61.30563354 21.02564621
v 75.10159302 61.28820419 21.02564621
v 75.06457520 61.27686691 21.02564621
v 75.02617645 61.27194977 21.02564621
v 74.98749542 61.27359390 21.02564621
v 74.94965363 61.28175354 21.02564621
v 74.85169983 61.34206009 21.02564621
v 74.82736969 61.37218475 21.02564621
v 74.80849457 61.40598297 21.02564621
v 74.79559326 61.44248199 21.02564621
v 74.78905487 61.48064041 21.02564621
v 74.78905487 61.51935959 21.02564621
v 74.79559326 61.55751801 21.02564621
v 74.80849457 61.59401703 21.02564621
v 74.80320740 61.70440674 20.98418617
v 74.85169983 61.65793991 21.02564621
v 74.90428925 61.60753250 21.05602455
v 74.95967865 61.55444336 21.07455826
v 75.24633026 61.68558502 20.98418617
v 75.19407654 61.64339066 21.02564621
v 75.13739777 61.59762573 21.05602455
v 75.07770538 61.54942703 21.07455826
v 75.23170471 61.57604218 21.02564621
v 75.24145508 61.53857422 21.02564621
v 75.24474335 61.50000000 21.02564621
v 75.24145508 61.46142578 21.02564621
v 75.24633026 61.31441498 20.98418617
v 75.21166229 61.27824020 20.98418617
v 75.17137146 61.24844360 20.98418617
v 75.12663269 61.22588730 20.98418617
v 75.07872772 61.21121216 20.98418617
v 74.80320740 61.29558945 20.98418617
v 74.77172852 61.33457565 20.98418617
v 74.74729156 61.37831879 20.98418617
v 74.73060608 61.42556381 20.98418617
v 74.72212982 61.47494507 20.98418617
v 74.72212982 61.52505493 20.98418617
v 74.73060608 61.57443619 20.98418617
v 74.74729156 61.62168121 20.98418617
v 74.77172852 61.66542816 20.98418617
v 74.80525970 61.78559494 20.93267059
v 74.84082031 61.73751450 20.98418617
v 74.88076019 61.68351746 21.02564621
v 74.92407227 61.62494278 21.05602455
v 74.96970367 61.56325912 21.07455826
v 75.27438354 61.64407349 20.98418617
v 75.21575928 61.61131668 21.02564621
v 75.15216064 61.57579041 21.05602455
v 75.08517456 61.53837204 21.07455826
v 75.34281921 61.34106064 20.92465401
v 75.34960938 61.38181305 20.93180656
v 75.35042572 61.38672638 20.93266869
v 75.04189301 61.15003967 20.93699455
v 74.76003265 61.74578857 20.93267059
v 74.83363342 61.86267471 20.87238884
v 74.85656738 61.81718063 20.93267059
v 74.88349152 61.76378632 20.98418617
v 74.91372681 61.70381165 21.02564621
v 74.94652557 61.63876343 21.05602455
v 74.98106384 61.57025528 21.07455826
v 75.21166229 61.72175980 20.98418617
v 75.29285431 61.72315216 20.93267059
v 75.31652069 61.74287415 20.89693832
v 74.81525421 61.89912796 20.80484009
v 75.07442474 61.64419556 21.05602455
v 75.13616180 61.69436646 21.02564621
v 75.10159302 61.71179581 21.02564621
v 75.17137146 61.75155640 20.98418617
v 75.12663269 61.77411270 20.98418617
v 75.20272827 61.80247498 20.93267059
v 75.14893341 61.82960129 20.93267059
v 74.99344635 61.57523346 21.07455826
v 74.97098541 61.64859390 21.05602455
v 74.94965363 61.71824646 21.02564621
v 74.92998505 61.78246689 20.98418617
v 74.91247559 61.83964539 20.93267059
v 74.89755249 61.88835907 20.87238884
v 75.03305817 61.57691956 21.07455826
v 75.04923248 61.65191650 21.05602455
v 75.06457520 61.72313309 21.02564621
v 75.07872772 61.78878784 20.98418617
v 75.09132385 61.84724426 20.93267059
v 75.10205078 61.89704514 20.87238884
v 75.00649261 61.57804489 21.07455826
v 74.99674988 61.65414810 21.05602455
v 74.98749542 61.72640610 21.02564621
v 74.97896576 61.79302216 20.98418617
v 74.97136688 61.85234070 20.93267059
v 74.96489716 61.90287399 20.87238884
v 74.95970917 61.94337082 20.80484009
v 75.01982880 61.57861328 21.07455826
v 75.02308655 61.65526581 21.05602455
v 75.02617645 61.72805023 21.02564621
v 75.02902222 61.79515076 20.98418617
v 75.03156281 61.85489655 20.93267059
v 75.03372192 61.90579605 20.87238884
v 75.03546143 61.94659042 20.80484009
v 75.03672028 61.97624969 20.73170662
v 75.08667755 61.98830032 20.65474701
v 75.12429810 59.91430664 20.08272743
v 74.73610687 61.16907883 20.84181404
v 74.78031921 61.14887619 20.85849190
v 74.87556458 61.11796570 20.88116264
v 74.92558289 61.10758591 20.88691521
v 75.02774811 61.09753799 20.88694954
v 75.07882690 61.09796524 20.88123131
v 75.12918091 61.10204315 20.87175751
v 75.22560883 61.12091827 20.84198189
v 75.15103149 60.80084610 20.59290123
v 74.70706940 60.83860397 20.53462029
v 74.71916962 60.50537109 20.27347183
v 75.11054230 60.48606491 20.37831879
v 75.10729980 60.43947601 20.34937477
v 75.10324860 60.16558456 20.19559669
v 74.72436523 60.45533752 20.23863029
v 74.77339935 60.15728378 20.05606461
v 74.84903717 59.87721634 19.92698669
v 74.93218231 59.65681458 19.85959244
v 75.16063690 59.72142410 20.01931381
v 75.20594025 59.57134628 19.98897362
v 75.25125885 59.46592712 19.98200226
v 75.27834320 59.41640854 19.98460770
v 75.01821899 59.48076630 19.83308029
v 75.09568787 59.35353851 19.83400345
v 75.13942719 59.29226685 19.84244537
v 75.18480682 59.23572540 19.85622978
v 75.22627258 59.18979645 19.87275887
v 75.30741882 59.37168503 19.99149132
v 75.33477783 59.33623123 20.00106621
v 75.36401367 59.30436325 20.01402283
v 75.39208221 59.27885437 20.02867126
v 75.42163086 59.25671387 20.04607010
v 75.44995117 59.23953247 20.06437683
v 75.47899628 59.22559738 20.08456993
v 75.51007080 59.21441650 20.10756874
v 75.54266357 59.20644760 20.13302994
v 75.57702637 59.20182037 20.16114044
v 75.64885712 59.20317078 20.22340012
v 75.26947784 59.14732742 19.89352036
v 75.31001282 59.11214066 19.91594124
v 75.35185242 59.08028030 19.94175720
v 75.39122009 59.05419159 19.96829796
v 75.43093109 59.03150558 19.99707031
v 75.47276306 59.01133728 20.02935791
v 75.51599884 58.99433136 20.06464386
v 75.56090546 58.98057556 20.10317421
v 75.65289307 58.96401596 20.18727112
v 75.76718140 58.96324158 20.29975891
v 75.74056244 59.22325897 20.30813408
v 75.79398346 59.24299240 20.35954285
v 75.99709320 59.01850510 20.54522324
v 75.83242798 58.97170258 20.36717224
v 75.93187714 59.31635666 20.49710655
v 76.09404755 59.43590927 20.66476440
v 76.18170929 59.51251602 20.75701332
v 76.41956329 59.75354004 21.01044655
v 76.18527985 59.11063385 20.75867844
v 76.28504944 59.17382050 20.87480736
v 76.55033112 59.38237381 21.18998528
v 76.69770813 59.52014542 21.36781883
v 77.03179932 59.88045502 21.77598953
v 76.86553955 60.30116653 21.49115753
v 76.55428314 59.90761566 21.15515518
v 77.36749268 60.30054092 22.19365883
v 74.82698059 61.13177490 20.87165642
v 74.74619293 60.82314301 20.55463982
v 74.78750610 60.81008148 20.57177353
v 74.75296783 60.49488449 20.29563141
v 74.78865814 60.48620605 20.31548119
v 74.75735474 60.44562149 20.26100540
v 74.79218292 60.43762207 20.28115082
v 74.80141449 60.15225220 20.07912445
v 74.83097839 60.14849472 20.10041428
v 74.87213898 59.87681961 19.94970512
v 74.89651489 59.87735748 19.97104263
v 74.95114136 59.66031265 19.88127518
v 74.97116089 59.66451263 19.90185356
v 75.03356934 59.48761368 19.85334206
v 75.04981232 59.49501801 19.87269592
v 75.10815430 59.36302567 19.85281563
v 75.12139893 59.37297058 19.87084007
v 75.15036011 59.30312347 19.86038971
v 75.16203308 59.31439590 19.87760162
v 75.19422150 59.24792099 19.87325478
v 75.20433807 59.26050186 19.88958549
v 75.23435211 59.20315552 19.88892555
v 75.24310303 59.21687698 19.90443039
v 75.27620697 59.16184235 19.90878677
v 75.28357697 59.17670059 19.92340851
v 75.31551361 59.12769318 19.93035698
v 75.32164764 59.14358139 19.94413948
v 75.35610199 59.09686279 19.95529175
v 75.36099243 59.11376572 19.96819878
v 75.39432526 59.07170105 19.98100853
v 75.39807129 59.08953476 19.99308586
v 75.43290710 59.04991531 20.00894928
v 75.43552399 59.06864929 20.02018547
v 75.47357178 59.03066635 20.04037094
v 75.47503662 59.05032349 20.05072021
v 75.51560974 59.01457214 20.07476807
v 75.51590729 59.03514862 20.08420372
v 75.55929565 59.00173569 20.11238480
v 75.55841064 59.02323151 20.12087631
v 75.64883423 58.98694992 20.19465637
v 75.64559174 59.01025391 20.20123672
v 75.76016998 58.98821640 20.30497169
v 75.75408936 59.01360703 20.30923271
v 75.82375336 58.99776840 20.37119865
v 75.81610107 59.02428818 20.37417221
v 75.98429871 59.04713058 20.54644203
v 75.97280884 59.07632446 20.54629517
v 76.16787720 59.14189529 20.75702477
v 76.15214539 59.17388535 20.75356293
v 76.26522827 59.20637894 20.87177849
v 76.24729919 59.23975754 20.86667061
v 76.52415466 59.41808701 21.18376541
v 76.50048065 59.45491409 21.17464066
v 76.66800690 59.55745697 21.36009789
v 76.64120483 59.59606552 21.34895325
v 76.99411774 59.92105103 21.76548576
v 76.96025085 59.96344757 21.75021935
v 77.32169342 60.34401703 22.18102264
v 77.28068542 60.38991928 22.16206551
v 77.64697266 60.81833649 22.60713577
v 77.59863281 60.86745071 22.58462524
v 74.97647858 61.10075378 20.88884926
v 74.87522125 60.79159164 20.59682083
v 74.92086029 60.78632355 20.60451508
v 74.86472321 60.47447205 20.34771729
v 74.90455627 60.47150421 20.35988045
v 74.86643982 60.42699051 20.31423569
v 74.90534973 60.42443085 20.32695007
v 74.89414978 60.14491272 20.13723946
v 74.92742157 60.14509964 20.15258026
v 74.94869232 59.88123703 20.00923157
v 74.97626495 59.88455582 20.02591896
v 75.01409912 59.67498016 19.93942451
v 75.03686523 59.68121338 19.95629311
v 75.08478546 59.51139450 19.90846634
v 75.10341644 59.52032089 19.92478180
v 75.15008545 59.39413071 19.90435982
v 75.16547394 59.40530396 19.91977501
v 75.18746185 59.33808899 19.90966606
v 75.20117188 59.35046005 19.92444992
v 75.22656250 59.28671265 19.92003250
v 75.23862457 59.30028534 19.93408394
v 75.26253510 59.24529648 19.93331718
v 75.27317047 59.25993347 19.94664383
v 75.30023193 59.20733643 19.95060349
v 75.30946350 59.22305298 19.96312523
v 75.33578491 59.17622375 19.96969604
v 75.34376526 59.19292068 19.98142433
v 75.37263489 59.14841843 19.99202156
v 75.37937164 59.16609955 20.00289345
v 75.40745544 59.12601852 20.01524353
v 75.41307068 59.14460373 20.02528572
v 75.44270325 59.10692978 20.04063988
v 75.44723511 59.12640762 20.04982185
v 75.47995758 59.09044266 20.06935883
v 75.48339081 59.11083221 20.07760811
v 75.51856232 59.07711411 20.10094833
v 75.52091980 59.09842300 20.10821915
v 75.55879211 59.06706238 20.13563728
v 75.56005859 59.08930206 20.14187431
v 75.64150238 59.05773926 20.21191597
v 75.64069366 59.08181000 20.21599388
v 75.74479675 59.06537628 20.31484604
v 75.74161530 59.09160614 20.31618690
v 75.80397797 59.07838058 20.37691307
v 75.79953003 59.10578918 20.37667847
v 75.95389557 59.13596344 20.54190636
v 75.94654846 59.16617203 20.53768349
v 76.12599182 59.23939133 20.74129295
v 76.11571503 59.27256775 20.73254776
v 76.21749115 59.30820084 20.85035133
v 76.20579529 59.34286118 20.83923531
v 76.46142578 59.53072357 21.14800262
v 76.44635773 59.56910706 21.13069725
v 76.59723663 59.67574692 21.31683922
v 76.58049011 59.71607208 21.29616928
v 76.90559387 60.05146790 21.70623016
v 76.88549805 60.09597397 21.67807007
v 77.21568298 60.48591614 22.10654068
v 77.19277191 60.53441620 22.07089806
v 77.52352905 60.97113419 22.51737595
v 77.49835205 61.02352142 22.47405052
v 74.96717834 60.78377533 20.60889244
v 75.01374817 60.78396225 20.60991287
v 74.94522858 60.47050095 20.36928558
v 74.98644257 60.47146606 20.37586784
v 74.94512177 60.42373276 20.33699226
v 74.98547363 60.42490005 20.34429550
v 74.96156311 60.14660645 20.16575623
v 74.99640656 60.14942932 20.17669678
v 75.00468445 59.88877869 20.04090691
v 75.03381348 59.89388657 20.05413628
v 75.06040955 59.68807983 19.97180367
v 75.08464050 59.69556427 19.98590660
v 75.12274933 59.52970886 19.93999290
v 75.14271545 59.53953552 19.95405579
v 75.18150330 59.41682816 19.93424606
v 75.19813538 59.42868042 19.94773293
v 75.21549988 59.36314011 19.93835449
v 75.23041534 59.37610626 19.95135307
v 75.25128937 59.31413651 19.94731522
v 75.26452637 59.32822800 19.95969582
v 75.28440857 59.27481842 19.95918846
v 75.29621124 59.28992081 19.97092628
v 75.31928253 59.23899078 19.97489548
v 75.32967377 59.25512314 19.98588943
v 75.35232544 59.20982361 19.99241638
v 75.36145782 59.22690201 20.00265694
v 75.38670349 59.18397903 20.01304626
v 75.39460754 59.20200729 20.02245522
v 75.41928864 59.16337204 20.03460693
v 75.42610168 59.18228149 20.04319191
v 75.45238495 59.14605331 20.05827713
v 75.45815277 59.16583633 20.06599426
v 75.48747253 59.13138580 20.08512688
v 75.49218750 59.15205765 20.09189224
v 75.52394104 59.11988831 20.11473846
v 75.52764130 59.14146805 20.12048912
v 75.56203461 59.11169052 20.14733124
v 75.56473541 59.13418961 20.15199471
v 75.64069366 59.10602951 20.21921158
v 75.64151001 59.13032913 20.22156715
v 75.73941040 59.11796570 20.31654167
v 75.73820496 59.14438629 20.31591034
v 75.79619598 59.13331223 20.37537003
v 75.79396057 59.16088486 20.37299156
v 75.94063568 59.19648361 20.53212929
v 75.93621063 59.22677231 20.52526474
v 76.10736847 59.30580139 20.72211647
v 76.10099792 59.33892441 20.71006012
v 76.19633484 59.37755203 20.82623100
v 76.18916321 59.41205978 20.81141663
v 76.43441010 59.60739136 21.11091614
v 76.42571259 59.64527512 21.08881569
v 76.56745148 59.75621414 21.27267456
v 76.55825043 59.79580688 21.24656868
v 76.87059021 60.14005280 21.64625549
v 76.86105347 60.18315125 21.61119461
v 77.17679596 60.58218384 22.03075981
v 77.16800690 60.62842178 21.98679352
v 77.48218536 61.07481384 22.42543030
v 77.47537994 61.12392044 22.37253571
v 75.17828369 61.10972214 20.85863113
v 75.06018829 60.78689575 20.60757065
v 75.10608673 60.79253769 20.60188293
v 75.02793121 60.47439957 20.37958145
v 75.06938934 60.47927475 20.38039970
v 75.02613831 60.42792892 20.34881210
v 75.06684113 60.43280029 20.35050774
v 75.03175354 60.15354919 20.18534851
v 75.06743622 60.15894318 20.19165802
v 75.06354523 59.89986420 20.06554413
v 75.09375000 59.90668106 20.07508850
v 75.10947418 59.70363235 19.99855423
v 75.13483429 59.71226120 20.00970078
v 75.16328430 59.54976654 19.96692848
v 75.18437195 59.56037903 19.97857857
v 75.21533203 59.44083786 19.96020889
v 75.23305511 59.45325851 19.97164345
v 75.24588013 59.38932800 19.96341133
v 75.26187134 59.40277100 19.97450447
v 75.27832031 59.34253693 19.97120094
v 75.29262543 59.35703278 19.98180771
v 75.30855560 59.30521393 19.98183250
v 75.32141876 59.32065964 19.99188614
v 75.34060669 59.27141571 19.99608994
v 75.35205841 59.28784180 20.00547409
v 75.37113953 59.24412155 20.01212502
v 75.38135529 59.26144791 20.02080154
v 75.40306854 59.22016525 20.03110504
v 75.41208649 59.23841095 20.03898430
v 75.43349457 59.20130539 20.05102539
v 75.44145203 59.22039795 20.05809212
v 75.46451569 59.18571091 20.07295799
v 75.47146606 59.20564270 20.07915497
v 75.49753571 59.17281723 20.09789658
v 75.50350189 59.19361877 20.10312462
v 75.53199768 59.16311646 20.12545967
v 75.53701019 59.18479156 20.12964249
v 75.56813812 59.15674210 20.15585709
v 75.57223511 59.17929840 20.15890694
v 75.64315033 59.15465927 20.22305107
v 75.64560699 59.17895889 20.22366142
v 75.73799896 59.17079163 20.31429482
v 75.73877716 59.19710922 20.31170082
v 75.79284668 59.18841171 20.36955452
v 75.79285431 59.21580887 20.36506653
v 75.93326569 59.25693130 20.51711655
v 75.93181610 59.28683472 20.50771904
v 76.09664917 59.37175751 20.69643402
v 76.09432220 59.40414047 20.68130875
v 76.18431091 59.44618988 20.79487610
v 76.18182373 59.47974014 20.77670670
v 76.42030334 59.68246078 21.06457138
v 76.41825104 59.71864700 21.03837967
v 76.55295563 59.83447647 21.21810150
v 76.55162811 59.87186050 21.18753433
v 76.85700989 60.22471619 21.57333183
v 76.85851288 60.26422119 21.53314972
v 77.16658020 60.67236328 21.93972969
v 77.17250824 60.71327591 21.89034843
v 77.47805786 61.16981125 22.31648064
v 77.49018097 61.21152496 22.25844193
v 77.51148987 61.24818802 22.19964027
v 77.18571472 60.75048828 21.83946609
v 78.05619812 61.27104187 23.06380081
v 77.70119476 60.77243805 22.62155342
v 78.02499390 61.29020691 23.06114769
v 78.01452637 61.29810333 23.05843925
v 77.98292542 61.32193375 23.05026817
v 77.97222137 61.33000946 23.04749680
v 77.96182251 61.33784866 23.04480934
v 77.92893219 61.36830902 23.02930260
v 77.90580750 61.38972092 23.01840210
v 77.88455963 61.41425323 23.00236893
v 77.55718994 60.91873932 22.55449486
v 77.24515533 60.43748093 22.13710022
v 76.93061829 60.00710297 21.73038292
v 76.61753845 59.63562012 21.33448792
v 76.47951508 59.49255753 21.16268921
v 76.23135376 59.27376556 20.85951424
v 76.13816071 59.20643997 20.74831009
v 75.96266174 59.10597229 20.54477882
v 75.80950928 59.05118942 20.37607765
v 75.74896240 59.03935242 20.31252670
v 75.64313507 59.03386688 20.20699501
v 75.55823517 59.04502487 20.12863350
v 75.51689148 59.05601120 20.09293747
v 75.47716522 59.07025909 20.06039047
v 75.43879700 59.08766937 20.03075600
v 75.40245056 59.10765076 20.00450325
v 75.36650085 59.13096237 19.98044968
v 75.32840729 59.15976715 19.95726204
v 75.29159546 59.19187546 19.93735695
v 75.25249481 59.23093033 19.91923714
v 75.21512604 59.27344131 19.90518951
v 75.17440796 59.32606125 19.89403915
v 75.13539124 59.38334656 19.88803673
v 75.06690216 59.50294876 19.89108658
v 74.99217224 59.66941071 19.92125893
v 74.92207336 59.87883377 19.99091339
v 74.86195374 60.14604568 20.11981964
v 74.82862854 60.43140030 20.29893303
v 74.82600403 60.47938538 20.33288383
v 74.83063507 60.79953384 20.58587646
v 77.86895752 61.43227768 22.99058914
v 77.85839844 61.44447708 22.98261642
v 77.84078979 61.47081375 22.96188736
v 77.82083130 61.50067520 22.93838501
v 77.81179047 61.51967239 22.92096710
v 77.80218506 61.53985214 22.90246201
v 77.79409027 61.55686188 22.88686180
v 77.78264618 61.59802628 22.84361458
v 77.77887726 61.61156464 22.82939148
v 77.77833557 61.62009048 22.81919670
v 77.77558136 61.66334915 22.76747704
v 77.77647400 61.66822052 22.76084137
v 77.78298950 61.70371246 22.71248627
v 77.78430176 61.71087265 22.70273209
v 77.79296112 61.72863007 22.67488861
v 77.80479431 61.75289154 22.63684845
v 77.82427216 61.77462387 22.59677887
v 77.83653259 61.78831100 22.57154465
v 77.82828522 61.77910614 22.58850670
v 75.42006683 61.43187714 20.88696098
v 75.38897705 61.26992798 20.84601212
v 75.40871429 61.34870148 20.87200546
v 75.42271423 61.51703262 20.89044380
v 75.41656494 61.60169983 20.88235092
v 75.40180969 61.68340302 20.86291885
v 75.37888336 61.75977325 20.83271217
v 75.34842682 61.82858658 20.79260826
v 75.31134796 61.88784409 20.74377632
v 75.26872253 61.93582153 20.68763351
v 75.22178650 61.97112656 20.62581444
v 75.17190552 61.99272919 20.56011963
v 75.45167542 61.27793884 20.80751419
v 75.52194214 61.28775024 20.77274132
v 75.60043335 61.29948044 20.74221802
v 75.68781281 61.31325912 20.71663857
v 75.89659882 61.34835434 20.68365669
v 76.14818573 61.39344788 20.68516159
v 76.43856049 61.44830322 20.73263931
v 76.75299072 61.51074600 20.83464432
v 77.06600952 61.57637024 20.99093437
v 77.34865570 61.63958359 21.18952560
v 77.57923889 61.69557190 21.41053772
v 77.74934387 61.74173355 21.63421822
v 77.86184692 61.77766800 21.84677887
v 77.92517853 61.80432892 22.04141617
v 77.94152069 61.81479645 22.13307953
v 77.94853210 61.82338333 22.21950340
v 77.94714355 61.83024979 22.30087471
v 77.93811035 61.83553696 22.37744331
v 75.47319794 61.60755539 20.84159851
v 75.45979309 61.68826675 20.82038116
v 75.53754425 61.61463165 20.80291176
v 75.52564240 61.69413757 20.77989960
v 75.61059570 61.62297440 20.76681328
v 75.60034180 61.70104218 20.74200821
v 75.69331360 61.63260651 20.73406601
v 75.68492126 61.70899200 20.70749474
v 75.89640045 61.65641022 20.68213081
v 75.89242554 61.72855759 20.65218925
v 76.14921570 61.68565750 20.66092300
v 76.15061951 61.75242996 20.62829971
v 76.44892883 61.71952820 20.68568230
v 76.45645905 61.77987289 20.65160561
v 76.77991486 61.75617981 20.76949120
v 76.79387665 61.80932999 20.73570442
v 77.11370850 61.79288483 20.91592407
v 77.13374329 61.83860016 20.88441658
v 77.41728210 61.82675934 21.11451721
v 77.44237518 61.86541367 21.08708572
v 77.66548920 61.85571289 21.34424782
v 77.69423676 61.88819885 21.32215118
v 77.84816742 61.87892151 21.58266830
v 77.87911987 61.90637589 21.56652451
v 77.96802521 61.89661789 21.81320572
v 77.99990845 61.92018127 21.80312538
v 78.03411865 61.90954971 22.02698326
v 78.06592560 61.93024063 22.02276993
v 78.05039215 61.91458511 22.12842941
v 78.08184052 61.93415070 22.12708473
v 78.05646515 61.91869354 22.22448540
v 78.08737946 61.93733978 22.22591400
v 78.05335999 61.92197037 22.31527710
v 78.08359528 61.93988037 22.31937599
v 78.04194641 61.92448807 22.40100861
v 78.07135773 61.94183350 22.40768433
v 78.02286530 61.92630768 22.48192787
v 78.05132294 61.94324493 22.49108505
v 75.43932343 61.76359940 20.78797340
v 75.50781250 61.76821136 20.74544144
v 75.58533478 61.77362442 20.70566940
v 75.67289734 61.77985001 20.66947174
v 75.88703156 61.79510880 20.61146545
v 76.15242004 61.81362534 20.58614731
v 76.46572113 61.83477783 20.60966492
v 76.81034088 61.85733032 20.69587898
v 77.15653992 61.87959290 20.84858131
v 77.47012329 61.89987183 21.05675697
v 77.72535706 61.91700363 21.29823303
v 77.91210938 61.93061829 21.54931831
v 78.03352356 61.94092560 21.79249763
v 78.09919739 61.94842148 22.01836205
v 78.11465454 61.95133209 22.12568283
v 78.11956787 61.95370102 22.22739983
v 78.11500549 61.95558929 22.32363701
v 78.10187531 61.95703888 22.41460991
v 78.08081818 61.95808411 22.50057602
v 75.41237640 61.83139801 20.74530029
v 75.37971497 61.88972855 20.69357872
v 75.48456573 61.83478165 20.70049858
v 75.45654297 61.89199066 20.64633179
v 75.56596375 61.83874893 20.65878677
v 75.54277802 61.89464569 20.60264015
v 75.65756989 61.84330750 20.62100029
v 75.63935089 61.89768219 20.56336403
v 75.88034058 61.85443878 20.56094742
v 75.87252045 61.90509796 20.50188065
v 76.15459442 61.86788940 20.53539658
v 76.15708923 61.91402435 20.47717094
v 76.47653961 61.88317490 20.56067657
v 76.48870087 61.92412567 20.50559044
v 76.82902527 61.89938736 20.65066910
v 76.84961700 61.93479156 20.60083389
v 77.18175507 61.91530228 20.80891991
v 77.20906067 61.94521713 20.76598549
v 77.50019836 61.92972183 21.02388000
v 77.53226471 61.95463181 20.98883247
v 77.75855255 61.94186020 21.27272224
v 77.79350281 61.96252441 21.24585724
v 77.94687653 61.95146561 21.53118324
v 77.98314667 61.96875381 21.51226616
v 78.06864166 61.95872116 21.78139305
v 78.10503387 61.97344971 21.76988602
v 78.13375092 61.96398926 22.01378250
v 78.16938782 61.97684860 22.00906372
v 78.14865112 61.96603012 22.12423134
v 78.18363953 61.97816849 22.12273598
v 78.15284729 61.96769333 22.22893524
v 78.18705750 61.97924042 22.23051453
v 78.14744568 61.96901703 22.32803345
v 78.18074799 61.98009491 22.33255005
v 78.13334656 61.97003174 22.42175293
v 78.16561890 61.98075104 22.42907906
v 78.11121368 61.97076797 22.51035690
v 78.14236450 61.98122406 22.52038383
v 75.34226990 61.93692398 20.63429070
v 75.42453003 61.93823624 20.58445549
v 75.51638794 61.93978119 20.53875923
v 75.61871338 61.94154358 20.49808502
v 75.86375427 61.94584274 20.43570137
v 76.15985870 61.95100784 20.41275406
v 76.50198364 61.95682907 20.44547844
v 76.87178040 61.96296310 20.54719734
v 77.23806763 61.96893311 20.72037315
v 77.56594849 61.97430420 20.95202065
v 77.82987976 61.97880173 21.21789742
v 78.02062988 61.98234558 21.49271202
v 78.14244080 61.98500824 21.75805664
v 78.20589447 61.98693466 22.00422859
v 78.21942902 61.98767853 22.12120628
v 78.22200012 61.98828506 22.23213005
v 78.21473694 61.98876953 22.33715820
v 78.19854736 61.98914337 22.43655205
v 78.17412567 61.98940659 22.53060341
v 77.88776398 61.82745361 22.51235390
v 77.92203522 61.83937454 22.44948196
v 77.89936066 61.84184647 22.51724815
v 75.46822357 61.35657120 20.83372688
v 75.53528595 61.36616135 20.79853630
v 75.61064148 61.37757492 20.76694298
v 75.69508362 61.39090347 20.73965263
v 75.89894104 61.42450333 20.70132256
v 76.14773560 61.46704483 20.69555283
v 76.43804932 61.51797104 20.73494148
v 76.75510406 61.57501602 20.82952118
v 77.07268524 61.63407135 20.98043251
v 77.36061859 61.69020844 21.17645645
v 77.59605408 61.73939896 21.39761925
v 77.76988983 61.77961349 21.62349892
v 77.88481903 61.81072998 21.83951378
v 77.94934845 61.83370972 22.03821373
v 77.96589661 61.84270859 22.13203812
v 77.97286224 61.85007858 22.22062683
v 77.97121429 61.85596848 22.30413818
v 77.96174622 61.86050415 22.38280678
v 77.94505310 61.86379242 22.45688629
v 77.92160034 61.86590576 22.52662849
v 75.47747040 61.43930054 20.84836769
v 75.54243469 61.44832230 20.81236267
v 75.61581421 61.45900726 20.77945328
v 75.69847107 61.47143173 20.75035858
v 75.89968872 61.50250626 20.70700073
v 76.14775848 61.54137039 20.69492531
v 76.43963623 61.58729172 20.72775650
v 76.76036835 61.63803864 20.81679153
v 77.08296204 61.68990326 20.96426773
v 77.37616730 61.73864746 21.15946007
v 77.61616516 61.78095627 21.38216019
v 77.79333496 61.81529236 21.61126900
v 77.91027832 61.84171295 21.83146286
v 77.97566223 61.86114120 22.03472900
v 77.99225616 61.86874008 22.13091278
v 77.99904633 61.87494659 22.22183609
v 77.99703217 61.87990570 22.30763817
v 77.98700714 61.88372421 22.38854027
v 77.96960449 61.88648605 22.46478844
v 77.94528198 61.88826752 22.53662491
v 75.47914124 61.52376556 20.85101700
v 75.54319763 61.53192520 20.81383514
v 75.61579132 61.54155731 20.77941132
v 75.69787598 61.55271530 20.74848175
v 75.89883423 61.58044052 20.70055008
v 76.14825439 61.61478043 20.68329620
v 76.44328308 61.65491486 20.71123123
v 76.76868439 61.69876480 20.79667091
v 77.09671021 61.74308777 20.94266510
v 77.39512634 61.78433990 21.13873482
v 77.63938141 61.81984711 21.36431503
v 77.81949615 61.84848022 21.59762383
v 77.93807983 61.87040329 21.82267189
v 78.00397491 61.88647461 22.03097725
v 78.02047729 61.89274216 22.12970734
v 78.02696228 61.89785767 22.22312355
v 78.02445221 61.90194702 22.31135750
v 78.01378632 61.90508652 22.39461708
v 77.99558258 61.90736008 22.47314644
v 77.97032928 61.90882111 22.54718971
v 77.99659729 61.92747879 22.55827332
v 78.00780487 61.93429947 22.56299973
v 78.02398682 61.94415283 22.56982613
v 78.05235291 61.95875931 22.58179283
v 78.06813049 61.96550369 22.58845329
v 78.08114624 61.97106171 22.59394073
v 78.08156586 61.97124100 22.59411812
v 78.11148834 61.98152924 22.60674667
v 78.14200592 61.98958206 22.61961746
v 78.16078186 61.99309158 22.62754631
v 75.30111694 61.97162628 20.56912804
v 75.38941956 61.97222519 20.51659775
v 75.48752594 61.97292709 20.46888351
v 75.59620667 61.97373199 20.42689133
v 75.85426331 61.97568512 20.36403275
v 76.16281891 61.97802353 20.34357262
v 76.51611328 61.98065567 20.38150978
v 76.89515686 61.98342514 20.49065781
v 77.26837921 61.98611069 20.67272377
v 77.60085297 61.98852539 20.91386223
v 77.86734772 61.99053955 21.18910217
v 78.05903625 61.99212646 21.47267914
v 78.18063354 61.99332047 21.74598312
v 78.24304962 61.99417877 21.99930763
v 78.25582123 61.99451065 22.11964989
v 78.25750732 61.99478531 22.23376846
v 78.24924469 61.99499893 22.34183884
v 78.23196411 61.99516296 22.44413376
v 78.20635223 61.99528122 22.54097557
v 78.17293549 61.99536133 22.63267326
v 75.25743103 61.99285507 20.49995422
v 75.35220337 61.99300766 20.44466019
v 75.45697021 61.99318695 20.39492035
v 75.57242584 61.99338913 20.35166740
v 75.84427643 61.99388123 20.28862953
v 76.16593170 61.99447250 20.27115250
v 76.53082275 61.99514008 20.31492615
v 76.91933441 61.99583817 20.43215561
v 77.29956055 61.99651718 20.62369537
v 77.63658905 61.99712372 20.87480164
v 77.90553284 61.99763107 21.15974998
v 78.09806824 61.99802780 21.45232391
v 78.21934509 61.99832535 21.73374176
v 78.28063965 61.99854279 21.99432564
v 78.29263306 61.99862289 22.11807823
v 78.29339600 61.99869537 22.23542595
v 78.28411102 61.99874878 22.34656334
v 78.26570129 61.99878693 22.45179176
v 78.23889160 61.99881744 22.55144310
v 78.20417023 61.99884033 22.64584923
v 77.78911591 61.70082855 22.76087570
v 77.81147766 61.53835297 22.92118073
v 78.05905914 61.33848953 23.09814072
v 78.00331116 61.44259262 23.09814072
v 78.01601410 61.40494537 23.09814072
v 78.10291290 61.90462112 22.92118073
v 78.16614532 61.95737457 22.84320831
v 78.16215515 61.98399353 22.76087570
v 78.00564575 61.93835831 22.58845139
v 77.87515259 61.83929825 22.58845139
v 77.93627930 61.89426422 22.58845139
v 78.07988739 61.97488785 22.67490005
v 78.16062927 61.99410248 22.67490005
v 78.09082794 61.94151688 22.84379768
v 78.11924744 61.85481262 22.99011040
v 78.09091949 61.77576447 23.05028725
v 78.06175232 61.83139420 22.99070740
v 78.04727936 61.74802780 23.05028725
v 78.06136322 61.66399002 23.09814072
v 78.00882721 61.71344757 23.05028725
v 78.03662872 61.63289642 23.09814072
v 78.03476715 61.36992645 23.09814072
v 77.97512054 61.33177567 23.04966736
v 77.94979858 61.37627792 23.05028725
v 77.93325806 61.42527771 23.05028725
v 77.86242676 61.47156143 22.99070740
v 77.78611755 61.61785889 22.84379768
v 77.92506409 61.47633362 23.05028725
v 77.86286926 61.53370285 22.99070740
v 77.82367706 61.60800934 22.92118073
v 78.00930023 61.79806137 22.99070740
v 78.03778076 61.87709045 22.92118073
v 77.81181335 61.69061279 22.84379768
v 77.82850647 61.77194595 22.76087570
v 78.01737976 61.59814453 23.09814072
v 77.97663116 61.67298126 23.05028725
v 77.96308899 61.75650787 22.99070740
v 77.97810364 61.83916092 22.92118073
v 78.01975250 61.91147614 22.84379768
v 78.08306885 61.96517563 22.76087570
v 77.87168121 61.84256363 22.67490005
v 77.81999969 61.77762222 22.67490005
v 77.99700928 61.48181915 23.09814072
v 77.99729156 61.52154922 23.09814072
v 77.92543030 61.52804947 23.05028725
v 77.93434906 61.57898712 23.05028725
v 77.87358856 61.59491730 22.99070740
v 77.89428711 61.65351868 22.99070740
v 77.84722900 61.67468262 22.92118073
v 77.88149261 61.73653793 22.92118073
v 77.84921265 61.75811386 22.84379768
v 77.89724731 61.81849289 22.84379768
v 77.87911987 61.83555603 22.76087570
v 77.93956757 61.88991928 22.76087570
v 77.93339539 61.89805984 22.67490005
v 78.00343323 61.94257736 22.67490005
v 78.00414276 61.56068420 23.09814072
v 77.95157623 61.62774658 23.05028725
v 77.92440033 61.70787811 22.99070740
v 77.92552185 61.79187393 22.92118073
v 77.95462799 61.87008667 22.84379768
v 78.00818634 61.93352509 22.76087570
v 72.99224854 61.32690430 13.14377689
v 72.99102783 61.33680725 13.14789867
v 72.96907806 61.35673904 13.14802551
v 73.00265503 61.75233078 13.10863495
v 72.99479675 61.74880219 13.10877419
v 73.00102997 61.74046326 13.11415482
v 73.03477478 61.88563919 13.00020027
v 73.00199890 61.87649536 13.00022221
v 73.01803589 61.82790375 13.05673027
v 73.05889130 61.94103622 12.91879845
v 73.05480194 61.96638107 12.86108017
v 72.97850800 61.94828415 12.86108017
v 73.07601929 61.96873856 12.86095715
v 73.07719421 61.97063446 12.85699463
v 73.10080719 61.99260330 12.77727318
v 73.05178070 61.98648071 12.78431416
v 72.67093658 61.30270767 12.62602711
v 72.64452362 61.38068390 12.62602711
v 72.72393036 61.20307922 12.66556931
v 72.73487854 61.18818665 12.70530319
v 72.70596313 61.22762299 12.70529842
v 72.76535034 61.16543961 12.78423405
v 72.76271057 61.16729355 12.78431416
v 72.76226807 61.16699219 12.77751446
v 72.85897064 61.15057373 12.93361187
v 72.85513306 61.15330505 12.93365955
v 72.85267639 61.15046310 12.92545128
v 72.99542999 61.18350601 13.05889988
v 73.00277710 61.24855042 13.10823917
v 72.96221924 61.19836044 13.05908871
v 72.94458008 61.16653824 13.02015400
v 72.97263336 61.17496490 13.04310989
v 72.93328094 61.16314697 13.01090717
v 72.91449738 61.22952271 13.05908871
v 72.92192078 61.16066360 13.00004292
v 72.86124420 61.15061569 12.93655968
v 72.89601135 61.15499878 12.97526073
v 72.88174438 61.18747330 13.00022221
v 72.82936096 61.15003967 12.89522648
v 72.80142975 61.20283127 12.93365955
v 72.80679321 61.15259171 12.86097527
v 72.77768707 61.18103790 12.86108017
v 72.77556610 61.16030121 12.80648804
v 72.80068970 61.15328217 12.85171127
v 72.75424957 61.17102432 12.76005268
v 72.71260071 61.23193741 12.78431416
v 72.73697662 61.18533325 12.71290684
v 72.71377563 61.23259354 12.60212040
v 72.70989227 61.23018265 12.62602711
v 72.71527100 61.22405624 12.61855316
v 72.71665192 61.22071075 12.62605095
v 72.63191986 61.54428864 12.62602711
v 72.63139343 61.46196365 12.62602711
v 72.67346954 61.70302963 12.62602711
v 72.64607239 61.62539673 12.62602711
v 72.76461029 61.83948135 12.62602711
v 72.71335602 61.77505875 12.62602711
v 72.82584381 61.89451981 12.62602711
v 72.96973419 61.97512436 12.70529842
v 72.89315796 61.94281387 12.70529842
v 73.05059814 61.99430847 12.70529842
v 73.12214661 61.99908829 12.70524025
v 73.03488159 61.88599396 12.99985504
v 73.05450439 61.93355942 12.93358421
v 72.98852539 61.91765976 12.93365955
v 73.05500031 61.93474579 12.93192768
v 73.01743317 61.82582474 13.05876732
v 72.94131470 61.85089111 13.00022221
v 73.01734161 61.82538986 13.05906582
v 72.99250793 61.67863464 13.14289570
v 72.95537567 61.72377014 13.10877419
v 72.99228668 61.67588043 13.14365292
v 72.92064667 61.69255066 13.10877419
v 72.99107361 61.66090393 13.14776993
v 72.98594666 61.40744019 13.16506863
v 72.94750214 61.38457489 13.14802551
v 72.98476410 61.42464828 13.16906071
v 72.93082428 61.41559601 13.14802551
v 72.98404694 61.46352386 13.17149353
v 72.91953278 61.44895935 13.14802551
v 72.98358154 61.48880768 13.17307663
v 72.91391754 61.48372650 13.14802551
v 72.98317719 61.51046371 13.17443180
v 72.91413879 61.51894760 13.14802551
v 72.98402405 61.53823090 13.17157078
v 72.92019653 61.55364227 13.14802551
v 72.98485565 61.56546402 13.16876507
v 72.93191528 61.58685684 13.14802551
v 72.98578644 61.59597015 13.16562271
v 72.94897461 61.61766815 13.14802551
v 72.98876190 61.63262177 13.15554619
v 72.97090149 61.64522934 13.14802551
v 72.99050903 61.34106064 13.14966965
v 72.98848724 61.37043381 13.15648365
v 72.99165344 61.25286484 13.10877419
v 72.99970245 61.26651001 13.11863708
v 73.00023651 61.26218033 13.11683273
v 72.89157104 61.65601349 13.10877419
v 72.86894989 61.61515808 13.10877419
v 72.85341644 61.57112122 13.10877419
v 72.84538269 61.52511978 13.10877419
v 72.84508514 61.47842407 13.10877419
v 72.85253906 61.43232346 13.10877419
v 72.86751556 61.38809586 13.10877419
v 72.88961792 61.34695816 13.10877419
v 72.91822815 61.31005096 13.10877419
v 72.95255280 61.27840042 13.10877419
v 73.00317383 61.75601578 13.10692215
v 72.96605682 61.80367661 13.05908871
v 72.91793823 61.77312088 13.05908871
v 72.87554932 61.73501968 13.05908871
v 72.84005737 61.69041824 13.05908871
v 72.81245422 61.64055634 13.05908871
v 72.79348755 61.58680725 13.05908871
v 72.78368378 61.53066254 13.05908871
v 72.78332520 61.47366714 13.05908871
v 72.79241180 61.41740036 13.05908871
v 72.81069183 61.36341476 13.05908871
v 72.83766937 61.31320953 13.05908871
v 72.87259674 61.26816177 13.05908871
v 72.88571930 61.81558609 13.00022221
v 72.83673859 61.77155685 13.00022221
v 72.79573822 61.72002411 13.00022221
v 72.76383972 61.66241074 13.00022221
v 72.74192810 61.60030365 13.00022221
v 72.73059845 61.53543091 13.00022221
v 72.73018646 61.46957397 13.00022221
v 72.74068451 61.40455627 13.00022221
v 72.76181030 61.34217834 13.00022221
v 72.79297638 61.28416443 13.00022221
v 72.83332825 61.23211670 13.00022221
v 72.92121887 61.88925171 12.93365955
v 72.85955048 61.85009003 12.93365955
v 72.80522156 61.80124664 12.93365955
v 72.75972748 61.74407959 12.93365955
v 72.72433472 61.68016434 12.93365955
v 72.70002747 61.61127090 12.93365955
v 72.68746948 61.53929901 12.93365955
v 72.68700409 61.46624756 12.93365955
v 72.69865417 61.39412308 12.93365955
v 72.72208405 61.32492828 12.93365955
v 72.75666046 61.26057053 12.93365955
v 72.90626526 61.91779709 12.86108017
v 72.84007263 61.87575912 12.86108017
v 72.78175354 61.82333755 12.86108017
v 72.73293304 61.76197815 12.86108017
v 72.69494629 61.69337845 12.86108017
v 72.66885376 61.61943054 12.86108017
v 72.65537262 61.54218292 12.86108017
v 72.65487671 61.46376801 12.86108017
v 72.66737366 61.38635635 12.86108017
v 72.69253540 61.31208801 12.86108017
v 72.72964478 61.24301147 12.86108017
v 72.97219086 61.96760559 12.78431416
v 72.89683533 61.93580246 12.78431416
v 72.82778931 61.89195251 12.78431416
v 72.76696014 61.83727264 12.78431416
v 72.71602631 61.77326584 12.78431416
v 72.67640686 61.70170975 12.78431416
v 72.64918518 61.62458038 12.78431416
v 72.63513184 61.54400253 12.78431416
v 72.63460541 61.46220779 12.78431416
v 72.64765167 61.38146210 12.78431416
v 72.67388916 61.30399323 12.78431416
v 72.82300568 61.89825821 12.70529842
v 72.76119232 61.84269714 12.70529842
v 72.70944977 61.77766418 12.70529842
v 72.66918945 61.70495605 12.70529842
v 72.64153290 61.62658310 12.70529842
v 72.62724304 61.54470825 12.70529842
v 72.62671661 61.46160126 12.70529842
v 72.63996887 61.37955475 12.70529842
v 72.66663361 61.30083466 12.70529842
v 73.61038208 59.91430664 12.53946400
v 72.83834076 61.10075378 12.81451035
v 72.75888824 61.16907883 12.58281803
v 72.76655579 61.14887619 12.62945366
v 72.77848816 61.13177490 12.67643642
v 72.81456757 61.10758591 12.76945686
v 72.86563110 61.09753799 12.85795689
v 72.89611816 61.09796524 12.89933395
v 72.96541595 61.10972214 12.97416115
v 73.00349426 61.12091827 13.00682068
v 73.18192291 60.80084610 12.81770325
v 73.34751129 60.48606491 12.67533970
v 73.37095642 60.43947601 12.65806389
v 73.01041412 60.83860397 12.40407562
v 73.24263000 60.50537109 12.28398132
v 73.27539825 60.45533752 12.27106190
v 73.45801544 60.15728378 12.22224140
v 73.60762024 59.87721634 12.22320747
v 73.50209808 60.16558456 12.57766151
v 73.70755768 59.65681458 12.26151562
v 73.68346405 59.72142410 12.53922272
v 73.73238373 59.57134628 12.56328297
v 73.76108551 59.46592712 12.59904957
v 73.77236938 59.41640854 12.62380409
v 73.78095245 59.37168503 12.65242863
v 73.78633118 59.33623123 12.68091106
v 73.78974152 59.30436325 12.71271133
v 73.79108429 59.27885437 12.74434090
v 73.79078674 59.25671387 12.77863026
v 73.78910065 59.23953247 12.81231022
v 73.78612518 59.22559738 12.84755421
v 73.78175354 59.21441650 12.88596916
v 73.77600098 59.20644760 12.92693043
v 73.76882935 59.20182037 12.97074318
v 73.75083160 59.20317078 13.06408215
v 73.72330475 59.22325897 13.18586063
v 73.70549774 59.24299240 13.25783157
v 73.65529633 59.31635666 13.44603252
v 73.59119415 59.43590927 13.67030525
v 73.77353668 59.48076630 12.32276726
v 73.81147003 59.35353851 12.39032555
v 73.82602692 59.29226685 12.43242073
v 73.83678436 59.23572540 12.47861290
v 73.84320068 59.18979645 12.52278709
v 73.84682465 59.14732742 12.57058239
v 73.84767151 59.11214066 12.61690426
v 73.84623718 59.08028030 12.66603947
v 73.84293365 59.05419159 12.71340466
v 73.83787537 59.03150558 12.76217937
v 73.83082581 59.01133728 12.81455898
v 73.82188416 58.99433136 12.86964035
v 73.81097412 58.98057556 12.92779446
v 73.78413391 58.96401596 13.04950523
v 73.74386597 58.96324158 13.20473194
v 73.71810150 58.97170258 13.29493809
v 73.64624023 59.01850510 13.52656746
v 73.55547333 59.11063385 13.79627132
v 73.50479126 59.17382050 13.94074154
v 73.36447906 59.38237381 14.32807446
v 73.55513763 59.51251602 13.79234791
v 73.45458221 59.75354004 14.12504959
v 73.09771729 59.88045502 15.03803253
v 73.28416443 59.52014542 14.54461956
v 73.26126099 60.30116653 14.75163460
v 73.39662170 59.90761566 14.31407928
v 72.90385437 60.30054092 15.53759289
v 73.01263428 60.82314301 12.44796848
v 73.24033356 60.49488449 12.32433224
v 73.27251434 60.44562149 12.31081390
v 73.45205688 60.15225220 12.25803089
v 73.59949493 59.87681961 12.25457287
v 73.69826508 59.66031265 12.28877926
v 73.76367188 59.48761368 12.34619522
v 73.80141449 59.36302567 12.41052246
v 73.81595612 59.30312347 12.45086384
v 73.82674408 59.24792099 12.49528122
v 73.83324432 59.20315552 12.53786850
v 73.83696747 59.16184235 12.58404255
v 73.83794403 59.12769318 12.62887096
v 73.83663940 59.09686279 12.67649078
v 73.83348083 59.07170105 12.72245121
v 73.82856750 59.04991531 12.76983070
v 73.82169342 59.03066635 12.82075977
v 73.81292725 59.01457214 12.87436581
v 73.80219269 59.00173569 12.93100929
v 73.77571869 58.98694992 13.04968929
v 73.73583984 58.98821640 13.20126438
v 73.71028137 58.99776840 13.28944016
v 73.63878632 59.04713058 13.51610088
v 73.54820251 59.14189529 13.78037548
v 73.49750519 59.20637894 13.92206383
v 73.35678101 59.41808701 14.30228710
v 73.27600098 59.55745697 14.51503849
v 73.08797455 59.92105103 15.00015545
v 72.89189911 60.34401703 15.49160767
v 72.70014191 60.77243805 16.04053497
v 72.68550873 60.81833649 15.98636246
v 72.79454041 61.11796570 12.72326851
v 73.01845551 60.81008148 12.49230957
v 73.02780151 60.79953384 12.53671360
v 73.24098969 60.48620605 12.36516857
v 73.24458313 60.47938538 12.40620613
v 73.27248383 60.43762207 12.35105228
v 73.27529907 60.43140030 12.39150429
v 73.44840240 60.14849472 12.29428387
v 73.44707489 60.14604568 12.33080769
v 73.59320831 59.87735748 12.28635406
v 73.58877563 59.87883377 12.31841755
v 73.69045258 59.66451263 12.31640530
v 73.68415070 59.66941071 12.34430122
v 73.75502777 59.49501801 12.36993790
v 73.74764252 59.50294876 12.39393234
v 73.79242706 59.37297058 12.43100262
v 73.78453064 59.38334656 12.45171547
v 73.80689240 59.31439590 12.46957493
v 73.79884338 59.32606125 12.48851204
v 73.81766510 59.26050186 12.51220512
v 73.80953979 59.27344131 12.52934837
v 73.82418823 59.21687698 12.55319595
v 73.81606293 59.23093033 12.56873989
v 73.82799530 59.17670059 12.59774303
v 73.81992340 59.19187546 12.61165810
v 73.82907104 59.14358139 12.64107513
v 73.82109070 59.15976715 12.65349102
v 73.82790375 59.11376572 12.68717670
v 73.82005310 59.13096237 12.69807816
v 73.82489777 59.08953476 12.73173428
v 73.81719971 59.10765076 12.74123764
v 73.82015228 59.06864929 12.77772141
v 73.81263733 59.08766937 12.78583622
v 73.81346893 59.05032349 12.82720661
v 73.80615997 59.07025909 12.83388519
v 73.80490112 59.03514862 12.87934399
v 73.79782867 59.05601120 12.88456249
v 73.79439545 59.02323151 12.93448544
v 73.78759003 59.04502487 12.93821621
v 73.76839447 59.01025391 13.05016232
v 73.76217651 59.03386688 13.05092335
v 73.72911072 59.01360703 13.19813061
v 73.72369385 59.03935242 13.19533634
v 73.70388794 59.02428818 13.28430367
v 73.69892883 59.05118942 13.27954197
v 73.63317108 59.07632446 13.50607491
v 73.62940979 59.10597229 13.49652863
v 73.54334259 59.17388535 13.76501846
v 73.54089355 59.20643997 13.75028133
v 73.49295807 59.23975754 13.90397930
v 73.49118805 59.27376556 13.88659286
v 73.35284424 59.45491409 14.27722836
v 73.35271454 59.49255753 14.25309563
v 73.27223969 59.59606552 14.48625088
v 73.27293396 59.63562012 14.45852375
v 73.08426666 59.96344757 14.96319103
v 73.08662415 60.00710297 14.92760849
v 72.88780975 60.38991928 15.44661427
v 72.89167023 60.43748093 15.40336037
v 72.68083954 60.86745071 15.93324184
v 72.68621063 60.91873932 15.88229084
v 73.05677795 60.78632355 12.62417316
v 73.07614136 60.78377533 12.66646957
v 73.26048279 60.47150421 12.48773289
v 73.27267456 60.47050095 12.52765560
v 73.28939819 60.42443085 12.47196007
v 73.30059052 60.42373276 12.51142406
v 73.45144653 60.14509964 12.40388298
v 73.45710754 60.14660645 12.44004059
v 73.58555603 59.88455582 12.38285446
v 73.58678436 59.88877869 12.41495609
v 73.67616272 59.68121338 12.40052891
v 73.67449951 59.68807983 12.42867088
v 73.73671722 59.52032089 12.44240665
v 73.73321533 59.52970886 12.46675205
v 73.77208710 59.40530396 12.49364471
v 73.76756287 59.41682816 12.51476097
v 73.78588867 59.35046005 12.52689362
v 73.78100586 59.36314011 12.54625416
v 73.79627228 59.30028534 12.56414890
v 73.79114532 59.31413651 12.58173275
v 73.80266571 59.25993347 12.60034943
v 73.79741669 59.27481842 12.61635113
v 73.80654144 59.22305298 12.64001846
v 73.80125427 59.23899078 12.65440845
v 73.80784607 59.19292068 12.67887020
v 73.80260468 59.20982361 12.69178295
v 73.80705261 59.16609955 12.72044468
v 73.80192566 59.18397903 12.73186588
v 73.80451202 59.14460373 12.76082516
v 73.79955292 59.16337204 12.77087307
v 73.80033875 59.12640762 12.80267525
v 73.79559326 59.14605331 12.81136703
v 73.79435730 59.11083221 12.84788418
v 73.78988647 59.13138580 12.85517788
v 73.78660583 59.09842300 12.89568615
v 73.78247070 59.11988831 12.90156651
v 73.77703857 59.08930206 12.94641209
v 73.77330017 59.11169052 12.95085812
v 73.75316620 59.08181000 13.05330276
v 73.75037384 59.10602951 13.05491447
v 73.71685791 59.09160614 13.19080353
v 73.71544647 59.11796570 13.18907547
v 73.69342804 59.10578918 13.27120686
v 73.69288635 59.13331223 13.26765823
v 73.62749481 59.16617203 13.47902393
v 73.62935638 59.19648361 13.47113609
v 73.54332733 59.27256775 13.72296047
v 73.54817963 59.30580139 13.71051884
v 73.49597168 59.34286118 13.85432148
v 73.50250244 59.37755203 13.83962345
v 73.36383057 59.56910706 14.20837688
v 73.37499237 59.60739136 14.18814945
v 73.28759766 59.71607208 14.40727997
v 73.30142975 59.75621414 14.38424015
v 73.10937500 60.09597397 14.86237621
v 73.12947083 60.14005280 14.83355618
v 72.92281342 60.53441620 15.32489586
v 72.94957733 60.58218384 15.29098892
v 72.72645569 61.02352142 15.79111481
v 72.76048279 61.07481384 15.75280571
v 72.92950439 61.10204315 12.93820477
v 73.09854889 60.78396225 12.70731735
v 73.12379456 60.78689575 12.74636173
v 73.28758240 60.47146606 12.56664562
v 73.30510712 60.47439957 12.60443020
v 73.31444550 60.42490005 12.55002213
v 73.33086395 60.42792892 12.58749485
v 73.46504974 60.14942932 12.47568703
v 73.47523499 60.15354919 12.51063061
v 73.58989716 59.89388657 12.44680214
v 73.59488678 59.89986420 12.47825527
v 73.67439270 59.69556427 12.45670605
v 73.67586517 59.70363235 12.48453808
v 73.73101807 59.53953552 12.49107933
v 73.73015594 59.54976654 12.51532173
v 73.76420593 59.42868042 12.53590965
v 73.76200104 59.44083786 12.55704117
v 73.77720642 59.37610626 12.56566906
v 73.77449799 59.38932800 12.58509350
v 73.78704071 59.32822800 12.59939003
v 73.78397369 59.34253693 12.61708355
v 73.79315948 59.28992081 12.63244057
v 73.78987885 59.30521393 12.64858532
v 73.79692841 59.25512314 12.66890144
v 73.79356384 59.27141571 12.68346786
v 73.79830170 59.22690201 12.70481110
v 73.79493713 59.24412155 12.71793079
v 73.79772186 59.20200729 12.74341679
v 73.79447174 59.22016525 12.75507641
v 73.79551697 59.18228149 12.78106499
v 73.79242706 59.20130539 12.79138184
v 73.79179382 59.16583633 12.82021904
v 73.78894806 59.18571091 12.82921124
v 73.78638458 59.15205765 12.86264801
v 73.78385925 59.17281723 12.87028027
v 73.77934265 59.14146805 12.90764427
v 73.77722168 59.16311646 12.91390610
v 73.77061462 59.13418961 12.95552540
v 73.76896667 59.15674210 12.96040154
v 73.74874878 59.13032913 13.05680370
v 73.74828339 59.15465927 13.05896378
v 73.71538544 59.14438629 13.18771362
v 73.71668243 59.17079163 13.18672276
v 73.69383240 59.16088486 13.26453781
v 73.69625854 59.18841171 13.26185417
v 73.63307953 59.22677231 13.46386528
v 73.63867188 59.25693130 13.45724010
v 73.55544281 59.33892441 13.69897556
v 73.56506348 59.37175751 13.68838978
v 73.51174164 59.41205978 13.82600117
v 73.52365112 59.44618988 13.81353378
v 73.38978577 59.64527512 14.16956043
v 73.40808105 59.68246078 14.15276051
v 73.31943512 59.79580688 14.36321449
v 73.34144592 59.83447647 14.34439850
v 73.15505981 60.18315125 14.80776501
v 73.18582916 60.22471619 14.78533268
v 72.98326111 60.62842178 15.26140213
v 73.02330780 60.67236328 15.23662663
v 72.80288696 61.12392044 15.72045898
v 72.85276794 61.16981125 15.69475460
v 73.15167236 60.79253769 12.78326416
v 73.32512665 60.47927475 12.64074516
v 73.34974670 60.43280029 12.62358952
v 73.48760986 60.15894318 12.54468250
v 73.60172272 59.90668106 12.50918579
v 73.67888641 59.71226120 12.51207447
v 73.73061371 59.56037903 12.53941154
v 73.76095581 59.45325851 12.57810402
v 73.77288818 59.40277100 12.60448647
v 73.78193665 59.35703278 12.63477516
v 73.78760529 59.32065964 12.66475296
v 73.79116058 59.28784180 12.69808102
v 73.79253387 59.26144791 12.73111534
v 73.79215240 59.23841095 12.76682186
v 73.79029083 59.22039795 12.80180359
v 73.78705597 59.20564270 12.83832932
v 73.78231049 59.19361877 12.87805843
v 73.77610016 59.18479156 12.92033958
v 73.76837921 59.17929840 12.96547794
v 73.74897766 59.17895889 13.06139183
v 73.71932220 59.19710922 13.18610477
v 73.70014191 59.21580887 13.25961685
v 73.64608002 59.28683472 13.45128822
v 73.57700348 59.40414047 13.67881680
v 73.53813934 59.47974014 13.80229378
v 73.42973328 59.71864700 14.13788414
v 73.36725616 59.87186050 14.32796955
v 73.22137451 60.26422119 14.76654339
v 73.06903839 60.71327591 15.21707439
v 73.11969757 60.75048828 15.20306778
v 72.90909576 61.21152496 15.67623425
v 72.97067261 61.24818802 15.66528702
v 72.48170471 61.28966904 16.54154015
v 72.48133087 61.29020691 16.54074097
v 72.47298431 61.31303787 16.51061630
v 72.46389771 61.33784866 16.47787094
v 72.46271515 61.34985352 16.46358871
v 72.45875549 61.38972092 16.41615486
v 72.45922852 61.39324951 16.41235542
v 72.46235657 61.41673660 16.38706589
v 72.46604919 61.44447708 16.35720253
v 72.47612762 61.47349167 16.32898712
v 72.70153046 60.97113419 15.83458138
v 72.90339661 60.48591614 15.36256123
v 73.09503174 60.05146790 14.89386082
v 73.27807617 59.67574692 14.43211842
v 73.35639191 59.53072357 14.23008442
v 73.49219513 59.30820084 13.87000847
v 73.54088593 59.23939133 13.73623753
v 73.62751770 59.13596344 13.48749924
v 73.69544220 59.07838058 13.27517223
v 73.71960449 59.06537628 13.19289207
v 73.75709534 59.05773926 13.05197048
v 73.78180695 59.06706238 12.94219494
v 73.79172516 59.07711411 12.89001465
v 73.79978180 59.09044266 12.84078217
v 73.80602264 59.10692978 12.79415894
v 73.81040192 59.12601852 12.75094032
v 73.81309509 59.14841843 12.70917511
v 73.81400299 59.17622375 12.66609859
v 73.81276703 59.20733643 12.62575817
v 73.80888367 59.24529648 12.58446789
v 73.80240631 59.28671265 12.54667568
v 73.79183197 59.33808899 12.50763226
v 73.77774048 59.39413071 12.47261238
v 73.74153900 59.51139450 12.41811085
v 73.67938232 59.67498016 12.37237453
v 73.58622742 59.88123703 12.35062981
v 73.44808960 60.14491272 12.36740685
v 73.28095245 60.42699051 12.43189716
v 73.25109863 60.47447205 12.44715500
v 73.04061890 60.79159164 12.58079624
v 72.48158264 61.48918533 16.31372643
v 72.48557281 61.50067520 16.30255318
v 72.51042175 61.54534912 16.26365852
v 72.51682281 61.55686188 16.25363541
v 72.52500153 61.56747055 16.24550629
v 72.55437469 61.60557938 16.21630859
v 72.55898285 61.61156464 16.21172523
v 72.60164642 61.65406418 16.18397522
v 72.60195160 61.65436935 16.18377686
v 72.61096191 61.66334915 16.17791748
v 72.64982605 61.69392014 16.16194725
v 72.67138672 61.71087265 16.15309143
v 72.69693756 61.72682571 16.14732361
v 72.88659668 61.81613541 16.13772011
v 72.73869324 61.75289154 16.13789749
v 72.79020691 61.77807999 16.13422394
v 72.81111145 61.78831100 16.13273239
v 72.83765411 61.79809189 16.13448715
v 72.95957947 61.83937454 16.14575386
v 73.02999878 61.83553696 16.12365150
v 73.22074127 61.99272919 12.81938553
v 73.13141632 61.88784409 13.03197765
v 73.07347107 61.68340302 13.16988945
v 73.08168793 61.26992798 13.15031815
v 73.06905365 61.34870148 13.18040848
v 73.06177521 61.43187714 13.19772053
v 73.06008148 61.51703262 13.20175076
v 73.06401062 61.60169983 13.19238377
v 73.08816528 61.75977325 13.13492393
v 73.10766602 61.82858658 13.08850288
v 73.15872955 61.93582153 12.96699047
v 73.18879700 61.97112656 12.89543343
v 73.14637756 61.27793884 13.18536472
v 73.21162415 61.28775024 13.22883415
v 73.27731323 61.29948044 13.28154945
v 73.34314728 61.31325912 13.34443092
v 73.47610474 61.34835434 13.50875568
v 73.60059357 61.39344788 13.72738457
v 73.70466614 61.44830322 14.00259876
v 73.77354431 61.51074600 14.32590485
v 73.79470062 61.57637024 14.67513371
v 73.76403809 61.63958359 15.01921082
v 73.68792725 61.69557190 15.32940769
v 73.57926941 61.74173355 15.58855724
v 73.45143890 61.77766800 15.79227257
v 73.31453705 61.80432892 15.94443607
v 73.24333191 61.81479645 16.00442696
v 73.17198944 61.82338333 16.05370712
v 73.10083008 61.83024979 16.09318542
v 73.13929749 61.68826675 13.19883633
v 73.15713501 61.76359940 13.16490650
v 73.20728302 61.69413757 13.23561954
v 73.22821045 61.76821136 13.20295143
v 73.27744293 61.70104218 13.28136921
v 73.30141449 61.77362442 13.25020027
v 73.34962463 61.70899200 13.33735466
v 73.37654114 61.77985001 13.30793285
v 73.50127411 61.72855759 13.48941135
v 73.53385162 61.79510880 13.46437740
v 73.65106201 61.75242996 13.70106411
v 73.68846130 61.81362534 13.68155289
v 73.78379059 61.77987289 13.97758293
v 73.82474518 61.83477783 13.96463394
v 73.87967682 61.80932999 14.31184769
v 73.92239380 61.85733032 14.30618858
v 73.92081451 61.83860016 14.68054008
v 73.96324921 61.87959290 14.68235779
v 73.89962006 61.86541367 15.04915428
v 73.93975830 61.89987183 15.05801964
v 73.82197571 61.88819885 15.38480568
v 73.85824585 61.91700363 15.39979553
v 73.70278168 61.90637589 15.66710472
v 73.73417664 61.93061829 15.68707085
v 73.55827332 61.92018127 15.89001179
v 73.58428955 61.94092560 15.91380692
v 73.40106201 61.93024063 16.05700302
v 73.42152405 61.94842148 16.08361816
v 73.31867981 61.93415070 16.12294579
v 73.33630371 61.95133209 16.15066147
v 73.23586273 61.93733978 16.17715645
v 73.25066376 61.95370102 16.20577431
v 73.15303040 61.93988037 16.22061348
v 73.16505432 61.95558929 16.24994850
v 73.07043457 61.94183350 16.25416374
v 73.07968903 61.95703888 16.28405380
v 72.98818970 61.94324493 16.27851486
v 72.99471283 61.95808411 16.30880547
v 73.18061829 61.83139801 13.12022972
v 73.25550079 61.83478165 13.16034603
v 73.33232880 61.83874893 13.20998764
v 73.41085052 61.84330750 13.27042580
v 73.57424164 61.85443878 13.43332481
v 73.73350525 61.86788940 13.65806293
v 73.87258148 61.88317490 13.94951057
v 73.97088623 61.89938736 14.29976559
v 74.01020813 61.91530228 14.68437195
v 73.98326874 61.92972183 15.06762886
v 73.89693451 61.94186020 15.41578579
v 73.76726532 61.95146561 15.70811272
v 73.61145782 61.95872116 15.93866920
v 73.44276428 61.96398926 16.11125565
v 73.35456085 61.96603012 16.17937469
v 73.26597595 61.96769333 16.23536682
v 73.17745972 61.96901703 16.28023911
v 73.08924103 61.97003174 16.31488037
v 73.00144196 61.97076797 16.34002113
v 73.20906830 61.88972855 13.06608105
v 73.28840637 61.89199066 13.10899448
v 73.36935425 61.89464569 13.16182804
v 73.45166016 61.89768219 13.22582626
v 73.62149048 61.90509796 13.39701557
v 73.78517914 61.91402435 13.63111115
v 73.92637634 61.92412567 13.93250370
v 74.02434540 61.93479156 14.29268456
v 74.06104279 61.94521713 14.68655109
v 74.02964783 61.95463181 15.07787323
v 73.93767548 61.96252441 15.43262291
v 73.80178833 61.96875381 15.73006439
v 73.63961792 61.97344971 15.96442986
v 73.46466064 61.97684860 16.13975334
v 73.37334442 61.97816849 16.20892906
v 73.28171539 61.97924042 16.26577759
v 73.19020081 61.98009491 16.31133270
v 73.09903717 61.98075104 16.34649658
v 73.00834656 61.98122406 16.37201309
v 73.24169922 61.93692398 13.00400925
v 73.32598114 61.93823624 13.05033302
v 73.41148376 61.93978119 13.10703468
v 73.49787903 61.94154358 13.17531395
v 73.67441559 61.94584274 13.35633564
v 73.84234619 61.95100784 13.60129452
v 73.98506927 61.95682907 13.91394615
v 74.08187866 61.96296310 14.28506470
v 74.11504364 61.96893311 14.68886566
v 74.07837677 61.97430420 15.08863354
v 73.98008728 61.97880173 15.45014763
v 73.83745575 61.98234558 15.75275326
v 73.66857147 61.98500824 15.99091625
v 73.48710632 61.98693466 16.16894722
v 73.39257050 61.98767853 16.23916054
v 73.29779053 61.98828506 16.29685020
v 73.20320129 61.98876953 16.34307480
v 73.10903168 61.98914337 16.37874794
v 73.01537323 61.98940659 16.40463257
v 73.27754974 61.97162628 12.93578815
v 73.36720276 61.97222519 12.98600292
v 73.45756531 61.97292709 13.04710007
v 73.54827118 61.97373199 13.12022591
v 73.73174286 61.97568512 13.31228065
v 73.90373993 61.97802353 13.56927299
v 74.04753113 61.98065567 13.89419746
v 74.14252472 61.98342514 14.27703094
v 74.17146301 61.98611069 14.69128418
v 74.12887573 61.98852539 15.09978676
v 74.02375031 61.99053955 15.46819496
v 73.87400818 61.99212646 15.77599907
v 73.69812775 61.99332047 16.01795387
v 73.50994873 61.99417877 16.19866562
v 73.41210938 61.99451065 16.26990318
v 73.31413269 61.99478531 16.32842445
v 73.21640778 61.99499893 16.37530136
v 73.11917114 61.99516296 16.41147804
v 73.02249908 61.99528122 16.43772507
v 72.88954926 61.84184647 16.15999603
v 72.89254761 61.86589050 16.18392944
v 73.13195801 61.35657120 13.21280956
v 73.19596100 61.36616135 13.25328732
v 73.26100159 61.37757492 13.30275631
v 73.32685852 61.39090347 13.36223698
v 73.46198273 61.42450333 13.51961422
v 73.59137726 61.46704483 13.73219299
v 73.70241547 61.51797104 14.00330925
v 73.77903748 61.57501602 14.32517624
v 73.80713654 61.63407135 14.67566681
v 73.78134155 61.69020844 15.02303123
v 73.70751953 61.73939896 15.33750534
v 73.59882355 61.77961349 15.60099316
v 73.46921539 61.81072998 15.80853176
v 73.32939911 61.83370972 15.96376324
v 73.25641632 61.84270859 16.02500725
v 73.18318176 61.85007858 16.07533455
v 73.11003876 61.85596848 16.11566544
v 73.03717041 61.86050415 16.14679527
v 72.96466827 61.86379242 16.16938591
v 72.89254761 61.86590576 16.18394089
v 73.12390137 61.43930054 13.22813702
v 73.18756104 61.44832230 13.26639557
v 73.25275421 61.45900726 13.31348705
v 73.31927490 61.47143173 13.37052345
v 73.45743561 61.50250626 13.52310371
v 73.59193420 61.54137039 13.73190308
v 73.70943451 61.58729172 14.00109196
v 73.79268646 61.63803864 14.32336903
v 73.82627869 61.68990326 14.67648697
v 73.80383301 61.73864746 15.02799892
v 73.73096466 61.78095627 15.34719276
v 73.62113953 61.81529236 15.61518478
v 73.48892212 61.84171295 15.82656288
v 73.34557343 61.86114120 15.98481083
v 73.27057648 61.86874008 16.04727745
v 73.19522858 61.87494659 16.09861946
v 73.11991119 61.87990570 16.13977432
v 73.04483795 61.88372421 16.17154312
v 72.97010803 61.88648605 16.19459915
v 72.89573669 61.88826752 16.20945740
v 73.12244415 61.52376556 13.23090935
v 73.18666840 61.53192520 13.26779175
v 73.25278473 61.54155731 13.31344986
v 73.32060242 61.55271530 13.36906910
v 73.46260071 61.58044052 13.51913834
v 73.60224915 61.61478043 13.72652054
v 73.72557068 61.65491486 13.99598980
v 73.81427002 61.69876480 14.32050991
v 73.85185242 61.74308777 14.67758369
v 73.83126068 61.78433990 15.03405762
v 73.75802612 61.81984711 15.35837841
v 73.64604187 61.84848022 15.63101959
v 73.51042938 61.87040329 15.84624100
v 73.36297607 61.88647461 16.00745583
v 73.28572845 61.89274216 16.07111168
v 73.20806885 61.89785767 16.12343979
v 73.13040924 61.90194702 16.16538620
v 73.05296326 61.90508652 16.19777298
v 72.97586060 61.90736008 16.22127724
v 72.89910126 61.90882111 16.23642349
v 73.12762451 61.60755539 13.22104836
v 73.19330597 61.61463165 13.25743675
v 73.26109314 61.62297440 13.30264664
v 73.33081055 61.63260651 13.35791492
v 73.47732544 61.65641022 13.50781536
v 73.62210846 61.68565750 13.71616459
v 73.75051880 61.71952820 13.98810196
v 73.84342957 61.75617981 14.31664753
v 73.88352203 61.79288483 14.67893982
v 73.86331177 61.82675934 15.04113579
v 73.78846741 61.85571289 15.37095547
v 73.67332458 61.87892151 15.64837265
v 73.53359985 61.89661789 15.86743832
v 73.38151550 61.90954971 16.03156662
v 73.30178833 61.91458511 16.09638023
v 73.22164154 61.91869354 16.14966393
v 73.14146423 61.92197037 16.19237900
v 73.06150818 61.92448807 16.22535896
v 72.98189545 61.92630768 16.24929428
v 72.90264130 61.92747879 16.26471901
v 72.90633392 61.94415283 16.29420853
v 72.90876770 61.95348358 16.31372833
v 72.91014862 61.95875931 16.32475662
v 72.91407776 61.97124100 16.35622025
v 72.91810608 61.98152924 16.38845634
v 72.92221832 61.98958206 16.42131042
v 72.92637634 61.99536133 16.45463562
v 72.92749786 61.99628067 16.46354103
v 73.31561279 61.99285507 12.86336708
v 73.41088867 61.99300766 12.91780281
v 73.50634766 61.99318695 12.98365879
v 73.60153198 61.99338913 13.06201553
v 73.79204559 61.99388123 13.26593018
v 73.96800995 61.99447250 13.53575230
v 74.11254883 61.99514008 13.87364197
v 74.20527649 61.99583817 14.26871872
v 74.22951508 61.99651718 14.69377232
v 74.18056488 61.99712372 15.11120510
v 74.06826019 61.99763107 15.48659134
v 73.91116333 61.99802780 15.79961967
v 73.72808075 61.99832535 16.04535675
v 73.53305817 61.99854279 16.22873306
v 73.43187714 61.99862289 16.30098915
v 73.33063507 61.99869537 16.36032867
v 73.22974396 61.99874878 16.40785789
v 73.12940979 61.99878693 16.44452858
v 73.02969360 61.99881744 16.47113228
v 72.93058777 61.99884033 16.48827171
v 72.86627960 61.94928360 16.31361771
v 72.87200928 61.91172028 16.24540138
v 72.87927246 61.86411667 16.18392944
v 72.86222076 61.97588348 16.38692093
v 72.85993195 61.99088287 16.46351814
v 72.78079224 61.97206879 16.46351814
v 72.77984619 61.97497940 16.54154396
v 72.70437622 61.94330597 16.54154396
v 72.63509369 61.89973831 16.54154396
v 72.57384491 61.84543610 16.54154396
v 72.52229309 61.78186798 16.54154396
v 72.48180389 61.71073532 16.54154396
v 72.45347595 61.63394547 16.54154396
v 72.43807220 61.55355835 16.54154396
v 72.43598938 61.47174072 16.54154396
v 72.44729614 61.39067459 16.54154396
v 72.47168732 61.31254959 16.54154396
v 72.45027924 61.39134598 16.46351814
v 72.43904114 61.47191238 16.46351814
v 72.45419312 61.47277069 16.38692093
v 72.45619965 61.55160904 16.38692093
v 72.48294830 61.54872131 16.31361771
v 72.49696350 61.62184143 16.31361771
v 72.53357697 61.61165619 16.24540138
v 72.55718994 61.67566681 16.24540138
v 72.60173035 61.65507507 16.18445396
v 72.63069916 61.70779419 16.18392944
v 72.76493073 61.82680893 16.18392944
v 72.71385193 61.79468918 16.18392944
v 72.66870117 61.75465775 16.18392944
v 72.82056427 61.85016251 16.18392944
v 72.70578766 61.94058990 16.46351814
v 72.63692474 61.89728546 16.46351814
v 72.57605743 61.84331894 16.46351814
v 72.52481842 61.78013992 16.46351814
v 72.48458099 61.70944214 16.46351814
v 72.45642853 61.63312531 16.46351814
v 72.44110870 61.55323410 16.46351814
v 72.78549957 61.95764923 16.38692093
v 72.71278381 61.92713165 16.38692093
v 72.64601898 61.88514709 16.38692093
v 72.58702087 61.83282852 16.38692093
v 72.53734589 61.77158356 16.38692093
v 72.49833679 61.70304489 16.38692093
v 72.47104645 61.62905884 16.38692093
v 72.79384613 61.93206406 16.31361771
v 72.72518921 61.90325165 16.31361771
v 72.66217041 61.86361694 16.31361771
v 72.60646057 61.81422806 16.31361771
v 72.55956268 61.75639725 16.31361771
v 72.52273560 61.69169235 16.31361771
v 72.80562592 61.89593887 16.24540138
v 72.74272156 61.86954117 16.24540138
v 72.68496704 61.83321762 16.24540138
v 72.63391113 61.78795624 16.24540138
v 72.59093475 61.73496246 16.24540138
v 78.90937805 61.80760956 6.73286247
v 78.87326050 61.63009644 6.65092850
v 78.79916382 61.18533325 6.78706837
v 78.79763031 61.18465042 6.78890657
v 78.76631927 61.20787811 6.78884792
v 78.76697540 61.17102432 6.82559872
v 78.74732208 61.16389465 6.85330582
v 78.73647308 61.17190552 6.85304403
v 78.71081543 61.15328217 6.91164923
v 78.70463562 61.15242004 6.92398930
v 78.65924835 61.19729614 6.92383003
v 78.68746948 61.15003967 6.95823145
v 78.66761017 61.15061569 7.00651598
v 78.64086151 61.18136597 6.99942303
v 78.65148163 61.15499878 7.05597544
v 78.64611816 61.15857697 7.07795095
v 78.63175201 61.17347336 7.07791281
v 78.63195038 61.17364120 7.15062952
v 78.63103485 61.17496490 7.15625668
v 78.58384705 61.23981857 7.15732193
v 78.63094330 61.17529297 7.15731573
v 78.72357178 61.15664673 6.89037514
v 78.87002563 61.22405624 6.72109318
v 78.85582733 61.21586990 6.73319483
v 78.84577179 61.22080612 6.73286247
v 78.83608246 61.20448685 6.75002575
v 78.80227661 61.25122452 6.73286247
v 78.83364105 61.20307922 6.75210619
v 78.87825012 61.27649689 6.68649912
v 78.84343719 61.30084229 6.68649912
v 78.85379791 61.60618973 6.65092850
v 78.83850861 61.57941818 6.65092850
v 78.82780457 61.55050659 6.65092850
v 78.82197571 61.52023315 6.65092850
v 78.82118988 61.48941422 6.65092850
v 78.82544708 61.45888138 6.65092850
v 78.83464813 61.42945480 6.65092850
v 78.84853363 61.40193176 6.65092850
v 78.86673737 61.37705231 6.65092850
v 78.88877106 61.35549164 6.65092850
v 78.88995361 61.72993088 6.68649912
v 78.86037445 61.78721619 6.73286247
v 78.89207458 61.86120605 6.78884792
v 78.87771606 61.90568924 6.85304403
v 78.94056702 61.95724487 6.92383003
v 78.93698883 61.98130798 6.99942303
v 78.93521118 61.99323273 7.07791281
v 78.93513489 61.99347305 7.13198709
v 78.84449768 61.97063446 7.15374947
v 78.85572815 61.97369003 7.15105152
v 78.85548401 61.97456741 7.07791281
v 78.92533875 61.99260330 7.13433790
v 78.76850128 61.93474579 7.17199612
v 78.78109741 61.94069672 7.16897011
v 78.78013611 61.94264603 7.15732193
v 78.82962799 61.96361923 7.15731812
v 78.77989960 61.94310760 7.07791281
v 78.71077728 61.89928055 7.15732193
v 78.64945984 61.84515762 7.15732193
v 78.69961548 61.88599396 7.18853521
v 78.65436554 61.84041977 7.19940138
v 78.59782410 61.78173065 7.15732193
v 78.60538483 61.77652740 7.21116114
v 78.63986969 61.82582474 7.20288038
v 78.52886963 61.63399887 7.15732193
v 78.55455780 61.67863464 7.22336531
v 78.55725861 61.71070480 7.15732193
v 78.56742859 61.70594788 7.22027397
v 78.59103394 61.75601578 7.21460629
v 78.51339722 61.55368042 7.15732193
v 78.53150940 61.59597015 7.22889948
v 78.54115295 61.63056564 7.22658300
v 78.51129913 61.47191620 7.15732193
v 78.52257538 61.51046371 7.23104429
v 78.52693939 61.55222321 7.22999668
v 78.52259064 61.39090729 7.15732193
v 78.52802277 61.42464828 7.22973633
v 78.52497101 61.47270203 7.23046923
v 78.54699707 61.31284332 7.15732193
v 78.54768372 61.34106064 7.22501469
v 78.53527832 61.39377594 7.22799253
v 78.59205627 61.24488068 7.21436214
v 78.58099365 61.26218033 7.21701956
v 78.55774689 61.31722260 7.22259903
v 78.71046448 61.89970398 7.07791281
v 78.64907837 61.84552383 7.07791281
v 78.59738922 61.78202438 7.07791281
v 78.55678558 61.71092224 7.07791281
v 78.52835846 61.63414001 7.07791281
v 78.51288605 61.55373764 7.07791281
v 78.51076508 61.47188568 7.07791281
v 78.52208710 61.39079666 7.07791281
v 78.54650879 61.31264496 7.07791281
v 78.58339691 61.23954773 7.07791281
v 78.63924408 61.16314697 7.10607147
v 78.71768188 61.89004135 6.99942303
v 78.65777588 61.83716583 6.99942303
v 78.60733032 61.77520752 6.99942303
v 78.56770325 61.70582581 6.99942303
v 78.53997040 61.63089752 6.99942303
v 78.52486420 61.55244064 6.99942303
v 78.52281189 61.47256470 6.99942303
v 78.53384399 61.39343262 6.99942303
v 78.55768585 61.31717682 6.99942303
v 78.59368134 61.24584198 6.99942303
v 78.73223114 61.87053680 6.92383003
v 78.67532349 61.82030869 6.92383003
v 78.62740326 61.76144791 6.92383003
v 78.58975220 61.69553375 6.92383003
v 78.56340790 61.62435150 6.92383003
v 78.54905701 61.54981613 6.92383003
v 78.54709625 61.47393799 6.92383003
v 78.55758667 61.39876175 6.92383003
v 78.58023071 61.32631302 6.92383003
v 78.61442566 61.25855255 6.92383003
v 78.86666107 61.93994141 6.92383003
v 78.85918427 61.96309662 6.99942303
v 78.75374603 61.84169006 6.85304403
v 78.70127106 61.79537201 6.85304403
v 78.65707397 61.74109268 6.85304403
v 78.62236023 61.68031311 6.85304403
v 78.59806824 61.61466980 6.85304403
v 78.58483124 61.54593658 6.85304403
v 78.58303070 61.47596741 6.85304403
v 78.59270477 61.40664291 6.85304403
v 78.61358643 61.33983612 6.85304403
v 78.64511871 61.27734756 6.85304403
v 78.68645477 61.22086334 6.85304403
v 78.73741913 61.16030121 6.86727762
v 78.78170013 61.80422211 6.78884792
v 78.73497009 61.76298523 6.78884792
v 78.69563293 61.71465683 6.78884792
v 78.66471863 61.66053772 6.78884792
v 78.64308929 61.60209656 6.78884792
v 78.63130951 61.54090118 6.78884792
v 78.62969971 61.47860336 6.78884792
v 78.63831329 61.41687775 6.78884792
v 78.65690613 61.35740280 6.78884792
v 78.68498230 61.30176544 6.78884792
v 78.72178650 61.25147247 6.78884792
v 78.81536865 61.75907898 6.73286247
v 78.77558136 61.72396088 6.73286247
v 78.74208069 61.68280411 6.73286247
v 78.71575928 61.63671875 6.73286247
v 78.69733429 61.58694458 6.73286247
v 78.68730164 61.53483200 6.73286247
v 78.68592834 61.48177719 6.73286247
v 78.69326019 61.42921448 6.73286247
v 78.70909882 61.37855911 6.73286247
v 78.73300934 61.33118057 6.73286247
v 78.76435089 61.28834915 6.73286247
v 78.83454132 61.83726120 6.78884792
v 78.81309509 61.87879562 6.85304403
v 78.79658508 61.91077805 6.92383003
v 78.78542328 61.93239594 6.99942303
v 78.85392761 61.70740891 6.68649912
v 78.82206726 61.67929077 6.68649912
v 78.79524994 61.64634323 6.68649912
v 78.77417755 61.60945129 6.68649912
v 78.75942230 61.56960678 6.68649912
v 78.75139618 61.52788544 6.68649912
v 78.75029755 61.48541260 6.68649912
v 78.75617218 61.44333267 6.68649912
v 78.76885223 61.40278244 6.68649912
v 78.78798676 61.36485291 6.68649912
v 78.81307983 61.33056259 6.68649912
v 75.55825043 61.49428940 8.36535358
v 75.56474304 61.50067520 8.36416912
v 76.07799530 60.97113419 8.31720638
v 79.38607788 59.91430664 7.45673656
v 78.70030975 61.10204315 7.06644630
v 78.85150909 61.13177490 6.80478001
v 78.88623047 61.14887619 6.77095985
v 78.81897736 61.11796570 6.84210587
v 78.78898621 61.10758591 6.88254070
v 78.76186371 61.10075378 6.92566013
v 78.73787689 61.09753799 6.97100639
v 78.68714142 61.10972214 7.11553097
v 78.67789459 61.12091827 7.16483688
v 78.93088531 60.80084610 7.22480202
v 79.13697052 60.48606491 7.29701948
v 79.16365814 60.43947601 7.30869007
v 79.29885101 60.16558456 7.38206434
v 78.92278290 61.16907883 6.74100304
v 79.20333862 60.83860397 6.86945486
v 79.42344666 60.50537109 7.01050949
v 79.45102692 60.45533752 7.03243160
v 79.58460999 60.15728378 7.16617632
v 79.65858459 59.87721634 7.29621887
v 79.67537689 59.65681458 7.40192366
v 79.42282104 59.72142410 7.51990938
v 79.42645264 59.57134628 7.57430744
v 79.40982819 59.46592712 7.61704493
v 79.39402771 59.41640854 7.63919497
v 79.37352753 59.37168503 7.66093731
v 79.35156250 59.33623123 7.67984390
v 79.32571411 59.30436325 7.69868755
v 79.29899597 59.27885437 7.71566963
v 79.26915741 59.25671387 7.73255968
v 79.23914337 59.23953247 7.74793434
v 79.20713806 59.22559738 7.76298428
v 79.17167664 59.21441650 7.77839899
v 79.65531921 59.48076630 7.48968697
v 79.61577606 59.35353851 7.55632067
v 79.58660126 59.29226685 7.58997488
v 79.55197144 59.23572540 7.62238312
v 79.51692963 59.18979645 7.65002775
v 79.47734833 59.14732742 7.67706299
v 79.43766022 59.11214066 7.70096302
v 79.39438629 59.08028030 7.72428226
v 79.35171509 59.05419159 7.74510622
v 79.30694580 59.03150558 7.76510906
v 79.25806427 59.01133728 7.78520012
v 79.20588684 58.99433136 7.80499506
v 79.15006256 58.98057556 7.82462215
v 79.13333130 59.20644760 7.79390144
v 79.09180450 59.20182037 7.80960178
v 79.00196838 59.20317078 7.84068203
v 78.87667847 58.96324158 7.90497303
v 79.03124237 58.96401596 7.86223459
v 78.88273621 59.22325897 7.87772799
v 78.81150055 59.24299240 7.89828968
v 78.62342834 59.31635666 7.94892550
v 78.39714813 59.43590927 8.00553989
v 78.27342224 59.51251602 8.03533363
v 77.93502045 59.75354004 8.11460209
v 78.78568268 58.97170258 7.92776585
v 78.54914856 59.01850510 7.98134422
v 78.27019501 59.11063385 8.03759193
v 78.11974335 59.17382050 8.06593323
v 77.71414185 59.38237381 8.13808823
v 76.96591949 59.88045502 8.26204205
v 77.48645020 59.52014542 8.17679977
v 77.29572296 60.30116653 8.26047802
v 77.74234009 59.90761566 8.15892601
v 76.43635559 60.30054092 8.34393215
v 79.16644287 60.82314301 6.89332819
v 79.13095093 60.81008148 6.92053509
v 79.38735962 60.49488449 7.02870178
v 79.35232544 60.48620605 7.04968739
v 79.41516113 60.44562149 7.04980993
v 79.38029480 60.43762207 7.06990051
v 79.55063629 60.15225220 7.17890644
v 79.51741791 60.14849472 7.19387007
v 79.62735748 59.87681961 7.30486679
v 79.59668732 59.87735748 7.31530952
v 79.64711761 59.66031265 7.40750408
v 79.61928558 59.66451263 7.41455173
v 79.63008881 59.48761368 7.49285173
v 79.60521698 59.49501801 7.49724197
v 79.59325409 59.36302567 7.55770683
v 79.57102966 59.37297058 7.56016207
v 79.56558990 59.30312347 7.59047318
v 79.54486084 59.31439590 7.59197283
v 79.53252411 59.24792099 7.62202644
v 79.51332855 59.26050186 7.62261868
v 79.49888611 59.20315552 7.64894104
v 79.48108673 59.21687698 7.64876604
v 79.46076202 59.16184235 7.67525673
v 79.44441223 59.17670059 7.67433548
v 79.42243195 59.12769318 7.69851351
v 79.40742493 59.14358139 7.69693518
v 79.38053131 59.09686279 7.72119665
v 79.36691284 59.11376572 7.71897793
v 79.33915710 59.07170105 7.74144268
v 79.32682037 59.08953476 7.73865032
v 79.29566956 59.04991531 7.76088047
v 79.28462219 59.06864929 7.75753498
v 79.24812317 59.03066635 7.78039026
v 79.23842621 59.05032349 7.77648640
v 79.19731903 59.01457214 7.79959774
v 79.18899536 59.03514862 7.79513836
v 79.14289856 59.00173569 7.81862450
v 79.13598633 59.02323151 7.81360817
v 79.02687073 58.98694992 7.85503149
v 79.02280426 59.01025391 7.84892607
v 78.87567139 58.98821640 7.89629316
v 78.87502289 59.01360703 7.88889837
v 78.78652954 58.99776840 7.91824055
v 78.78777313 59.02428818 7.91013241
v 78.55448914 59.04713058 7.96965885
v 78.56035614 59.07632446 7.95978022
v 78.28032684 59.14189529 8.02334976
v 78.29119110 59.17388535 8.01145458
v 78.13227081 59.20637894 8.05028534
v 78.14566040 59.23975754 8.03730869
v 77.73262024 59.41808701 8.11852360
v 77.75235748 59.45491409 8.10258675
v 77.50798798 59.55745697 8.15493965
v 77.53103638 59.59606552 8.13729668
v 76.99385071 59.92105103 8.23466969
v 77.02400970 59.96344757 8.21297169
v 76.47020721 60.34401703 8.31058407
v 76.50712585 60.38991928 8.28454971
v 75.93853760 60.81833649 8.37922573
v 75.98220825 60.86745071 8.34861660
v 78.71728516 61.09796524 7.01810122
v 79.00896454 60.78377533 7.05757713
v 78.98479462 60.78396225 7.09740353
v 79.22744751 60.47050095 7.15837049
v 79.20114136 60.47146606 7.19077730
v 79.25546265 60.42373276 7.17443132
v 79.22895813 60.42490005 7.20572615
v 79.39553833 60.14660645 7.27428484
v 79.36864471 60.14942932 7.29898930
v 79.48210144 59.88877869 7.37404823
v 79.45608521 59.89388657 7.39266634
v 79.51408386 59.68807983 7.45686722
v 79.48975372 59.69556427 7.47079849
v 79.51046753 59.52970886 7.52675867
v 79.48829651 59.53953552 7.53702450
v 79.48606110 59.41682816 7.58051443
v 79.46606445 59.42868042 7.58817530
v 79.46550751 59.36314011 7.60789776
v 79.44679260 59.37610626 7.61431551
v 79.43984985 59.31413651 7.63441849
v 79.42250824 59.32822800 7.63969517
v 79.41300964 59.27481842 7.65716171
v 79.39694214 59.28992081 7.66151381
v 79.38197327 59.23899078 7.67951298
v 79.36724854 59.25512314 7.68301058
v 79.35028076 59.20982361 7.69936514
v 79.33683777 59.22690201 7.70215273
v 79.31522369 59.18397903 7.71882057
v 79.30312347 59.20200729 7.72096157
v 79.28025055 59.16337204 7.73626614
v 79.26940918 59.18228149 7.73787260
v 79.24320221 59.14605331 7.75308990
v 79.23364258 59.16583633 7.75422335
v 79.20241547 59.13138580 7.77005243
v 79.19419861 59.15205765 7.77075577
v 79.15853882 59.11988831 7.78682947
v 79.15170288 59.14146805 7.78715611
v 79.11125946 59.11169052 7.80352736
v 79.10586548 59.13418961 7.80352974
v 79.00968170 59.10602951 7.83570099
v 79.00723267 59.13032913 7.83523560
v 78.87602997 59.11796570 7.87253380
v 78.87718201 59.14438629 7.87180376
v 78.79669189 59.13331223 7.89229012
v 78.79986572 59.16088486 7.89154577
v 78.58870697 59.19648361 7.93900728
v 78.59687805 59.22677231 7.93860006
v 78.34081268 59.30580139 7.98840094
v 78.35443878 59.33892441 7.98891592
v 78.20616913 59.37755203 8.01339149
v 78.22258759 59.41205978 8.01458454
v 77.84058380 59.60739136 8.07723236
v 77.86407471 59.64527512 8.08074379
v 77.63397980 59.75621414 8.11156654
v 77.66118622 59.79580688 8.11664486
v 77.15887451 60.14005280 8.18729973
v 77.19401550 60.18315125 8.19657040
v 76.67278290 60.58218384 8.26022816
v 76.71524811 60.62842178 8.27460766
v 76.17829132 61.07481384 8.32737446
v 76.22750854 61.12392044 8.34792233
v 78.96360779 60.78689575 7.13879156
v 78.94558716 60.79253769 7.18138075
v 79.17717743 60.47439957 7.22484827
v 79.15573883 60.47927475 7.26034498
v 79.20471954 60.42792892 7.23868322
v 79.18289948 60.43280029 7.27308178
v 79.34347534 60.15354919 7.32528210
v 79.32016754 60.15894318 7.35302353
v 79.43133545 59.89986420 7.41271067
v 79.40796661 59.90668106 7.43409777
v 79.46638489 59.70363235 7.48598433
v 79.44405365 59.71226120 7.50237322
v 79.46687317 59.54976654 7.54839277
v 79.44623566 59.56037903 7.56083155
v 79.44666290 59.44083786 7.59683084
v 79.42790222 59.45325851 7.60646200
v 79.42861938 59.38932800 7.62168217
v 79.41101837 59.40277100 7.62998104
v 79.40564728 59.34253693 7.64588261
v 79.38931274 59.35703278 7.65296841
v 79.38132477 59.30521393 7.66675234
v 79.36618805 59.32065964 7.67286634
v 79.35295105 59.27141571 7.68737841
v 79.33910370 59.28784180 7.69260693
v 79.32379913 59.24412155 7.70580435
v 79.31118011 59.26144791 7.71031284
v 79.29139709 59.22016525 7.72396946
v 79.28005981 59.23841095 7.72783756
v 79.25893402 59.20130539 7.74035597
v 79.24884033 59.22039795 7.74371195
v 79.22442627 59.18571091 7.75625324
v 79.21558380 59.20564270 7.75917578
v 79.18631744 59.17281723 7.77238369
v 79.17881012 59.19361877 7.77493334
v 79.14521790 59.16311646 7.78844547
v 79.13909149 59.18479156 7.79069519
v 79.10082245 59.15674210 7.80454493
v 79.09613037 59.17929840 7.80657005
v 79.00511932 59.15465927 7.83591175
v 79.00337219 59.17895889 7.83772850
v 78.87868500 59.17079163 7.87242794
v 78.88053894 59.19710922 7.87440395
v 78.80340576 59.18841171 7.89229965
v 78.80728912 59.21580887 7.89455032
v 78.60540009 59.25693130 7.94012308
v 78.61426544 59.28683472 7.94356871
v 78.36841583 59.37175751 7.99195671
v 78.38267517 59.40414047 7.99750710
v 78.23932648 59.44618988 8.01865768
v 78.25630951 59.47974014 8.02558804
v 77.88777161 59.68246078 8.08818817
v 77.91148376 59.71864700 8.09950447
v 77.68848419 59.83447647 8.12629795
v 77.71562195 59.87186050 8.14043522
v 77.22882080 60.22471619 8.21199989
v 77.26287079 60.26422119 8.23339367
v 76.75672150 60.67236328 8.29689598
v 76.79652405 60.71327591 8.32672596
v 76.27471161 61.16981125 8.37827396
v 76.31890869 61.21152496 8.41779232
v 76.83398438 60.75048828 8.36360073
v 76.35918427 61.24818802 8.46564579
v 75.34965515 61.28305435 8.48918819
v 75.89894104 60.77243805 8.41898060
v 75.35633850 61.29020691 8.47959518
v 75.40207672 61.33784866 8.43306160
v 75.45072937 61.38745117 8.39929867
v 75.45295715 61.38972092 8.39775085
v 75.49183655 61.42864609 8.38128185
v 79.09717560 60.79953384 6.95083857
v 79.31858063 60.47938538 7.07332039
v 79.34667206 60.43140030 7.09256887
v 79.48512268 60.14604568 7.21098709
v 79.56670380 59.87883377 7.32750416
v 79.59197235 59.66941071 7.42304277
v 79.58074188 59.50294876 7.50284529
v 79.54914093 59.38334656 7.56368017
v 79.52443695 59.32606125 7.59447241
v 79.49441528 59.27344131 7.62415838
v 79.46356201 59.23093033 7.64950323
v 79.42832184 59.19187546 7.67430115
v 79.39267731 59.15976715 7.69623041
v 79.35354614 59.13096237 7.71762896
v 79.31474304 59.10765076 7.73673344
v 79.27383423 59.08766937 7.75507927
v 79.22898865 59.07025909 7.77349520
v 79.18093872 59.05601120 7.79162550
v 79.12935638 59.04502487 7.80958319
v 79.01904297 59.03386688 7.84392834
v 78.87473297 59.03935242 7.88280916
v 78.78942871 59.05118942 7.90346432
v 78.56674194 59.10597229 7.95174742
v 78.30273438 59.20643997 8.00197029
v 78.15982819 59.27376556 8.02707863
v 77.77319336 59.49255753 8.09040642
v 77.55540466 59.63562012 8.12403488
v 77.05600739 60.00710297 8.19722557
v 76.54650879 60.43748093 8.26626110
v 76.02901459 60.91873932 8.32779694
v 75.50764465 61.44447708 8.37458515
v 75.50961304 61.44640732 8.37422752
v 75.52312469 61.45970535 8.37176323
v 75.54149628 61.47779465 8.36841011
v 79.06539917 60.79159164 6.98397493
v 79.28637695 60.47447205 7.09943676
v 79.31451416 60.42699051 7.11766148
v 79.45394135 60.14491272 7.23016596
v 79.53753662 59.88123703 7.34139872
v 79.56527710 59.67498016 7.43294859
v 79.55674744 59.51139450 7.50964546
v 79.52765656 59.39413071 7.56825256
v 79.50437164 59.33808899 7.59796524
v 79.47584534 59.28671265 7.62664223
v 79.44635010 59.24529648 7.65115023
v 79.41253662 59.20733643 7.67515421
v 79.37822723 59.17622375 7.69640112
v 79.34045410 59.14841843 7.71715260
v 79.30294800 59.12601852 7.73569632
v 79.26332092 59.10692978 7.75351858
v 79.21982574 59.09044266 7.77142334
v 79.17316437 59.07711411 7.78906631
v 79.12301636 59.06706238 7.80655670
v 79.01558685 59.05773926 7.84005308
v 78.87480164 59.06537628 7.87804461
v 78.79145813 59.07838058 7.89825821
v 78.57362366 59.13596344 7.94559336
v 78.31489563 59.23939133 7.99494410
v 78.17469788 59.30820084 8.01965714
v 77.79496002 59.53072357 8.08208275
v 77.58084106 59.67574692 8.11527824
v 77.08943939 60.05146790 8.18762970
v 76.58770752 60.48591614 8.25601959
v 75.57041931 61.50619888 8.36410427
v 75.57435608 61.51002502 8.36406136
v 75.57836151 61.51393127 8.36401463
v 75.58233643 61.51779175 8.36396980
v 75.58613586 61.52148819 8.36392689
v 75.58966064 61.52491760 8.36388683
v 76.12810516 61.02352142 8.31706333
v 76.63003540 60.53441620 8.25399685
v 77.12387085 60.09597397 8.18430614
v 77.60710907 59.71607208 8.11110973
v 77.81748199 59.56910706 8.07767963
v 78.19017029 59.34286118 8.01508522
v 78.32761383 59.27256775 7.99041414
v 78.58095551 59.16617203 7.94134092
v 78.79389191 59.10578918 7.89452887
v 78.87523651 59.09160614 7.87461567
v 79.01246643 59.08181000 7.83730841
v 79.11698151 59.08930206 7.80453682
v 79.16568756 59.09842300 7.78746653
v 79.21096802 59.11083221 7.77027512
v 79.25310516 59.12640762 7.75285482
v 79.29144287 59.14460373 7.73554039
v 79.32768250 59.16609955 7.71755028
v 79.36407471 59.19292068 7.69744682
v 79.39707184 59.22305298 7.67689276
v 79.42948914 59.25993347 7.65370512
v 79.45764160 59.30028534 7.63006401
v 79.48471832 59.35046005 7.60244370
v 79.50660706 59.40530396 7.57386875
v 79.53330231 59.52032089 7.51762438
v 79.53928375 59.68121338 7.44423628
v 79.50929260 59.88455582 7.35693502
v 79.42402649 60.14509964 7.25130272
v 79.28404999 60.42443085 7.14501095
v 79.25592804 60.47150421 7.12785196
v 79.03591919 60.78632355 7.01965857
v 75.59281158 61.52797699 8.36385059
v 75.59371948 61.52886581 8.36384106
v 75.60713959 61.54181290 8.36519718
v 75.62272644 61.55686188 8.36677456
v 75.63571167 61.56923294 8.37029362
v 75.65462494 61.58726883 8.37542343
v 75.67816162 61.60970306 8.38180542
v 75.68010712 61.61156464 8.38233376
v 75.71564484 61.64486313 8.40040588
v 75.73537445 61.66334915 8.41043854
v 75.77203369 61.69703674 8.43873405
v 75.78708649 61.71087265 8.45035934
v 75.82315826 61.74325562 8.48942471
v 75.83389282 61.75289154 8.50104904
v 75.87458038 61.78831100 8.56118870
v 75.90441895 61.81315231 8.62177658
v 78.79000092 61.93582153 7.27935600
v 78.59272003 61.26992798 7.30430651
v 78.56034088 61.34870148 7.30840158
v 78.54170227 61.43187714 7.31075811
v 78.53736877 61.51703262 7.31130648
v 78.54744720 61.60169983 7.31003141
v 78.57165527 61.68340302 7.30697012
v 78.60928345 61.75977325 7.30221128
v 78.65923309 61.82858658 7.29589367
v 78.72006226 61.88784409 7.28820038
v 78.86700439 61.97112656 7.26961660
v 78.94883728 61.99272919 7.25926685
v 78.59470367 61.27793884 7.37785101
v 78.58968353 61.28775024 7.45609188
v 78.57688141 61.29948044 7.53933048
v 78.55533600 61.31325912 7.62779140
v 78.47950745 61.34835434 7.82509708
v 78.35241699 61.39344788 8.04222202
v 78.16610718 61.44830322 8.26995945
v 77.92055511 61.51074600 8.49125957
v 77.62869263 61.57637024 8.68419933
v 77.31538391 61.63958359 8.82968521
v 77.00868988 61.69557190 8.91886806
v 76.72993469 61.74173355 8.95433998
v 76.48959351 61.77766800 8.94549465
v 76.28936005 61.80432892 8.90302086
v 76.20180511 61.81479645 8.87134647
v 76.12345886 61.82338333 8.83420372
v 76.05368805 61.83024979 8.79231071
v 75.99188995 61.83553696 8.74620628
v 78.56372833 61.35657120 7.37908173
v 78.54642487 61.43930054 7.37976885
v 78.56067657 61.36616135 7.45475101
v 78.54512024 61.44832230 7.45403242
v 78.55035400 61.37757492 7.53581333
v 78.53693390 61.45900726 7.53403378
v 78.53176880 61.39090347 7.62258625
v 78.52080536 61.47143173 7.62016392
v 78.46304321 61.42450333 7.81829119
v 78.45774841 61.50250626 7.81610346
v 78.34363556 61.46704483 8.03664112
v 78.34416962 61.54137039 8.03697872
v 78.16436768 61.51797104 8.26836872
v 78.16979218 61.58729172 8.27333355
v 77.92393494 61.57501602 8.49565601
v 77.93232727 61.63803864 8.50657558
v 77.63444519 61.63407135 8.69523239
v 77.64330292 61.68990326 8.71221733
v 77.32072449 61.69020844 8.84657574
v 77.32766724 61.73864746 8.86853886
v 77.01147461 61.73939896 8.93988609
v 77.01480103 61.78095627 8.96503162
v 76.72893524 61.77961349 8.97749424
v 76.72779846 61.81529236 9.00391579
v 76.48439789 61.81072998 8.96901703
v 76.47863770 61.84171295 8.99510002
v 76.28005981 61.83370972 8.92554760
v 76.26992035 61.86114120 8.95008087
v 76.19052124 61.84270859 8.89296818
v 76.17832184 61.86874008 8.91636276
v 76.11032104 61.85007858 8.85470867
v 76.09617615 61.87494659 8.87678432
v 76.03882599 61.85596848 8.81152725
v 76.02288818 61.87990570 8.83213425
v 75.97543335 61.86050415 8.76398945
v 75.95783234 61.88372421 8.78300285
v 75.91962433 61.86379242 8.71249866
v 75.90049744 61.88648605 8.72981071
v 78.54329681 61.52376556 7.37989330
v 78.54347229 61.53192520 7.45395565
v 78.53698730 61.54155731 7.53403950
v 78.52272797 61.55271530 7.62058830
v 78.46376038 61.58044052 7.81858921
v 78.35398865 61.61478043 8.04322433
v 78.18228149 61.65491486 8.28475857
v 77.94558716 61.69876480 8.52383900
v 77.65514374 61.74308777 8.73491764
v 77.33613586 61.78433990 8.89532280
v 77.01864624 61.81984711 8.99406338
v 76.72653961 61.84848022 9.03339577
v 76.47235107 61.87040329 9.02356815
v 76.25901031 61.88647461 8.97647858
v 76.16525269 61.89274216 8.94140244
v 76.08110809 61.89785767 8.90031528
v 76.00595093 61.90194702 8.85402870
v 75.93917847 61.90508652 8.80315495
v 75.88026428 61.90736008 8.74812889
v 78.55442810 61.60755539 7.37945127
v 78.57949829 61.68826675 7.37845516
v 78.55575562 61.61463165 7.45452356
v 78.58164215 61.69413757 7.45571947
v 78.55049896 61.62297440 7.53583145
v 78.57710266 61.70104218 7.53936100
v 78.53749084 61.63260651 7.62384939
v 78.56470490 61.70899200 7.62985992
v 78.48092651 61.65641022 7.82568550
v 78.50885010 61.72855759 7.83722115
v 78.37288666 61.68565750 8.05524158
v 78.40044403 61.75242996 8.07276344
v 78.20158386 61.71952820 8.30242062
v 78.22733307 61.77987289 8.32597733
v 77.96351624 61.75617981 8.54715729
v 77.98579407 61.80932999 8.57614136
v 77.66979980 61.79288483 8.76301670
v 77.68707275 61.83860016 8.79612350
v 77.34602356 61.82675934 8.92661858
v 77.35723877 61.86541367 8.96206856
v 77.02297974 61.85571289 9.02670670
v 77.02774048 61.88819885 9.06265354
v 76.72515869 61.87892151 9.06570244
v 76.72365570 61.90637589 9.10057926
v 76.46557617 61.89661789 9.05423260
v 76.45836639 61.92018127 9.08688545
v 76.24739075 61.90954971 9.00458241
v 76.23513794 61.93024063 9.03423309
v 76.15139771 61.91458511 8.96795082
v 76.13684082 61.93415070 8.99586105
v 76.06518555 61.91869354 8.92517948
v 76.04848480 61.93733978 8.95124340
v 75.98809814 61.92197037 8.87710094
v 75.96943665 61.93988037 8.90123653
v 75.91956329 61.92448807 8.82434845
v 75.89907837 61.94183350 8.84648037
v 75.85902405 61.92630768 8.76736641
v 75.83686829 61.94324493 8.78743076
v 78.61780548 61.76359940 7.37693357
v 78.62039948 61.76821136 7.45751047
v 78.61607361 61.77362442 7.54452991
v 78.60363770 61.77985001 7.63846064
v 78.54680634 61.79510880 7.85291290
v 78.43604279 61.81362534 8.09540558
v 78.25902557 61.83477783 8.35496902
v 78.01205444 61.85733032 8.61031055
v 77.70671082 61.87959290 8.83377647
v 77.36962891 61.89987183 9.00126171
v 77.03288269 61.91700363 9.10156250
v 76.72206879 61.93061829 9.13775349
v 76.45076752 61.94092560 9.12131023
v 76.22231293 61.94842148 9.06525517
v 76.12165070 61.95133209 9.02497864
v 76.03110504 61.95370102 8.97837448
v 75.95003510 61.95558929 8.92631245
v 75.87782288 61.95703888 8.86944389
v 75.81389618 61.95808411 8.80822945
v 78.66823578 61.83139801 7.37493038
v 78.67094421 61.83478165 7.45984650
v 78.66635895 61.83874893 7.55119991
v 78.65328217 61.84330750 7.64942503
v 78.59390259 61.85443878 7.87237644
v 78.47890472 61.86788940 8.12266541
v 78.29604340 61.88317490 8.38883400
v 78.04187012 61.89938736 8.64909554
v 77.72843933 61.91530228 8.87545013
v 77.38306427 61.92972183 9.04374790
v 77.03838348 61.94186020 9.14306355
v 76.72039032 61.95146561 9.17692852
v 76.44281769 61.95872116 9.15727615
v 76.20899963 61.96398926 9.09747028
v 76.10591125 61.96603012 9.05514526
v 76.01313019 61.96769333 9.00642967
v 75.93000793 61.96901703 8.95220375
v 75.85590363 61.97003174 8.89312840
v 75.79022980 61.97076797 8.82966232
v 78.72935486 61.88972855 7.37250233
v 78.79942322 61.93692398 7.36971903
v 78.73185730 61.89199066 7.46266174
v 78.80145264 61.93823624 7.46587753
v 78.72658539 61.89464569 7.55918741
v 78.79509735 61.93978119 7.56827497
v 78.71230316 61.89768219 7.66246271
v 78.77915955 61.94154358 7.67722845
v 78.64897156 61.90509796 7.89513636
v 78.71067047 61.94584274 7.92063379
v 78.52808380 61.91402435 8.15394115
v 78.58248901 61.95100784 8.18854141
v 78.33766174 61.92412567 8.42691422
v 78.38307953 61.95682907 8.46846771
v 78.07472229 61.93479156 8.69185066
v 78.11009216 61.96296310 8.73786545
v 77.75196838 61.94521713 8.92056465
v 77.77696991 61.96893311 8.96849060
v 77.39738464 61.95463181 9.08903980
v 77.41242981 61.97430420 9.13661385
v 77.04417419 61.96252441 9.18676472
v 77.05020142 61.97880173 9.23225117
v 76.71863556 61.96875381 9.21779823
v 76.71682739 61.98234558 9.26003933
v 76.43459320 61.97344971 9.19454193
v 76.42612457 61.98500824 9.23285866
v 76.19527435 61.97684860 9.13068867
v 76.18121338 61.98693466 9.16471672
v 76.08970642 61.97816849 9.08619308
v 76.07314301 61.98767853 9.11795425
v 75.99465942 61.97924042 9.03526115
v 75.97579193 61.98828506 9.06472206
v 75.90945435 61.98009491 8.97878361
v 75.88846588 61.98876953 9.00591564
v 75.83341980 61.98075104 8.91741943
v 75.81048584 61.98914337 8.94219685
v 75.76596832 61.98122406 8.85162926
v 75.74124146 61.98940659 8.87402725
v 78.87643433 61.97162628 7.36665964
v 78.87776947 61.97222519 7.46940470
v 78.87004089 61.97292709 7.57821560
v 78.85207367 61.97373199 7.69333267
v 78.77747345 61.97568512 7.94824791
v 78.64091492 61.97802353 8.22570038
v 78.43141937 61.98065567 8.51268864
v 78.14737701 61.98342514 8.78637218
v 77.80309296 61.98611069 9.01856041
v 77.42801666 61.98852539 9.18592548
v 77.05641174 61.99053955 9.27909088
v 76.71497345 61.99212646 9.30331898
v 76.41748810 61.99332047 9.27196980
v 76.16690063 61.99417877 9.19935703
v 76.05628967 61.99451065 9.15025234
v 75.95661163 61.99478531 9.09465504
v 75.86715698 61.99499893 9.03346348
v 75.78720856 61.99516296 8.96734333
v 75.71614838 61.99528122 8.89674950
v 75.93753815 61.83937454 8.69627285
v 75.89019012 61.84184647 8.64274788
v 75.87094879 61.86590576 8.65731239
v 75.86479187 61.87261963 8.66197205
v 75.85044098 61.88826752 8.67283249
v 75.82877350 61.90882111 8.68923569
v 75.81520081 61.91996002 8.69951248
v 75.80604553 61.92747879 8.70644474
v 75.80443573 61.92861176 8.70766258
v 75.78234100 61.94415283 8.72438240
v 75.75780487 61.95875931 8.74296379
v 75.73251343 61.97124100 8.76210117
v 75.73165894 61.97158432 8.76275444
v 75.70661926 61.98152924 8.78170872
v 75.70577240 61.98178482 8.78234577
v 75.68022156 61.98958206 8.80169296
v 75.65344238 61.99536133 8.82196140
v 75.64947510 61.99587250 8.82496166
v 78.95818329 61.99285507 7.36341190
v 78.95867920 61.99300766 7.47314310
v 78.94937897 61.99318695 7.58873701
v 78.92910767 61.99338913 7.71034908
v 78.84777069 61.99388123 7.97730017
v 78.70207977 61.99447250 8.26459980
v 78.48172760 61.99514008 8.55871582
v 78.18594360 61.99583817 8.83656406
v 77.82995605 61.99651718 9.07007599
v 77.44396973 61.99712372 9.23640347
v 77.06273651 61.99763107 9.32684135
v 76.71308899 61.99802780 9.34729576
v 76.40872955 61.99832535 9.31161308
v 76.15241241 61.99854279 9.23440742
v 76.03924561 61.99862289 9.18290997
v 75.93723297 61.99869537 9.12490463
v 75.84562683 61.99874878 9.06129265
v 75.76370239 61.99878693 8.99273586
v 75.69081116 61.99881744 8.91968822
v 75.62641144 61.99884033 8.84242153
v 75.75177765 61.71397018 8.43758678
v 75.70750427 61.65186691 8.39905930
v 75.64450073 61.59451294 8.37407875
v 75.44268036 61.39868164 8.39905930
v 75.32106018 61.31998444 8.48853779
v 75.32968903 61.78201675 8.55046368
v 75.38207245 61.82425690 8.55042458
v 75.56384277 61.99218369 8.78234482
v 75.85336304 61.85649490 8.62143612
v 75.78829956 61.89487076 8.62143612
v 75.72698975 61.95492935 8.69950390
v 75.80329132 61.92620087 8.69950390
v 75.64687347 61.97011948 8.69950390
v 75.64897919 61.99094391 8.78234482
v 75.48481750 61.95845413 8.69950390
v 75.56534576 61.97130203 8.69950390
v 75.42179108 61.90020752 8.62143612
v 75.49323273 61.92475510 8.62143612
v 75.44105530 61.85676575 8.55042458
v 75.33250427 61.69657898 8.48853779
v 75.28350830 61.59437180 8.48956585
v 75.30268860 61.64779282 8.48853779
v 75.34742737 61.57501984 8.43758678
v 75.33827972 61.53061295 8.43758678
v 75.33690643 61.48529053 8.43758678
v 75.34333801 61.44040680 8.43758678
v 75.27848053 61.42499924 8.48899078
v 75.29425812 61.37049103 8.48853779
v 75.42758942 61.42710876 8.39905930
v 75.62757874 61.60088348 8.37407875
v 75.60981750 61.60425186 8.37407875
v 75.59173584 61.60451508 8.37407875
v 75.57388306 61.60166550 8.37407875
v 75.55678558 61.59579086 8.37407875
v 75.54094696 61.58706284 8.37407875
v 75.52684784 61.57574081 8.37407875
v 75.51490784 61.56216049 8.37407875
v 75.50547028 61.54673386 8.37407875
v 75.49883270 61.52991486 8.37407875
v 75.49518585 61.51221085 8.37407875
v 75.49463654 61.49413300 8.37407875
v 75.49720001 61.47623825 8.37407875
v 75.50280762 61.45904541 8.37407875
v 75.71759796 61.92149353 8.62143612
v 75.64337921 61.93555832 8.62143612
v 75.56783295 61.93665695 8.62143612
v 75.82578278 61.81780243 8.55042458
v 75.76777649 61.85201263 8.55042458
v 75.70475006 61.87574005 8.55042458
v 75.63858795 61.88828659 8.55042458
v 75.57124329 61.88926315 8.55042458
v 75.50474548 61.87865067 8.55042458
v 75.79158020 61.76982498 8.48853779
v 75.74233246 61.79887009 8.48853779
v 75.68882751 61.81901932 8.48853779
v 75.63264465 61.82966614 8.48853779
v 75.57546997 61.83050156 8.48853779
v 75.51901245 61.82149124 8.48853779
v 75.46493530 61.80290985 8.48853779
v 75.41485596 61.77530670 8.48853779
v 75.37027740 61.73950958 8.48853779
v 75.35739136 61.39730072 8.43758678
v 75.37865448 61.35725021 8.43758678
v 75.71271515 61.73700333 8.43758678
v 75.67028809 61.75298309 8.43758678
v 75.62573242 61.76142502 8.43758678
v 75.58039856 61.76208496 8.43758678
v 75.53562164 61.75494385 8.43758678
v 75.49273682 61.74020386 8.43758678
v 75.45303345 61.71831894 8.43758678
v 75.41767883 61.68992996 8.43758678
v 75.38773346 61.65588379 8.43758678
v 75.36408234 61.61719894 8.43758678
v 75.67978668 61.66821289 8.39905930
v 75.64967346 61.67955399 8.39905930
v 75.61804962 61.68554688 8.39905930
v 75.58586884 61.68601608 8.39905930
v 75.55409241 61.68094635 8.39905930
v 75.52365875 61.67048645 8.39905930
v 75.49547577 61.65495300 8.39905930
v 75.47038269 61.63479996 8.39905930
v 75.44912720 61.61063766 8.39905930
v 75.43233490 61.58318329 8.39905930
v 75.42052460 61.55324554 8.39905930
v 75.41403198 61.52172852 8.39905930
v 75.41305542 61.48955917 8.39905930
v 75.41762543 61.45770645 8.39905930
v 86.85769653 61.52621460 8.92544174
v 86.86106110 61.51329803 8.92544174
v 86.78351593 61.50000000 8.91921139
v 86.85220337 61.53837204 8.92544174
v 86.84472656 61.54942703 8.92544174
v 86.83549500 61.55906677 8.92544174
v 86.82476807 61.56700134 8.92544174
v 86.81284332 61.57300949 8.92544174
v 86.80009460 61.57691956 8.92544174
v 86.78684998 61.57861328 8.92544174
v 86.77351379 61.57804489 8.92544174
v 86.76046753 61.57523346 8.92544174
v 86.74808502 61.57025528 8.92544174
v 86.73672485 61.56325912 8.92544174
v 86.72669983 61.55444336 8.92544174
v 86.71832275 61.54405975 8.92544174
v 86.71181488 61.53240967 8.92544174
v 86.70736694 61.51982880 8.92544174
v 86.70510864 61.50667191 8.92544174
v 86.70510864 61.49332428 8.92544174
v 86.70736694 61.48017120 8.92544174
v 86.71181488 61.46759033 8.92544174
v 86.71832275 61.45594025 8.92544174
v 86.72669983 61.44555664 8.92544174
v 86.73672485 61.43673706 8.92544174
v 86.74808502 61.42974091 8.92544174
v 86.76046753 61.42476654 8.92544174
v 86.77351379 61.42195129 8.92544174
v 86.78684998 61.42138672 8.92544174
v 86.80009460 61.42308044 8.92544174
v 86.81284332 61.42699051 8.92544174
v 86.82476807 61.43299866 8.92544174
v 86.83549500 61.44093323 8.92544174
v 86.84472656 61.45056915 8.92544174
v 86.85220337 61.46162796 8.92544174
v 86.85769653 61.47378540 8.92544174
v 86.86106110 61.48670197 8.92544174
v 86.86219025 61.50000000 8.92544174
v 86.45611572 61.64859772 9.07422256
v 86.45983124 61.64631271 9.06732845
v 86.44956207 61.61543655 9.06732464
v 86.50682831 61.20457840 9.12766743
v 86.52773285 61.18540955 9.12763596
v 86.54598999 61.17919159 9.11900997
v 86.57228851 61.21440506 9.06732845
v 86.52706146 61.25421143 9.06732845
v 86.62359619 61.18281937 9.06732845
v 86.60596466 61.16314697 9.09516430
v 86.55839539 61.17496490 9.11314583
v 86.72592163 61.15039825 9.06732941
v 86.70636749 61.15061569 9.06995583
v 86.67949677 61.16035461 9.06732845
v 86.67707825 61.15314102 9.07614613
v 86.65546417 61.15499878 9.08071423
v 86.75811005 61.15003967 9.06300545
v 86.74598694 61.20697784 9.01581383
v 86.79604340 61.20484924 9.01581383
v 86.81012726 61.15328217 9.05993748
v 86.84574890 61.21121216 9.01581383
v 86.85689545 61.15962982 9.06070709
v 86.89365387 61.22588730 9.01581383
v 86.91272736 61.17102432 9.06554604
v 86.86184692 61.16030121 9.06078911
v 86.93839264 61.24844360 9.01581383
v 86.92295074 61.17398453 9.06732655
v 86.91541290 61.17180252 9.06601429
v 87.01818848 61.23334885 9.06732845
v 87.00970459 61.20307922 9.08653641
v 86.96975708 61.19752121 9.06732845
v 86.97457886 61.18996048 9.07738686
v 86.96219635 61.18533325 9.07416058
v 87.05988312 61.27684402 9.06732845
v 87.05475616 61.22405624 9.10254002
v 87.03485870 61.21479416 9.09547329
v 87.11843109 61.38166428 9.06732845
v 87.09362030 61.32676315 9.06732845
v 87.09610748 61.24761963 9.12165356
v 87.13361359 61.43996811 9.06732845
v 87.13872528 61.50000000 9.06732845
v 87.13361359 61.56003189 9.06732845
v 87.11843109 61.61833572 9.06732845
v 87.05988312 61.72315216 9.06732845
v 87.09362030 61.67323685 9.06732845
v 87.01818848 61.76665115 9.06732845
v 87.05185699 61.80489349 9.12761116
v 86.99646759 61.84585953 9.12761116
v 87.01654053 61.87933731 9.19534302
v 86.95017242 61.91475677 9.19515991
v 86.87767792 61.93695831 9.19515991
v 86.80374146 61.97624969 9.26829338
v 86.88394165 61.96598053 9.26829338
v 86.80449677 61.99404526 9.34518623
v 86.72453308 61.99260330 9.35706329
v 86.72070312 61.99113464 9.35302925
v 86.72070312 61.99048615 9.34518623
v 86.71331787 61.98830032 9.34525204
v 86.66729736 61.97063446 9.29675484
v 86.61349487 61.93474579 9.24006748
v 86.64041138 61.95269394 9.26842022
v 86.64493561 61.95386124 9.26848698
v 86.64449310 61.95542526 9.27272797
v 86.72296143 61.97282028 9.26829338
v 86.56473541 61.88599396 9.18867970
v 86.57093048 61.89219284 9.19521236
v 86.58227539 61.89912796 9.19515991
v 86.58116913 61.90242386 9.20599747
v 86.65261841 61.92739868 9.19515991
v 86.50685883 61.79436111 9.12769413
v 86.52243805 61.82582474 9.14411259
v 86.54199219 61.82655334 9.12761116
v 86.53250885 61.84015274 9.15472603
v 86.60065460 61.86267471 9.12761116
v 86.57228851 61.78559494 9.06732845
v 86.52706146 61.74578857 9.06732845
v 86.49729919 61.77506256 9.11762238
v 86.48786926 61.75601578 9.10768318
v 86.48920441 61.69891357 9.06732845
v 86.47277832 61.71080017 9.09178257
v 86.46204376 61.67863464 9.08046913
v 86.48915863 61.47494507 9.01581383
v 86.43939972 61.51046371 9.05661297
v 86.48915863 61.52505493 9.01581383
v 86.44515228 61.58826447 9.06267548
v 86.49762726 61.57443619 9.01581383
v 86.49762726 61.42556381 9.01581383
v 86.44325256 61.42464828 9.06067562
v 86.44118500 61.47075653 9.05849266
v 86.51431274 61.37831879 9.01581383
v 86.44956970 61.38672638 9.06733036
v 86.44538879 61.41183090 9.06292534
v 86.45545959 61.35138702 9.07353210
v 86.45983124 61.35368729 9.06732845
v 86.45717621 61.34106064 9.07534409
v 86.48920441 61.30109024 9.06732845
v 86.49761963 61.22492981 9.11795712
v 86.48075104 61.26218033 9.10018539
v 86.47269440 61.28911591 9.09170341
v 86.80248260 61.94659042 9.19515991
v 86.72673035 61.94337082 9.19515991
v 86.93495178 61.87687302 9.12761116
v 86.86907959 61.89704514 9.12761116
v 86.80074310 61.90579605 9.12761116
v 86.73191833 61.90287399 9.12761116
v 86.66458130 61.88835907 9.12761116
v 86.96975708 61.80247498 9.06732845
v 86.91595459 61.82960129 9.06732845
v 86.85834503 61.84724426 9.06732845
v 86.79858398 61.85489655 9.06732845
v 86.73839569 61.85234070 9.06732845
v 86.67949677 61.83964539 9.06732845
v 86.62359619 61.81718063 9.06732845
v 86.53875732 61.33457565 9.01581383
v 86.57023621 61.29558945 9.01581383
v 86.60784149 61.26248932 9.01581383
v 86.65051270 61.23621750 9.01581383
v 86.69700623 61.21753693 9.01581383
v 86.73861694 61.15025711 9.06562328
v 86.97868347 61.27824020 9.01581383
v 87.01335907 61.31441498 9.01581383
v 87.04141235 61.35592651 9.01581383
v 87.06204987 61.40158844 9.01581383
v 87.07467651 61.45007706 9.01581383
v 87.07892609 61.50000000 9.01581383
v 87.07467651 61.54992294 9.01581383
v 87.06204987 61.59841537 9.01581383
v 87.04141235 61.64407349 9.01581383
v 87.01335907 61.68558502 9.01581383
v 86.97868347 61.72175980 9.01581383
v 86.93839264 61.75155640 9.01581383
v 86.89365387 61.77411270 9.01581383
v 86.84574890 61.78878784 9.01581383
v 86.79604340 61.79515076 9.01581383
v 86.74598694 61.79302216 9.01581383
v 86.69700623 61.78246689 9.01581383
v 86.65051270 61.76378632 9.01581383
v 86.60784149 61.73751450 9.01581383
v 86.57023621 61.70440674 9.01581383
v 86.53875732 61.66542816 9.01581383
v 86.51431274 61.62168121 9.01581383
v 86.44572449 61.59597015 9.06327629
v 87.00848389 61.53857422 8.97435188
v 86.99872589 61.57604218 8.97435188
v 86.98278046 61.61131668 8.97435188
v 86.96109772 61.64339066 8.97435188
v 86.93431091 61.67134094 8.97435188
v 86.90318298 61.69436646 8.97435188
v 86.86861420 61.71179581 8.97435188
v 86.83159637 61.72313309 8.97435188
v 86.79319763 61.72805023 8.97435188
v 86.75451660 61.72640610 8.97435188
v 86.71667480 61.71824646 8.97435188
v 86.68074799 61.70381165 8.97435188
v 86.64778900 61.68351746 8.97435188
v 86.61872101 61.65793991 8.97435188
v 86.59440613 61.62781525 8.97435188
v 86.57552338 61.59401703 8.97435188
v 86.56262207 61.55751801 8.97435188
v 86.55607605 61.51935959 8.97435188
v 86.55607605 61.48064041 8.97435188
v 86.56262207 61.44248199 8.97435188
v 86.57552338 61.40598297 8.97435188
v 86.59440613 61.37218475 8.97435188
v 86.61872101 61.34206009 8.97435188
v 86.64778900 61.31648254 8.97435188
v 86.68074799 61.29618835 8.97435188
v 86.71667480 61.28175354 8.97435188
v 86.75451660 61.27359390 8.97435188
v 86.79319763 61.27194977 8.97435188
v 86.83159637 61.27686691 8.97435188
v 86.86861420 61.28820419 8.97435188
v 86.90318298 61.30563354 8.97435188
v 86.93431091 61.32865524 8.97435188
v 86.96109772 61.35660934 8.97435188
v 86.98278046 61.38868332 8.97435188
v 86.99872589 61.42396164 8.97435188
v 87.00848389 61.46142578 8.97435188
v 87.01176453 61.50000000 8.97435188
v 86.93668365 61.52626419 8.94397545
v 86.93003845 61.55177307 8.94397545
v 86.91918182 61.57579041 8.94397545
v 86.90441895 61.59762573 8.94397545
v 86.88618469 61.61666107 8.94397545
v 86.86499023 61.63233185 8.94397545
v 86.84145355 61.64419556 8.94397545
v 86.81625366 61.65191650 8.94397545
v 86.79010773 61.65526581 8.94397545
v 86.76377106 61.65414810 8.94397545
v 86.73800659 61.64859390 8.94397545
v 86.71354675 61.63876343 8.94397545
v 86.69110107 61.62494278 8.94397545
v 86.67131805 61.60753250 8.94397545
v 86.65476227 61.58702469 8.94397545
v 86.64189911 61.56401062 8.94397545
v 86.63312531 61.53915787 8.94397545
v 86.62866974 61.51317978 8.94397545
v 86.62866974 61.48682022 8.94397545
v 86.63312531 61.46084213 8.94397545
v 86.64189911 61.43598938 8.94397545
v 86.65476227 61.41297913 8.94397545
v 86.67131805 61.39247131 8.94397545
v 86.69110107 61.37505722 8.94397545
v 86.71354675 61.36123276 8.94397545
v 86.73800659 61.35140610 8.94397545
v 86.76377106 61.34585190 8.94397545
v 86.79010773 61.34473419 8.94397545
v 86.81625366 61.34808350 8.94397545
v 86.84145355 61.35580444 8.94397545
v 86.86499023 61.36766815 8.94397545
v 86.88618469 61.38333893 8.94397545
v 86.90441895 61.40237427 8.94397545
v 86.91918182 61.42420959 8.94397545
v 86.93003845 61.44822693 8.94397545
v 86.93668365 61.47373581 8.94397545
v 86.93891907 61.50000000 8.94397545
v 86.67569733 59.91430664 9.91727257
v 86.57439423 61.12091827 9.15801716
v 86.77224731 61.09753799 9.11304951
v 86.87442017 61.10758591 9.11308479
v 87.06389618 61.16907883 9.15818501
v 87.01967621 61.14887619 9.14150620
v 86.97302246 61.13177490 9.12834358
v 86.92443085 61.11796570 9.11883640
v 86.82351685 61.10075378 9.11114883
v 86.72116852 61.09796524 9.11876774
v 86.67081451 61.10204315 9.12824059
v 86.62171936 61.10972214 9.14136982
v 86.64896393 60.80084610 9.40709782
v 86.68946075 60.48606491 9.62167931
v 86.69269562 60.43947601 9.65062523
v 86.69675446 60.16558456 9.80440235
v 87.09292603 60.83860397 9.46537876
v 87.08082581 60.50537109 9.72652817
v 87.07563019 60.45533752 9.76136971
v 87.02659607 60.15728378 9.94393444
v 86.95095825 59.87721634 10.07301140
v 86.86781311 59.65681458 10.14040756
v 86.63935852 59.72142410 9.98068619
v 86.59406281 59.57134628 10.01102448
v 86.54873657 59.46592712 10.01799679
v 86.52165222 59.41640854 10.01539040
v 86.49257660 59.37168503 10.00850868
v 86.46521759 59.33623123 9.99893284
v 86.43598175 59.30436325 9.98597622
v 86.40791321 59.27885437 9.97132778
v 86.37836456 59.25671387 9.95392895
v 86.35004425 59.23953247 9.93562412
v 86.32100677 59.22559738 9.91543007
v 86.28992462 59.21441650 9.89243031
v 86.78177643 59.48076630 10.16691875
v 86.70430756 59.35353851 10.16599369
v 86.66056824 59.29226685 10.15755367
v 86.61518860 59.23572540 10.14377022
v 86.57373047 59.18979645 10.12724113
v 86.53052521 59.14732742 10.10647964
v 86.48998260 59.11214066 10.08405685
v 86.44815063 59.08028030 10.05824280
v 86.40877533 59.05419159 10.03170109
v 86.36906433 59.03150558 10.00292969
v 86.32723236 59.01133728 9.97064114
v 86.28399658 58.99433136 9.93535519
v 86.23908997 58.98057556 9.89682579
v 86.14710999 58.96401596 9.81272793
v 86.25733185 59.20644760 9.86697102
v 86.22296906 59.20182037 9.83885860
v 86.15113831 59.20317078 9.77659988
v 86.05943298 59.22325897 9.69186592
v 86.00601196 59.24299240 9.64045811
v 86.03281403 58.96324158 9.70024014
v 85.96756744 58.97170258 9.63282776
v 85.80290222 59.01850510 9.45477581
v 85.86811829 59.31635666 9.50289345
v 85.70594788 59.43590927 9.33523464
v 85.51494598 59.17382050 9.12519169
v 85.61471558 59.11063385 9.24132061
v 85.61828613 59.51251602 9.24298573
v 85.38043213 59.75354004 8.98955250
v 85.24966431 59.38237381 8.81001377
v 85.10228729 59.52014542 8.63218021
v 84.76819611 59.88045502 8.22401047
v 84.93445587 60.30116653 8.50884247
v 85.24571228 59.90761566 8.84484482
v 84.43250275 60.30054092 7.80633974
v 84.09880066 60.77243805 7.37844563
v 87.05380249 60.82314301 9.44536018
v 87.04702759 60.49488449 9.70436859
v 87.04264832 60.44562149 9.73899460
v 86.99858093 60.15225220 9.92087555
v 86.92786407 59.87681961 10.05029392
v 86.84885406 59.66031265 10.11872482
v 86.76642609 59.48761368 10.14665699
v 86.69184113 59.36302567 10.14718437
v 86.64963531 59.30312347 10.13960838
v 86.60577393 59.24792099 10.12674522
v 86.56564331 59.20315552 10.11107349
v 86.52379608 59.16184235 10.09121323
v 86.48448181 59.12769318 10.06964207
v 86.44389343 59.09686279 10.04470730
v 86.40567017 59.07170105 10.01899147
v 86.36709595 59.04991531 9.99104977
v 86.32643127 59.03066635 9.95963001
v 86.28438568 59.01457214 9.92523098
v 86.24069977 59.00173569 9.88761616
v 86.15116119 58.98694992 9.80534172
v 86.03982544 58.98821640 9.69502735
v 85.97624207 58.99776840 9.62880039
v 85.81569672 59.04713058 9.45355701
v 85.63212585 59.14189529 9.24297428
v 85.53476715 59.20637894 9.12822056
v 85.27584076 59.41808701 8.81623459
v 85.13198853 59.55745697 8.63990211
v 84.80587769 59.92105103 8.23451424
v 84.47830200 60.34401703 7.81897640
v 84.15302277 60.81833649 7.39286327
v 87.01248932 60.81008148 9.42822552
v 86.96936035 60.79953384 9.41412354
v 87.01133728 60.48620605 9.68451786
v 86.97399139 60.47938538 9.66711521
v 87.00781250 60.43762207 9.71884823
v 86.97137451 60.43140030 9.70106602
v 86.96901703 60.14849472 9.89958572
v 86.93804932 60.14604568 9.88017845
v 86.90348053 59.87735748 10.02895546
v 86.87792969 59.87883377 10.00908566
v 86.82883453 59.66451263 10.09814644
v 86.80782318 59.66941071 10.07874107
v 86.75019073 59.49501801 10.12730408
v 86.73309326 59.50294876 10.10891247
v 86.67860413 59.37297058 10.12915897
v 86.66461182 59.38334656 10.11196423
v 86.63796997 59.31439590 10.12239838
v 86.62558746 59.32606125 10.10595989
v 86.59566498 59.26050186 10.11041355
v 86.58487701 59.27344131 10.09481049
v 86.55690002 59.21687698 10.09556961
v 86.54750061 59.23093033 10.08076191
v 86.51641846 59.17670059 10.07659149
v 86.50839996 59.19187546 10.06264210
v 86.47835541 59.14358139 10.05586052
v 86.47158813 59.15976715 10.04273796
v 86.43900299 59.11376572 10.03180027
v 86.43349457 59.13096237 10.01955032
v 86.40192413 59.08953476 10.00691509
v 86.39754486 59.10765076 9.99549580
v 86.36447144 59.06864929 9.97981453
v 86.36119843 59.08766937 9.96924305
v 86.32495880 59.05032349 9.94927979
v 86.32283020 59.07025909 9.93961048
v 86.28408813 59.03514862 9.91579533
v 86.28310394 59.05601120 9.90706158
v 86.24158478 59.02323151 9.87912369
v 86.24176025 59.04502487 9.87136650
v 86.15441132 59.01025391 9.79876328
v 86.15686035 59.03386688 9.79300499
v 86.04590607 59.01360703 9.69076729
v 86.05103302 59.03935242 9.68747234
v 85.98389435 59.02428818 9.62582874
v 85.99048615 59.05118942 9.62392235
v 85.82718658 59.07632446 9.45370579
v 85.83733368 59.10597229 9.45522022
v 85.64785004 59.17388535 9.24643612
v 85.66183472 59.20643997 9.25168991
v 85.55269623 59.23975754 9.13332939
v 85.56864166 59.27376556 9.14048576
v 85.29951477 59.45491409 8.82535839
v 85.32048035 59.49255753 8.83731079
v 85.15879822 59.59606552 8.65104580
v 85.18245697 59.63562012 8.66551018
v 84.83974457 59.96344757 8.24977970
v 84.86937714 60.00710297 8.26961517
v 84.51931000 60.38991928 7.83793449
v 84.55484009 60.43748093 7.86289930
v 84.20136261 60.86745071 7.41537428
v 84.24280548 60.91873932 7.44550562
v 86.92477417 60.79159164 9.40317822
v 86.87913513 60.78632355 9.39548397
v 86.93527222 60.47447205 9.65228081
v 86.89544678 60.47150421 9.64011765
v 86.93356323 60.42699051 9.68576527
v 86.89464569 60.42443085 9.67304993
v 86.90584564 60.14491272 9.86275959
v 86.87257385 60.14509964 9.84741974
v 86.85130310 59.88123703 9.99076843
v 86.82373047 59.88455582 9.97408104
v 86.78589630 59.67498016 10.06057453
v 86.76313019 59.68121338 10.04370689
v 86.71521759 59.51139450 10.09153366
v 86.69657898 59.52032089 10.07521725
v 86.64990997 59.39413071 10.09563923
v 86.63452148 59.40530396 10.08022404
v 86.61254120 59.33808899 10.09033203
v 86.59883118 59.35046005 10.07554913
v 86.57344055 59.28671265 10.07996655
v 86.56137085 59.30028534 10.06591511
v 86.53746796 59.24529648 10.06668186
v 86.52682495 59.25993347 10.05335522
v 86.49976349 59.20733643 10.04939556
v 86.49053192 59.22305298 10.03687477
v 86.46421051 59.17622375 10.03030300
v 86.45623016 59.19292068 10.01857567
v 86.42736053 59.14841843 10.00797749
v 86.42062378 59.16609955 9.99710560
v 86.39254761 59.12601852 9.98475552
v 86.38692474 59.14460373 9.97471428
v 86.35729218 59.10692978 9.95935917
v 86.35276794 59.12640762 9.95017910
v 86.32004547 59.09044266 9.93064022
v 86.31660461 59.11083221 9.92239094
v 86.28143311 59.07711411 9.89905167
v 86.27907562 59.09842300 9.89177990
v 86.24121094 59.06706238 9.86436176
v 86.23994446 59.08930206 9.85812473
v 86.15849304 59.05773926 9.78808212
v 86.15930176 59.08181000 9.78400517
v 86.05519867 59.06537628 9.68515205
v 86.05838013 59.09160614 9.68381310
v 85.99601746 59.07838058 9.62308502
v 86.00046539 59.10578918 9.62332153
v 85.84610748 59.13596344 9.45809269
v 85.85344696 59.16617203 9.46231556
v 85.67400360 59.23939133 9.25870609
v 85.68428802 59.27256775 9.26745224
v 85.58250427 59.30820084 9.14964867
v 85.59420013 59.34286118 9.16076469
v 85.33856964 59.53072357 8.85199738
v 85.35364532 59.56910706 8.86930180
v 85.20275879 59.67574692 8.68315983
v 85.21951294 59.71607208 8.70382977
v 84.89440155 60.05146790 8.29376793
v 84.91449738 60.09597397 8.32192993
v 84.58431244 60.48591614 7.89345789
v 84.60723114 60.53441620 7.92910147
v 84.27646637 60.97113419 7.48262405
v 84.30164337 61.02352142 7.52594900
v 86.83282471 60.78377533 9.39110661
v 86.78624725 60.78396225 9.39008617
v 86.85477448 60.47050095 9.63071346
v 86.81355286 60.47146606 9.62413120
v 86.85487366 60.42373276 9.66300678
v 86.81452179 60.42490005 9.65570354
v 86.83843231 60.14660645 9.83424377
v 86.80359650 60.14942932 9.82330227
v 86.79531860 59.88877869 9.95909119
v 86.76618195 59.89388657 9.94586372
v 86.73958588 59.68807983 10.02819538
v 86.71535492 59.69556427 10.01409245
v 86.67724609 59.52970886 10.06000710
v 86.65727997 59.53953552 10.04594517
v 86.61849213 59.41682816 10.06575298
v 86.60186005 59.42868042 10.05226517
v 86.58450317 59.36314011 10.06164360
v 86.56958771 59.37610626 10.04864693
v 86.54870605 59.31413651 10.05268478
v 86.53546906 59.32822800 10.04030323
v 86.51558685 59.27481842 10.04081059
v 86.50379181 59.28992081 10.02907372
v 86.48071289 59.23899078 10.02510452
v 86.47032166 59.25512314 10.01410961
v 86.44766998 59.20982361 10.00758266
v 86.43853760 59.22690201 9.99734211
v 86.41329193 59.18397903 9.98695469
v 86.40538788 59.20200729 9.97754383
v 86.38070679 59.16337204 9.96539307
v 86.37389374 59.18228149 9.95680714
v 86.34761047 59.14605331 9.94172192
v 86.34184265 59.16583633 9.93400478
v 86.31252289 59.13138580 9.91487408
v 86.30780792 59.15205765 9.90810680
v 86.27605438 59.11988831 9.88526154
v 86.27236176 59.14146805 9.87951088
v 86.23796082 59.11169052 9.85266781
v 86.23526001 59.13418961 9.84800434
v 86.15930176 59.10602951 9.78078651
v 86.15848541 59.13032913 9.77843285
v 86.06058502 59.11796570 9.68345833
v 86.06179047 59.14438629 9.68408966
v 86.00379944 59.13331223 9.62462997
v 86.00603485 59.16088486 9.62700653
v 85.85935974 59.19648361 9.46786976
v 85.86378479 59.22677231 9.47473431
v 85.69262695 59.30580139 9.27788067
v 85.69899750 59.33892441 9.28993893
v 85.60366058 59.37755203 9.17376804
v 85.61083984 59.41205978 9.18858337
v 85.36558533 59.60739136 8.88908291
v 85.37429047 59.64527512 8.91118336
v 85.23255157 59.75621414 8.72732544
v 85.24175262 59.79580688 8.75343037
v 84.92940521 60.14005280 8.35374355
v 84.93894196 60.18315125 8.38880444
v 84.62319946 60.58218384 7.96923876
v 84.63198853 60.62842178 8.01320457
v 84.31781006 61.07481384 7.57456923
v 84.32462311 61.12392044 7.62746286
v 84.28850555 61.24818802 7.80035877
v 84.61428070 60.75048828 8.16053295
v 83.74379730 61.27104187 6.93619728
v 83.77500916 61.29020691 6.93885231
v 83.78547668 61.29810333 6.94156075
v 83.81707001 61.32193375 6.94973135
v 83.82778168 61.33000946 6.95250177
v 83.83817291 61.33784866 6.95518970
v 83.87106323 61.36830902 6.97069597
v 83.89419556 61.38972092 6.98159647
v 83.91543579 61.41425323 6.99763012
v 83.93103790 61.43227768 7.00940943
v 83.94160461 61.44447708 7.01738262
v 83.95920563 61.47081375 7.03811264
v 83.97916412 61.50067520 7.06161451
v 83.98820496 61.51967239 7.07903433
v 83.99781036 61.53985214 7.09753752
v 84.00590515 61.55686188 7.11313820
v 84.01734924 61.59802628 7.15638590
v 84.02111816 61.61156464 7.17060757
v 84.02166748 61.62009048 7.18080235
v 84.02441406 61.66334915 7.23252249
v 84.02352142 61.66822052 7.23915815
v 84.32193756 61.16981125 7.68351889
v 84.63341522 60.67236328 8.06026936
v 84.94298553 60.22471619 8.42666721
v 85.24703979 59.83447647 8.78189850
v 85.37969208 59.68246078 8.93542767
v 85.61568451 59.44618988 9.20512390
v 85.70335388 59.37175751 9.30356598
v 85.86673737 59.25693130 9.48288250
v 86.00714874 59.18841171 9.63044548
v 86.06199646 59.17079163 9.68570423
v 86.15684509 59.15465927 9.77694798
v 86.23185730 59.15674210 9.84414291
v 86.26799774 59.16311646 9.87453938
v 86.30245972 59.17281723 9.90210247
v 86.33547974 59.18571091 9.92704201
v 86.36650085 59.20130539 9.94897366
v 86.39692688 59.22016525 9.96889305
v 86.42885590 59.24412155 9.98787403
v 86.45938873 59.27141571 10.00390911
v 86.49143982 59.30521393 10.01816654
v 86.52167511 59.34253693 10.02879810
v 86.55411530 59.38932800 10.03658772
v 86.58466339 59.44083786 10.03978920
v 86.63671112 59.54976654 10.03307152
v 86.69052124 59.70363235 10.00144577
v 86.73645020 59.89986420 9.93445492
v 86.76824188 60.15354919 9.81465149
v 86.77385712 60.42792892 9.65118790
v 86.77207184 60.47439957 9.62041759
v 86.73980713 60.78689575 9.39242935
v 84.01700592 61.70371246 7.28751278
v 84.01569366 61.71087265 7.29726744
v 84.00704193 61.72863007 7.32511091
v 86.69391632 60.79253769 9.39811611
v 86.73060608 60.47927475 9.61959934
v 86.73315430 60.43280029 9.64949226
v 86.73255920 60.15894318 9.80834103
v 86.70624542 59.90668106 9.92491055
v 86.66516113 59.71226120 9.99029827
v 86.61562347 59.56037903 10.02142048
v 86.56694031 59.45325851 10.02835751
v 86.53813171 59.40277100 10.02549458
v 86.50737000 59.35703278 10.01819229
v 86.47857666 59.32065964 10.00811386
v 86.44793701 59.28784180 9.99452591
v 86.41864014 59.26144791 9.97919655
v 86.38790894 59.23841095 9.96101570
v 86.35855103 59.22039795 9.94190788
v 86.32852936 59.20564270 9.92084599
v 86.29650116 59.19361877 9.89687443
v 86.26298523 59.18479156 9.87035561
v 86.22776031 59.17929840 9.84109211
v 86.15439606 59.17895889 9.77633572
v 86.06121826 59.19710922 9.68829918
v 86.00714111 59.21580887 9.63493347
v 85.86817932 59.28683472 9.49228096
v 85.70567322 59.40414047 9.31869030
v 85.61817932 59.47974014 9.22329330
v 85.38174438 59.71864700 8.96161938
v 85.24836731 59.87186050 8.81246471
v 84.94148254 60.26422119 8.46685028
v 84.62748718 60.71327591 8.10965157
v 84.30981445 61.21152496 7.74155712
v 83.99520111 61.75289154 7.36315107
v 83.97572327 61.77462387 7.40322113
v 83.96346283 61.78831100 7.42845488
v 83.97171021 61.77910614 7.41149378
v 83.87796021 61.83937454 7.55051756
v 83.86188507 61.83553696 7.62255573
v 86.53127289 61.93582153 9.31236553
v 86.41101837 61.26992798 9.15398693
v 86.39128876 61.34870148 9.12799358
v 86.37992859 61.43187714 9.11303711
v 86.37728882 61.51703262 9.10955524
v 86.38343048 61.60169983 9.11764812
v 86.39818573 61.68340302 9.13708115
v 86.42111969 61.75977325 9.16728783
v 86.45156860 61.82858658 9.20738983
v 86.48864746 61.88784409 9.25622368
v 86.57820892 61.97112656 9.37418365
v 86.62809753 61.99272919 9.43988132
v 86.34832764 61.27793884 9.19248581
v 86.27806091 61.28775024 9.22725677
v 86.19956970 61.29948044 9.25778008
v 86.11218262 61.31325912 9.28336048
v 85.90339661 61.34835434 9.31634140
v 85.65181732 61.39344788 9.31483650
v 85.36143494 61.44830322 9.26735973
v 85.04700470 61.51074600 9.16535473
v 84.73398590 61.57637024 9.00906563
v 84.45133972 61.63958359 8.81047344
v 84.22075653 61.69557190 8.58946133
v 84.05065918 61.74173355 8.36578178
v 83.93814850 61.77766800 8.15322113
v 83.87482452 61.80432892 7.95858335
v 83.85847473 61.81479645 7.86691904
v 83.85146332 61.82338333 7.78049612
v 83.85285950 61.83024979 7.69912481
v 86.33177185 61.35657120 9.16627216
v 86.26471710 61.36616135 9.20146370
v 86.18935394 61.37757492 9.23305702
v 86.10491180 61.39090347 9.26034832
v 85.90106201 61.42450333 9.29867649
v 85.65225983 61.46704483 9.30444813
v 85.36195374 61.51797104 9.26505756
v 85.04489136 61.57501602 9.17047787
v 84.72731018 61.63407135 9.01956558
v 84.43938446 61.69020844 8.82354355
v 84.20394135 61.73939896 8.60238075
v 84.03010559 61.77961349 8.37649918
v 83.91518402 61.81072998 8.16048431
v 83.85065460 61.83370972 7.96178532
v 83.83410645 61.84270859 7.86796045
v 83.82714081 61.85007858 7.77937269
v 83.82878113 61.85596848 7.69586086
v 83.83825684 61.86050415 7.61719275
v 83.85494232 61.86379242 7.54311275
v 86.32252502 61.43930054 9.15163231
v 86.25756073 61.44832230 9.18763733
v 86.18418121 61.45900726 9.22054577
v 86.10152435 61.47143173 9.24964046
v 85.90030670 61.50250626 9.29299927
v 85.65223694 61.54137039 9.30507469
v 85.36036682 61.58729172 9.27224064
v 85.03962708 61.63803864 9.18320751
v 84.71703339 61.68990326 9.03573036
v 84.42383575 61.73864746 8.84053898
v 84.18383789 61.78095627 8.61783791
v 84.00666046 61.81529236 8.38873005
v 83.88971710 61.84171295 8.16853714
v 83.82433319 61.86114120 7.96527052
v 83.80774689 61.86874008 7.86908722
v 83.80094910 61.87494659 7.77816343
v 83.80297089 61.87990570 7.69236040
v 83.81298828 61.88372421 7.61145926
v 83.83039093 61.88648605 7.53521109
v 86.32085419 61.52376556 9.14898300
v 86.25680542 61.53192520 9.18616390
v 86.18420410 61.54155731 9.22058868
v 86.10211945 61.55271530 9.25151825
v 85.90116119 61.58044052 9.29944992
v 85.65174103 61.61478043 9.31670284
v 85.35671234 61.65491486 9.28876781
v 85.03131866 61.69876480 9.20332909
v 84.70328522 61.74308777 9.05733395
v 84.40486908 61.78433990 8.86126518
v 84.16062164 61.81984711 8.63568497
v 83.98049927 61.84848022 8.40237522
v 83.86191559 61.87040329 8.17732620
v 83.79602051 61.88647461 7.96902180
v 83.77951813 61.89274216 7.87029219
v 83.77303314 61.89785767 7.77687454
v 83.77554321 61.90194702 7.68864107
v 83.78620911 61.90508652 7.60538149
v 83.80441284 61.90736008 7.52685165
v 86.32679749 61.60755539 9.15840149
v 86.26245117 61.61463165 9.19708729
v 86.18940735 61.62297440 9.23318481
v 86.10668182 61.63260651 9.26593304
v 85.90360260 61.65641022 9.31787014
v 85.65077972 61.68565750 9.33907509
v 85.35106659 61.71952820 9.31431770
v 85.02008057 61.75617981 9.23050880
v 84.68628693 61.79288483 9.08407593
v 84.38271332 61.82675934 8.88548279
v 84.13451385 61.85571289 8.65575123
v 83.95182800 61.87892151 8.41733074
v 83.83197021 61.89661789 8.18679333
v 83.76587677 61.90954971 7.97301531
v 83.74961090 61.91458511 7.87157106
v 83.74353790 61.91869354 7.77551317
v 83.74663544 61.92197037 7.68472195
v 83.75804901 61.92448807 7.59898949
v 83.77713013 61.92630768 7.51807213
v 86.38761902 61.83139801 9.25470066
v 86.42028046 61.88972855 9.30642033
v 86.31542969 61.83478165 9.29949951
v 86.34345245 61.89199066 9.35366726
v 86.23403168 61.83874893 9.34121227
v 86.25721741 61.89464569 9.39735985
v 86.14242554 61.84330750 9.37899971
v 86.16064453 61.89768219 9.43663502
v 85.91965485 61.85443878 9.43905067
v 85.92748260 61.90509796 9.49811935
v 85.64540100 61.86788940 9.46460247
v 85.64290619 61.91402435 9.52282906
v 85.32346344 61.88317490 9.43932343
v 85.31129456 61.92412567 9.49440861
v 84.97097015 61.89938736 9.34932995
v 84.95037842 61.93479156 9.39916611
v 84.61824036 61.91530228 9.19107819
v 84.59093475 61.94521713 9.23401260
v 84.29979706 61.92972183 8.97611904
v 84.26773834 61.95463181 9.01116657
v 84.04144287 61.94186020 8.72727776
v 84.00649261 61.96252441 8.75414181
v 83.85311890 61.95146561 8.46881485
v 83.81684875 61.96875381 8.48773289
v 83.73135376 61.95872116 8.21860695
v 83.69496155 61.97344971 8.23011208
v 83.66624451 61.96398926 7.98621511
v 83.63060760 61.97684860 7.99093580
v 83.65135193 61.96603012 7.87576866
v 83.61636353 61.97816849 7.87726402
v 83.64714813 61.96769333 7.77106333
v 83.61293793 61.97924042 7.76948357
v 83.65254974 61.96901703 7.67196465
v 83.61925507 61.98009491 7.66744995
v 83.66664886 61.97003174 7.57824659
v 83.63437653 61.98075104 7.57092142
v 83.68878174 61.97076797 7.48964119
v 83.65763092 61.98122406 7.47961617
v 86.45773315 61.93692398 9.36570930
v 86.37546539 61.93823624 9.41554451
v 86.28360748 61.93978119 9.46124077
v 86.18128204 61.94154358 9.50191402
v 85.93624115 61.94584274 9.56429863
v 85.64013672 61.95100784 9.58724499
v 85.29801941 61.95682907 9.55452061
v 84.92821503 61.96296310 9.45280075
v 84.56192780 61.96893311 9.27962494
v 84.23405457 61.97430420 9.04797935
v 83.97011566 61.97880173 8.78210258
v 83.77936554 61.98234558 8.50728607
v 83.65755463 61.98500824 8.24194241
v 83.59410858 61.98693466 7.99577141
v 83.58056641 61.98767853 7.87879324
v 83.57799530 61.98828506 7.76786995
v 83.58526611 61.98876953 7.66284132
v 83.60145569 61.98914337 7.56344843
v 83.62586975 61.98940659 7.46939421
v 83.91223145 61.82745361 7.48764467
v 83.90063477 61.84184647 7.48275137
v 83.87839508 61.86590576 7.47337055
v 83.85471344 61.88826752 7.46337509
v 83.82967377 61.90882111 7.45281029
v 83.80339813 61.92747879 7.44172621
v 83.79219818 61.93429947 7.43700027
v 86.34020233 61.68826675 9.17961788
v 86.27435303 61.69413757 9.22010040
v 86.19965363 61.70104218 9.25799084
v 86.11507416 61.70899200 9.29250336
v 85.90756989 61.72855759 9.34780979
v 85.64937592 61.75242996 9.37169933
v 85.34353638 61.77987289 9.34839439
v 85.00611877 61.80932999 9.26429367
v 84.66625214 61.83860016 9.11558342
v 84.35762024 61.86541367 8.91291332
v 84.10575867 61.88819885 8.67784786
v 83.92087555 61.90637589 8.43347454
v 83.80008698 61.92018127 8.19687462
v 83.73406982 61.93024063 7.97722864
v 83.71815491 61.93415070 7.87291479
v 83.71261597 61.93733978 7.77408504
v 83.71640015 61.93988037 7.68062258
v 83.72863770 61.94183350 7.59231472
v 83.74867249 61.94324493 7.50891495
v 83.77600861 61.94415283 7.43017340
v 86.36067200 61.76359940 9.21202660
v 86.29218292 61.76821136 9.25455856
v 86.21466064 61.77362442 9.29433060
v 86.12710571 61.77985001 9.33052826
v 85.91296387 61.79510880 9.38853550
v 85.64757538 61.81362534 9.41385269
v 85.33428192 61.83477783 9.39033413
v 84.98966217 61.85733032 9.30412102
v 84.64346313 61.87959290 9.15141773
v 84.32987213 61.89987183 8.94324207
v 84.07463837 61.91700363 8.70176601
v 83.88789368 61.93061829 8.45068169
v 83.76647186 61.94092560 8.20750237
v 83.70079803 61.94842148 7.98163748
v 83.68534851 61.95133209 7.87431669
v 83.68042755 61.95370102 7.77259922
v 83.68498993 61.95558929 7.67636299
v 83.69812012 61.95703888 7.58538961
v 83.71917725 61.95808411 7.49942303
v 83.74765015 61.95875931 7.41820621
v 83.73186493 61.96550369 7.41154623
v 83.71884918 61.97106171 7.40605688
v 83.71843719 61.97124100 7.40588045
v 83.68850708 61.98152924 7.39325237
v 83.65799713 61.98958206 7.38038111
v 83.63921356 61.99309158 7.37245369
v 86.49887848 61.97162628 9.43087006
v 86.41057587 61.97222519 9.48340034
v 86.31246948 61.97292709 9.53111553
v 86.20378876 61.97373199 9.57310772
v 85.94573212 61.97568512 9.63596630
v 85.63717651 61.97802353 9.65642738
v 85.28388214 61.98065567 9.61849022
v 84.90483856 61.98342514 9.50934124
v 84.53162384 61.98611069 9.32727528
v 84.19914246 61.98852539 9.08613682
v 83.93265533 61.99053955 8.81089687
v 83.74095917 61.99212646 8.52731991
v 83.61936188 61.99332047 8.25401688
v 83.55695343 61.99417877 8.00069237
v 83.54417419 61.99451065 7.88034868
v 83.54248810 61.99478531 7.76623106
v 83.55075073 61.99499893 7.65816164
v 83.56803894 61.99516296 7.55586481
v 83.59364319 61.99528122 7.45902443
v 83.62705994 61.99536133 7.36732674
v 86.54257202 61.99285507 9.50004578
v 86.44779205 61.99300766 9.55533981
v 86.34302521 61.99318695 9.60507774
v 86.22757721 61.99338913 9.64833355
v 85.95572662 61.99388123 9.71136951
v 85.63407135 61.99447250 9.72884750
v 85.26917267 61.99514008 9.68507290
v 84.88066864 61.99583817 9.56784439
v 84.50044250 61.99651718 9.37630367
v 84.16340637 61.99712372 9.12519836
v 83.89446259 61.99763107 8.84024906
v 83.70192719 61.99802780 8.54767513
v 83.58065033 61.99832535 8.26625633
v 83.51935577 61.99854279 8.00567341
v 83.50737000 61.99862289 7.88192081
v 83.50659943 61.99869537 7.76457405
v 83.51588440 61.99874878 7.65343475
v 83.53429413 61.99878693 7.54820681
v 83.56110382 61.99881744 7.44855547
v 83.59582520 61.99884033 7.35415030
v 83.74093628 61.33848953 6.90185928
v 83.70907593 61.77576447 6.94971180
v 83.68074799 61.85481262 7.00988817
v 83.92484283 61.83929825 7.41154718
v 83.86372375 61.89426422 7.41154718
v 83.79434967 61.93835831 7.41154718
v 83.63936615 61.99410248 7.32509899
v 83.72010803 61.97488785 7.32509899
v 83.63784027 61.98399353 7.23912477
v 83.63385773 61.95737457 7.15679026
v 83.70917511 61.94151688 7.15620279
v 83.73824310 61.83139420 7.00929308
v 83.75271606 61.74802780 6.94971180
v 83.79116821 61.71344757 6.94971180
v 83.73863220 61.66399002 6.90185928
v 83.76336670 61.63289642 6.90185928
v 83.78262329 61.59814453 6.90185928
v 83.79585266 61.56068420 6.90185928
v 83.80270386 61.52154922 6.90185928
v 83.80299377 61.48181915 6.90185928
v 83.79668427 61.44259262 6.90185928
v 83.78398132 61.40494537 6.90185928
v 83.76522827 61.36992645 6.90185928
v 83.82487488 61.33177567 6.95033169
v 83.85019684 61.37627792 6.94971180
v 83.86673737 61.42527771 6.94971180
v 83.87493134 61.47633362 6.94971180
v 83.93756866 61.47156143 7.00929308
v 83.93713379 61.53370285 7.00929308
v 83.98851776 61.53835297 7.07881880
v 83.97631836 61.60800934 7.07881880
v 84.01387787 61.61785889 7.15620279
v 83.98818207 61.69061279 7.15620279
v 84.01088715 61.70082855 7.23912477
v 83.97149658 61.77194595 7.23912477
v 83.92831421 61.84256363 7.32509899
v 83.97999573 61.77762222 7.32509899
v 83.86660004 61.89805984 7.32509899
v 83.79656219 61.94257736 7.32509899
v 83.92087555 61.83555603 7.23912477
v 83.86042786 61.88991928 7.23912477
v 83.79180908 61.93352509 7.23912477
v 83.71692657 61.96517563 7.23912477
v 83.95079041 61.75811386 7.15620279
v 83.90274811 61.81849289 7.15620279
v 83.84536743 61.87008667 7.15620279
v 83.78024292 61.91147614 7.15620279
v 83.95276642 61.67468262 7.07881880
v 83.91850281 61.73653793 7.07881880
v 83.87447357 61.79187393 7.07881880
v 83.82189178 61.83916092 7.07881880
v 83.76221466 61.87709045 7.07881880
v 83.69708252 61.90462112 7.07881880
v 83.92640686 61.59491730 7.00929308
v 83.90570831 61.65351868 7.00929308
v 83.87559509 61.70787811 7.00929308
v 83.83690643 61.75650787 7.00929308
v 83.79069519 61.79806137 7.00929308
v 83.87456512 61.52804947 6.94971180
v 83.86564636 61.57898712 6.94971180
v 83.84842682 61.62774658 6.94971180
v 83.82336426 61.67298126 6.94971180
v 88.80774689 61.32690430 16.85622406
v 88.80896759 61.33680725 16.85210037
v 88.83091736 61.35673904 16.85197258
v 88.79734039 61.75233078 16.89136314
v 88.80519867 61.74880219 16.89122391
v 88.79897308 61.74046326 16.88584518
v 88.76522064 61.88563919 16.99979973
v 88.79800415 61.87649536 16.99977684
v 88.78195953 61.82790375 16.94326973
v 88.74111176 61.94103622 17.08120155
v 88.74519348 61.96638107 17.13891792
v 88.82148743 61.94828415 17.13891792
v 88.72397614 61.96873856 17.13904190
v 88.72280121 61.97063446 17.14300346
v 88.69918823 61.99260330 17.22272491
v 88.74821472 61.98648071 17.21568680
v 89.12905884 61.30270767 17.37397385
v 89.15547180 61.38068390 17.37397385
v 89.07606506 61.20307922 17.33442879
v 89.06511688 61.18818665 17.29469681
v 89.09403229 61.22762299 17.29470062
v 89.03464508 61.16543961 17.21576691
v 89.03728485 61.16729355 17.21568680
v 89.03773499 61.16699219 17.22248459
v 88.94102478 61.15057373 17.06638718
v 88.94487000 61.15330505 17.06634140
v 88.94731903 61.15046310 17.07454681
v 88.80456543 61.18350601 16.94110107
v 88.79721832 61.24855042 16.89175797
v 88.87807465 61.16066360 16.99995613
v 88.86671448 61.16314697 16.98909378
v 88.88549805 61.22952271 16.94091034
v 88.93875122 61.15061569 17.06344032
v 88.90398407 61.15499878 17.02473831
v 88.91825104 61.18747330 16.99977684
v 88.97064209 61.15003967 17.10477257
v 88.99857330 61.20283127 17.06634140
v 88.99320984 61.15259171 17.13902473
v 89.02230835 61.18103790 17.13891792
v 89.02442932 61.16030121 17.19351196
v 88.99930573 61.15328217 17.14828873
v 89.04574585 61.17102432 17.23994637
v 89.08739471 61.23193741 17.21568680
v 89.06301880 61.18533325 17.28709221
v 89.08621979 61.23259354 17.39787865
v 89.09010315 61.23018265 17.37397385
v 89.08473206 61.22405624 17.38144684
v 89.08334351 61.22071075 17.37394714
v 89.16807556 61.54428864 17.37397385
v 89.16860199 61.46196365 17.37397385
v 89.12652588 61.70302963 17.37397385
v 89.15392303 61.62539673 17.37397385
v 89.03538513 61.83948135 17.37397385
v 89.08664703 61.77505875 17.37397385
v 88.97415924 61.89451981 17.37397385
v 88.83026123 61.97512436 17.29470062
v 88.90683746 61.94281387 17.29470062
v 88.74940491 61.99430847 17.29470062
v 88.67785645 61.99908829 17.29475975
v 88.76511383 61.88599396 17.00014496
v 88.74549103 61.93355942 17.06641579
v 88.81147003 61.91765976 17.06634140
v 88.74499512 61.93474579 17.06807137
v 88.78256226 61.82582474 16.94123268
v 88.85868073 61.85089111 16.99977684
v 88.78265381 61.82538986 16.94093323
v 88.80748749 61.67863464 16.85710526
v 88.84461975 61.72377014 16.89122391
v 88.80770874 61.67588043 16.85634613
v 88.87934875 61.69255066 16.89122391
v 88.80892181 61.66090393 16.85223007
v 88.81404877 61.40744019 16.83493233
v 88.85249329 61.38457489 16.85197258
v 88.81523132 61.42464828 16.83093834
v 88.86917114 61.41559601 16.85197258
v 88.81594849 61.46352386 16.82850456
v 88.88046265 61.44895935 16.85197258
v 88.81642151 61.48880768 16.82692337
v 88.88608551 61.48372650 16.85197258
v 88.81681824 61.51046371 16.82556725
v 88.88585663 61.51894760 16.85197258
v 88.81597137 61.53823090 16.82842827
v 88.87979889 61.55364227 16.85197258
v 88.81514740 61.56546402 16.83123398
v 88.86808014 61.58685684 16.85197258
v 88.81421661 61.59597015 16.83437729
v 88.85102081 61.61766815 16.85197258
v 88.81123352 61.63262177 16.84445381
v 88.82909393 61.64522934 16.85197258
v 88.80949402 61.34106064 16.85033035
v 88.81150818 61.37043381 16.84351730
v 88.79975891 61.26218033 16.88316727
v 88.80029297 61.26651001 16.88136101
v 88.80834198 61.25286484 16.89122391
v 88.85541534 61.16653824 16.97984505
v 88.82736206 61.17496490 16.95688820
v 88.83778381 61.19836044 16.94091034
v 89.13336945 61.30083466 17.29470062
v 89.16002655 61.37955475 17.29470062
v 89.17327881 61.46160126 17.29470062
v 89.17275238 61.54470825 17.29470062
v 89.15846252 61.62658310 17.29470062
v 89.13081360 61.70495605 17.29470062
v 89.09054565 61.77766418 17.29470062
v 89.03880310 61.84269714 17.29470062
v 88.97699738 61.89825821 17.29470062
v 89.12611389 61.30399323 17.21568680
v 89.15234375 61.38146210 17.21568680
v 89.16539001 61.46220779 17.21568680
v 89.16487122 61.54400253 17.21568680
v 89.15081024 61.62458038 17.21568680
v 89.12358856 61.70170975 17.21568680
v 89.08396912 61.77326584 17.21568680
v 89.03303528 61.83727264 17.21568680
v 88.97221375 61.89195251 17.21568680
v 88.90316010 61.93580246 17.21568680
v 88.82780457 61.96760559 17.21568680
v 89.07035065 61.24301147 17.13891792
v 89.10746002 61.31208801 17.13891792
v 89.13262177 61.38635635 17.13891792
v 89.14512634 61.46376801 17.13891792
v 89.14462280 61.54218292 17.13891792
v 89.13114929 61.61943054 17.13891792
v 89.10504913 61.69337845 17.13891792
v 89.06706238 61.76197815 17.13891792
v 89.01824188 61.82333755 17.13891792
v 88.95992279 61.87575912 17.13891792
v 88.89373016 61.91779709 17.13891792
v 89.04333496 61.26057053 17.06634140
v 89.07791138 61.32492828 17.06634140
v 89.10134125 61.39412308 17.06634140
v 89.11299133 61.46624756 17.06634140
v 89.11252594 61.53929901 17.06634140
v 89.09997559 61.61127090 17.06634140
v 89.07566071 61.68016434 17.06634140
v 89.04027557 61.74407959 17.06634140
v 88.99478149 61.80124664 17.06634140
v 88.94045258 61.85009003 17.06634140
v 88.87878418 61.88925171 17.06634140
v 88.96666718 61.23211670 16.99977684
v 89.00701904 61.28416443 16.99977684
v 89.03818512 61.34217834 16.99977684
v 89.05931854 61.40455627 16.99977684
v 89.06981659 61.46957397 16.99977684
v 89.06939697 61.53543091 16.99977684
v 89.05807495 61.60030365 16.99977684
v 89.03615570 61.66241074 16.99977684
v 89.00425720 61.72002411 16.99977684
v 88.96325684 61.77155685 16.99977684
v 88.91427612 61.81558609 16.99977684
v 88.92740631 61.26816177 16.94091034
v 88.96232605 61.31320953 16.94091034
v 88.98930359 61.36341476 16.94091034
v 89.00758362 61.41740036 16.94091034
v 89.01667023 61.47366714 16.94091034
v 89.01631165 61.53066254 16.94091034
v 89.00651550 61.58680725 16.94091034
v 88.98754120 61.64055634 16.94091034
v 88.95993805 61.69041824 16.94091034
v 88.92444611 61.73501968 16.94091034
v 88.88205719 61.77312088 16.94091034
v 88.83394623 61.80367661 16.94091034
v 88.79682159 61.75601578 16.89307785
v 88.84744263 61.27840042 16.89122391
v 88.88176727 61.31005096 16.89122391
v 88.91037750 61.34695816 16.89122391
v 88.93248749 61.38809586 16.89122391
v 88.94745636 61.43232346 16.89122391
v 88.95491028 61.47842407 16.89122391
v 88.95461273 61.52511978 16.89122391
v 88.94657898 61.57112122 16.89122391
v 88.93104553 61.61515808 16.89122391
v 88.90842438 61.65601349 16.89122391
v 88.91340637 61.81613541 13.86227798
v 88.18961334 59.91430664 17.46053696
v 89.00545502 61.11796570 17.27672958
v 89.04110718 61.16907883 17.41718102
v 89.03343964 61.14887619 17.37054443
v 89.02151489 61.13177490 17.32356262
v 88.98542786 61.10758591 17.23054314
v 88.93437195 61.09753799 17.14204216
v 88.90388489 61.09796524 17.10066605
v 88.83458710 61.10972214 17.02583694
v 88.79650116 61.12091827 16.99317932
v 88.78958130 60.83860397 17.59592438
v 88.61808014 60.80084610 17.18229675
v 88.45249176 60.48606491 17.32465935
v 88.42903900 60.43947601 17.34193420
v 88.29789734 60.16558456 17.42233658
v 88.55737305 60.50537109 17.71601868
v 88.52460480 60.45533752 17.72893715
v 88.34197998 60.15728378 17.77775764
v 88.19237518 59.87721634 17.77679062
v 88.09243774 59.65681458 17.73848343
v 88.11653137 59.72142410 17.46077728
v 88.06761169 59.57134628 17.43671608
v 88.03891754 59.46592712 17.40094948
v 88.02762604 59.41640854 17.37619591
v 88.01904297 59.37168503 17.34757042
v 88.01366425 59.33623123 17.31908607
v 88.01026154 59.30436325 17.28728867
v 88.00891113 59.27885437 17.25565910
v 88.00920868 59.25671387 17.22136879
v 88.01090240 59.23953247 17.18768883
v 88.01387024 59.22559738 17.15244484
v 88.01824951 59.21441650 17.11403084
v 88.02646637 59.48076630 17.67723274
v 87.98852539 59.35353851 17.60967255
v 87.97396851 59.29226685 17.56757927
v 87.96321869 59.23572540 17.52138710
v 87.95679474 59.18979645 17.47721291
v 87.95317078 59.14732742 17.42941666
v 87.95232391 59.11214066 17.38309479
v 87.95375824 59.08028030 17.33395958
v 87.95706177 59.05419159 17.28659439
v 87.96212006 59.03150558 17.23781967
v 87.96916962 59.01133728 17.18544006
v 87.97811127 58.99433136 17.13035965
v 88.02399445 59.20644760 17.07306862
v 88.03116608 59.20182037 17.02925491
v 88.04916382 59.20317078 16.93591881
v 88.07669830 59.22325897 16.81413841
v 88.09450531 59.24299240 16.74216843
v 87.98902130 58.98057556 17.07220459
v 88.01586151 58.96401596 16.95049286
v 88.05612946 58.96324158 16.79526901
v 88.08189392 58.97170258 16.70506287
v 88.24452209 59.11063385 16.20372772
v 88.15375519 59.01850510 16.47343063
v 88.14469910 59.31635666 16.55396843
v 88.20880127 59.43590927 16.32969475
v 88.24486542 59.51251602 16.20765305
v 88.34541321 59.75354004 15.87495041
v 88.70227814 59.88045502 14.96196747
v 88.51583099 59.52014542 15.45538044
v 88.43551636 59.38237381 15.67192364
v 88.29520416 59.17382050 16.05925751
v 88.53873444 60.30116653 15.24836445
v 88.40337372 59.90761566 15.68591976
v 88.78736115 60.82314301 17.55203056
v 88.55966187 60.49488449 17.67566681
v 88.52748871 60.44562149 17.68918610
v 88.34793854 60.15225220 17.74196815
v 88.20050049 59.87681961 17.74542809
v 88.10173035 59.66031265 17.71121979
v 88.03633118 59.48761368 17.65380478
v 87.99858093 59.36302567 17.58947563
v 87.98403931 59.30312347 17.54913521
v 87.97325134 59.24792099 17.50471878
v 87.96675873 59.20315552 17.46213150
v 87.96302795 59.16184235 17.41595650
v 87.96205139 59.12769318 17.37112808
v 87.96335602 59.09686279 17.32350922
v 87.96651459 59.07170105 17.27754784
v 87.97142792 59.04991531 17.23016930
v 87.97830200 59.03066635 17.17923927
v 87.98707581 59.01457214 17.12563515
v 87.99780273 59.00173569 17.06899071
v 88.02428436 58.98694992 16.95030975
v 88.06415558 58.98821640 16.79873466
v 88.08972168 58.99776840 16.71055984
v 88.16120911 59.04713058 16.48390007
v 88.25179291 59.14189529 16.21962547
v 88.30249023 59.20637894 16.07793617
v 88.44322205 59.41808701 15.69771194
v 88.52400208 59.55745697 15.48496056
v 88.71202087 59.92105103 14.99984455
v 88.89614105 60.30054092 14.46240711
v 88.90809631 60.34401703 14.50839138
v 89.09985352 60.77243805 13.95946407
v 89.11448669 60.81833649 14.01363659
v 88.78153992 60.81008148 17.50769043
v 88.77219391 60.79953384 17.46328545
v 88.55900574 60.48620605 17.63483047
v 88.55541229 60.47938538 17.59379387
v 88.52751923 60.43762207 17.64894867
v 88.52469635 60.43140030 17.60849571
v 88.35159302 60.14849472 17.70571709
v 88.35292053 60.14604568 17.66919136
v 88.20678711 59.87735748 17.71364594
v 88.21121979 59.87883377 17.68158150
v 88.10954285 59.66451263 17.68359566
v 88.11585236 59.66941071 17.65569878
v 88.04496765 59.49501801 17.63006020
v 88.05235291 59.50294876 17.60606575
v 88.00756836 59.37297058 17.56899834
v 88.01546478 59.38334656 17.54828262
v 87.99311066 59.31439590 17.53042412
v 88.00115204 59.32606125 17.51148605
v 87.98233795 59.26050186 17.48779488
v 87.99045563 59.27344131 17.47064972
v 87.97580719 59.21687698 17.44680214
v 87.98393250 59.23093033 17.43125916
v 87.97200012 59.17670059 17.40225601
v 87.98007965 59.19187546 17.38834190
v 87.97092438 59.14358139 17.35892487
v 87.97890472 59.15976715 17.34650612
v 87.97209167 59.11376572 17.31282234
v 87.97994232 59.13096237 17.30191994
v 87.97509766 59.08953476 17.26826477
v 87.98279572 59.10765076 17.25876236
v 87.97984314 59.06864929 17.22227859
v 87.98736572 59.08766937 17.21416473
v 87.98652649 59.05032349 17.17279243
v 87.99383545 59.07025909 17.16611481
v 87.99509430 59.03514862 17.12065506
v 88.00216675 59.05601120 17.11543655
v 88.00559998 59.02323151 17.06551361
v 88.01240540 59.04502487 17.06178284
v 88.03160858 59.01025391 16.94983673
v 88.03781891 59.03386688 16.94907570
v 88.07088470 59.01360703 16.80187035
v 88.07630157 59.03935242 16.80466080
v 88.09611511 59.02428818 16.71569633
v 88.10106659 59.05118942 16.72045708
v 88.16682434 59.07632446 16.49392509
v 88.17058563 59.10597229 16.50347137
v 88.25666046 59.17388535 16.23498154
v 88.25910187 59.20643997 16.24971771
v 88.30703735 59.23975754 16.09601974
v 88.30880737 59.27376556 16.11340523
v 88.44715118 59.45491409 15.72277164
v 88.44728088 59.49255753 15.74690247
v 88.52775574 59.59606552 15.51374912
v 88.52706146 59.63562012 15.54147530
v 88.71572876 59.96344757 15.03680801
v 88.71337128 60.00710297 15.07239056
v 88.91218567 60.38991928 14.55338478
v 88.90833282 60.43748093 14.59663963
v 89.11915588 60.86745071 14.06675720
v 89.11378479 60.91873932 14.11770821
v 88.96165466 61.10075378 17.18548965
v 88.75937653 60.79159164 17.41920471
v 88.74321747 60.78632355 17.37582588
v 88.54889679 60.47447205 17.55284309
v 88.53951263 60.47150421 17.51226616
v 88.51904297 60.42699051 17.56810188
v 88.51059723 60.42443085 17.52803802
v 88.35190582 60.14491272 17.63259315
v 88.34854889 60.14509964 17.59611702
v 88.21376801 59.88123703 17.64937019
v 88.21443939 59.88455582 17.61714554
v 88.12062073 59.67498016 17.62762451
v 88.12383270 59.68121338 17.59947014
v 88.05845642 59.51139450 17.58188820
v 88.06327820 59.52032089 17.55759239
v 88.02225494 59.39413071 17.52738571
v 88.02790833 59.40530396 17.50635338
v 88.00816345 59.33808899 17.49236679
v 88.01411438 59.35046005 17.47310448
v 87.99759674 59.28671265 17.45332336
v 88.00372314 59.30028534 17.43585014
v 87.99111176 59.24529648 17.41553116
v 87.99732971 59.25993347 17.39965057
v 87.98722839 59.20733643 17.37423897
v 87.99346161 59.22305298 17.35998154
v 87.98599243 59.17622375 17.33390045
v 87.99215698 59.19292068 17.32112885
v 87.98690033 59.14841843 17.29082489
v 87.99294281 59.16609955 17.27955437
v 87.98960114 59.12601852 17.24905968
v 87.99548340 59.14460373 17.23917389
v 87.99397278 59.10692978 17.20583916
v 87.99965668 59.12640762 17.19732475
v 88.00021362 59.09044266 17.15921783
v 88.00563812 59.11083221 17.15211487
v 88.00827026 59.07711411 17.10998535
v 88.01338959 59.09842300 17.10431290
v 88.01819611 59.06706238 17.05780411
v 88.02296448 59.08930206 17.05358696
v 88.04290009 59.05773926 16.94802666
v 88.04683685 59.08181000 16.94669724
v 88.08039093 59.06537628 16.80710793
v 88.08313751 59.09160614 16.80919647
v 88.10455322 59.07838058 16.72482681
v 88.10657501 59.10578918 16.72879219
v 88.17247772 59.13596344 16.51250076
v 88.17250061 59.16617203 16.52097511
v 88.25910950 59.23939133 16.26376152
v 88.25667572 59.27256775 16.27703667
v 88.30780792 59.30820084 16.12999153
v 88.30403137 59.34286118 16.14567757
v 88.44360352 59.53072357 15.76991558
v 88.43616486 59.56910706 15.79162121
v 88.52191925 59.67574692 15.56788063
v 88.51239777 59.71607208 15.59271908
v 88.70496368 60.05146790 15.10613918
v 88.69062042 60.09597397 15.13762283
v 88.89659882 60.48591614 14.63743782
v 88.87718964 60.53441620 14.67510319
v 89.09846497 60.97113419 14.16541862
v 89.07353973 61.02352142 14.20888519
v 88.87049866 61.10204315 17.06179428
v 88.70144653 60.78396225 17.29268265
v 88.67620087 60.78689575 17.25363731
v 88.51241302 60.47146606 17.43335342
v 88.49488831 60.47439957 17.39556885
v 88.48555756 60.42490005 17.44997597
v 88.46913147 60.42792892 17.41250420
v 88.33494568 60.14942932 17.52431107
v 88.32476044 60.15354919 17.48937035
v 88.21009827 59.89388657 17.55319786
v 88.20511627 59.89986420 17.52174377
v 88.12560272 59.69556427 17.54329300
v 88.12413025 59.70363235 17.51546097
v 88.06897736 59.53953552 17.50892067
v 88.06983948 59.54976654 17.48467827
v 88.03578949 59.42868042 17.46409035
v 88.03799438 59.44083786 17.44295883
v 88.02278900 59.37610626 17.43432999
v 88.02549744 59.38932800 17.41490555
v 88.01295471 59.32822800 17.40060997
v 88.01602936 59.34253693 17.38291550
v 88.00683594 59.28992081 17.36755943
v 88.01011658 59.30521393 17.35141563
v 88.00306702 59.25512314 17.33109665
v 88.00643921 59.27141571 17.31653214
v 88.00170135 59.22690201 17.29518890
v 88.00505829 59.24412155 17.28206825
v 88.00227356 59.20200729 17.25658226
v 88.00553131 59.22016525 17.24492264
v 88.00447845 59.18228149 17.21893501
v 88.00756836 59.20130539 17.20861626
v 88.00820160 59.16583633 17.17977905
v 88.01104736 59.18571091 17.17078781
v 88.01361084 59.15205765 17.13735008
v 88.01613617 59.17281723 17.12971878
v 88.02065277 59.14146805 17.09235382
v 88.02277374 59.16311646 17.08609200
v 88.02938843 59.13418961 17.04447365
v 88.03102875 59.15674210 17.03959656
v 88.05125427 59.13032913 16.94319534
v 88.05171204 59.15465927 16.94103432
v 88.08460999 59.14438629 16.81228447
v 88.08331299 59.17079163 16.81327629
v 88.10616302 59.16088486 16.73546028
v 88.10374451 59.18841171 16.73814392
v 88.16691589 59.22677231 16.53613472
v 88.16132355 59.25693130 16.54275894
v 88.24456024 59.33892441 16.30102348
v 88.23493195 59.37175751 16.31160736
v 88.28825378 59.41205978 16.17399788
v 88.27635193 59.44618988 16.18646622
v 88.41021729 59.64527512 15.83043861
v 88.39191437 59.68246078 15.84723759
v 88.48056030 59.79580688 15.63678455
v 88.45854950 59.83447647 15.65559959
v 88.64493561 60.18315125 15.19223404
v 88.61416626 60.22471619 15.21466637
v 88.81673431 60.62842178 14.73859692
v 88.77669525 60.67236328 14.76337337
v 88.99710846 61.12392044 14.27954102
v 88.94722748 61.16981125 14.30524445
v 88.64832306 60.79253769 17.21673393
v 88.47486877 60.47927475 17.35925293
v 88.45025635 60.43280029 17.37640953
v 88.31238556 60.15894318 17.45531654
v 88.19827271 59.90668106 17.49081421
v 88.12110901 59.71226120 17.48792458
v 88.06938934 59.56037903 17.46058846
v 88.03903961 59.45325851 17.42189598
v 88.02711487 59.40277100 17.39551353
v 88.01805878 59.35703278 17.36522484
v 88.01239014 59.32065964 17.33524513
v 88.00883484 59.28784180 17.30191803
v 88.00746155 59.26144791 17.26888275
v 88.00784302 59.23841095 17.23317719
v 88.00970459 59.22039795 17.19819641
v 88.01293945 59.20564270 17.16166878
v 88.01768494 59.19361877 17.12194061
v 88.02389526 59.18479156 17.07966042
v 88.03161621 59.17929840 17.03452110
v 88.05101776 59.17895889 16.93860626
v 88.08067322 59.19710922 16.81389427
v 88.09985352 59.21580887 16.74038315
v 88.15391541 59.28683472 16.54871178
v 88.22299194 59.40414047 16.32118225
v 88.26185608 59.47974014 16.19770622
v 88.37026215 59.71864700 15.86211491
v 88.43274689 59.87186050 15.67202950
v 88.57862091 60.26422119 15.23345661
v 88.73096466 60.71327591 14.78292561
v 88.68029785 60.75048828 14.79693127
v 88.89089966 61.21152496 14.32376480
v 88.82932281 61.24818802 14.33471298
v 89.31829071 61.28966904 13.45845890
v 89.31866455 61.29020691 13.45925808
v 89.32701874 61.31303787 13.48938274
v 89.33609772 61.33784866 13.52212811
v 89.33728027 61.34985352 13.53641033
v 89.34123993 61.38972092 13.58384418
v 89.34076691 61.39324951 13.58764458
v 89.33763885 61.41673660 13.61293316
v 89.33395386 61.44447708 13.64279747
v 89.32386780 61.47349167 13.67101288
v 89.31842041 61.48918533 13.68627357
v 89.31442261 61.50067520 13.69744492
v 89.28957367 61.54534912 13.73634148
v 89.28317261 61.55686188 13.74636269
v 89.27499390 61.56747055 13.75449181
v 89.03951263 61.07481384 14.24719429
v 88.85041809 60.58218384 14.70901108
v 88.67053223 60.14005280 15.16644287
v 88.49857330 59.75621414 15.61575985
v 88.42500305 59.60739136 15.81185150
v 88.29749298 59.37755203 16.16037560
v 88.25181580 59.30580139 16.28948021
v 88.17063904 59.19648361 16.52886391
v 88.10710907 59.13331223 16.73233986
v 88.08454895 59.11796570 16.81092453
v 88.04962158 59.10602951 16.94508362
v 88.02669525 59.11169052 17.04914093
v 88.01752472 59.11988831 17.09843254
v 88.01010895 59.13138580 17.14482117
v 88.00440216 59.14605331 17.18863106
v 88.00045013 59.16337204 17.22912598
v 87.99806976 59.18397903 17.26813507
v 87.99739075 59.20982361 17.30821609
v 87.99874115 59.23899078 17.34559059
v 88.00257874 59.27481842 17.38364792
v 88.00885010 59.31413651 17.41826630
v 88.01898956 59.36314011 17.45374489
v 88.03243256 59.41682816 17.48523903
v 88.06678009 59.52970886 17.53324890
v 88.12549591 59.68807983 17.57132912
v 88.21321106 59.88877869 17.58504295
v 88.34288788 60.14660645 17.55995941
v 88.49940491 60.42373276 17.48857689
v 88.52732086 60.47050095 17.47234344
v 88.72385406 60.78377533 17.33353043
v 89.24562836 61.60557938 13.78369141
v 89.24101257 61.61156464 13.78827381
v 89.19834900 61.65406418 13.81602192
v 89.19804382 61.65436935 13.81622124
v 89.18904114 61.66334915 13.82208347
v 89.15016937 61.69392014 13.83805275
v 89.12861633 61.71087265 13.84690762
v 89.10305786 61.72682571 13.85267639
v 89.06130219 61.75289154 13.86210155
v 89.00978851 61.77807999 13.86577415
v 88.98888397 61.78831100 13.86726570
v 88.96234894 61.79809189 13.86551189
v 88.84041595 61.83937454 13.85424519
v 88.76999664 61.83553696 13.87634754
v 88.57925415 61.99272919 17.18061447
v 88.66857910 61.88784409 16.96802330
v 88.72652435 61.68340302 16.83010864
v 88.71830750 61.26992798 16.84967995
v 88.73094940 61.34870148 16.81959152
v 88.73822784 61.43187714 16.80227852
v 88.73991394 61.51703262 16.79824829
v 88.73598480 61.60169983 16.80761528
v 88.71183777 61.75977325 16.86507607
v 88.69232941 61.82858658 16.91149712
v 88.64127350 61.93582153 17.03300858
v 88.61119843 61.97112656 17.10456657
v 88.65361786 61.27793884 16.81463432
v 88.58837128 61.28775024 16.77116585
v 88.52268982 61.29948044 16.71844864
v 88.45684814 61.31325912 16.65556717
v 88.32389069 61.34835434 16.49124336
v 88.19940948 61.39344788 16.27261543
v 88.09532928 61.44830322 15.99740028
v 88.02645874 61.51074600 15.67409420
v 88.00529480 61.57637024 15.32486534
v 88.03595734 61.63958359 14.98078823
v 88.11206818 61.69557190 14.67059135
v 88.22073364 61.74173355 14.41144180
v 88.34855652 61.77766800 14.20772743
v 88.48545837 61.80432892 14.05556202
v 88.55666351 61.81479645 13.99557209
v 88.62800598 61.82338333 13.94629288
v 88.69917297 61.83024979 13.90681458
v 88.66070557 61.68826675 16.80116272
v 88.64286804 61.76359940 16.83509254
v 88.59271240 61.69413757 16.76437950
v 88.57178497 61.76821136 16.79704666
v 88.52255249 61.70104218 16.71862984
v 88.49858856 61.77362442 16.74979973
v 88.45037079 61.70899200 16.66264343
v 88.42345428 61.77985001 16.69206619
v 88.29872131 61.72855759 16.51058769
v 88.26615143 61.79510880 16.53562164
v 88.14893341 61.75242996 16.29893494
v 88.11153412 61.81362534 16.31844521
v 88.01620483 61.77987289 16.02241707
v 87.97525024 61.83477783 16.03536415
v 87.92032623 61.80932999 15.68815136
v 87.87760162 61.85733032 15.69380951
v 87.87918091 61.83860016 15.31945896
v 87.83674622 61.87959290 15.31764126
v 87.90037537 61.86541367 14.95084572
v 87.86024475 61.89987183 14.94198036
v 87.97801971 61.88819885 14.61519432
v 87.94174957 61.91700363 14.60020351
v 88.09721375 61.90637589 14.33289433
v 88.06581879 61.93061829 14.31292820
v 88.24172974 61.92018127 14.10998917
v 88.21570587 61.94092560 14.08619118
v 88.39893341 61.93024063 13.94299603
v 88.37847137 61.94842148 13.91638088
v 88.48131561 61.93415070 13.87705421
v 88.46369171 61.95133209 13.84933758
v 88.56413269 61.93733978 13.82284164
v 88.54933167 61.95370102 13.79422474
v 88.64696503 61.93988037 13.77938557
v 88.63494873 61.95558929 13.75005054
v 88.72956085 61.94183350 13.74583435
v 88.72030640 61.95703888 13.71594524
v 88.81180573 61.94324493 13.72148418
v 88.80528259 61.95808411 13.69119358
v 88.61938477 61.83139801 16.87976837
v 88.54449463 61.83478165 16.83965302
v 88.46766663 61.83874893 16.79001236
v 88.38914490 61.84330750 16.72957230
v 88.22575378 61.85443878 16.56667328
v 88.06649017 61.86788940 16.34193611
v 87.92741394 61.88317490 16.05048943
v 87.82911682 61.89938736 15.70023441
v 87.78978729 61.91530228 15.31562805
v 87.81672668 61.92972183 14.93237114
v 87.90306091 61.94186020 14.58421326
v 88.03273010 61.95146561 14.29188633
v 88.18853760 61.95872116 14.06132984
v 88.35723114 61.96398926 13.88874435
v 88.44544220 61.96603012 13.82062435
v 88.53401947 61.96769333 13.76463413
v 88.62254333 61.96901703 13.71975994
v 88.71075439 61.97003174 13.68511868
v 88.79855347 61.97076797 13.65997791
v 88.59092712 61.88972855 16.93391800
v 88.51159668 61.89199066 16.89100456
v 88.43064117 61.89464569 16.83817101
v 88.34833527 61.89768219 16.77417183
v 88.17850494 61.90509796 16.60298347
v 88.01481628 61.91402435 16.36888885
v 87.87361908 61.92412567 16.06749535
v 87.77565765 61.93479156 15.70731354
v 87.73895264 61.94521713 15.31344795
v 87.77034760 61.95463181 14.92212582
v 87.86231995 61.96252441 14.56737614
v 87.99821472 61.96875381 14.26993370
v 88.16037750 61.97344971 14.03556919
v 88.33533478 61.97684860 13.86024570
v 88.42665100 61.97816849 13.79106903
v 88.51828766 61.97924042 13.73422146
v 88.60980225 61.98009491 13.68866634
v 88.70095825 61.98075104 13.65350151
v 88.79165649 61.98122406 13.62798595
v 88.55830383 61.93692398 16.99598885
v 88.47401428 61.93823624 16.94966698
v 88.38851166 61.93978119 16.89296532
v 88.30212402 61.94154358 16.82468414
v 88.12557983 61.94584274 16.64366341
v 87.95764923 61.95100784 16.39870453
v 87.81492615 61.95682907 16.08605385
v 87.71812439 61.96296310 15.71493626
v 87.68495178 61.96893311 15.31113434
v 87.72162628 61.97430420 14.91136551
v 87.81990814 61.97880173 14.54985142
v 87.96253967 61.98234558 14.24724579
v 88.13142395 61.98500824 14.00908279
v 88.31289673 61.98693466 13.83105278
v 88.40742493 61.98767853 13.76083851
v 88.50220490 61.98828506 13.70314789
v 88.59680176 61.98876953 13.65692520
v 88.69096375 61.98914337 13.62125111
v 88.78462982 61.98940659 13.59536648
v 88.52244568 61.97162628 17.06421089
v 88.43279266 61.97222519 17.01399612
v 88.34243011 61.97292709 16.95289993
v 88.25172424 61.97373199 16.87977409
v 88.06825256 61.97568512 16.68771744
v 87.89625549 61.97802353 16.43072701
v 87.75247192 61.98065567 16.10580063
v 87.65747070 61.98342514 15.72296810
v 87.62853241 61.98611069 15.30871582
v 87.67111969 61.98852539 14.90021229
v 87.77624512 61.99053955 14.53180408
v 87.92598724 61.99212646 14.22399902
v 88.10186768 61.99332047 13.98204613
v 88.29005432 61.99417877 13.80133533
v 88.38788605 61.99451065 13.73009586
v 88.48587036 61.99478531 13.67157650
v 88.58358765 61.99499893 13.62469673
v 88.68082428 61.99516296 13.58852100
v 88.77749634 61.99528122 13.56227493
v 88.91044617 61.84184647 13.84000301
v 88.90744781 61.86589050 13.81606960
v 88.66803741 61.35657120 16.78718948
v 88.60403442 61.36616135 16.74671173
v 88.53899384 61.37757492 16.69724274
v 88.47314453 61.39090347 16.63776207
v 88.33802032 61.42450333 16.48038483
v 88.20862579 61.46704483 16.26780701
v 88.09757996 61.51797104 15.99668884
v 88.02095795 61.57501602 15.67482185
v 87.99285889 61.63407135 15.32433319
v 88.01865387 61.69020844 14.97696781
v 88.09247589 61.73939896 14.66249371
v 88.20117188 61.77961349 14.39900589
v 88.33078003 61.81072998 14.19146633
v 88.47060394 61.83370972 14.03623676
v 88.54357910 61.84270859 13.97499275
v 88.61682129 61.85007858 13.92466354
v 88.68996429 61.85596848 13.88433361
v 88.76282501 61.86050415 13.85320377
v 88.83532715 61.86379242 13.83061409
v 88.90744781 61.86590576 13.81605816
v 88.67609406 61.43930054 16.77186203
v 88.61243439 61.44832230 16.73360443
v 88.54724121 61.45900726 16.68651199
v 88.48072052 61.47143173 16.62947655
v 88.34255981 61.50250626 16.47689629
v 88.20806122 61.54137039 16.26809692
v 88.09056091 61.58729172 15.99890709
v 88.00730896 61.63803864 15.67663097
v 87.97372437 61.68990326 15.32351208
v 87.99616241 61.73864746 14.97200012
v 88.06903076 61.78095627 14.65280628
v 88.17885590 61.81529236 14.38481426
v 88.31107330 61.84171295 14.17343712
v 88.45442200 61.86114120 14.01518917
v 88.52942657 61.86874008 13.95272350
v 88.60476685 61.87494659 13.90137768
v 88.68009186 61.87990570 13.86022568
v 88.75515747 61.88372421 13.82845688
v 88.82988739 61.88648605 13.80540085
v 88.90425873 61.88826752 13.79054260
v 88.67755890 61.52376556 16.76908875
v 88.61333466 61.53192520 16.73220825
v 88.54721832 61.54155731 16.68655014
v 88.47939301 61.55271530 16.63092804
v 88.33740234 61.58044052 16.48086166
v 88.19774628 61.61478043 16.27347755
v 88.07442474 61.65491486 16.00400925
v 87.98572540 61.69876480 15.67949009
v 87.94814301 61.74308777 15.32241631
v 87.96873474 61.78433990 14.96594238
v 88.04196930 61.81984711 14.64162159
v 88.15396118 61.84848022 14.36898041
v 88.28956604 61.87040329 14.15375710
v 88.43701935 61.88647461 13.99254417
v 88.51426697 61.89274216 13.92888927
v 88.59192657 61.89785767 13.87655926
v 88.66959381 61.90194702 13.83461285
v 88.74703217 61.90508652 13.80222702
v 88.82413483 61.90736008 13.77872181
v 88.90089417 61.90882111 13.76357460
v 88.67237091 61.60755539 16.77894974
v 88.60668945 61.61463165 16.74256325
v 88.53890991 61.62297440 16.69735336
v 88.46918488 61.63260651 16.64208412
v 88.32266998 61.65641022 16.49218369
v 88.17788696 61.68565750 16.28383446
v 88.04947662 61.71952820 16.01189804
v 87.95657349 61.75617981 15.68335152
v 87.91648102 61.79288483 15.32105923
v 87.93668365 61.82675934 14.95886326
v 88.01153564 61.85571289 14.62904358
v 88.12667084 61.87892151 14.35162735
v 88.26639557 61.89661789 14.13255978
v 88.41848755 61.90954971 13.96843243
v 88.49820709 61.91458511 13.90361977
v 88.57836151 61.91869354 13.85033417
v 88.65853119 61.92197037 13.80762100
v 88.73848724 61.92448807 13.77464104
v 88.81809998 61.92630768 13.75070572
v 88.89735413 61.92747879 13.73528004
v 88.89366913 61.94415283 13.70579052
v 88.89122772 61.95348358 13.68627167
v 88.88985443 61.95875931 13.67524242
v 88.88591766 61.97124100 13.64377785
v 88.88188934 61.98152924 13.61154366
v 88.87778473 61.98958206 13.57868862
v 88.87361908 61.99536133 13.54536533
v 88.87249756 61.99628067 13.53645897
v 88.48438263 61.99285507 17.13663101
v 88.38910675 61.99300766 17.08219719
v 88.29364777 61.99318695 17.01634026
v 88.19847107 61.99338913 16.93798447
v 88.00794983 61.99388123 16.73406982
v 87.83198547 61.99447250 16.46424675
v 87.68744659 61.99514008 16.12635612
v 87.59471893 61.99583817 15.73128033
v 87.57048035 61.99651718 15.30622673
v 87.61943054 61.99712372 14.88879395
v 87.73173523 61.99763107 14.51340771
v 87.88883972 61.99802780 14.20038033
v 88.07192230 61.99832535 13.95464325
v 88.26693726 61.99854279 13.77126598
v 88.36811829 61.99862289 13.69900990
v 88.46936035 61.99869537 13.63966846
v 88.57025146 61.99874878 13.59214211
v 88.67058563 61.99878693 13.55546951
v 88.77030182 61.99881744 13.52886772
v 88.86940765 61.99884033 13.51172829
v 88.93371582 61.94928360 13.68638134
v 88.92798615 61.91172028 13.75459957
v 88.92073059 61.86411667 13.81606960
v 88.93777466 61.97588348 13.61308002
v 88.94006348 61.99088287 13.53648090
v 89.01920319 61.97206879 13.53648090
v 89.02014923 61.97497940 13.45845509
v 89.09561920 61.94330597 13.45845509
v 89.16490173 61.89973831 13.45845509
v 89.22615051 61.84543610 13.45845509
v 89.27770996 61.78186798 13.45845509
v 89.31819153 61.71073532 13.45845509
v 89.34651947 61.63394547 13.45845509
v 89.36193085 61.55355835 13.45845509
v 89.36400604 61.47174072 13.45845509
v 89.35269928 61.39067459 13.45845509
v 89.32830811 61.31254959 13.45845509
v 89.34971619 61.39134598 13.53648090
v 89.36095428 61.47191238 13.53648090
v 89.34580231 61.47277069 13.61308002
v 89.34380341 61.55160904 13.61308002
v 89.31704712 61.54872131 13.68638134
v 89.30303192 61.62184143 13.68638134
v 89.26641846 61.61165619 13.75459957
v 89.24280548 61.67566681 13.75459957
v 89.19827271 61.65507507 13.81554413
v 89.16930389 61.70779419 13.81606960
v 89.03506470 61.82680893 13.81606960
v 89.08614349 61.79468918 13.81606960
v 89.13129425 61.75465775 13.81606960
v 88.97943115 61.85016251 13.81606960
v 89.20906830 61.73496246 13.75459957
v 89.16608429 61.78795624 13.75459957
v 89.11502838 61.83321762 13.75459957
v 89.05727386 61.86954117 13.75459957
v 88.99436951 61.89593887 13.75459957
v 89.27725983 61.69169235 13.68638134
v 89.24043274 61.75639725 13.68638134
v 89.19353485 61.81422806 13.68638134
v 89.13783264 61.86361694 13.68638134
v 89.07480621 61.90325165 13.68638134
v 89.00614929 61.93206406 13.68638134
v 89.32894897 61.62905884 13.61308002
v 89.30165863 61.70304489 13.61308002
v 89.26264954 61.77158356 13.61308002
v 89.21297455 61.83282852 13.61308002
v 89.15397644 61.88514709 13.61308002
v 89.08721161 61.92713165 13.61308002
v 89.01450348 61.95764923 13.61308002
v 89.35888672 61.55323410 13.53648090
v 89.34356689 61.63312531 13.53648090
v 89.31541443 61.70944214 13.53648090
v 89.27518463 61.78013992 13.53648090
v 89.22393799 61.84331894 13.53648090
v 89.16307068 61.89728546 13.53648090
v 89.09420776 61.94058990 13.53648090
v 83.03149414 61.93474579 22.82800293
v 83.01889801 61.94069672 22.83102989
v 83.01985931 61.94264603 22.84267807
v 82.86301422 61.98130798 23.00057602
v 82.85942841 61.95724487 23.07616997
v 82.92227936 61.90568924 23.14695549
v 82.90792084 61.86120605 23.21115112
v 82.91004944 61.72993088 23.31349945
v 82.92673492 61.63009644 23.34907150
v 83.00083160 61.18533325 23.21293259
v 83.00236511 61.18465042 23.21109200
v 83.03368378 61.20787811 23.21115112
v 83.03302765 61.17102432 23.17440224
v 83.05267334 61.16389465 23.14669228
v 83.06352234 61.17190552 23.14695549
v 83.08917999 61.15328217 23.08835030
v 83.09536743 61.15242004 23.07600975
v 83.14074707 61.19729614 23.07616997
v 83.11253357 61.15003967 23.04176712
v 83.13238525 61.15061569 22.99348259
v 83.15913391 61.18136597 23.00057602
v 83.14851379 61.15499878 22.94402313
v 83.15388489 61.15857697 22.92204857
v 83.16824341 61.17347336 22.92208672
v 83.16804504 61.17364120 22.84936905
v 83.16896057 61.17496490 22.84374237
v 83.21615601 61.23981857 22.84267807
v 83.16905212 61.17529297 22.84268379
v 83.07642365 61.15664673 23.10962486
v 82.92996979 61.22405624 23.27890778
v 82.94416809 61.21586990 23.26680374
v 82.95423126 61.22080612 23.26713753
v 82.96391296 61.20448685 23.24997330
v 82.99771881 61.25122452 23.26713753
v 82.96635437 61.20307922 23.24789429
v 82.92174530 61.27649689 23.31349945
v 82.95655823 61.30084229 23.31349945
v 82.94619751 61.60618973 23.34907150
v 82.96148682 61.57941818 23.34907150
v 82.97219086 61.55050659 23.34907150
v 82.97801971 61.52023315 23.34907150
v 82.97880554 61.48941422 23.34907150
v 82.97455597 61.45888138 23.34907150
v 82.96535492 61.42945480 23.34907150
v 82.95146179 61.40193176 23.34907150
v 82.93326569 61.37705231 23.34907150
v 82.91122437 61.35549164 23.34907150
v 82.89062500 61.80760956 23.26713753
v 82.93962097 61.78721619 23.26713753
v 82.86486816 61.99347305 22.86801147
v 82.86478424 61.99323273 22.92208672
v 82.87465668 61.99260330 22.86565971
v 82.94451141 61.97456741 22.92208672
v 82.94426727 61.97369003 22.84894943
v 83.02009583 61.94310760 22.92208672
v 82.97036743 61.96361923 22.84268188
v 82.95550537 61.97063446 22.84625053
v 83.10037994 61.88599396 22.81146431
v 83.08921814 61.89928055 22.84267807
v 83.15053558 61.84515762 22.84267807
v 83.14562988 61.84041977 22.80059814
v 83.20217896 61.78173065 22.84267807
v 83.19461060 61.77652740 22.78883743
v 83.16012573 61.82582474 22.79711914
v 83.27113342 61.63399887 22.84267807
v 83.24543762 61.67863464 22.77663422
v 83.24273682 61.71070480 22.84267807
v 83.23256683 61.70594788 22.77972603
v 83.20896149 61.75601578 22.78539276
v 83.28659821 61.55368042 22.84267807
v 83.26848602 61.59597015 22.77109909
v 83.25884247 61.63056564 22.77341652
v 83.28869629 61.47191620 22.84267807
v 83.27742004 61.51046371 22.76895523
v 83.27306366 61.55222321 22.77000237
v 83.27740479 61.39090729 22.84267807
v 83.27197266 61.42464828 22.77026367
v 83.27502441 61.47270203 22.76952934
v 83.25299835 61.31284332 22.84267807
v 83.25231171 61.34106064 22.77498436
v 83.26471710 61.39377594 22.77200699
v 83.20793915 61.24488068 22.78563690
v 83.21900940 61.26218033 22.78297997
v 83.24225616 61.31722260 22.77740097
v 82.98692322 61.33056259 23.31349945
v 83.01200867 61.36485291 23.31349945
v 83.03115082 61.40278244 23.31349945
v 83.04383087 61.44333267 23.31349945
v 83.04969788 61.48541260 23.31349945
v 83.04860687 61.52788544 23.31349945
v 83.04057312 61.56960678 23.31349945
v 83.02581787 61.60945129 23.31349945
v 83.00475311 61.64634323 23.31349945
v 82.97792816 61.67929077 23.31349945
v 82.94606781 61.70740891 23.31349945
v 83.03564453 61.28834915 23.26713753
v 83.06698608 61.33118057 23.26713753
v 83.09090424 61.37855911 23.26713753
v 83.10673523 61.42921448 23.26713753
v 83.11406708 61.48177719 23.26713753
v 83.11269379 61.53483200 23.26713753
v 83.10266876 61.58694458 23.26713753
v 83.08424377 61.63671875 23.26713753
v 83.05791473 61.68280411 23.26713753
v 83.02441406 61.72396088 23.26713753
v 82.98462677 61.75907898 23.26713753
v 83.07821655 61.25147247 23.21115112
v 83.11501312 61.30176544 23.21115112
v 83.14308929 61.35740280 23.21115112
v 83.16168213 61.41687775 23.21115112
v 83.17029572 61.47860336 23.21115112
v 83.16868591 61.54090118 23.21115112
v 83.15690613 61.60209656 23.21115112
v 83.13527679 61.66053772 23.21115112
v 83.10436249 61.71465683 23.21115112
v 83.06502533 61.76298523 23.21115112
v 83.01829529 61.80422211 23.21115112
v 82.96545410 61.83726120 23.21115112
v 83.11354065 61.22086334 23.14695549
v 83.15487671 61.27734756 23.14695549
v 83.18640900 61.33983612 23.14695549
v 83.20729065 61.40664291 23.14695549
v 83.21696472 61.47596741 23.14695549
v 83.21516418 61.54593658 23.14695549
v 83.20192719 61.61466980 23.14695549
v 83.17763519 61.68031311 23.14695549
v 83.14292145 61.74109268 23.14695549
v 83.09872437 61.79537201 23.14695549
v 83.04624939 61.84169006 23.14695549
v 82.98690033 61.87879562 23.14695549
v 83.06258392 61.16030121 23.13272285
v 83.18556976 61.25855255 23.07616997
v 83.21976471 61.32631302 23.07616997
v 83.24240875 61.39876175 23.07616997
v 83.25289917 61.47393799 23.07616997
v 83.25093842 61.54981613 23.07616997
v 83.23658752 61.62435150 23.07616997
v 83.21024323 61.69553375 23.07616997
v 83.17259979 61.76144791 23.07616997
v 83.12467194 61.82030869 23.07616997
v 83.06776428 61.87053680 23.07616997
v 83.00341034 61.91077805 23.07616997
v 82.93333435 61.93994141 23.07616997
v 83.20632172 61.24584198 23.00057602
v 83.24230957 61.31717682 23.00057602
v 83.26615143 61.39343262 23.00057602
v 83.27719116 61.47256470 23.00057602
v 83.27513123 61.55244064 23.00057602
v 83.26003265 61.63089752 23.00057602
v 83.23229218 61.70582581 23.00057602
v 83.19266510 61.77520752 23.00057602
v 83.14221954 61.83716583 23.00057602
v 83.08232117 61.89004135 23.00057602
v 83.01457214 61.93239594 23.00057602
v 82.94081116 61.96309662 23.00057602
v 83.21659851 61.23954773 22.92208672
v 83.25348663 61.31264496 22.92208672
v 83.27790833 61.39079666 22.92208672
v 83.28923035 61.47188568 22.92208672
v 83.28710938 61.55373764 22.92208672
v 83.27163696 61.63414001 22.92208672
v 83.24320984 61.71092224 22.92208672
v 83.20260620 61.78202438 22.92208672
v 83.15091705 61.84552383 22.92208672
v 83.08953094 61.89970398 22.92208672
v 83.16075134 61.16314697 22.89392853
v 82.41391754 59.91430664 22.54326248
v 83.09968567 61.10204315 22.93355370
v 82.94849396 61.13177490 23.19521904
v 82.87721252 61.16907883 23.25899506
v 82.91376495 61.14887619 23.22904015
v 82.98101807 61.11796570 23.15789413
v 83.01100922 61.10758591 23.11745834
v 83.03813934 61.10075378 23.07434082
v 83.06211853 61.09753799 23.02899170
v 83.08271027 61.09796524 22.98189735
v 83.11286163 61.10972214 22.88446999
v 83.12210083 61.12091827 22.83516121
v 82.86911011 60.80084610 22.77519798
v 82.59665680 60.83860397 23.13054276
v 82.37654877 60.50537109 22.98948860
v 82.66303253 60.48606491 22.70298004
v 82.63634491 60.43947601 22.69130898
v 82.50114441 60.16558456 22.61793518
v 82.34897614 60.45533752 22.96756744
v 82.21538544 60.15728378 22.83382416
v 82.14141083 59.87721634 22.70377922
v 82.12461853 59.65681458 22.59807587
v 82.37717438 59.72142410 22.48008919
v 82.37354279 59.57134628 22.42569160
v 82.39016724 59.46592712 22.38295364
v 82.40596771 59.41640854 22.36080551
v 82.42646790 59.37168503 22.33906174
v 82.44844055 59.33623123 22.32015419
v 82.47428131 59.30436325 22.30131340
v 82.14467621 59.48076630 22.51031303
v 82.18421936 59.35353851 22.44367790
v 82.21339417 59.29226685 22.41002464
v 82.24802399 59.23572540 22.37761497
v 82.28306580 59.18979645 22.34997177
v 82.32264709 59.14732742 22.32293510
v 82.40560913 59.08028030 22.27571678
v 82.36233521 59.11214066 22.29903603
v 82.50099945 59.27885437 22.28432846
v 82.53083801 59.25671387 22.26744080
v 82.56085205 59.23953247 22.25206375
v 82.59285736 59.22559738 22.23701477
v 82.62831879 59.21441650 22.22160149
v 82.66666412 59.20644760 22.20609856
v 82.70819855 59.20182037 22.19039726
v 82.79802704 59.20317078 22.15931702
v 82.91725922 59.22325897 22.12227058
v 82.98849487 59.24299240 22.10170937
v 82.44828033 59.05419159 22.25489426
v 82.49304962 59.03150558 22.23488998
v 82.54193878 59.01133728 22.21479988
v 82.59410858 58.99433136 22.19500351
v 82.64993286 58.98057556 22.17537689
v 82.76875305 58.96401596 22.13776398
v 82.92331696 58.96324158 22.09502602
v 83.01432037 58.97170258 22.07223320
v 83.25084686 59.01850510 22.01865578
v 83.52980042 59.11063385 21.96240807
v 83.17656708 59.31635666 22.05107307
v 83.40284729 59.43590927 21.99446106
v 83.52657318 59.51251602 21.96466637
v 83.86498260 59.75354004 21.88539696
v 83.68025970 59.17382050 21.93406677
v 84.08585358 59.38237381 21.86191177
v 84.31355286 59.52014542 21.82320023
v 84.83407593 59.88045502 21.73795700
v 84.50428009 60.30116653 21.73952103
v 84.05765533 59.90761566 21.84107399
v 85.90106201 60.77243805 21.58101845
v 85.36363983 60.30054092 21.65606689
v 82.63355255 60.82314301 23.10667229
v 82.41263580 60.49488449 22.97129822
v 82.38484192 60.44562149 22.95018959
v 82.24935913 60.15225220 22.82109261
v 82.17263794 59.87681961 22.69513130
v 82.15287781 59.66031265 22.59249687
v 82.16990662 59.48761368 22.50714874
v 82.20674133 59.36302567 22.44229317
v 82.23440552 59.30312347 22.40952682
v 82.26747131 59.24792099 22.37797356
v 82.30110931 59.20315552 22.35105896
v 82.33923340 59.16184235 22.32474327
v 82.37757111 59.12769318 22.30148506
v 82.41946411 59.09686279 22.27880287
v 82.46084595 59.07170105 22.25855827
v 82.50432587 59.04991531 22.23911858
v 82.55187225 59.03066635 22.21961021
v 82.60267639 59.01457214 22.20040131
v 82.65709686 59.00173569 22.18137550
v 82.77312469 58.98694992 22.14496803
v 82.92433167 58.98821640 22.10370636
v 83.01346588 58.99776840 22.08175850
v 83.24550629 59.04713058 22.03034019
v 83.51966858 59.14189529 21.97665024
v 83.66772461 59.20637894 21.94971466
v 84.06737518 59.41808701 21.88147545
v 84.29200745 59.55745697 21.84506035
v 84.80614471 59.92105103 21.76532936
v 85.32979584 60.34401703 21.68941498
v 85.86145782 60.81833649 21.62077332
v 82.66905212 60.81008148 23.07946396
v 82.70281982 60.79953384 23.04916000
v 82.44766998 60.48620605 22.95031166
v 82.48141479 60.47938538 22.92667961
v 82.41970062 60.43762207 22.93009949
v 82.45332336 60.43140030 22.90743065
v 82.28257751 60.14849472 22.80612946
v 82.31487274 60.14604568 22.78901291
v 82.20330811 59.87735748 22.68469048
v 82.23329163 59.87883377 22.67249489
v 82.18070984 59.66451263 22.58544731
v 82.20802307 59.66941071 22.57695580
v 82.19478607 59.49501801 22.50275803
v 82.21926117 59.50294876 22.49715424
v 82.22896576 59.37297058 22.43983841
v 82.25085449 59.38334656 22.43631935
v 82.25514221 59.31439590 22.40802765
v 82.27555847 59.32606125 22.40552711
v 82.28667450 59.26050186 22.37738037
v 82.30558014 59.27344131 22.37584114
v 82.31890869 59.21687698 22.35123253
v 82.33643341 59.23093033 22.35049629
v 82.35559082 59.17670059 22.32566452
v 82.37167358 59.19187546 22.32569885
v 82.39257050 59.14358139 22.30306435
v 82.40731812 59.15976715 22.30377007
v 82.43308258 59.11376572 22.28102112
v 82.44644928 59.13096237 22.28236961
v 82.47317505 59.08953476 22.26134872
v 82.48525238 59.10765076 22.26326561
v 82.51537323 59.06864929 22.24246407
v 82.52616119 59.08766937 22.24491882
v 82.56156921 59.05032349 22.22351265
v 82.57100677 59.07025909 22.22650528
v 82.61100006 59.03514862 22.20486069
v 82.61905670 59.05601120 22.20837402
v 82.66401672 59.02323151 22.18639183
v 82.67064667 59.04502487 22.19041634
v 82.77719116 59.01025391 22.15107346
v 82.78096008 59.03386688 22.15607071
v 82.92498016 59.01360703 22.11110115
v 82.92527008 59.03935242 22.11718941
v 83.01222229 59.02428818 22.08986664
v 83.01056671 59.05118942 22.09653473
v 83.23963928 59.07632446 22.04021835
v 83.23325348 59.10597229 22.04825211
v 83.50880432 59.17388535 21.98854446
v 83.49726105 59.20643997 21.99802971
v 83.65433502 59.23975754 21.96269035
v 83.64016724 59.27376556 21.97292137
v 84.04763794 59.45491409 21.89741325
v 84.02680969 59.49255753 21.90959358
v 84.26895905 59.59606552 21.86270332
v 84.24459076 59.63562012 21.87596512
v 84.77598572 59.96344757 21.78702927
v 84.74398804 60.00710297 21.80277443
v 85.29286957 60.38991928 21.71544838
v 85.25348663 60.43748093 21.73373795
v 85.81779480 60.86745071 21.65138435
v 85.77098083 60.91873932 21.67220306
v 82.73459625 60.79159164 23.01602364
v 82.51362610 60.47447205 22.90056229
v 82.48548126 60.42699051 22.88233948
v 82.34606171 60.14491272 22.76983261
v 82.26246643 59.88123703 22.65860176
v 82.23471832 59.67498016 22.56705093
v 82.24324799 59.51139450 22.49035454
v 82.27234650 59.39413071 22.43174553
v 82.29562378 59.33808899 22.40203285
v 82.32415771 59.28671265 22.37335777
v 82.35364532 59.24529648 22.34884834
v 82.38745880 59.20733643 22.32484436
v 82.42177582 59.17622375 22.30359840
v 82.45954132 59.14841843 22.28284645
v 82.49705505 59.12601852 22.26430321
v 82.53667450 59.10692978 22.24647903
v 82.58016968 59.09044266 22.22857666
v 82.62683105 59.07711411 22.21093369
v 82.67698669 59.06706238 22.19344330
v 82.78440857 59.05773926 22.15994453
v 82.92519379 59.06537628 22.12195396
v 83.00853729 59.07838058 22.10174179
v 83.22637177 59.13596344 22.05440521
v 83.48510742 59.23939133 22.00505447
v 83.62530518 59.30820084 21.98034096
v 84.00503540 59.53072357 21.91791725
v 84.21915436 59.67574692 21.88471985
v 84.71056366 60.05146790 21.81237030
v 85.21228790 60.48591614 21.74397850
v 85.72200012 60.97113419 21.68279266
v 82.81520081 60.78396225 22.90259743
v 82.83638763 60.78689575 22.86120796
v 82.59885406 60.47146606 22.80922318
v 82.62281799 60.47439957 22.77515030
v 82.57103729 60.42490005 22.79427338
v 82.59527588 60.42792892 22.76131439
v 82.43135071 60.14942932 22.70100975
v 82.45652008 60.15354919 22.67471695
v 82.34391022 59.89388657 22.60733414
v 82.36866760 59.89986420 22.58728790
v 82.31024170 59.69556427 22.52919960
v 82.33361053 59.70363235 22.51401520
v 82.31169891 59.53953552 22.46297455
v 82.33312225 59.54976654 22.45160484
v 82.33393097 59.42868042 22.41182327
v 82.35333252 59.44083786 22.40316963
v 82.35320282 59.37610626 22.38568306
v 82.37137604 59.38932800 22.37831879
v 82.37748718 59.32822800 22.36030388
v 82.39434814 59.34253693 22.35411644
v 82.40305328 59.28992081 22.33848572
v 82.41867065 59.30521393 22.33324814
v 82.43274689 59.25512314 22.31698799
v 82.44704437 59.27141571 22.31262016
v 82.46315765 59.22690201 22.29784584
v 82.47619629 59.24412155 22.29419518
v 82.49687195 59.20200729 22.27903748
v 82.50859833 59.22016525 22.27602959
v 82.53058624 59.18228149 22.26212692
v 82.54106140 59.20130539 22.25964355
v 82.56636047 59.16583633 22.24577522
v 82.57556915 59.18571091 22.24374580
v 82.60580444 59.15205765 22.22924232
v 82.61367798 59.17281723 22.22761536
v 82.64829254 59.14146805 22.21284485
v 82.65478516 59.16311646 22.21155357
v 82.69412994 59.13418961 22.19647026
v 82.69917297 59.15674210 22.19545555
v 82.79276276 59.13032913 22.16476440
v 82.79487610 59.15465927 22.16408730
v 82.92281342 59.14438629 22.12819481
v 82.92131042 59.17079163 22.12757301
v 83.00012970 59.16088486 22.10845375
v 82.99658966 59.18841171 22.10770035
v 83.20312500 59.22677231 22.06139946
v 83.19459534 59.25693130 22.05987740
v 83.44555664 59.33892441 22.01108170
v 83.43157959 59.37175751 22.00804329
v 83.57740784 59.41205978 21.98541451
v 83.56066895 59.44618988 21.98134232
v 83.93592072 59.64527512 21.91925430
v 83.91222382 59.68246078 21.91181183
v 84.13880920 59.79580688 21.88335419
v 84.11151123 59.83447647 21.87370110
v 84.60598755 60.18315125 21.80342865
v 84.57117462 60.22471619 21.78800011
v 85.08475494 60.62842178 21.72539139
v 85.04327393 60.67236328 21.70310402
v 85.57248688 61.12392044 21.65207672
v 85.52529144 61.16981125 21.62172699
v 85.44081116 61.24818802 21.53435326
v 84.96601105 60.75048828 21.63639832
v 86.45034027 61.28305435 21.51081085
v 86.44365692 61.29020691 21.52040482
v 86.39792633 61.33784866 21.56693840
v 86.34927368 61.38745117 21.60070038
v 86.27687073 61.45970535 21.62823677
v 86.25849915 61.47779465 21.63158989
v 86.34704590 61.38972092 21.60224915
v 86.30815887 61.42864609 21.61871719
v 86.29235077 61.44447708 21.62541389
v 86.29038239 61.44640732 21.62577248
v 86.24174500 61.49428940 21.63464546
v 86.23525238 61.50067520 21.63582993
v 86.22957611 61.50619888 21.63589287
v 86.22564697 61.51002502 21.63593864
v 86.22163391 61.51393127 21.63598442
v 86.21766663 61.51779175 21.63603020
v 86.21386719 61.52148819 21.63607216
v 86.21034241 61.52491760 21.63611412
v 86.20719147 61.52797699 21.63614845
v 82.76408386 60.78632355 22.98033905
v 82.54406738 60.47150421 22.87214661
v 82.51594543 60.42443085 22.85498810
v 82.37597656 60.14509964 22.74869728
v 82.29070282 59.88455582 22.64306259
v 82.26071167 59.68121338 22.55576324
v 82.26669312 59.52032089 22.48237419
v 82.29338837 59.40530396 22.42613029
v 82.31528473 59.35046005 22.39755630
v 82.34235382 59.30028534 22.36993599
v 82.37050629 59.25993347 22.34629440
v 82.40292358 59.22305298 22.32310486
v 82.43592072 59.19292068 22.30255318
v 82.47232056 59.16609955 22.28244972
v 82.50856018 59.14460373 22.26445770
v 82.54689026 59.12640762 22.24714470
v 82.58902740 59.11083221 22.22972298
v 82.63430786 59.09842300 22.21253395
v 82.68302155 59.08930206 22.19546127
v 82.78752899 59.08181000 22.16269112
v 82.92475891 59.09160614 22.12538338
v 83.00610352 59.10578918 22.10547066
v 83.21904755 59.16617203 22.05865860
v 83.47238922 59.27256775 22.00958443
v 83.60982513 59.34286118 21.98491478
v 83.98251343 59.56910706 21.92231941
v 84.19288635 59.71607208 21.88888931
v 84.67612457 60.09597397 21.81569290
v 85.16996002 60.53441620 21.74600220
v 85.67189789 61.02352142 21.68293762
v 86.20627594 61.52886581 21.63615799
v 86.19286346 61.54181290 21.63480186
v 86.17726898 61.55686188 21.63322449
v 86.16429138 61.56923294 21.62970543
v 82.79103088 60.78377533 22.94242287
v 82.57254791 60.47050095 22.84162903
v 82.54453278 60.42373276 22.82556915
v 82.40445709 60.14660645 22.72571373
v 82.31789398 59.88877869 22.62595177
v 82.28591156 59.68807983 22.54313278
v 82.28953552 59.52970886 22.47323990
v 82.31393433 59.41682816 22.41948509
v 82.33448792 59.36314011 22.39210129
v 82.36014557 59.31413651 22.36558151
v 82.38698578 59.27481842 22.34283829
v 82.41802216 59.23899078 22.32048607
v 82.44972229 59.20982361 22.30063438
v 82.48477173 59.18397903 22.28117943
v 82.51974487 59.16337204 22.26373291
v 82.55679321 59.14605331 22.24690819
v 82.59757996 59.13138580 22.22994804
v 82.64145660 59.11988831 22.21317101
v 82.68874359 59.11169052 22.19647217
v 82.79031372 59.10602951 22.16429901
v 82.92396545 59.11796570 22.12746429
v 83.00330353 59.13331223 22.10770988
v 83.21128845 59.19648361 22.06099129
v 83.45918274 59.30580139 22.01159859
v 83.59383392 59.37755203 21.98660660
v 83.95941925 59.60739136 21.92276764
v 84.16602325 59.75621414 21.88843346
v 84.64112091 60.14005280 21.81270027
v 85.12721252 60.58218384 21.73977089
v 85.62170410 61.07481384 21.67262459
v 86.14537048 61.58726883 21.62457657
v 86.12183380 61.60970306 21.61819458
v 86.11988831 61.61156464 21.61766624
v 86.08435059 61.64486313 21.59959412
v 86.06462097 61.66334915 21.58955956
v 86.02796173 61.69703674 21.56126404
v 86.01290894 61.71087265 21.54964066
v 85.97683716 61.74325562 21.51057434
v 82.85441589 60.79253769 22.81861687
v 82.64426422 60.47927475 22.73965454
v 82.61709595 60.43280029 22.72691727
v 82.47982788 60.15894318 22.64697456
v 82.39202881 59.90668106 22.56590080
v 82.35594940 59.71226120 22.49762535
v 82.35375977 59.56037903 22.43916702
v 82.37209320 59.45325851 22.39353752
v 82.38898468 59.40277100 22.37001801
v 82.41068268 59.35703278 22.34703064
v 82.43381500 59.32065964 22.32713318
v 82.46089172 59.28784180 22.30739212
v 82.48882294 59.26144791 22.28968620
v 82.51993561 59.23841095 22.27216148
v 82.55116272 59.22039795 22.25628662
v 82.58441162 59.20564270 22.24082375
v 82.62118530 59.19361877 22.22506714
v 82.66090393 59.18479156 22.20930290
v 82.70386505 59.17929840 22.19342804
v 82.79662323 59.17895889 22.16226959
v 82.91945648 59.19710922 22.12559509
v 82.99271393 59.21580887 22.10544777
v 83.18572998 59.28683472 22.05643082
v 83.41732025 59.40414047 22.00249290
v 83.54368591 59.47974014 21.97441101
v 83.88851929 59.71864700 21.90049362
v 84.08437347 59.87186050 21.85956383
v 84.53712463 60.26422119 21.76660728
v 85.00347137 60.71327591 21.67327309
v 85.48108673 61.21152496 21.58220673
v 85.96610260 61.75289154 21.49895096
v 85.89557648 61.81315231 21.37822342
v 85.92541504 61.78831100 21.43881035
v 83.00999451 61.93582153 22.72064209
v 83.20728302 61.26992798 22.69569206
v 83.23966217 61.34870148 22.69159889
v 83.25829315 61.43187714 22.68924141
v 83.26262665 61.51703262 22.68869209
v 83.25254822 61.60169983 22.68996811
v 83.22834015 61.68340302 22.69302940
v 83.19071960 61.75977325 22.69778824
v 83.14076233 61.82858658 22.70410538
v 83.07993317 61.88784409 22.71179771
v 82.93299103 61.97112656 22.73038292
v 82.85115814 61.99272919 22.74073219
v 83.20529175 61.27793884 22.62214851
v 83.21031189 61.28775024 22.54390717
v 83.22312164 61.29948044 22.46066856
v 83.24465942 61.31325912 22.37220764
v 83.32048798 61.34835434 22.17490196
v 83.44758606 61.39344788 21.95777702
v 83.63389587 61.44830322 21.73003960
v 83.87944031 61.51074600 21.50873756
v 84.17130280 61.57637024 21.31579971
v 84.48461151 61.63958359 21.17031479
v 84.79131317 61.69557190 21.08113098
v 85.07006836 61.74173355 21.04565811
v 85.31040955 61.77766800 21.05450439
v 85.51063538 61.80432892 21.09697914
v 85.59819031 61.81479645 21.12865257
v 85.67653656 61.82338333 21.16579628
v 85.74630737 61.83024979 21.20768929
v 85.80810547 61.83553696 21.25379181
v 83.23626709 61.35657120 22.62091827
v 83.25357056 61.43930054 22.62023163
v 83.23931885 61.36616135 22.54524803
v 83.25487518 61.44832230 22.54596710
v 83.24964142 61.37757492 22.46418571
v 83.26306152 61.45900726 22.46596718
v 83.26822662 61.39090347 22.37741280
v 83.27919006 61.47143173 22.37983513
v 83.33695984 61.42450333 22.18170929
v 83.34224701 61.50250626 22.18389511
v 83.45635986 61.46704483 21.96335793
v 83.45583344 61.54137039 21.96302032
v 83.63562775 61.51797104 21.73163033
v 83.63020325 61.58729172 21.72666550
v 83.87606812 61.57501602 21.50434303
v 83.86766815 61.63803864 21.49342346
v 84.16555023 61.63407135 21.30476761
v 84.15669250 61.68990326 21.28778267
v 84.47927094 61.69020844 21.15342331
v 84.47232819 61.73864746 21.13146019
v 84.78852081 61.73939896 21.06011200
v 84.78519440 61.78095627 21.03496742
v 85.07106781 61.77961349 21.02250671
v 85.07219696 61.81529236 20.99608231
v 85.31559753 61.81072998 21.03098106
v 85.32135773 61.84171295 21.00489998
v 85.51994324 61.83370972 21.07445145
v 85.53008270 61.86114120 21.04991913
v 85.60947418 61.84270859 21.10703087
v 85.62167358 61.86874008 21.08363533
v 85.68968201 61.85007858 21.14529228
v 85.70381927 61.87494659 21.12321472
v 85.76117706 61.85596848 21.18847084
v 85.77711487 61.87990570 21.16786575
v 85.82456207 61.86050415 21.23600960
v 85.84216309 61.88372421 21.21699524
v 85.88037872 61.86379242 21.28750038
v 85.89950562 61.88648605 21.27018929
v 83.25669861 61.52376556 22.62010574
v 83.25653076 61.53192520 22.54604340
v 83.26300812 61.54155731 22.46595955
v 83.27726746 61.55271530 22.37941170
v 83.33623505 61.58044052 22.18140984
v 83.44601440 61.61478043 21.95677567
v 83.61771393 61.65491486 21.71524048
v 83.85440826 61.69876480 21.47616005
v 84.14485168 61.74308777 21.26508141
v 84.46386719 61.78433990 21.10467720
v 84.78134918 61.81984711 21.00593567
v 85.07345581 61.84848022 20.96660423
v 85.32764435 61.87040329 20.97643089
v 85.54098511 61.88647461 21.02352142
v 85.63474274 61.89274216 21.05859756
v 85.71889496 61.89785767 21.09968376
v 85.79404449 61.90194702 21.14596939
v 85.86081696 61.90508652 21.19684410
v 85.91973114 61.90736008 21.25187111
v 83.24556732 61.60755539 22.62054825
v 83.22049713 61.68826675 22.62154388
v 83.24423981 61.61463165 22.54547501
v 83.21836090 61.69413757 22.54427910
v 83.24950409 61.62297440 22.46416664
v 83.22289276 61.70104218 22.46063995
v 83.26250458 61.63260651 22.37615013
v 83.23529053 61.70899200 22.37014008
v 83.31906891 61.65641022 22.17431450
v 83.29115295 61.72855759 22.16277885
v 83.42710876 61.68565750 21.94475746
v 83.39955902 61.75242996 21.92723656
v 83.59841156 61.71952820 21.69757843
v 83.57266235 61.77987289 21.67402267
v 83.83647919 61.75617981 21.45284271
v 83.81420135 61.80932999 21.42385674
v 84.13019562 61.79288483 21.23698235
v 84.11293030 61.83860016 21.20387650
v 84.45397186 61.82675934 21.07338142
v 84.44275665 61.86541367 21.03793144
v 84.77702332 61.85571289 20.97329140
v 84.77226257 61.88819885 20.93734550
v 85.07484436 61.87892151 20.93429756
v 85.07633972 61.90637589 20.89941788
v 85.33441925 61.89661789 20.94576645
v 85.34162903 61.92018127 20.91311264
v 85.55260468 61.90954971 20.99541664
v 85.56485748 61.93024063 20.96576691
v 85.64859772 61.91458511 21.03204918
v 85.66315460 61.93415070 21.00413895
v 85.73481750 61.91869354 21.07481956
v 85.75151062 61.93733978 21.04875565
v 85.81189728 61.92197037 21.12289810
v 85.83055878 61.93988037 21.09876251
v 85.88043976 61.92448807 21.17565155
v 85.90091705 61.94183350 21.15351868
v 85.94097137 61.92630768 21.23263359
v 85.96312714 61.94324493 21.21256828
v 83.18218994 61.76359940 22.62306595
v 83.17960358 61.76821136 22.54248810
v 83.18392181 61.77362442 22.45546913
v 83.19635773 61.77985001 22.36153984
v 83.25318909 61.79510880 22.14708519
v 83.36396027 61.81362534 21.90459251
v 83.54096985 61.83477783 21.64502907
v 83.78794098 61.85733032 21.38968849
v 84.09328461 61.87959290 21.16622353
v 84.43036652 61.89987183 20.99873924
v 84.76711273 61.91700363 20.89843750
v 85.07792664 61.93061829 20.86224556
v 85.34923553 61.94092560 20.87868881
v 85.57768250 61.94842148 20.93474388
v 85.67834473 61.95133209 20.97501945
v 85.76889038 61.95370102 21.02162552
v 85.84996033 61.95558929 21.07368851
v 85.92217255 61.95703888 21.13055420
v 85.98609924 61.95808411 21.19177055
v 83.13175964 61.83139801 22.62507057
v 83.12905884 61.83478165 22.54015160
v 83.13363647 61.83874893 22.44880104
v 83.14671326 61.84330750 22.35057449
v 83.20609283 61.85443878 22.12762260
v 83.32109070 61.86788940 21.87733269
v 83.50395203 61.88317490 21.61116600
v 83.75813293 61.89938736 21.35090256
v 84.07155609 61.91530228 21.12454987
v 84.41693115 61.92972183 20.95625114
v 84.76161194 61.94186020 20.85693550
v 85.07961273 61.95146561 20.82307053
v 85.35718536 61.95872116 20.84272385
v 85.59099579 61.96398926 20.90252876
v 85.69409180 61.96603012 20.94485474
v 85.78686523 61.96769333 20.99357033
v 85.86998749 61.96901703 21.04779434
v 85.94409180 61.97003174 21.10687065
v 86.00977325 61.97076797 21.17033768
v 83.07064056 61.88972855 22.62749672
v 83.00057220 61.93692398 22.63027954
v 83.06813812 61.89199066 22.53733826
v 82.99854279 61.93823624 22.53412056
v 83.07341766 61.89464569 22.44081116
v 83.00489807 61.93978119 22.43172455
v 83.08769226 61.89768219 22.33753777
v 83.02083588 61.94154358 22.32277107
v 83.15102386 61.90509796 22.10486221
v 83.08933258 61.94584274 22.07936478
v 83.27191162 61.91402435 21.84605789
v 83.21750641 61.95100784 21.81145859
v 83.46233368 61.92412567 21.57308578
v 83.41691589 61.95682907 21.53153229
v 83.72527313 61.93479156 21.30814743
v 83.68990326 61.96296310 21.26213264
v 84.04802704 61.94521713 21.07943535
v 84.02302551 61.96893311 21.03150940
v 84.40261078 61.95463181 20.91095924
v 84.38757324 61.97430420 20.86338615
v 84.75582123 61.96252441 20.81323433
v 84.74979401 61.97880173 20.76774788
v 85.08135986 61.96875381 20.78219986
v 85.08316803 61.98234558 20.73995972
v 85.36540985 61.97344971 20.80545807
v 85.37387085 61.98500824 20.76714134
v 85.60472107 61.97684860 20.86931038
v 85.61878967 61.98693466 20.83528137
v 85.71028900 61.97816849 20.91380501
v 85.72686005 61.98767853 20.88204384
v 85.80533600 61.97924042 20.96473885
v 85.82420349 61.98828506 20.93527794
v 85.89054871 61.98009491 21.02121735
v 85.91153717 61.98876953 20.99408340
v 85.96658325 61.98075104 21.08258057
v 85.98950958 61.98914337 21.05780411
v 86.03402710 61.98122406 21.14836884
v 86.05876160 61.98940659 21.12597275
v 82.92356110 61.97162628 22.63334084
v 82.92222595 61.97222519 22.53059578
v 82.92995453 61.97292709 22.42178535
v 82.94792175 61.97373199 22.30666542
v 83.02252197 61.97568512 22.05175209
v 83.15908051 61.97802353 21.77429962
v 83.36857605 61.98065567 21.48731041
v 83.65262604 61.98342514 21.21362877
v 83.99691010 61.98611069 20.98143768
v 84.37198639 61.98852539 20.81407356
v 84.74359131 61.99053955 20.72090912
v 85.08502960 61.99212646 20.69668007
v 85.38250732 61.99332047 20.72802925
v 85.63310242 61.99417877 20.80064201
v 85.74371338 61.99451065 20.84974480
v 85.84338379 61.99478531 20.90534592
v 85.93284607 61.99499893 20.96653557
v 86.01278687 61.99516296 21.03265572
v 86.08385468 61.99528122 21.10325050
v 85.86245728 61.83937454 21.30372620
v 85.90980530 61.84184647 21.35725212
v 85.92905426 61.86590576 21.34268761
v 85.93520355 61.87261963 21.33802605
v 85.94955444 61.88826752 21.32716751
v 85.97122192 61.90882111 21.31076431
v 85.98479462 61.91996002 21.30048752
v 85.99394989 61.92747879 21.29355431
v 85.99555969 61.92861176 21.29233551
v 86.01765442 61.94415283 21.27561760
v 86.04219818 61.95875931 21.25703621
v 86.06748199 61.97124100 21.23789787
v 86.06833649 61.97158432 21.23724556
v 86.09338379 61.98152924 21.21829033
v 86.09422302 61.98178482 21.21765327
v 86.11978149 61.98958206 21.19830704
v 86.14655304 61.99536133 21.17803764
v 86.15052032 61.99587250 21.17503738
v 82.84181213 61.99285507 22.63658714
v 82.84131622 61.99300766 22.52685738
v 82.85061646 61.99318695 22.41126251
v 82.87088776 61.99338913 22.28964996
v 82.95222473 61.99388123 22.02269745
v 83.09792328 61.99447250 21.73539925
v 83.31826782 61.99514008 21.44128418
v 83.61405182 61.99583817 21.16343498
v 83.97003937 61.99651718 20.92992401
v 84.35602570 61.99712372 20.76359558
v 84.73726654 61.99763107 20.67315674
v 85.08691406 61.99802780 20.65270424
v 85.39126587 61.99832535 20.68838692
v 85.64758301 61.99854279 20.76559067
v 85.76074982 61.99862289 20.81708908
v 85.86276245 61.99869537 20.87509537
v 85.95436859 61.99874878 20.93870544
v 86.03629303 61.99878693 21.00726128
v 86.10918427 61.99881744 21.08031082
v 86.17358398 61.99884033 21.15757751
v 86.30481720 61.51221085 21.62592125
v 86.30116272 61.52991486 21.62592125
v 86.35731506 61.39868164 21.60093880
v 86.37240601 61.42710876 21.60093880
v 86.50573730 61.37049103 21.51146126
v 86.52151489 61.42499924 21.51100922
v 86.37821198 61.90020752 21.37856102
v 86.31517792 61.95845413 21.30049515
v 86.15101624 61.99094391 21.21765518
v 86.07301331 61.95492935 21.30049515
v 85.99670410 61.92620087 21.30049515
v 85.94663239 61.85649490 21.37856102
v 86.01170349 61.89487076 21.37856102
v 86.15312958 61.97011948 21.30049515
v 86.23616028 61.99218369 21.21765518
v 86.23464966 61.97130203 21.30049515
v 86.30676270 61.92475510 21.37856102
v 86.35894012 61.85676575 21.44957542
v 86.41792297 61.82425690 21.44957542
v 86.46749115 61.69657898 21.51146126
v 86.45256805 61.57501984 21.56241226
v 86.51649475 61.59437180 21.51043320
v 86.46171570 61.53061295 21.56241226
v 86.46309662 61.48529053 21.56241226
v 86.47893524 61.31998444 21.51146126
v 86.42134094 61.35725021 21.56241226
v 86.29719543 61.45904541 21.62592125
v 86.30279541 61.47623825 21.62592125
v 86.29452515 61.54673386 21.62592125
v 86.15549469 61.59451294 21.62592125
v 86.09249115 61.65186691 21.60093880
v 86.04822540 61.71397018 21.56241226
v 85.97421265 61.81780243 21.44957542
v 86.00841522 61.76982498 21.51146126
v 86.37947845 61.55324554 21.60093880
v 86.38596344 61.52172852 21.60093880
v 86.38694000 61.48955917 21.60093880
v 86.45665741 61.44040680 21.56241226
v 86.30535889 61.49413300 21.62592125
v 86.38237762 61.45770645 21.60093880
v 86.44260406 61.39730072 21.56241226
v 86.47030640 61.78201675 21.44953537
v 86.42972565 61.73950958 21.51146126
v 86.38232422 61.68992996 21.56241226
v 86.41226959 61.65588379 21.56241226
v 86.32962036 61.63479996 21.60093880
v 86.35087585 61.61063766 21.60093880
v 86.27314758 61.57574081 21.62592125
v 86.28509521 61.56216049 21.62592125
v 86.36766052 61.58318329 21.60093880
v 86.43591309 61.61719894 21.56241226
v 86.49730682 61.64779282 21.51146126
v 86.33506012 61.80290985 21.51146126
v 86.38513947 61.77530670 21.51146126
v 86.30725861 61.74020386 21.56241226
v 86.34696198 61.71831894 21.56241226
v 86.27633667 61.67048645 21.60093880
v 86.30451965 61.65495300 21.60093880
v 86.24320984 61.59579086 21.62592125
v 86.25904846 61.58706284 21.62592125
v 86.03221893 61.85201263 21.44957542
v 86.05766296 61.79887009 21.51146126
v 86.08728027 61.73700333 21.56241226
v 86.12020874 61.66821289 21.60093880
v 86.29525757 61.87865067 21.44957542
v 86.28098297 61.82149124 21.51146126
v 86.26437378 61.75494385 21.56241226
v 86.24590302 61.68094635 21.60093880
v 86.22611237 61.60166550 21.62592125
v 86.08239746 61.92149353 21.37856102
v 86.09524536 61.87574005 21.44957542
v 86.11117554 61.81901932 21.51146126
v 86.12970734 61.75298309 21.56241226
v 86.15032959 61.67955399 21.60093880
v 86.17241669 61.60088348 21.62592125
v 86.15662384 61.93555832 21.37856102
v 86.16141510 61.88828659 21.44957542
v 86.16735077 61.82966614 21.51146126
v 86.17426300 61.76142502 21.56241226
v 86.18194580 61.68554688 21.60093880
v 86.19017792 61.60425186 21.62592125
v 86.23216248 61.93665695 21.37856102
v 86.22875214 61.88926315 21.44957542
v 86.22452545 61.83050156 21.51146126
v 86.21960449 61.76208496 21.56241226
v 86.21412659 61.68601608 21.60093880
v 86.20825958 61.60451508 21.62592125
f 1 2 3
f 4 5 6
f 7 8 9
f 10 11 7
f 10 7 12
f 12 7 13
f 13 7 9
f 13 9 14
f 15 16 1
f 1 16 17
f 1 17 2
f 2 17 18
f 2 18 19
f 20 21 22
f 22 21 14
f 23 24 19
f 19 24 25
f 19 25 2
f 2 25 26
f 2 26 3
f 3 26 27
f 3 27 28
f 29 30 20
f 28 31 3
f 3 31 32
f 3 32 33
f 5 15 6
f 6 15 1
f 6 1 34
f 34 1 3
f 34 3 35
f 35 3 33
f 35 33 36
f 37 38 29
f 29 38 39
f 29 39 30
f 40 41 37
f 14 9 22
f 22 9 42
f 22 42 43
f 43 42 44
f 43 44 45
f 45 44 46
f 45 46 47
f 36 48 35
f 35 48 49
f 35 49 50
f 8 4 9
f 9 4 6
f 9 6 42
f 42 6 34
f 42 34 44
f 44 34 35
f 44 35 46
f 46 35 50
f 46 50 51
f 52 53 54
f 54 55 56
f 55 57 56
f 56 57 58
f 56 58 59
f 37 29 40
f 40 29 60
f 40 60 61
f 61 60 62
f 61 62 63
f 63 62 64
f 63 64 65
f 51 66 46
f 46 66 67
f 46 67 47
f 47 67 68
f 47 68 69
f 70 71 64
f 20 22 29
f 29 22 43
f 29 43 60
f 60 43 45
f 60 45 62
f 62 45 47
f 62 47 64
f 64 47 69
f 64 69 70
f 53 52 72
f 54 56 52
f 52 56 73
f 52 73 74
f 74 73 75
f 74 75 76
f 76 75 77
f 76 77 78
f 79 80 65
f 71 81 64
f 64 81 82
f 64 82 65
f 65 82 83
f 65 83 79
f 80 77 65
f 65 77 75
f 65 75 63
f 63 75 73
f 63 73 61
f 61 73 56
f 61 56 40
f 40 56 59
f 40 59 41
f 84 85 86
f 86 85 87
f 86 87 88
f 89 90 91
f 91 90 84
f 80 92 77
f 77 92 93
f 77 93 78
f 78 93 94
f 78 94 95
f 95 96 78
f 78 96 97
f 78 97 76
f 76 97 98
f 76 98 74
f 74 98 99
f 74 99 52
f 100 101 102
f 102 101 103
f 102 103 89
f 84 86 91
f 91 86 104
f 91 104 105
f 105 104 106
f 105 106 107
f 107 106 108
f 107 108 109
f 95 110 96
f 96 110 111
f 96 111 112
f 112 108 96
f 96 108 106
f 96 106 97
f 97 106 104
f 97 104 98
f 98 104 86
f 98 86 99
f 99 86 88
f 99 88 52
f 52 88 113
f 52 113 72
f 114 115 116
f 116 115 117
f 118 119 116
f 116 119 120
f 116 120 114
f 121 118 122
f 122 118 116
f 122 116 123
f 123 116 117
f 123 117 124
f 125 121 126
f 126 121 122
f 126 122 127
f 127 122 123
f 127 123 102
f 102 123 124
f 102 124 100
f 112 128 108
f 108 128 129
f 108 129 109
f 109 129 130
f 109 130 131
f 89 91 102
f 102 91 105
f 102 105 127
f 127 105 107
f 127 107 126
f 126 107 109
f 126 109 125
f 125 109 131
f 125 131 132
f 133 134 135
f 136 137 138
f 139 140 141
f 142 143 144
f 145 146 147
f 148 149 145
f 150 151 152
f 153 154 155
f 156 157 158
f 159 156 160
f 160 156 158
f 160 158 161
f 161 158 162
f 163 164 148
f 148 164 165
f 148 165 149
f 149 165 166
f 167 168 169
f 169 168 162
f 146 145 170
f 170 145 149
f 170 149 152
f 152 149 166
f 152 166 150
f 171 172 167
f 173 174 171
f 171 174 175
f 171 175 172
f 154 163 155
f 155 163 148
f 155 148 176
f 176 148 145
f 176 145 177
f 177 145 147
f 177 147 178
f 157 153 158
f 158 153 155
f 158 155 179
f 179 155 176
f 179 176 180
f 180 176 177
f 180 177 142
f 142 177 178
f 142 178 143
f 181 182 183
f 183 182 184
f 183 184 173
f 185 186 187
f 162 158 169
f 169 158 179
f 169 179 188
f 188 179 180
f 188 180 189
f 189 180 142
f 189 142 190
f 190 142 144
f 190 144 191
f 167 169 171
f 171 169 188
f 171 188 192
f 192 188 189
f 192 189 193
f 193 189 190
f 193 190 139
f 139 190 191
f 139 191 140
f 194 195 185
f 185 195 196
f 185 196 186
f 197 198 185
f 187 199 185
f 185 199 200
f 185 200 197
f 197 200 201
f 197 201 202
f 202 201 203
f 202 203 204
f 173 171 183
f 183 171 192
f 183 192 205
f 205 192 193
f 205 193 206
f 206 193 139
f 206 139 207
f 207 139 141
f 207 141 208
f 208 203 207
f 207 203 201
f 207 201 206
f 206 201 200
f 206 200 205
f 205 200 199
f 205 199 183
f 183 199 187
f 183 187 181
f 209 210 211
f 211 210 212
f 211 212 213
f 214 215 209
f 216 217 214
f 214 217 218
f 214 218 215
f 219 220 204
f 208 221 203
f 203 221 222
f 203 222 204
f 204 222 223
f 204 223 219
f 198 197 224
f 224 197 202
f 224 202 225
f 225 202 204
f 225 204 136
f 136 204 220
f 136 220 137
f 226 227 217
f 227 228 217
f 217 228 229
f 217 229 218
f 230 226 231
f 231 226 217
f 231 217 232
f 232 217 216
f 232 216 233
f 194 185 213
f 213 185 198
f 213 198 211
f 211 198 224
f 211 224 234
f 234 224 225
f 234 225 235
f 235 225 136
f 235 136 236
f 236 136 138
f 236 138 237
f 134 230 135
f 135 230 231
f 135 231 238
f 238 231 232
f 238 232 239
f 239 232 233
f 239 233 240
f 240 241 239
f 239 241 242
f 239 242 238
f 238 242 243
f 238 243 135
f 135 243 244
f 135 244 133
f 133 244 245
f 209 211 214
f 214 211 234
f 214 234 216
f 216 234 235
f 216 235 233
f 233 235 236
f 233 236 240
f 240 236 237
f 240 237 241
f 241 237 246
f 241 246 247
f 248 249 250
f 251 252 253
f 254 255 251
f 256 257 248
f 248 257 258
f 248 258 249
f 259 260 261
f 261 260 249
f 261 249 262
f 262 249 258
f 263 264 265
f 265 264 266
f 267 268 263
f 254 251 269
f 269 251 253
f 269 253 270
f 270 253 271
f 270 271 272
f 272 271 273
f 272 273 274
f 260 275 249
f 249 275 276
f 249 276 250
f 250 276 277
f 250 277 278
f 252 256 253
f 253 256 248
f 253 248 271
f 271 248 250
f 271 250 273
f 273 250 278
f 279 280 281
f 281 280 268
f 263 265 267
f 267 265 282
f 267 282 283
f 283 282 284
f 283 284 285
f 285 284 286
f 285 286 287
f 278 288 273
f 273 288 289
f 273 289 274
f 274 289 290
f 274 290 291
f 291 286 274
f 274 286 284
f 274 284 272
f 272 284 282
f 272 282 270
f 270 282 265
f 270 265 269
f 269 265 266
f 269 266 254
f 292 293 294
f 294 293 295
f 291 296 286
f 286 296 297
f 286 297 287
f 287 297 298
f 287 298 299
f 268 267 281
f 281 267 283
f 281 283 300
f 300 283 285
f 300 285 301
f 301 285 287
f 301 287 302
f 302 287 299
f 302 299 303
f 304 305 306
f 306 305 307
f 279 281 308
f 308 281 300
f 308 300 309
f 309 300 301
f 309 301 310
f 310 301 302
f 310 302 311
f 311 302 303
f 311 303 312
f 292 294 313
f 313 294 314
f 313 314 315
f 315 314 316
f 315 316 317
f 317 316 318
f 317 318 319
f 312 320 311
f 311 320 321
f 311 321 322
f 322 318 311
f 311 318 316
f 311 316 310
f 310 316 314
f 310 314 309
f 309 314 294
f 309 294 308
f 308 294 295
f 308 295 279
f 323 324 325
f 325 324 326
f 325 326 327
f 328 323 329
f 329 323 325
f 329 325 330
f 330 325 327
f 330 327 304
f 331 332 319
f 322 333 318
f 318 333 334
f 318 334 319
f 319 334 335
f 319 335 331
f 332 336 319
f 319 336 337
f 319 337 317
f 317 337 338
f 317 338 315
f 315 338 306
f 315 306 313
f 313 306 307
f 313 307 292
f 339 340 324
f 340 341 324
f 324 341 342
f 324 342 326
f 343 339 344
f 344 339 324
f 344 324 345
f 345 324 323
f 345 323 346
f 346 323 328
f 346 328 347
f 332 348 336
f 336 348 349
f 336 349 350
f 304 306 330
f 330 306 338
f 330 338 329
f 329 338 337
f 329 337 328
f 328 337 336
f 328 336 347
f 347 336 350
f 347 350 351
f 351 352 347
f 347 352 353
f 347 353 346
f 346 353 354
f 346 354 345
f 345 354 355
f 345 355 344
f 344 355 356
f 344 356 343
f 343 356 357
f 358 359 360
f 361 362 363
f 364 365 366
f 367 368 361
f 369 370 371
f 372 373 374
f 374 373 375
f 374 375 376
f 361 368 362
f 362 368 377
f 362 377 364
f 378 379 380
f 380 379 381
f 372 369 373
f 373 369 371
f 373 371 382
f 382 371 383
f 382 383 384
f 384 383 385
f 384 385 386
f 364 366 362
f 362 366 387
f 362 387 363
f 363 387 388
f 363 388 389
f 370 367 371
f 371 367 361
f 371 361 383
f 383 361 363
f 383 363 385
f 385 363 389
f 390 391 392
f 392 391 393
f 394 395 390
f 378 380 396
f 396 380 397
f 396 397 398
f 398 397 399
f 398 399 400
f 400 399 401
f 400 401 402
f 389 403 385
f 385 403 404
f 385 404 386
f 386 404 405
f 386 405 406
f 406 401 386
f 386 401 399
f 386 399 384
f 384 399 397
f 384 397 382
f 382 397 380
f 382 380 373
f 373 380 381
f 373 381 375
f 407 408 409
f 409 408 395
f 410 411 407
f 390 392 394
f 394 392 412
f 394 412 413
f 413 412 414
f 413 414 415
f 415 414 416
f 415 416 417
f 418 419 402
f 406 420 401
f 401 420 421
f 401 421 402
f 402 421 422
f 402 422 418
f 419 416 402
f 402 416 414
f 402 414 400
f 400 414 412
f 400 412 398
f 398 412 392
f 398 392 396
f 396 392 393
f 396 393 378
f 423 424 425
f 425 424 411
f 426 427 423
f 407 409 410
f 410 409 428
f 410 428 429
f 429 428 430
f 429 430 431
f 431 430 432
f 431 432 433
f 419 434 416
f 416 434 435
f 416 435 417
f 417 435 436
f 417 436 437
f 395 394 409
f 409 394 413
f 409 413 428
f 428 413 415
f 428 415 430
f 430 415 417
f 430 417 432
f 432 417 437
f 432 437 438
f 439 440 441
f 441 440 442
f 441 442 427
f 423 425 426
f 426 425 443
f 426 443 444
f 444 443 445
f 444 445 446
f 446 445 447
f 446 447 448
f 438 449 432
f 432 449 450
f 432 450 433
f 433 450 451
f 433 451 452
f 411 410 425
f 425 410 429
f 425 429 443
f 443 429 431
f 443 431 445
f 445 431 433
f 445 433 447
f 447 433 452
f 447 452 453
f 454 455 440
f 440 455 456
f 440 456 442
f 359 454 360
f 360 454 440
f 360 440 457
f 457 440 439
f 457 439 458
f 459 358 460
f 460 358 360
f 460 360 461
f 461 360 457
f 461 457 462
f 462 457 458
f 462 458 463
f 453 464 447
f 447 464 465
f 447 465 448
f 448 465 466
f 448 466 467
f 427 426 441
f 441 426 444
f 441 444 439
f 439 444 446
f 439 446 458
f 458 446 448
f 458 448 463
f 463 448 467
f 463 467 468
f 469 470 471
f 472 473 474
f 475 476 477
f 478 479 480
f 481 475 482
f 482 475 483
f 481 484 485
f 481 485 475
f 475 485 486
f 475 486 476
f 476 486 487
f 476 487 488
f 489 490 491
f 491 490 492
f 491 492 493
f 494 477 495
f 495 477 476
f 495 476 480
f 480 476 488
f 480 488 478
f 490 496 492
f 492 496 497
f 492 497 474
f 474 497 498
f 474 498 472
f 499 500 501
f 501 500 502
f 501 502 503
f 504 494 505
f 505 494 495
f 505 495 474
f 474 495 480
f 474 480 492
f 492 480 479
f 492 479 493
f 506 507 508
f 508 507 509
f 508 509 499
f 510 511 506
f 473 512 474
f 474 512 513
f 474 513 505
f 505 513 514
f 505 514 515
f 515 516 505
f 505 516 517
f 505 517 504
f 504 517 518
f 504 518 519
f 519 520 504
f 504 520 521
f 504 521 494
f 494 521 522
f 494 522 477
f 477 522 501
f 477 501 475
f 475 501 503
f 475 503 483
f 523 524 525
f 526 527 528
f 528 527 523
f 524 529 525
f 525 529 530
f 525 530 531
f 506 508 510
f 510 508 532
f 510 532 533
f 533 532 534
f 533 534 535
f 535 534 536
f 535 536 537
f 519 538 520
f 520 538 539
f 520 539 540
f 541 542 536
f 499 501 508
f 508 501 522
f 508 522 532
f 532 522 521
f 532 521 534
f 534 521 520
f 534 520 536
f 536 520 540
f 536 540 541
f 523 525 528
f 528 525 543
f 528 543 544
f 544 543 545
f 544 545 546
f 546 545 547
f 546 547 548
f 549 550 537
f 542 551 536
f 536 551 552
f 536 552 537
f 537 552 553
f 537 553 549
f 550 547 537
f 537 547 545
f 537 545 535
f 535 545 543
f 535 543 533
f 533 543 525
f 533 525 510
f 510 525 531
f 510 531 511
f 554 555 556
f 556 555 557
f 556 557 558
f 559 560 561
f 561 560 554
f 550 562 547
f 547 562 563
f 547 563 548
f 548 563 564
f 548 564 565
f 565 566 548
f 548 566 567
f 548 567 546
f 546 567 568
f 546 568 544
f 544 568 569
f 544 569 528
f 570 571 572
f 571 573 572
f 572 573 574
f 572 574 559
f 575 570 576
f 576 570 572
f 576 572 577
f 554 556 561
f 561 556 578
f 561 578 579
f 579 578 580
f 579 580 581
f 581 580 582
f 581 582 583
f 565 584 566
f 566 584 585
f 566 585 586
f 586 582 566
f 566 582 580
f 566 580 567
f 567 580 578
f 567 578 568
f 568 578 556
f 568 556 569
f 569 556 558
f 569 558 528
f 528 558 587
f 528 587 526
f 470 575 471
f 471 575 576
f 471 576 588
f 588 576 577
f 588 577 589
f 590 469 591
f 591 469 471
f 591 471 592
f 592 471 588
f 592 588 593
f 593 588 589
f 593 589 594
f 586 595 582
f 582 595 596
f 582 596 583
f 583 596 597
f 583 597 598
f 559 561 572
f 572 561 579
f 572 579 577
f 577 579 581
f 577 581 589
f 589 581 583
f 589 583 594
f 594 583 598
f 594 598 599
f 600 601 602
f 603 604 601
f 601 604 605
f 606 607 608
f 609 610 611
f 611 610 612
f 609 611 613
f 613 611 614
f 613 614 615
f 615 616 613
f 613 616 606
f 613 606 617
f 607 606 601
f 601 606 618
f 601 618 603
f 608 619 606
f 606 619 620
f 606 620 621
f 605 622 601
f 601 622 623
f 601 623 624
f 625 626 601
f 601 626 627
f 621 628 606
f 606 628 629
f 606 629 617
f 611 630 631
f 631 630 632
f 624 633 601
f 601 633 634
f 601 634 625
f 627 635 601
f 601 635 636
f 601 636 602
f 612 637 611
f 611 637 638
f 611 638 630
f 639 640 641
f 641 640 642
f 642 640 602
f 602 640 643
f 602 643 600
f 644 632 645
f 645 632 630
f 645 630 646
f 646 630 638
f 646 638 647
f 647 638 637
f 647 637 648
f 648 637 612
f 648 612 649
f 649 612 610
f 649 610 650
f 650 610 609
f 650 609 651
f 651 609 613
f 651 613 652
f 652 613 617
f 652 617 653
f 653 617 629
f 653 629 654
f 654 629 628
f 654 628 655
f 655 628 621
f 655 621 656
f 656 621 620
f 656 620 657
f 657 620 619
f 657 619 658
f 658 619 608
f 658 608 659
f 659 608 607
f 659 607 660
f 660 607 601
f 660 601 661
f 661 601 600
f 661 600 662
f 662 600 643
f 662 643 663
f 663 643 640
f 663 640 664
f 664 640 639
f 664 639 665
f 665 639 641
f 665 641 666
f 666 641 642
f 666 642 667
f 667 642 602
f 667 602 668
f 668 602 636
f 668 636 669
f 669 636 635
f 669 635 670
f 670 635 627
f 670 627 671
f 671 627 626
f 671 626 672
f 672 626 625
f 672 625 673
f 673 625 634
f 673 634 674
f 674 634 633
f 674 633 675
f 675 633 624
f 675 624 676
f 676 624 623
f 676 623 677
f 677 623 622
f 677 622 678
f 678 622 605
f 678 605 679
f 679 605 604
f 679 604 680
f 680 604 603
f 680 603 681
f 681 603 618
f 681 618 682
f 682 618 606
f 682 606 683
f 683 606 616
f 683 616 684
f 684 616 615
f 684 615 685
f 685 615 614
f 685 614 686
f 686 614 611
f 686 611 687
f 687 611 631
f 687 631 644
f 644 631 632
f 688 689 684
f 690 691 679
f 692 693 674
f 694 695 669
f 696 697 662
f 698 699 657
f 700 701 652
f 702 646 703
f 703 646 647
f 703 647 704
f 704 647 705
f 705 647 648
f 705 648 706
f 706 648 707
f 707 648 649
f 707 649 708
f 650 709 710
f 650 710 649
f 649 710 711
f 649 711 708
f 709 650 712
f 712 650 651
f 712 651 713
f 652 701 651
f 651 701 714
f 651 714 713
f 700 652 715
f 715 652 653
f 715 653 716
f 716 653 717
f 717 653 654
f 717 654 718
f 655 719 720
f 655 720 654
f 654 720 721
f 654 721 718
f 719 655 722
f 722 655 656
f 722 656 723
f 657 699 656
f 656 699 724
f 656 724 723
f 698 657 725
f 725 657 658
f 725 658 726
f 660 727 728
f 660 728 659
f 728 729 659
f 659 729 730
f 659 730 658
f 658 730 731
f 658 731 726
f 727 660 732
f 732 660 661
f 732 661 733
f 662 697 661
f 661 697 734
f 661 734 733
f 696 662 735
f 735 662 663
f 735 663 736
f 664 665 737
f 737 738 664
f 664 738 739
f 664 739 663
f 663 739 740
f 663 740 736
f 741 742 666
f 666 742 743
f 666 743 665
f 665 743 744
f 665 744 737
f 741 666 745
f 745 666 667
f 745 667 746
f 746 667 668
f 746 668 747
f 669 695 668
f 668 695 748
f 668 748 747
f 694 669 749
f 749 669 670
f 749 670 750
f 750 670 751
f 751 670 671
f 751 671 752
f 672 753 754
f 672 754 671
f 671 754 755
f 671 755 752
f 753 672 756
f 756 672 673
f 756 673 757
f 674 693 673
f 673 693 758
f 673 758 757
f 692 674 759
f 759 674 675
f 759 675 760
f 760 675 761
f 761 675 676
f 761 676 762
f 677 763 764
f 677 764 676
f 676 764 765
f 676 765 762
f 763 677 766
f 766 677 678
f 766 678 767
f 679 691 678
f 678 691 768
f 678 768 767
f 690 679 769
f 769 679 680
f 769 680 770
f 682 771 772
f 682 772 681
f 772 773 681
f 681 773 774
f 681 774 680
f 680 774 775
f 680 775 770
f 771 682 776
f 776 682 683
f 776 683 777
f 684 689 683
f 683 689 778
f 683 778 777
f 688 684 779
f 779 684 685
f 779 685 780
f 687 781 782
f 687 782 686
f 782 783 686
f 686 783 784
f 686 784 685
f 685 784 785
f 685 785 780
f 781 687 786
f 786 687 644
f 786 644 787
f 702 788 646
f 646 788 789
f 646 789 645
f 645 789 790
f 645 790 644
f 644 790 791
f 644 791 787
f 792 793 794
f 795 796 797
f 798 799 800
f 801 802 803
f 804 805 806
f 807 808 809
f 810 811 812
f 813 814 815
f 816 817 818
f 819 820 821
f 822 823 824
f 825 826 827
f 828 829 830
f 831 832 833
f 834 835 836
f 837 838 839
f 840 841 842
f 843 844 845
f 846 847 848
f 849 850 851
f 852 853 854
f 855 856 857
f 858 859 860
f 861 862 863
f 864 865 866
f 867 868 869
f 870 871 872
f 873 874 875
f 876 877 878
f 879 880 881
f 791 790 882
f 787 791 883
f 781 786 884
f 784 783 885
f 780 785 886
f 689 688 887
f 771 776 888
f 774 773 889
f 770 775 890
f 691 690 891
f 762 765 892
f 760 761 893
f 693 692 894
f 752 755 895
f 750 751 896
f 695 694 897
f 747 748 898
f 741 745 899
f 742 741 900
f 744 743 901
f 739 738 902
f 736 740 903
f 697 696 904
f 727 732 905
f 730 729 906
f 726 731 907
f 699 698 908
f 718 721 909
f 716 717 910
f 701 700 911
f 708 711 912
f 706 707 913
f 703 704 914
f 788 702 915
f 790 789 916
f 916 789 788
f 703 914 702
f 704 705 917
f 917 705 706
f 708 912 707
f 711 710 918
f 918 710 709
f 709 712 919
f 919 712 713
f 713 714 920
f 920 714 701
f 700 715 921
f 921 715 716
f 718 909 717
f 721 720 922
f 922 720 719
f 719 722 923
f 923 722 723
f 723 724 924
f 924 724 699
f 698 725 925
f 925 725 726
f 730 906 731
f 729 728 926
f 926 728 727
f 732 733 927
f 927 733 734
f 927 734 697
f 696 735 928
f 928 735 736
f 739 902 740
f 738 737 929
f 929 737 744
f 742 900 743
f 745 746 930
f 930 746 747
f 695 897 748
f 694 749 931
f 931 749 750
f 752 895 751
f 755 754 932
f 932 754 753
f 753 756 933
f 933 756 757
f 757 758 934
f 934 758 693
f 692 759 935
f 935 759 760
f 762 892 761
f 765 764 936
f 936 764 763
f 763 766 937
f 937 766 767
f 767 768 938
f 938 768 691
f 690 769 939
f 939 769 770
f 774 889 775
f 773 772 940
f 940 772 771
f 776 777 941
f 941 777 778
f 941 778 689
f 688 779 942
f 942 779 780
f 784 885 785
f 783 782 943
f 943 782 781
f 787 883 786
f 790 916 882
f 882 916 944
f 882 944 945
f 945 944 946
f 945 946 947
f 947 946 948
f 947 948 949
f 949 948 950
f 949 950 951
f 951 950 952
f 951 952 953
f 953 952 954
f 953 954 955
f 955 954 956
f 955 956 957
f 957 956 958
f 957 958 959
f 959 958 881
f 959 881 960
f 960 881 880
f 960 880 961
f 788 915 916
f 916 915 962
f 916 962 944
f 944 962 963
f 944 963 946
f 946 963 964
f 946 964 948
f 948 964 965
f 948 965 950
f 950 965 966
f 950 966 952
f 952 966 967
f 952 967 954
f 954 967 968
f 954 968 956
f 956 968 969
f 956 969 958
f 958 969 878
f 958 878 881
f 881 878 877
f 881 877 879
f 702 914 915
f 915 914 970
f 915 970 962
f 962 970 971
f 962 971 963
f 963 971 972
f 963 972 964
f 964 972 973
f 964 973 965
f 965 973 974
f 965 974 966
f 966 974 975
f 966 975 967
f 967 975 976
f 967 976 968
f 968 976 977
f 968 977 969
f 969 977 875
f 969 875 878
f 878 875 874
f 878 874 876
f 704 917 914
f 914 917 978
f 914 978 970
f 970 978 979
f 970 979 971
f 971 979 980
f 971 980 972
f 972 980 981
f 972 981 973
f 973 981 982
f 973 982 974
f 974 982 983
f 974 983 975
f 975 983 984
f 975 984 976
f 976 984 985
f 976 985 977
f 977 985 872
f 977 872 875
f 875 872 871
f 875 871 873
f 706 913 917
f 917 913 986
f 917 986 978
f 978 986 987
f 978 987 979
f 979 987 988
f 979 988 980
f 980 988 989
f 980 989 981
f 981 989 990
f 981 990 982
f 982 990 991
f 982 991 983
f 983 991 992
f 983 992 984
f 984 992 993
f 984 993 985
f 985 993 869
f 985 869 872
f 872 869 868
f 872 868 870
f 707 912 913
f 913 912 994
f 913 994 986
f 986 994 995
f 986 995 987
f 987 995 996
f 987 996 988
f 988 996 997
f 988 997 989
f 989 997 998
f 989 998 990
f 990 998 999
f 990 999 991
f 991 999 1000
f 991 1000 992
f 992 1000 1001
f 992 1001 993
f 993 1001 866
f 993 866 869
f 869 866 865
f 869 865 867
f 711 918 912
f 912 918 1002
f 912 1002 994
f 994 1002 1003
f 994 1003 995
f 995 1003 1004
f 995 1004 996
f 996 1004 1005
f 996 1005 997
f 997 1005 1006
f 997 1006 998
f 998 1006 1007
f 998 1007 999
f 999 1007 1008
f 999 1008 1000
f 1000 1008 1009
f 1000 1009 1001
f 1001 1009 863
f 1001 863 866
f 866 863 862
f 866 862 864
f 709 919 918
f 918 919 1010
f 918 1010 1002
f 1002 1010 1011
f 1002 1011 1003
f 1003 1011 1012
f 1003 1012 1004
f 1004 1012 1013
f 1004 1013 1005
f 1005 1013 1014
f 1005 1014 1006
f 1006 1014 1015
f 1006 1015 1007
f 1007 1015 1016
f 1007 1016 1008
f 1008 1016 1017
f 1008 1017 1009
f 1009 1017 860
f 1009 860 863
f 863 860 859
f 863 859 861
f 713 920 919
f 919 920 1018
f 919 1018 1010
f 1010 1018 1019
f 1010 1019 1011
f 1011 1019 1020
f 1011 1020 1012
f 1012 1020 1021
f 1012 1021 1013
f 1013 1021 1022
f 1013 1022 1014
f 1014 1022 1023
f 1014 1023 1015
f 1015 1023 1024
f 1015 1024 1016
f 1016 1024 1025
f 1016 1025 1017
f 1017 1025 857
f 1017 857 860
f 860 857 856
f 860 856 858
f 701 911 920
f 920 911 1026
f 920 1026 1018
f 1018 1026 1027
f 1018 1027 1019
f 1019 1027 1028
f 1019 1028 1020
f 1020 1028 1029
f 1020 1029 1021
f 1021 1029 1030
f 1021 1030 1022
f 1022 1030 1031
f 1022 1031 1023
f 1023 1031 1032
f 1023 1032 1024
f 1024 1032 1033
f 1024 1033 1025
f 1025 1033 854
f 1025 854 857
f 857 854 853
f 857 853 855
f 700 921 911
f 911 921 1034
f 911 1034 1026
f 1026 1034 1035
f 1026 1035 1027
f 1027 1035 1036
f 1027 1036 1028
f 1028 1036 1037
f 1028 1037 1029
f 1029 1037 1038
f 1029 1038 1030
f 1030 1038 1039
f 1030 1039 1031
f 1031 1039 1040
f 1031 1040 1032
f 1032 1040 1041
f 1032 1041 1033
f 1033 1041 851
f 1033 851 854
f 854 851 850
f 854 850 852
f 716 910 921
f 921 910 1042
f 921 1042 1034
f 1034 1042 1043
f 1034 1043 1035
f 1035 1043 1044
f 1035 1044 1036
f 1036 1044 1045
f 1036 1045 1037
f 1037 1045 1046
f 1037 1046 1038
f 1038 1046 1047
f 1038 1047 1039
f 1039 1047 1048
f 1039 1048 1040
f 1040 1048 1049
f 1040 1049 1041
f 1041 1049 848
f 1041 848 851
f 851 848 847
f 851 847 849
f 717 909 910
f 910 909 1050
f 910 1050 1042
f 1042 1050 1051
f 1042 1051 1043
f 1043 1051 1052
f 1043 1052 1044
f 1044 1052 1053
f 1044 1053 1045
f 1045 1053 1054
f 1045 1054 1046
f 1046 1054 1055
f 1046 1055 1047
f 1047 1055 1056
f 1047 1056 1048
f 1048 1056 1057
f 1048 1057 1049
f 1049 1057 845
f 1049 845 848
f 848 845 844
f 848 844 846
f 721 922 909
f 909 922 1058
f 909 1058 1050
f 1050 1058 1059
f 1050 1059 1051
f 1051 1059 1060
f 1051 1060 1052
f 1052 1060 1061
f 1052 1061 1053
f 1053 1061 1062
f 1053 1062 1054
f 1054 1062 1063
f 1054 1063 1055
f 1055 1063 1064
f 1055 1064 1056
f 1056 1064 1065
f 1056 1065 1057
f 1057 1065 842
f 1057 842 845
f 845 842 841
f 845 841 843
f 719 923 922
f 922 923 1066
f 922 1066 1058
f 1058 1066 1067
f 1058 1067 1059
f 1059 1067 1068
f 1059 1068 1060
f 1060 1068 1069
f 1060 1069 1061
f 1061 1069 1070
f 1061 1070 1062
f 1062 1070 1071
f 1062 1071 1063
f 1063 1071 1072
f 1063 1072 1064
f 1064 1072 1073
f 1064 1073 1065
f 1065 1073 839
f 1065 839 842
f 842 839 838
f 842 838 840
f 723 924 923
f 923 924 1074
f 923 1074 1066
f 1066 1074 1075
f 1066 1075 1067
f 1067 1075 1076
f 1067 1076 1068
f 1068 1076 1077
f 1068 1077 1069
f 1069 1077 1078
f 1069 1078 1070
f 1070 1078 1079
f 1070 1079 1071
f 1071 1079 1080
f 1071 1080 1072
f 1072 1080 1081
f 1072 1081 1073
f 1073 1081 1082
f 1073 1082 839
f 839 1082 1083
f 839 1083 837
f 1084 1085 1086
f 699 908 924
f 924 908 1087
f 924 1087 1074
f 1074 1087 1088
f 1074 1088 1075
f 1075 1088 1089
f 1075 1089 1076
f 1076 1089 1090
f 1076 1090 1077
f 1077 1090 1091
f 1077 1091 1078
f 1078 1091 1092
f 1078 1092 1079
f 1079 1092 1093
f 1079 1093 1080
f 1080 1093 1094
f 1080 1094 1081
f 1081 1094 1084
f 1081 1084 1082
f 1082 1084 1086
f 1082 1086 1083
f 1095 1096 1097
f 698 925 908
f 908 925 1098
f 908 1098 1087
f 1087 1098 1099
f 1087 1099 1088
f 1088 1099 1100
f 1088 1100 1089
f 1089 1100 1101
f 1089 1101 1090
f 1090 1101 1102
f 1090 1102 1091
f 1091 1102 1103
f 1091 1103 1092
f 1092 1103 1104
f 1092 1104 1093
f 1093 1104 1105
f 1093 1105 1094
f 1094 1105 1095
f 1094 1095 1084
f 1084 1095 1097
f 1084 1097 1085
f 1106 1107 1108
f 726 907 925
f 925 907 1109
f 925 1109 1098
f 1098 1109 1110
f 1098 1110 1099
f 1099 1110 1111
f 1099 1111 1100
f 1100 1111 1112
f 1100 1112 1101
f 1101 1112 1113
f 1101 1113 1102
f 1102 1113 1114
f 1102 1114 1103
f 1103 1114 1115
f 1103 1115 1104
f 1104 1115 1116
f 1104 1116 1105
f 1105 1116 1106
f 1105 1106 1095
f 1095 1106 1108
f 1095 1108 1096
f 1117 1118 1119
f 731 906 907
f 907 906 1120
f 907 1120 1109
f 1109 1120 1121
f 1109 1121 1110
f 1110 1121 1122
f 1110 1122 1111
f 1111 1122 1123
f 1111 1123 1112
f 1112 1123 1124
f 1112 1124 1113
f 1113 1124 1125
f 1113 1125 1114
f 1114 1125 1126
f 1114 1126 1115
f 1115 1126 1127
f 1115 1127 1116
f 1116 1127 1117
f 1116 1117 1106
f 1106 1117 1119
f 1106 1119 1107
f 1128 1129 1130
f 729 926 906
f 906 926 1131
f 906 1131 1120
f 1120 1131 1132
f 1120 1132 1121
f 1121 1132 1133
f 1121 1133 1122
f 1122 1133 1134
f 1122 1134 1123
f 1123 1134 1135
f 1123 1135 1124
f 1124 1135 1136
f 1124 1136 1125
f 1125 1136 1137
f 1125 1137 1126
f 1126 1137 1138
f 1126 1138 1127
f 1127 1138 1128
f 1127 1128 1117
f 1117 1128 1130
f 1117 1130 1118
f 1139 1140 1141
f 727 905 926
f 926 905 1142
f 926 1142 1131
f 1131 1142 1143
f 1131 1143 1132
f 1132 1143 1144
f 1132 1144 1133
f 1133 1144 1145
f 1133 1145 1134
f 1134 1145 1146
f 1134 1146 1135
f 1135 1146 1147
f 1135 1147 1136
f 1136 1147 1148
f 1136 1148 1137
f 1137 1148 1149
f 1137 1149 1138
f 1138 1149 1139
f 1138 1139 1128
f 1128 1139 1141
f 1128 1141 1129
f 1150 1151 1152
f 732 927 905
f 905 927 1153
f 905 1153 1142
f 1142 1153 1154
f 1142 1154 1143
f 1143 1154 1155
f 1143 1155 1144
f 1144 1155 1156
f 1144 1156 1145
f 1145 1156 1157
f 1145 1157 1146
f 1146 1157 1158
f 1146 1158 1147
f 1147 1158 1159
f 1147 1159 1148
f 1148 1159 1160
f 1148 1160 1149
f 1149 1160 1150
f 1149 1150 1139
f 1139 1150 1152
f 1139 1152 1140
f 1161 1162 1163
f 697 904 927
f 927 904 1164
f 927 1164 1153
f 1153 1164 1165
f 1153 1165 1154
f 1154 1165 1166
f 1154 1166 1155
f 1155 1166 1167
f 1155 1167 1156
f 1156 1167 1168
f 1156 1168 1157
f 1157 1168 1169
f 1157 1169 1158
f 1158 1169 1170
f 1158 1170 1159
f 1159 1170 1171
f 1159 1171 1160
f 1160 1171 1161
f 1160 1161 1150
f 1150 1161 1163
f 1150 1163 1151
f 1172 1173 1174
f 696 928 904
f 904 928 1175
f 904 1175 1164
f 1164 1175 1176
f 1164 1176 1165
f 1165 1176 1177
f 1165 1177 1166
f 1166 1177 1178
f 1166 1178 1167
f 1167 1178 1179
f 1167 1179 1168
f 1168 1179 1180
f 1168 1180 1169
f 1169 1180 1181
f 1169 1181 1170
f 1170 1181 1182
f 1170 1182 1171
f 1171 1182 1172
f 1171 1172 1161
f 1161 1172 1174
f 1161 1174 1162
f 1183 1184 1185
f 736 903 928
f 928 903 1186
f 928 1186 1175
f 1175 1186 1187
f 1175 1187 1176
f 1176 1187 1188
f 1176 1188 1177
f 1177 1188 1189
f 1177 1189 1178
f 1178 1189 1190
f 1178 1190 1179
f 1179 1190 1191
f 1179 1191 1180
f 1180 1191 1192
f 1180 1192 1181
f 1181 1192 1193
f 1181 1193 1182
f 1182 1193 1183
f 1182 1183 1172
f 1172 1183 1185
f 1172 1185 1173
f 1194 1195 1196
f 740 902 903
f 903 902 1197
f 903 1197 1186
f 1186 1197 1198
f 1186 1198 1187
f 1187 1198 1199
f 1187 1199 1188
f 1188 1199 1200
f 1188 1200 1189
f 1189 1200 1201
f 1189 1201 1190
f 1190 1201 1202
f 1190 1202 1191
f 1191 1202 1203
f 1191 1203 1192
f 1192 1203 1204
f 1192 1204 1193
f 1193 1204 1194
f 1193 1194 1183
f 1183 1194 1196
f 1183 1196 1184
f 1205 1206 1207
f 738 929 902
f 902 929 1208
f 902 1208 1197
f 1197 1208 1209
f 1197 1209 1198
f 1198 1209 1210
f 1198 1210 1199
f 1199 1210 1211
f 1199 1211 1200
f 1200 1211 1212
f 1200 1212 1201
f 1201 1212 1213
f 1201 1213 1202
f 1202 1213 1214
f 1202 1214 1203
f 1203 1214 1215
f 1203 1215 1204
f 1204 1215 1205
f 1204 1205 1194
f 1194 1205 1207
f 1194 1207 1195
f 1216 1217 1218
f 744 901 929
f 929 901 1219
f 929 1219 1208
f 1208 1219 1220
f 1208 1220 1209
f 1209 1220 1221
f 1209 1221 1210
f 1210 1221 1222
f 1210 1222 1211
f 1211 1222 1223
f 1211 1223 1212
f 1212 1223 1224
f 1212 1224 1213
f 1213 1224 1225
f 1213 1225 1214
f 1214 1225 1226
f 1214 1226 1215
f 1215 1226 1216
f 1215 1216 1205
f 1205 1216 1218
f 1205 1218 1206
f 1227 1228 1229
f 743 900 901
f 901 900 1230
f 901 1230 1219
f 1219 1230 1231
f 1219 1231 1220
f 1220 1231 1232
f 1220 1232 1221
f 1221 1232 1233
f 1221 1233 1222
f 1222 1233 1234
f 1222 1234 1223
f 1223 1234 1235
f 1223 1235 1224
f 1224 1235 1236
f 1224 1236 1225
f 1225 1236 1237
f 1225 1237 1226
f 1226 1237 1227
f 1226 1227 1216
f 1216 1227 1229
f 1216 1229 1217
f 741 899 900
f 900 899 1238
f 900 1238 1230
f 1230 1238 1239
f 1230 1239 1231
f 1231 1239 1240
f 1231 1240 1232
f 1232 1240 1241
f 1232 1241 1233
f 1233 1241 1242
f 1233 1242 1234
f 1234 1242 1243
f 1234 1243 1235
f 1235 1243 1244
f 1235 1244 1236
f 1236 1244 1245
f 1236 1245 1237
f 1237 1245 1246
f 1237 1246 1227
f 1227 1246 1247
f 1227 1247 1228
f 745 930 899
f 899 930 1248
f 899 1248 1238
f 1238 1248 1249
f 1238 1249 1239
f 1239 1249 1250
f 1239 1250 1240
f 1240 1250 1251
f 1240 1251 1241
f 1241 1251 1252
f 1241 1252 1242
f 1242 1252 1253
f 1242 1253 1243
f 1243 1253 1254
f 1243 1254 1244
f 1244 1254 1255
f 1244 1255 1245
f 1245 1255 836
f 1245 836 1246
f 1246 836 835
f 1246 835 1247
f 747 898 930
f 930 898 1256
f 930 1256 1248
f 1248 1256 1257
f 1248 1257 1249
f 1249 1257 1258
f 1249 1258 1250
f 1250 1258 1259
f 1250 1259 1251
f 1251 1259 1260
f 1251 1260 1252
f 1252 1260 1261
f 1252 1261 1253
f 1253 1261 1262
f 1253 1262 1254
f 1254 1262 1263
f 1254 1263 1255
f 1255 1263 833
f 1255 833 836
f 836 833 832
f 836 832 834
f 748 897 898
f 898 897 1264
f 898 1264 1256
f 1256 1264 1265
f 1256 1265 1257
f 1257 1265 1266
f 1257 1266 1258
f 1258 1266 1267
f 1258 1267 1259
f 1259 1267 1268
f 1259 1268 1260
f 1260 1268 1269
f 1260 1269 1261
f 1261 1269 1270
f 1261 1270 1262
f 1262 1270 1271
f 1262 1271 1263
f 1263 1271 830
f 1263 830 833
f 833 830 829
f 833 829 831
f 694 931 897
f 897 931 1272
f 897 1272 1264
f 1264 1272 1273
f 1264 1273 1265
f 1265 1273 1274
f 1265 1274 1266
f 1266 1274 1275
f 1266 1275 1267
f 1267 1275 1276
f 1267 1276 1268
f 1268 1276 1277
f 1268 1277 1269
f 1269 1277 1278
f 1269 1278 1270
f 1270 1278 1279
f 1270 1279 1271
f 1271 1279 827
f 1271 827 830
f 830 827 826
f 830 826 828
f 750 896 931
f 931 896 1280
f 931 1280 1272
f 1272 1280 1281
f 1272 1281 1273
f 1273 1281 1282
f 1273 1282 1274
f 1274 1282 1283
f 1274 1283 1275
f 1275 1283 1284
f 1275 1284 1276
f 1276 1284 1285
f 1276 1285 1277
f 1277 1285 1286
f 1277 1286 1278
f 1278 1286 1287
f 1278 1287 1279
f 1279 1287 824
f 1279 824 827
f 827 824 823
f 827 823 825
f 751 895 896
f 896 895 1288
f 896 1288 1280
f 1280 1288 1289
f 1280 1289 1281
f 1281 1289 1290
f 1281 1290 1282
f 1282 1290 1291
f 1282 1291 1283
f 1283 1291 1292
f 1283 1292 1284
f 1284 1292 1293
f 1284 1293 1285
f 1285 1293 1294
f 1285 1294 1286
f 1286 1294 1295
f 1286 1295 1287
f 1287 1295 821
f 1287 821 824
f 824 821 820
f 824 820 822
f 755 932 895
f 895 932 1296
f 895 1296 1288
f 1288 1296 1297
f 1288 1297 1289
f 1289 1297 1298
f 1289 1298 1290
f 1290 1298 1299
f 1290 1299 1291
f 1291 1299 1300
f 1291 1300 1292
f 1292 1300 1301
f 1292 1301 1293
f 1293 1301 1302
f 1293 1302 1294
f 1294 1302 1303
f 1294 1303 1295
f 1295 1303 818
f 1295 818 821
f 821 818 817
f 821 817 819
f 753 933 932
f 932 933 1304
f 932 1304 1296
f 1296 1304 1305
f 1296 1305 1297
f 1297 1305 1306
f 1297 1306 1298
f 1298 1306 1307
f 1298 1307 1299
f 1299 1307 1308
f 1299 1308 1300
f 1300 1308 1309
f 1300 1309 1301
f 1301 1309 1310
f 1301 1310 1302
f 1302 1310 1311
f 1302 1311 1303
f 1303 1311 815
f 1303 815 818
f 818 815 814
f 818 814 816
f 757 934 933
f 933 934 1312
f 933 1312 1304
f 1304 1312 1313
f 1304 1313 1305
f 1305 1313 1314
f 1305 1314 1306
f 1306 1314 1315
f 1306 1315 1307
f 1307 1315 1316
f 1307 1316 1308
f 1308 1316 1317
f 1308 1317 1309
f 1309 1317 1318
f 1309 1318 1310
f 1310 1318 1319
f 1310 1319 1311
f 1311 1319 812
f 1311 812 815
f 815 812 811
f 815 811 813
f 693 894 934
f 934 894 1320
f 934 1320 1312
f 1312 1320 1321
f 1312 1321 1313
f 1313 1321 1322
f 1313 1322 1314
f 1314 1322 1323
f 1314 1323 1315
f 1315 1323 1324
f 1315 1324 1316
f 1316 1324 1325
f 1316 1325 1317
f 1317 1325 1326
f 1317 1326 1318
f 1318 1326 1327
f 1318 1327 1319
f 1319 1327 809
f 1319 809 812
f 812 809 808
f 812 808 810
f 692 935 894
f 894 935 1328
f 894 1328 1320
f 1320 1328 1329
f 1320 1329 1321
f 1321 1329 1330
f 1321 1330 1322
f 1322 1330 1331
f 1322 1331 1323
f 1323 1331 1332
f 1323 1332 1324
f 1324 1332 1333
f 1324 1333 1325
f 1325 1333 1334
f 1325 1334 1326
f 1326 1334 1335
f 1326 1335 1327
f 1327 1335 806
f 1327 806 809
f 809 806 805
f 809 805 807
f 760 893 935
f 935 893 1336
f 935 1336 1328
f 1328 1336 1337
f 1328 1337 1329
f 1329 1337 1338
f 1329 1338 1330
f 1330 1338 1339
f 1330 1339 1331
f 1331 1339 1340
f 1331 1340 1332
f 1332 1340 1341
f 1332 1341 1333
f 1333 1341 1342
f 1333 1342 1334
f 1334 1342 1343
f 1334 1343 1335
f 1335 1343 803
f 1335 803 806
f 806 803 802
f 806 802 804
f 761 892 893
f 893 892 1344
f 893 1344 1336
f 1336 1344 1345
f 1336 1345 1337
f 1337 1345 1346
f 1337 1346 1338
f 1338 1346 1347
f 1338 1347 1339
f 1339 1347 1348
f 1339 1348 1340
f 1340 1348 1349
f 1340 1349 1341
f 1341 1349 1350
f 1341 1350 1342
f 1342 1350 1351
f 1342 1351 1343
f 1343 1351 800
f 1343 800 803
f 803 800 799
f 803 799 801
f 765 936 892
f 892 936 1352
f 892 1352 1344
f 1344 1352 1353
f 1344 1353 1345
f 1345 1353 1354
f 1345 1354 1346
f 1346 1354 1355
f 1346 1355 1347
f 1347 1355 1356
f 1347 1356 1348
f 1348 1356 1357
f 1348 1357 1349
f 1349 1357 1358
f 1349 1358 1350
f 1350 1358 1359
f 1350 1359 1351
f 1351 1359 797
f 1351 797 800
f 800 797 796
f 800 796 798
f 763 937 936
f 936 937 1360
f 936 1360 1352
f 1352 1360 1361
f 1352 1361 1353
f 1353 1361 1362
f 1353 1362 1354
f 1354 1362 1363
f 1354 1363 1355
f 1355 1363 1364
f 1355 1364 1356
f 1356 1364 1365
f 1356 1365 1357
f 1357 1365 1366
f 1357 1366 1358
f 1358 1366 1367
f 1358 1367 1359
f 1359 1367 794
f 1359 794 797
f 797 794 793
f 797 793 795
f 767 938 937
f 937 938 1368
f 937 1368 1360
f 1360 1368 1369
f 1360 1369 1361
f 1361 1369 1370
f 1361 1370 1362
f 1362 1370 1371
f 1362 1371 1363
f 1363 1371 1372
f 1363 1372 1364
f 1364 1372 1373
f 1364 1373 1365
f 1365 1373 1374
f 1365 1374 1366
f 1366 1374 1375
f 1366 1375 1367
f 1367 1375 1376
f 1367 1376 794
f 794 1376 1377
f 794 1377 792
f 1378 1379 1380
f 691 891 938
f 938 891 1381
f 938 1381 1368
f 1368 1381 1382
f 1368 1382 1369
f 1369 1382 1383
f 1369 1383 1370
f 1370 1383 1384
f 1370 1384 1371
f 1371 1384 1385
f 1371 1385 1372
f 1372 1385 1386
f 1372 1386 1373
f 1373 1386 1387
f 1373 1387 1374
f 1374 1387 1388
f 1374 1388 1375
f 1375 1388 1378
f 1375 1378 1376
f 1376 1378 1380
f 1376 1380 1377
f 1389 1390 1391
f 690 939 891
f 891 939 1392
f 891 1392 1381
f 1381 1392 1393
f 1381 1393 1382
f 1382 1393 1394
f 1382 1394 1383
f 1383 1394 1395
f 1383 1395 1384
f 1384 1395 1396
f 1384 1396 1385
f 1385 1396 1397
f 1385 1397 1386
f 1386 1397 1398
f 1386 1398 1387
f 1387 1398 1399
f 1387 1399 1388
f 1388 1399 1389
f 1388 1389 1378
f 1378 1389 1391
f 1378 1391 1379
f 1400 1401 1402
f 770 890 939
f 939 890 1403
f 939 1403 1392
f 1392 1403 1404
f 1392 1404 1393
f 1393 1404 1405
f 1393 1405 1394
f 1394 1405 1406
f 1394 1406 1395
f 1395 1406 1407
f 1395 1407 1396
f 1396 1407 1408
f 1396 1408 1397
f 1397 1408 1409
f 1397 1409 1398
f 1398 1409 1410
f 1398 1410 1399
f 1399 1410 1400
f 1399 1400 1389
f 1389 1400 1402
f 1389 1402 1390
f 1411 1412 1413
f 775 889 890
f 890 889 1414
f 890 1414 1403
f 1403 1414 1415
f 1403 1415 1404
f 1404 1415 1416
f 1404 1416 1405
f 1405 1416 1417
f 1405 1417 1406
f 1406 1417 1418
f 1406 1418 1407
f 1407 1418 1419
f 1407 1419 1408
f 1408 1419 1420
f 1408 1420 1409
f 1409 1420 1421
f 1409 1421 1410
f 1410 1421 1411
f 1410 1411 1400
f 1400 1411 1413
f 1400 1413 1401
f 1422 1423 1424
f 773 940 889
f 889 940 1425
f 889 1425 1414
f 1414 1425 1426
f 1414 1426 1415
f 1415 1426 1427
f 1415 1427 1416
f 1416 1427 1428
f 1416 1428 1417
f 1417 1428 1429
f 1417 1429 1418
f 1418 1429 1430
f 1418 1430 1419
f 1419 1430 1431
f 1419 1431 1420
f 1420 1431 1432
f 1420 1432 1421
f 1421 1432 1422
f 1421 1422 1411
f 1411 1422 1424
f 1411 1424 1412
f 1433 1434 1435
f 771 888 940
f 940 888 1436
f 940 1436 1425
f 1425 1436 1437
f 1425 1437 1426
f 1426 1437 1438
f 1426 1438 1427
f 1427 1438 1439
f 1427 1439 1428
f 1428 1439 1440
f 1428 1440 1429
f 1429 1440 1441
f 1429 1441 1430
f 1430 1441 1442
f 1430 1442 1431
f 1431 1442 1443
f 1431 1443 1432
f 1432 1443 1433
f 1432 1433 1422
f 1422 1433 1435
f 1422 1435 1423
f 1444 1445 1446
f 776 941 888
f 888 941 1447
f 888 1447 1436
f 1436 1447 1448
f 1436 1448 1437
f 1437 1448 1449
f 1437 1449 1438
f 1438 1449 1450
f 1438 1450 1439
f 1439 1450 1451
f 1439 1451 1440
f 1440 1451 1452
f 1440 1452 1441
f 1441 1452 1453
f 1441 1453 1442
f 1442 1453 1454
f 1442 1454 1443
f 1443 1454 1444
f 1443 1444 1433
f 1433 1444 1446
f 1433 1446 1434
f 1455 1456 1457
f 689 887 941
f 941 887 1458
f 941 1458 1447
f 1447 1458 1459
f 1447 1459 1448
f 1448 1459 1460
f 1448 1460 1449
f 1449 1460 1461
f 1449 1461 1450
f 1450 1461 1462
f 1450 1462 1451
f 1451 1462 1463
f 1451 1463 1452
f 1452 1463 1464
f 1452 1464 1453
f 1453 1464 1465
f 1453 1465 1454
f 1454 1465 1455
f 1454 1455 1444
f 1444 1455 1457
f 1444 1457 1445
f 1466 1467 1468
f 688 942 887
f 887 942 1469
f 887 1469 1458
f 1458 1469 1470
f 1458 1470 1459
f 1459 1470 1471
f 1459 1471 1460
f 1460 1471 1472
f 1460 1472 1461
f 1461 1472 1473
f 1461 1473 1462
f 1462 1473 1474
f 1462 1474 1463
f 1463 1474 1475
f 1463 1475 1464
f 1464 1475 1476
f 1464 1476 1465
f 1465 1476 1466
f 1465 1466 1455
f 1455 1466 1468
f 1455 1468 1456
f 1477 1478 1479
f 780 886 942
f 942 886 1480
f 942 1480 1469
f 1469 1480 1481
f 1469 1481 1470
f 1470 1481 1482
f 1470 1482 1471
f 1471 1482 1483
f 1471 1483 1472
f 1472 1483 1484
f 1472 1484 1473
f 1473 1484 1485
f 1473 1485 1474
f 1474 1485 1486
f 1474 1486 1475
f 1475 1486 1487
f 1475 1487 1476
f 1476 1487 1477
f 1476 1477 1466
f 1466 1477 1479
f 1466 1479 1467
f 1488 1489 1490
f 785 885 886
f 886 885 1491
f 886 1491 1480
f 1480 1491 1492
f 1480 1492 1481
f 1481 1492 1493
f 1481 1493 1482
f 1482 1493 1494
f 1482 1494 1483
f 1483 1494 1495
f 1483 1495 1484
f 1484 1495 1496
f 1484 1496 1485
f 1485 1496 1497
f 1485 1497 1486
f 1486 1497 1498
f 1486 1498 1487
f 1487 1498 1488
f 1487 1488 1477
f 1477 1488 1490
f 1477 1490 1478
f 1499 1500 1501
f 783 943 885
f 885 943 1502
f 885 1502 1491
f 1491 1502 1503
f 1491 1503 1492
f 1492 1503 1504
f 1492 1504 1493
f 1493 1504 1505
f 1493 1505 1494
f 1494 1505 1506
f 1494 1506 1495
f 1495 1506 1507
f 1495 1507 1496
f 1496 1507 1508
f 1496 1508 1497
f 1497 1508 1509
f 1497 1509 1498
f 1498 1509 1499
f 1498 1499 1488
f 1488 1499 1501
f 1488 1501 1489
f 1510 1511 1512
f 781 884 943
f 943 884 1513
f 943 1513 1502
f 1502 1513 1514
f 1502 1514 1503
f 1503 1514 1515
f 1503 1515 1504
f 1504 1515 1516
f 1504 1516 1505
f 1505 1516 1517
f 1505 1517 1506
f 1506 1517 1518
f 1506 1518 1507
f 1507 1518 1519
f 1507 1519 1508
f 1508 1519 1520
f 1508 1520 1509
f 1509 1520 1510
f 1509 1510 1499
f 1499 1510 1512
f 1499 1512 1500
f 1521 1522 1523
f 786 883 884
f 884 883 1524
f 884 1524 1513
f 1513 1524 1525
f 1513 1525 1514
f 1514 1525 1526
f 1514 1526 1515
f 1515 1526 1527
f 1515 1527 1516
f 1516 1527 1528
f 1516 1528 1517
f 1517 1528 1529
f 1517 1529 1518
f 1518 1529 1530
f 1518 1530 1519
f 1519 1530 1531
f 1519 1531 1520
f 1520 1531 1521
f 1520 1521 1510
f 1510 1521 1523
f 1510 1523 1511
f 791 882 883
f 883 882 945
f 883 945 1524
f 1524 945 947
f 1524 947 1525
f 1525 947 949
f 1525 949 1526
f 1526 949 951
f 1526 951 1527
f 1527 951 953
f 1527 953 1528
f 1528 953 955
f 1528 955 1529
f 1529 955 957
f 1529 957 1530
f 1530 957 959
f 1530 959 1531
f 1531 959 960
f 1531 960 1521
f 1521 960 961
f 1521 961 1522
f 880 1532 1533
f 880 879 1532
f 1532 879 877
f 1532 877 1534
f 877 876 1534
f 1534 876 874
f 1534 874 1535
f 874 873 1535
f 1535 873 871
f 1535 871 1536
f 871 870 1536
f 1536 870 868
f 1536 868 1537
f 868 867 1537
f 1537 867 865
f 1537 865 1538
f 865 864 1538
f 1538 864 862
f 1538 862 1539
f 862 861 1539
f 1539 861 859
f 1539 859 1540
f 859 858 1540
f 1540 858 856
f 1540 856 1541
f 856 855 1541
f 1541 855 853
f 1541 853 1542
f 853 852 1542
f 1542 852 850
f 1542 850 1543
f 850 849 1543
f 1543 849 847
f 1543 847 1544
f 847 846 1544
f 1544 846 844
f 1544 844 1545
f 844 843 1545
f 1545 843 841
f 1545 841 1546
f 841 840 1546
f 1546 840 838
f 1546 838 1547
f 838 837 1547
f 1547 837 1083
f 1547 1083 1548
f 1083 1086 1548
f 1548 1086 1085
f 1548 1085 1549
f 1085 1097 1549
f 1549 1097 1096
f 1549 1096 1550
f 1096 1108 1550
f 1550 1108 1107
f 1550 1107 1551
f 1107 1119 1551
f 1551 1119 1118
f 1551 1118 1552
f 1118 1130 1552
f 1552 1130 1129
f 1552 1129 1553
f 1129 1141 1553
f 1553 1141 1140
f 1553 1140 1554
f 1140 1152 1554
f 1554 1152 1151
f 1554 1151 1555
f 1151 1163 1555
f 1555 1163 1162
f 1555 1162 1556
f 1162 1174 1556
f 1556 1174 1173
f 1556 1173 1557
f 1173 1185 1557
f 1557 1185 1184
f 1557 1184 1558
f 1184 1196 1558
f 1558 1196 1195
f 1558 1195 1559
f 1195 1207 1559
f 1559 1207 1206
f 1559 1206 1560
f 1206 1218 1560
f 1560 1218 1217
f 1560 1217 1561
f 1217 1229 1561
f 1561 1229 1228
f 1561 1228 1562
f 1228 1247 1562
f 1562 1247 835
f 1562 835 1563
f 835 834 1563
f 1563 834 832
f 1563 832 1564
f 832 831 1564
f 1564 831 829
f 1564 829 1565
f 829 828 1565
f 1565 828 826
f 1565 826 1566
f 826 825 1566
f 1566 825 823
f 1566 823 1567
f 823 822 1567
f 1567 822 820
f 1567 820 1568
f 820 819 1568
f 1568 819 817
f 1568 817 1569
f 817 816 1569
f 1569 816 814
f 1569 814 1570
f 814 813 1570
f 1570 813 811
f 1570 811 1571
f 811 810 1571
f 1571 810 808
f 1571 808 1572
f 808 807 1572
f 1572 807 805
f 1572 805 1573
f 805 804 1573
f 1573 804 802
f 1573 802 1574
f 802 801 1574
f 1574 801 799
f 1574 799 1575
f 799 798 1575
f 1575 798 796
f 1575 796 1576
f 796 795 1576
f 1576 795 793
f 1576 793 1577
f 793 792 1577
f 1577 792 1377
f 1577 1377 1578
f 1377 1380 1578
f 1578 1380 1379
f 1578 1379 1579
f 1379 1391 1579
f 1579 1391 1390
f 1579 1390 1580
f 1390 1402 1580
f 1580 1402 1401
f 1580 1401 1581
f 1401 1413 1581
f 1581 1413 1412
f 1581 1412 1582
f 1412 1424 1582
f 1582 1424 1423
f 1582 1423 1583
f 1423 1435 1583
f 1583 1435 1434
f 1583 1434 1584
f 1434 1446 1584
f 1584 1446 1445
f 1584 1445 1585
f 1445 1457 1585
f 1585 1457 1456
f 1585 1456 1586
f 1456 1468 1586
f 1586 1468 1467
f 1586 1467 1587
f 1467 1479 1587
f 1587 1479 1478
f 1587 1478 1588
f 1478 1490 1588
f 1588 1490 1489
f 1588 1489 1589
f 1489 1501 1589
f 1589 1501 1500
f 1589 1500 1590
f 1500 1512 1590
f 1590 1512 1511
f 1590 1511 1591
f 1511 1523 1591
f 1591 1523 1522
f 1591 1522 1533
f 1533 1522 961
f 1533 961 880
f 1591 1592 1590
f 1590 1592 1593
f 1590 1593 1589
f 1589 1593 1594
f 1589 1594 1588
f 1588 1594 1595
f 1588 1595 1587
f 1587 1595 1596
f 1587 1596 1586
f 1586 1596 1597
f 1586 1597 1585
f 1585 1597 1598
f 1585 1598 1584
f 1584 1598 1599
f 1584 1599 1583
f 1583 1599 1600
f 1583 1600 1582
f 1582 1600 1601
f 1582 1601 1581
f 1581 1601 1602
f 1581 1602 1580
f 1580 1602 1603
f 1580 1603 1579
f 1579 1603 1604
f 1579 1604 1578
f 1578 1604 1605
f 1578 1605 1577
f 1577 1605 1606
f 1577 1606 1576
f 1576 1606 1607
f 1576 1607 1575
f 1575 1607 1608
f 1575 1608 1574
f 1574 1608 1609
f 1574 1609 1573
f 1573 1609 1610
f 1573 1610 1572
f 1572 1610 1611
f 1572 1611 1571
f 1571 1611 1612
f 1571 1612 1570
f 1570 1612 1613
f 1570 1613 1569
f 1569 1613 1614
f 1569 1614 1568
f 1568 1614 1615
f 1568 1615 1567
f 1567 1615 1616
f 1567 1616 1566
f 1566 1616 1617
f 1566 1617 1565
f 1565 1617 1618
f 1565 1618 1564
f 1564 1618 1619
f 1564 1619 1563
f 1563 1619 1620
f 1563 1620 1562
f 1562 1620 1621
f 1562 1621 1561
f 1561 1621 1622
f 1561 1622 1560
f 1560 1622 1623
f 1560 1623 1559
f 1559 1623 1624
f 1559 1624 1558
f 1558 1624 1625
f 1558 1625 1557
f 1557 1625 1626
f 1557 1626 1556
f 1556 1626 1627
f 1556 1627 1555
f 1555 1627 1628
f 1555 1628 1554
f 1554 1628 1629
f 1554 1629 1553
f 1553 1629 1630
f 1553 1630 1552
f 1552 1630 1631
f 1552 1631 1551
f 1551 1631 1632
f 1551 1632 1550
f 1550 1632 1633
f 1550 1633 1549
f 1549 1633 1634
f 1549 1634 1548
f 1548 1634 1635
f 1548 1635 1547
f 1547 1635 1636
f 1547 1636 1546
f 1546 1636 1637
f 1546 1637 1545
f 1545 1637 1638
f 1545 1638 1544
f 1544 1638 1639
f 1544 1639 1543
f 1543 1639 1640
f 1543 1640 1542
f 1542 1640 1641
f 1542 1641 1541
f 1541 1641 1642
f 1541 1642 1540
f 1540 1642 1643
f 1540 1643 1539
f 1539 1643 1644
f 1539 1644 1538
f 1538 1644 1645
f 1538 1645 1537
f 1537 1645 1646
f 1537 1646 1536
f 1536 1646 1647
f 1536 1647 1535
f 1535 1647 1648
f 1535 1648 1534
f 1534 1648 1649
f 1534 1649 1532
f 1532 1649 1650
f 1532 1650 1533
f 1533 1650 1651
f 1533 1651 1591
f 1591 1651 1592
f 1592 1652 1593
f 1593 1652 1653
f 1593 1653 1594
f 1594 1653 1654
f 1594 1654 1595
f 1595 1654 1655
f 1595 1655 1596
f 1596 1655 1656
f 1596 1656 1597
f 1597 1656 1657
f 1597 1657 1598
f 1598 1657 1658
f 1598 1658 1599
f 1599 1658 1659
f 1599 1659 1600
f 1600 1659 1660
f 1600 1660 1601
f 1601 1660 1661
f 1601 1661 1602
f 1602 1661 1662
f 1602 1662 1603
f 1603 1662 1663
f 1603 1663 1604
f 1604 1663 1664
f 1604 1664 1605
f 1605 1664 1665
f 1605 1665 1606
f 1606 1665 1666
f 1606 1666 1607
f 1607 1666 1667
f 1607 1667 1608
f 1608 1667 1668
f 1608 1668 1609
f 1609 1668 1669
f 1609 1669 1610
f 1610 1669 1670
f 1610 1670 1611
f 1611 1670 1671
f 1611 1671 1612
f 1612 1671 1672
f 1612 1672 1613
f 1613 1672 1673
f 1613 1673 1614
f 1614 1673 1674
f 1614 1674 1615
f 1615 1674 1675
f 1615 1675 1616
f 1616 1675 1676
f 1616 1676 1617
f 1617 1676 1677
f 1617 1677 1618
f 1618 1677 1678
f 1618 1678 1619
f 1619 1678 1679
f 1619 1679 1620
f 1620 1679 1680
f 1620 1680 1621
f 1621 1680 1681
f 1621 1681 1622
f 1622 1681 1682
f 1622 1682 1623
f 1623 1682 1683
f 1623 1683 1624
f 1624 1683 1684
f 1624 1684 1625
f 1625 1684 1685
f 1625 1685 1626
f 1626 1685 1686
f 1626 1686 1627
f 1627 1686 1687
f 1627 1687 1628
f 1628 1687 1688
f 1628 1688 1629
f 1629 1688 1689
f 1629 1689 1630
f 1630 1689 1690
f 1630 1690 1631
f 1631 1690 1691
f 1631 1691 1632
f 1632 1691 1692
f 1632 1692 1633
f 1633 1692 1693
f 1633 1693 1634
f 1634 1693 1694
f 1634 1694 1635
f 1635 1694 1695
f 1635 1695 1636
f 1636 1695 1696
f 1636 1696 1637
f 1637 1696 1697
f 1637 1697 1638
f 1638 1697 1698
f 1638 1698 1639
f 1639 1698 1699
f 1639 1699 1640
f 1640 1699 1700
f 1640 1700 1641
f 1641 1700 1701
f 1641 1701 1642
f 1642 1701 1702
f 1642 1702 1643
f 1643 1702 1703
f 1643 1703 1644
f 1644 1703 1704
f 1644 1704 1645
f 1645 1704 1705
f 1645 1705 1646
f 1646 1705 1706
f 1646 1706 1647
f 1647 1706 1707
f 1647 1707 1648
f 1648 1707 1708
f 1648 1708 1649
f 1649 1708 1709
f 1649 1709 1650
f 1650 1709 1710
f 1650 1710 1651
f 1651 1710 1711
f 1651 1711 1592
f 1592 1711 1652
f 1652 1712 1653
f 1653 1712 1713
f 1653 1713 1654
f 1654 1713 1714
f 1654 1714 1655
f 1655 1714 1715
f 1655 1715 1656
f 1656 1715 1716
f 1656 1716 1657
f 1657 1716 1717
f 1657 1717 1658
f 1658 1717 1718
f 1658 1718 1659
f 1659 1718 1719
f 1659 1719 1660
f 1660 1719 1720
f 1660 1720 1661
f 1661 1720 1721
f 1661 1721 1662
f 1662 1721 1722
f 1662 1722 1663
f 1663 1722 1723
f 1663 1723 1664
f 1664 1723 1724
f 1664 1724 1665
f 1665 1724 1725
f 1665 1725 1666
f 1666 1725 1726
f 1666 1726 1667
f 1667 1726 1727
f 1667 1727 1668
f 1668 1727 1728
f 1668 1728 1669
f 1669 1728 1729
f 1669 1729 1670
f 1670 1729 1730
f 1670 1730 1671
f 1671 1730 1731
f 1671 1731 1672
f 1672 1731 1732
f 1672 1732 1673
f 1673 1732 1733
f 1673 1733 1674
f 1674 1733 1734
f 1674 1734 1675
f 1675 1734 1735
f 1675 1735 1676
f 1676 1735 1736
f 1676 1736 1677
f 1677 1736 1737
f 1677 1737 1678
f 1678 1737 1738
f 1678 1738 1679
f 1679 1738 1739
f 1679 1739 1680
f 1680 1739 1740
f 1680 1740 1681
f 1681 1740 1741
f 1681 1741 1682
f 1682 1741 1742
f 1682 1742 1683
f 1683 1742 1743
f 1683 1743 1684
f 1684 1743 1744
f 1684 1744 1685
f 1685 1744 1745
f 1685 1745 1686
f 1686 1745 1746
f 1686 1746 1687
f 1687 1746 1747
f 1687 1747 1688
f 1688 1747 1748
f 1688 1748 1689
f 1689 1748 1749
f 1689 1749 1690
f 1690 1749 1750
f 1690 1750 1691
f 1691 1750 1751
f 1691 1751 1692
f 1692 1751 1752
f 1692 1752 1693
f 1693 1752 1753
f 1693 1753 1694
f 1694 1753 1754
f 1694 1754 1695
f 1695 1754 1755
f 1695 1755 1696
f 1696 1755 1756
f 1696 1756 1697
f 1697 1756 1757
f 1697 1757 1698
f 1698 1757 1758
f 1698 1758 1699
f 1699 1758 1759
f 1699 1759 1700
f 1700 1759 1760
f 1700 1760 1701
f 1701 1760 1761
f 1701 1761 1702
f 1702 1761 1762
f 1702 1762 1703
f 1703 1762 1763
f 1703 1763 1704
f 1704 1763 1764
f 1704 1764 1705
f 1705 1764 1765
f 1705 1765 1706
f 1706 1765 1766
f 1706 1766 1707
f 1707 1766 1767
f 1707 1767 1708
f 1708 1767 1768
f 1708 1768 1709
f 1709 1768 1769
f 1709 1769 1710
f 1710 1769 1770
f 1710 1770 1711
f 1711 1770 1771
f 1711 1771 1652
f 1652 1771 1712
f 1712 1772 1713
f 1713 1772 1773
f 1713 1773 1714
f 1714 1773 1774
f 1714 1774 1715
f 1715 1774 1775
f 1715 1775 1716
f 1716 1775 1776
f 1716 1776 1717
f 1717 1776 1777
f 1717 1777 1718
f 1718 1777 1778
f 1718 1778 1719
f 1719 1778 1779
f 1719 1779 1720
f 1720 1779 1780
f 1720 1780 1721
f 1721 1780 1781
f 1721 1781 1722
f 1722 1781 1782
f 1722 1782 1723
f 1723 1782 1783
f 1723 1783 1724
f 1724 1783 1784
f 1724 1784 1725
f 1725 1784 1785
f 1725 1785 1726
f 1726 1785 1786
f 1726 1786 1727
f 1727 1786 1787
f 1727 1787 1728
f 1728 1787 1788
f 1728 1788 1729
f 1729 1788 1789
f 1729 1789 1730
f 1730 1789 1790
f 1730 1790 1731
f 1731 1790 1791
f 1731 1791 1732
f 1732 1791 1792
f 1732 1792 1733
f 1733 1792 1793
f 1733 1793 1734
f 1734 1793 1794
f 1734 1794 1735
f 1735 1794 1795
f 1735 1795 1736
f 1736 1795 1796
f 1736 1796 1737
f 1737 1796 1797
f 1737 1797 1738
f 1738 1797 1798
f 1738 1798 1739
f 1739 1798 1799
f 1739 1799 1740
f 1740 1799 1800
f 1740 1800 1741
f 1741 1800 1801
f 1741 1801 1742
f 1742 1801 1802
f 1742 1802 1743
f 1743 1802 1803
f 1743 1803 1744
f 1744 1803 1804
f 1744 1804 1745
f 1745 1804 1805
f 1745 1805 1746
f 1746 1805 1806
f 1746 1806 1747
f 1747 1806 1807
f 1747 1807 1748
f 1748 1807 1808
f 1748 1808 1749
f 1749 1808 1809
f 1749 1809 1750
f 1750 1809 1810
f 1750 1810 1751
f 1751 1810 1811
f 1751 1811 1752
f 1752 1811 1812
f 1752 1812 1753
f 1753 1812 1813
f 1753 1813 1754
f 1754 1813 1814
f 1754 1814 1755
f 1755 1814 1815
f 1755 1815 1756
f 1756 1815 1816
f 1756 1816 1757
f 1757 1816 1817
f 1757 1817 1758
f 1758 1817 1818
f 1758 1818 1759
f 1759 1818 1819
f 1759 1819 1760
f 1760 1819 1820
f 1760 1820 1761
f 1761 1820 1821
f 1761 1821 1762
f 1762 1821 1822
f 1762 1822 1763
f 1763 1822 1823
f 1763 1823 1764
f 1764 1823 1824
f 1764 1824 1765
f 1765 1824 1825
f 1765 1825 1766
f 1766 1825 1826
f 1766 1826 1767
f 1767 1826 1827
f 1767 1827 1768
f 1768 1827 1828
f 1768 1828 1769
f 1769 1828 1829
f 1769 1829 1770
f 1770 1829 1830
f 1770 1830 1771
f 1771 1830 1831
f 1771 1831 1712
f 1712 1831 1772
f 1772 1832 1773
f 1773 1832 1833
f 1773 1833 1774
f 1774 1833 1834
f 1774 1834 1775
f 1775 1834 1835
f 1775 1835 1776
f 1776 1835 1836
f 1776 1836 1777
f 1777 1836 1837
f 1777 1837 1778
f 1778 1837 1838
f 1778 1838 1779
f 1779 1838 1839
f 1779 1839 1780
f 1780 1839 1840
f 1780 1840 1781
f 1781 1840 1841
f 1781 1841 1782
f 1782 1841 1842
f 1782 1842 1783
f 1783 1842 1843
f 1783 1843 1784
f 1784 1843 1844
f 1784 1844 1785
f 1785 1844 1845
f 1785 1845 1786
f 1786 1845 1846
f 1786 1846 1787
f 1787 1846 1847
f 1787 1847 1788
f 1788 1847 1848
f 1788 1848 1789
f 1789 1848 1849
f 1789 1849 1790
f 1790 1849 1850
f 1790 1850 1791
f 1791 1850 1851
f 1791 1851 1792
f 1792 1851 1852
f 1792 1852 1793
f 1793 1852 1853
f 1793 1853 1794
f 1794 1853 1854
f 1794 1854 1795
f 1795 1854 1855
f 1795 1855 1796
f 1796 1855 1856
f 1796 1856 1797
f 1797 1856 1857
f 1797 1857 1798
f 1798 1857 1858
f 1798 1858 1799
f 1799 1858 1859
f 1799 1859 1800
f 1800 1859 1860
f 1800 1860 1801
f 1801 1860 1861
f 1801 1861 1802
f 1802 1861 1862
f 1802 1862 1803
f 1803 1862 1863
f 1803 1863 1804
f 1804 1863 1864
f 1804 1864 1805
f 1805 1864 1865
f 1805 1865 1806
f 1806 1865 1866
f 1806 1866 1807
f 1807 1866 1867
f 1807 1867 1808
f 1808 1867 1868
f 1808 1868 1809
f 1809 1868 1869
f 1809 1869 1810
f 1810 1869 1870
f 1810 1870 1811
f 1811 1870 1871
f 1811 1871 1812
f 1812 1871 1872
f 1812 1872 1813
f 1813 1872 1873
f 1813 1873 1814
f 1814 1873 1874
f 1814 1874 1815
f 1815 1874 1875
f 1815 1875 1816
f 1816 1875 1876
f 1816 1876 1817
f 1817 1876 1877
f 1817 1877 1818
f 1818 1877 1878
f 1818 1878 1819
f 1819 1878 1879
f 1819 1879 1820
f 1820 1879 1880
f 1820 1880 1821
f 1821 1880 1881
f 1821 1881 1822
f 1822 1881 1882
f 1822 1882 1823
f 1823 1882 1883
f 1823 1883 1824
f 1824 1883 1884
f 1824 1884 1825
f 1825 1884 1885
f 1825 1885 1826
f 1826 1885 1886
f 1826 1886 1827
f 1827 1886 1887
f 1827 1887 1828
f 1828 1887 1888
f 1828 1888 1829
f 1829 1888 1889
f 1829 1889 1830
f 1830 1889 1890
f 1830 1890 1831
f 1831 1890 1891
f 1831 1891 1772
f 1772 1891 1832
f 1832 1892 1833
f 1833 1892 1893
f 1833 1893 1834
f 1834 1893 1894
f 1834 1894 1835
f 1835 1894 1895
f 1835 1895 1836
f 1836 1895 1896
f 1836 1896 1837
f 1837 1896 1897
f 1837 1897 1838
f 1838 1897 1898
f 1838 1898 1839
f 1839 1898 1899
f 1839 1899 1840
f 1840 1899 1900
f 1840 1900 1841
f 1841 1900 1901
f 1841 1901 1842
f 1842 1901 1902
f 1842 1902 1843
f 1843 1902 1903
f 1843 1903 1844
f 1844 1903 1904
f 1844 1904 1845
f 1845 1904 1905
f 1845 1905 1846
f 1846 1905 1906
f 1846 1906 1847
f 1847 1906 1907
f 1847 1907 1848
f 1848 1907 1908
f 1848 1908 1849
f 1849 1908 1909
f 1849 1909 1850
f 1850 1909 1910
f 1850 1910 1851
f 1851 1910 1911
f 1851 1911 1852
f 1852 1911 1912
f 1852 1912 1853
f 1853 1912 1913
f 1853 1913 1854
f 1854 1913 1914
f 1854 1914 1855
f 1855 1914 1915
f 1855 1915 1856
f 1856 1915 1916
f 1856 1916 1857
f 1857 1916 1917
f 1857 1917 1858
f 1858 1917 1918
f 1858 1918 1859
f 1859 1918 1919
f 1859 1919 1860
f 1860 1919 1920
f 1860 1920 1861
f 1861 1920 1921
f 1861 1921 1862
f 1862 1921 1922
f 1862 1922 1863
f 1863 1922 1923
f 1863 1923 1864
f 1864 1923 1924
f 1864 1924 1865
f 1865 1924 1925
f 1865 1925 1866
f 1866 1925 1926
f 1866 1926 1867
f 1867 1926 1927
f 1867 1927 1868
f 1868 1927 1928
f 1868 1928 1869
f 1869 1928 1929
f 1869 1929 1870
f 1870 1929 1930
f 1870 1930 1871
f 1871 1930 1931
f 1871 1931 1872
f 1872 1931 1932
f 1872 1932 1873
f 1873 1932 1933
f 1873 1933 1874
f 1874 1933 1934
f 1874 1934 1875
f 1875 1934 1935
f 1875 1935 1876
f 1876 1935 1936
f 1876 1936 1877
f 1877 1936 1937
f 1877 1937 1878
f 1878 1937 1938
f 1878 1938 1879
f 1879 1938 1939
f 1879 1939 1880
f 1880 1939 1940
f 1880 1940 1881
f 1881 1940 1941
f 1881 1941 1882
f 1882 1941 1942
f 1882 1942 1883
f 1883 1942 1943
f 1883 1943 1884
f 1884 1943 1944
f 1884 1944 1885
f 1885 1944 1945
f 1885 1945 1886
f 1886 1945 1946
f 1886 1946 1887
f 1887 1946 1947
f 1887 1947 1888
f 1888 1947 1948
f 1888 1948 1889
f 1889 1948 1949
f 1889 1949 1890
f 1890 1949 1950
f 1890 1950 1891
f 1891 1950 1951
f 1891 1951 1832
f 1832 1951 1892
f 1892 1952 1893
f 1893 1952 1953
f 1893 1953 1894
f 1894 1953 1954
f 1894 1954 1895
f 1895 1954 1955
f 1895 1955 1896
f 1896 1955 1956
f 1896 1956 1897
f 1897 1956 1957
f 1897 1957 1898
f 1898 1957 1958
f 1898 1958 1899
f 1899 1958 1959
f 1899 1959 1900
f 1900 1959 1960
f 1900 1960 1901
f 1901 1960 1961
f 1901 1961 1902
f 1902 1961 1962
f 1902 1962 1903
f 1903 1962 1963
f 1903 1963 1904
f 1904 1963 1964
f 1904 1964 1905
f 1905 1964 1965
f 1905 1965 1906
f 1906 1965 1966
f 1906 1966 1907
f 1907 1966 1967
f 1907 1967 1908
f 1908 1967 1968
f 1908 1968 1909
f 1909 1968 1969
f 1909 1969 1910
f 1910 1969 1970
f 1910 1970 1911
f 1911 1970 1971
f 1911 1971 1912
f 1912 1971 1972
f 1912 1972 1913
f 1913 1972 1973
f 1913 1973 1914
f 1914 1973 1974
f 1914 1974 1915
f 1915 1974 1975
f 1915 1975 1916
f 1916 1975 1976
f 1916 1976 1917
f 1917 1976 1977
f 1917 1977 1918
f 1918 1977 1978
f 1918 1978 1919
f 1919 1978 1979
f 1919 1979 1920
f 1920 1979 1980
f 1920 1980 1921
f 1921 1980 1981
f 1921 1981 1922
f 1922 1981 1982
f 1922 1982 1923
f 1923 1982 1983
f 1923 1983 1924
f 1924 1983 1984
f 1924 1984 1925
f 1925 1984 1985
f 1925 1985 1926
f 1926 1985 1986
f 1926 1986 1927
f 1927 1986 1987
f 1927 1987 1928
f 1928 1987 1988
f 1928 1988 1929
f 1929 1988 1989
f 1929 1989 1930
f 1930 1989 1990
f 1930 1990 1931
f 1931 1990 1991
f 1931 1991 1932
f 1932 1991 1992
f 1932 1992 1933
f 1933 1992 1993
f 1933 1993 1934
f 1934 1993 1994
f 1934 1994 1935
f 1935 1994 1995
f 1935 1995 1936
f 1936 1995 1996
f 1936 1996 1937
f 1937 1996 1997
f 1937 1997 1938
f 1938 1997 1998
f 1938 1998 1939
f 1939 1998 1999
f 1939 1999 1940
f 1940 1999 2000
f 1940 2000 1941
f 1941 2000 2001
f 1941 2001 1942
f 1942 2001 2002
f 1942 2002 1943
f 1943 2002 2003
f 1943 2003 1944
f 1944 2003 2004
f 1944 2004 1945
f 1945 2004 2005
f 1945 2005 1946
f 1946 2005 2006
f 1946 2006 1947
f 1947 2006 2007
f 1947 2007 1948
f 1948 2007 2008
f 1948 2008 1949
f 1949 2008 2009
f 1949 2009 1950
f 1950 2009 2010
f 1950 2010 1951
f 1951 2010 2011
f 1951 2011 1892
f 1892 2011 1952
f 2012 1981 2013
f 2013 1981 1980
f 2013 1980 2014
f 2014 1980 1979
f 2014 1979 2015
f 2015 1979 1978
f 2015 1978 2016
f 1978 1977 2016
f 2016 1977 1976
f 2016 1976 2017
f 2017 1976 1975
f 2017 1975 2018
f 2018 1975 1974
f 2018 1974 2019
f 2020 1999 2021
f 2021 1999 1998
f 2021 1998 2022
f 2022 1998 1997
f 2022 1997 2023
f 2024 1986 2025
f 2025 1986 1985
f 2025 1985 2026
f 2026 1985 1984
f 2026 1984 2027
f 2027 1984 1983
f 2027 1983 2012
f 2012 1983 1982
f 2012 1982 1981
f 2028 1990 2029
f 2029 1990 1989
f 2029 1989 2030
f 2030 1989 1988
f 2030 1988 2024
f 2024 1988 1987
f 2024 1987 1986
f 1997 1996 2023
f 2023 1996 1995
f 2023 1995 2031
f 2031 1995 1994
f 2031 1994 2032
f 2032 1994 1993
f 2032 1993 2033
f 2033 1993 1992
f 2033 1992 2028
f 2028 1992 1991
f 2028 1991 1990
f 1974 1973 2019
f 2019 1973 1972
f 2019 1972 2034
f 2034 1972 1971
f 2034 1971 2035
f 2035 1971 1970
f 2035 1970 2036
f 2036 1970 1969
f 2036 1969 2037
f 2038 2004 2039
f 2039 2004 2003
f 2039 2003 2040
f 2040 2003 2002
f 2040 2002 2041
f 2041 2002 2001
f 2041 2001 2020
f 2020 2001 2000
f 2020 2000 1999
f 1969 1968 2037
f 2037 1968 1967
f 2037 1967 2042
f 2042 1967 1966
f 2042 1966 2043
f 2043 1966 1965
f 2043 1965 2044
f 2045 2009 2046
f 2046 2009 2008
f 2046 2008 2047
f 2047 2008 2007
f 2047 2007 2048
f 2048 2007 2006
f 2048 2006 2038
f 2038 2006 2005
f 2038 2005 2004
f 2049 1958 2050
f 2050 1958 1957
f 2050 1957 2051
f 2051 1957 1956
f 2051 1956 2052
f 2052 1956 1955
f 2052 1955 2053
f 1965 1964 2044
f 2044 1964 1963
f 2044 1963 2054
f 2054 1963 1962
f 2054 1962 2055
f 2055 1962 1961
f 2055 1961 2056
f 2056 1961 1960
f 2056 1960 2049
f 2049 1960 1959
f 2049 1959 1958
f 1955 1954 2053
f 2053 1954 1953
f 2053 1953 2057
f 2057 1953 1952
f 2057 1952 2058
f 2058 1952 2011
f 2058 2011 2045
f 2045 2011 2010
f 2045 2010 2009
f 2059 2060 2061
f 2062 2063 2064
f 2065 2066 2067
f 2068 2069 2070
f 2071 2072 2073
f 2074 2075 2076
f 2077 2078 2079
f 2080 2081 2082
f 2083 2084 2085
f 2086 2087 2088
f 2089 2090 2091
f 2092 2093 2094
f 2095 2096 2097
f 2098 2099 2100
f 2101 2102 2103
f 2104 2105 2106
f 2107 2108 2109
f 2049 2050 2110
f 2110 2050 2111
f 2110 2111 2112
f 2112 2111 2113
f 2112 2113 2114
f 2114 2113 2115
f 2114 2115 2116
f 2116 2115 2117
f 2116 2117 2118
f 2118 2117 2119
f 2118 2119 2120
f 2120 2119 2121
f 2120 2121 2122
f 2122 2121 2123
f 2050 2051 2111
f 2111 2051 2124
f 2111 2124 2113
f 2113 2124 2125
f 2113 2125 2115
f 2115 2125 2126
f 2115 2126 2117
f 2117 2126 2127
f 2117 2127 2119
f 2119 2127 2128
f 2119 2128 2121
f 2121 2128 2129
f 2121 2129 2123
f 2123 2129 2130
f 2123 2130 2131
f 2131 2130 2132
f 2058 2045 2133
f 2133 2045 2134
f 2133 2134 2135
f 2135 2134 2136
f 2135 2136 2137
f 2137 2136 2138
f 2137 2138 2139
f 2139 2138 2140
f 2139 2140 2141
f 2141 2140 2142
f 2141 2142 2143
f 2143 2142 2144
f 2143 2144 2145
f 2145 2144 2146
f 2145 2146 2147
f 2147 2146 2148
f 2047 2048 2149
f 2149 2048 2150
f 2149 2150 2151
f 2151 2150 2152
f 2151 2152 2153
f 2153 2152 2154
f 2153 2154 2155
f 2155 2154 2156
f 2155 2156 2157
f 2157 2156 2158
f 2157 2158 2159
f 2159 2158 2160
f 2159 2160 2161
f 2161 2160 2162
f 2048 2038 2150
f 2150 2038 2163
f 2150 2163 2152
f 2152 2163 2164
f 2152 2164 2154
f 2154 2164 2165
f 2154 2165 2156
f 2156 2165 2166
f 2156 2166 2158
f 2158 2166 2167
f 2158 2167 2160
f 2160 2167 2168
f 2160 2168 2162
f 2162 2168 2169
f 2162 2169 2170
f 2170 2169 2171
f 2041 2020 2172
f 2172 2020 2173
f 2172 2173 2174
f 2174 2173 2175
f 2174 2175 2176
f 2176 2175 2177
f 2176 2177 2178
f 2178 2177 2179
f 2178 2179 2180
f 2180 2179 2181
f 2180 2181 2182
f 2182 2181 2183
f 2182 2183 2184
f 2184 2183 2185
f 2020 2021 2173
f 2173 2021 2186
f 2173 2186 2175
f 2175 2186 2187
f 2175 2187 2177
f 2177 2187 2188
f 2177 2188 2179
f 2179 2188 2189
f 2179 2189 2181
f 2181 2189 2190
f 2181 2190 2183
f 2183 2190 2191
f 2183 2191 2185
f 2185 2191 2192
f 2185 2192 2193
f 2193 2192 2194
f 2031 2032 2195
f 2195 2032 2196
f 2195 2196 2197
f 2197 2196 2198
f 2197 2198 2199
f 2199 2198 2200
f 2199 2200 2201
f 2201 2200 2202
f 2201 2202 2203
f 2203 2202 2204
f 2203 2204 2205
f 2205 2204 2206
f 2205 2206 2207
f 2207 2206 2208
f 2032 2033 2196
f 2196 2033 2209
f 2196 2209 2198
f 2198 2209 2210
f 2198 2210 2200
f 2200 2210 2211
f 2200 2211 2202
f 2202 2211 2212
f 2202 2212 2204
f 2204 2212 2213
f 2204 2213 2206
f 2206 2213 2214
f 2206 2214 2208
f 2208 2214 2215
f 2208 2215 2216
f 2216 2215 2217
f 2029 2030 2218
f 2218 2030 2219
f 2218 2219 2220
f 2220 2219 2221
f 2220 2221 2222
f 2222 2221 2223
f 2222 2223 2224
f 2224 2223 2225
f 2224 2225 2226
f 2226 2225 2227
f 2226 2227 2228
f 2228 2227 2229
f 2228 2229 2230
f 2230 2229 2231
f 2030 2024 2219
f 2219 2024 2232
f 2219 2232 2221
f 2221 2232 2233
f 2221 2233 2223
f 2223 2233 2234
f 2223 2234 2225
f 2225 2234 2235
f 2225 2235 2227
f 2227 2235 2236
f 2227 2236 2229
f 2229 2236 2237
f 2229 2237 2231
f 2231 2237 2238
f 2231 2238 2239
f 2239 2238 2240
f 2027 2012 2241
f 2241 2012 2242
f 2241 2242 2243
f 2243 2242 2244
f 2243 2244 2245
f 2245 2244 2246
f 2245 2246 2247
f 2247 2246 2248
f 2247 2248 2249
f 2249 2248 2250
f 2249 2250 2251
f 2251 2250 2252
f 2251 2252 2253
f 2253 2252 2254
f 2012 2013 2242
f 2242 2013 2255
f 2242 2255 2244
f 2244 2255 2256
f 2244 2256 2246
f 2246 2256 2257
f 2246 2257 2248
f 2248 2257 2258
f 2248 2258 2250
f 2250 2258 2259
f 2250 2259 2252
f 2252 2259 2260
f 2252 2260 2254
f 2254 2260 2261
f 2254 2261 2262
f 2262 2261 2263
f 2016 2017 2264
f 2264 2017 2265
f 2264 2265 2266
f 2266 2265 2267
f 2266 2267 2268
f 2268 2267 2269
f 2268 2269 2270
f 2270 2269 2271
f 2270 2271 2272
f 2272 2271 2273
f 2272 2273 2274
f 2274 2273 2275
f 2274 2275 2276
f 2276 2275 2277
f 2017 2018 2265
f 2265 2018 2278
f 2265 2278 2267
f 2267 2278 2279
f 2267 2279 2269
f 2269 2279 2280
f 2269 2280 2271
f 2271 2280 2281
f 2271 2281 2273
f 2273 2281 2282
f 2273 2282 2275
f 2275 2282 2283
f 2275 2283 2277
f 2277 2283 2284
f 2277 2284 2285
f 2285 2284 2286
f 2034 2035 2287
f 2287 2035 2288
f 2287 2288 2289
f 2289 2288 2290
f 2289 2290 2291
f 2291 2290 2292
f 2291 2292 2293
f 2293 2292 2294
f 2293 2294 2295
f 2295 2294 2296
f 2295 2296 2297
f 2297 2296 2298
f 2297 2298 2299
f 2299 2298 2300
f 2035 2036 2288
f 2288 2036 2301
f 2288 2301 2290
f 2290 2301 2302
f 2290 2302 2292
f 2292 2302 2303
f 2292 2303 2294
f 2294 2303 2304
f 2294 2304 2296
f 2296 2304 2305
f 2296 2305 2298
f 2298 2305 2306
f 2298 2306 2300
f 2300 2306 2307
f 2300 2307 2308
f 2308 2307 2309
f 2043 2044 2310
f 2310 2044 2311
f 2310 2311 2312
f 2312 2311 2313
f 2312 2313 2314
f 2314 2313 2315
f 2314 2315 2316
f 2316 2315 2317
f 2316 2317 2318
f 2318 2317 2319
f 2318 2319 2320
f 2320 2319 2321
f 2320 2321 2322
f 2322 2321 2323
f 2044 2054 2311
f 2311 2054 2324
f 2311 2324 2313
f 2313 2324 2325
f 2313 2325 2315
f 2315 2325 2326
f 2315 2326 2317
f 2317 2326 2327
f 2317 2327 2319
f 2319 2327 2328
f 2319 2328 2321
f 2321 2328 2329
f 2321 2329 2323
f 2323 2329 2330
f 2323 2330 2331
f 2331 2330 2332
f 2056 2049 2333
f 2333 2049 2110
f 2333 2110 2334
f 2334 2110 2112
f 2334 2112 2335
f 2335 2112 2114
f 2335 2114 2336
f 2336 2114 2116
f 2336 2116 2337
f 2337 2116 2118
f 2337 2118 2338
f 2338 2118 2120
f 2338 2120 2109
f 2109 2120 2122
f 2109 2122 2107
f 2131 2339 2123
f 2123 2339 2340
f 2123 2340 2122
f 2122 2340 2341
f 2122 2341 2107
f 2105 2132 2106
f 2106 2132 2130
f 2106 2130 2342
f 2342 2130 2129
f 2342 2129 2343
f 2343 2129 2128
f 2343 2128 2344
f 2344 2128 2127
f 2344 2127 2345
f 2345 2127 2126
f 2345 2126 2346
f 2346 2126 2125
f 2346 2125 2347
f 2347 2125 2124
f 2347 2124 2052
f 2052 2124 2051
f 2102 2104 2103
f 2103 2104 2106
f 2103 2106 2348
f 2348 2106 2342
f 2348 2342 2349
f 2349 2342 2343
f 2349 2343 2350
f 2350 2343 2344
f 2350 2344 2351
f 2351 2344 2345
f 2351 2345 2352
f 2352 2345 2346
f 2352 2346 2353
f 2353 2346 2347
f 2353 2347 2053
f 2053 2347 2052
f 2053 2057 2353
f 2353 2057 2354
f 2353 2354 2352
f 2352 2354 2355
f 2352 2355 2351
f 2351 2355 2356
f 2351 2356 2350
f 2350 2356 2357
f 2350 2357 2349
f 2349 2357 2358
f 2349 2358 2348
f 2348 2358 2359
f 2348 2359 2103
f 2103 2359 2360
f 2103 2360 2101
f 2361 2362 2360
f 2360 2362 2363
f 2360 2363 2101
f 2057 2058 2354
f 2354 2058 2133
f 2354 2133 2355
f 2355 2133 2135
f 2355 2135 2356
f 2356 2135 2137
f 2356 2137 2357
f 2357 2137 2139
f 2357 2139 2358
f 2358 2139 2141
f 2358 2141 2359
f 2359 2141 2143
f 2359 2143 2360
f 2360 2143 2145
f 2360 2145 2361
f 2361 2145 2147
f 2099 2148 2100
f 2100 2148 2146
f 2100 2146 2364
f 2364 2146 2144
f 2364 2144 2365
f 2365 2144 2142
f 2365 2142 2366
f 2366 2142 2140
f 2366 2140 2367
f 2367 2140 2138
f 2367 2138 2368
f 2368 2138 2136
f 2368 2136 2369
f 2369 2136 2134
f 2369 2134 2046
f 2046 2134 2045
f 2046 2047 2369
f 2369 2047 2149
f 2369 2149 2368
f 2368 2149 2151
f 2368 2151 2367
f 2367 2151 2153
f 2367 2153 2366
f 2366 2153 2155
f 2366 2155 2365
f 2365 2155 2157
f 2365 2157 2364
f 2364 2157 2159
f 2364 2159 2100
f 2100 2159 2161
f 2100 2161 2098
f 2170 2370 2162
f 2162 2370 2371
f 2162 2371 2161
f 2161 2371 2372
f 2161 2372 2098
f 2096 2171 2097
f 2097 2171 2169
f 2097 2169 2373
f 2373 2169 2168
f 2373 2168 2374
f 2374 2168 2167
f 2374 2167 2375
f 2375 2167 2166
f 2375 2166 2376
f 2376 2166 2165
f 2376 2165 2377
f 2377 2165 2164
f 2377 2164 2378
f 2378 2164 2163
f 2378 2163 2039
f 2039 2163 2038
f 2093 2095 2094
f 2094 2095 2097
f 2094 2097 2379
f 2379 2097 2373
f 2379 2373 2380
f 2380 2373 2374
f 2380 2374 2381
f 2381 2374 2375
f 2381 2375 2382
f 2382 2375 2376
f 2382 2376 2383
f 2383 2376 2377
f 2383 2377 2384
f 2384 2377 2378
f 2384 2378 2040
f 2040 2378 2039
f 2040 2041 2384
f 2384 2041 2172
f 2384 2172 2383
f 2383 2172 2174
f 2383 2174 2382
f 2382 2174 2176
f 2382 2176 2381
f 2381 2176 2178
f 2381 2178 2380
f 2380 2178 2180
f 2380 2180 2379
f 2379 2180 2182
f 2379 2182 2094
f 2094 2182 2184
f 2094 2184 2092
f 2193 2385 2185
f 2185 2385 2386
f 2185 2386 2184
f 2184 2386 2387
f 2184 2387 2092
f 2090 2194 2091
f 2091 2194 2192
f 2091 2192 2388
f 2388 2192 2191
f 2388 2191 2389
f 2389 2191 2190
f 2389 2190 2390
f 2390 2190 2189
f 2390 2189 2391
f 2391 2189 2188
f 2391 2188 2392
f 2392 2188 2187
f 2392 2187 2393
f 2393 2187 2186
f 2393 2186 2022
f 2022 2186 2021
f 2087 2089 2088
f 2088 2089 2091
f 2088 2091 2394
f 2394 2091 2388
f 2394 2388 2395
f 2395 2388 2389
f 2395 2389 2396
f 2396 2389 2390
f 2396 2390 2397
f 2397 2390 2391
f 2397 2391 2398
f 2398 2391 2392
f 2398 2392 2399
f 2399 2392 2393
f 2399 2393 2023
f 2023 2393 2022
f 2023 2031 2399
f 2399 2031 2195
f 2399 2195 2398
f 2398 2195 2197
f 2398 2197 2397
f 2397 2197 2199
f 2397 2199 2396
f 2396 2199 2201
f 2396 2201 2395
f 2395 2201 2203
f 2395 2203 2394
f 2394 2203 2205
f 2394 2205 2088
f 2088 2205 2207
f 2088 2207 2086
f 2216 2400 2208
f 2208 2400 2401
f 2208 2401 2207
f 2207 2401 2402
f 2207 2402 2086
f 2084 2217 2085
f 2085 2217 2215
f 2085 2215 2403
f 2403 2215 2214
f 2403 2214 2404
f 2404 2214 2213
f 2404 2213 2405
f 2405 2213 2212
f 2405 2212 2406
f 2406 2212 2211
f 2406 2211 2407
f 2407 2211 2210
f 2407 2210 2408
f 2408 2210 2209
f 2408 2209 2028
f 2028 2209 2033
f 2028 2029 2408
f 2408 2029 2218
f 2408 2218 2407
f 2407 2218 2220
f 2407 2220 2406
f 2406 2220 2222
f 2406 2222 2405
f 2405 2222 2224
f 2405 2224 2404
f 2404 2224 2226
f 2404 2226 2403
f 2403 2226 2228
f 2403 2228 2085
f 2085 2228 2230
f 2085 2230 2083
f 2239 2409 2231
f 2231 2409 2410
f 2231 2410 2230
f 2230 2410 2411
f 2230 2411 2083
f 2081 2240 2082
f 2082 2240 2238
f 2082 2238 2412
f 2412 2238 2237
f 2412 2237 2413
f 2413 2237 2236
f 2413 2236 2414
f 2414 2236 2235
f 2414 2235 2415
f 2415 2235 2234
f 2415 2234 2416
f 2416 2234 2233
f 2416 2233 2417
f 2417 2233 2232
f 2417 2232 2025
f 2025 2232 2024
f 2078 2080 2079
f 2079 2080 2082
f 2079 2082 2418
f 2418 2082 2412
f 2418 2412 2419
f 2419 2412 2413
f 2419 2413 2420
f 2420 2413 2414
f 2420 2414 2421
f 2421 2414 2415
f 2421 2415 2422
f 2422 2415 2416
f 2422 2416 2423
f 2423 2416 2417
f 2423 2417 2026
f 2026 2417 2025
f 2026 2027 2423
f 2423 2027 2241
f 2423 2241 2422
f 2422 2241 2243
f 2422 2243 2421
f 2421 2243 2245
f 2421 2245 2420
f 2420 2245 2247
f 2420 2247 2419
f 2419 2247 2249
f 2419 2249 2418
f 2418 2249 2251
f 2418 2251 2079
f 2079 2251 2253
f 2079 2253 2077
f 2262 2424 2254
f 2254 2424 2425
f 2254 2425 2253
f 2253 2425 2426
f 2253 2426 2077
f 2075 2263 2076
f 2076 2263 2261
f 2076 2261 2427
f 2427 2261 2260
f 2427 2260 2428
f 2428 2260 2259
f 2428 2259 2429
f 2429 2259 2258
f 2429 2258 2430
f 2430 2258 2257
f 2430 2257 2431
f 2431 2257 2256
f 2431 2256 2432
f 2432 2256 2255
f 2432 2255 2014
f 2014 2255 2013
f 2072 2074 2073
f 2073 2074 2076
f 2073 2076 2433
f 2433 2076 2427
f 2433 2427 2434
f 2434 2427 2428
f 2434 2428 2435
f 2435 2428 2429
f 2435 2429 2436
f 2436 2429 2430
f 2436 2430 2437
f 2437 2430 2431
f 2437 2431 2438
f 2438 2431 2432
f 2438 2432 2015
f 2015 2432 2014
f 2015 2016 2438
f 2438 2016 2264
f 2438 2264 2437
f 2437 2264 2266
f 2437 2266 2436
f 2436 2266 2268
f 2436 2268 2435
f 2435 2268 2270
f 2435 2270 2434
f 2434 2270 2272
f 2434 2272 2433
f 2433 2272 2274
f 2433 2274 2073
f 2073 2274 2276
f 2073 2276 2071
f 2285 2439 2277
f 2277 2439 2440
f 2277 2440 2276
f 2276 2440 2441
f 2276 2441 2071
f 2069 2286 2070
f 2070 2286 2284
f 2070 2284 2442
f 2442 2284 2283
f 2442 2283 2443
f 2443 2283 2282
f 2443 2282 2444
f 2444 2282 2281
f 2444 2281 2445
f 2445 2281 2280
f 2445 2280 2446
f 2446 2280 2279
f 2446 2279 2447
f 2447 2279 2278
f 2447 2278 2019
f 2019 2278 2018
f 2019 2034 2447
f 2447 2034 2287
f 2447 2287 2446
f 2446 2287 2289
f 2446 2289 2445
f 2445 2289 2291
f 2445 2291 2444
f 2444 2291 2293
f 2444 2293 2443
f 2443 2293 2295
f 2443 2295 2442
f 2442 2295 2297
f 2442 2297 2070
f 2070 2297 2299
f 2070 2299 2068
f 2308 2448 2300
f 2300 2448 2449
f 2300 2449 2299
f 2299 2449 2450
f 2299 2450 2068
f 2066 2309 2067
f 2067 2309 2307
f 2067 2307 2451
f 2451 2307 2306
f 2451 2306 2452
f 2452 2306 2305
f 2452 2305 2453
f 2453 2305 2304
f 2453 2304 2454
f 2454 2304 2303
f 2454 2303 2455
f 2455 2303 2302
f 2455 2302 2456
f 2456 2302 2301
f 2456 2301 2037
f 2037 2301 2036
f 2063 2065 2064
f 2064 2065 2067
f 2064 2067 2457
f 2457 2067 2451
f 2457 2451 2458
f 2458 2451 2452
f 2458 2452 2459
f 2459 2452 2453
f 2459 2453 2460
f 2460 2453 2454
f 2460 2454 2461
f 2461 2454 2455
f 2461 2455 2462
f 2462 2455 2456
f 2462 2456 2042
f 2042 2456 2037
f 2042 2043 2462
f 2462 2043 2310
f 2462 2310 2461
f 2461 2310 2312
f 2461 2312 2460
f 2460 2312 2314
f 2460 2314 2459
f 2459 2314 2316
f 2459 2316 2458
f 2458 2316 2318
f 2458 2318 2457
f 2457 2318 2320
f 2457 2320 2064
f 2064 2320 2322
f 2064 2322 2062
f 2331 2463 2323
f 2323 2463 2464
f 2323 2464 2322
f 2322 2464 2465
f 2322 2465 2062
f 2060 2332 2061
f 2061 2332 2330
f 2061 2330 2466
f 2466 2330 2329
f 2466 2329 2467
f 2467 2329 2328
f 2467 2328 2468
f 2468 2328 2327
f 2468 2327 2469
f 2469 2327 2326
f 2469 2326 2470
f 2470 2326 2325
f 2470 2325 2471
f 2471 2325 2324
f 2471 2324 2055
f 2055 2324 2054
f 2108 2059 2109
f 2109 2059 2061
f 2109 2061 2338
f 2338 2061 2466
f 2338 2466 2337
f 2337 2466 2467
f 2337 2467 2336
f 2336 2467 2468
f 2336 2468 2335
f 2335 2468 2469
f 2335 2469 2334
f 2334 2469 2470
f 2334 2470 2333
f 2333 2470 2471
f 2333 2471 2056
f 2056 2471 2055
f 2411 2472 2083
f 2083 2472 2473
f 2083 2473 2084
f 2084 2473 2474
f 2084 2474 2217
f 2217 2474 2475
f 2217 2475 2216
f 2216 2475 2476
f 2216 2476 2400
f 2400 2476 2477
f 2400 2477 2401
f 2401 2477 2478
f 2401 2478 2402
f 2402 2478 2479
f 2402 2479 2086
f 2086 2479 2480
f 2086 2480 2087
f 2087 2480 2481
f 2087 2481 2089
f 2089 2481 2482
f 2089 2482 2090
f 2090 2482 2483
f 2090 2483 2194
f 2194 2483 2484
f 2194 2484 2193
f 2193 2484 2485
f 2193 2485 2385
f 2385 2485 2486
f 2385 2486 2386
f 2386 2486 2487
f 2386 2487 2387
f 2387 2487 2488
f 2387 2488 2092
f 2092 2488 2489
f 2092 2489 2093
f 2093 2489 2490
f 2093 2490 2095
f 2095 2490 2491
f 2095 2491 2096
f 2096 2491 2492
f 2096 2492 2171
f 2171 2492 2493
f 2171 2493 2170
f 2170 2493 2494
f 2170 2494 2370
f 2370 2494 2495
f 2370 2495 2371
f 2371 2495 2496
f 2371 2496 2372
f 2372 2496 2497
f 2372 2497 2098
f 2098 2497 2498
f 2098 2498 2099
f 2099 2498 2499
f 2099 2499 2148
f 2148 2499 2500
f 2148 2500 2147
f 2147 2500 2501
f 2147 2501 2361
f 2361 2501 2502
f 2361 2502 2362
f 2362 2502 2503
f 2362 2503 2363
f 2363 2503 2504
f 2363 2504 2101
f 2101 2504 2505
f 2101 2505 2102
f 2102 2505 2506
f 2102 2506 2104
f 2104 2506 2507
f 2104 2507 2105
f 2105 2507 2508
f 2105 2508 2132
f 2132 2508 2509
f 2132 2509 2131
f 2131 2509 2510
f 2131 2510 2339
f 2339 2510 2511
f 2339 2511 2340
f 2340 2511 2512
f 2340 2512 2341
f 2341 2512 2513
f 2341 2513 2107
f 2107 2513 2514
f 2107 2514 2108
f 2108 2514 2515
f 2108 2515 2059
f 2059 2515 2516
f 2059 2516 2060
f 2060 2516 2517
f 2060 2517 2332
f 2332 2517 2518
f 2332 2518 2331
f 2331 2518 2519
f 2331 2519 2463
f 2463 2519 2520
f 2463 2520 2464
f 2464 2520 2521
f 2464 2521 2465
f 2465 2521 2522
f 2465 2522 2062
f 2062 2522 2523
f 2062 2523 2063
f 2063 2523 2524
f 2063 2524 2065
f 2065 2524 2525
f 2065 2525 2066
f 2066 2525 2526
f 2066 2526 2309
f 2309 2526 2527
f 2309 2527 2308
f 2308 2527 2528
f 2308 2528 2448
f 2448 2528 2529
f 2448 2529 2449
f 2449 2529 2530
f 2449 2530 2450
f 2450 2530 2531
f 2450 2531 2068
f 2068 2531 2532
f 2068 2532 2069
f 2069 2532 2533
f 2069 2533 2286
f 2286 2533 2534
f 2286 2534 2285
f 2285 2534 2535
f 2285 2535 2439
f 2439 2535 2536
f 2439 2536 2440
f 2440 2536 2537
f 2440 2537 2441
f 2441 2537 2538
f 2441 2538 2071
f 2071 2538 2539
f 2071 2539 2072
f 2072 2539 2540
f 2072 2540 2074
f 2074 2540 2541
f 2074 2541 2075
f 2075 2541 2542
f 2075 2542 2263
f 2263 2542 2543
f 2263 2543 2262
f 2262 2543 2544
f 2262 2544 2424
f 2424 2544 2545
f 2424 2545 2425
f 2425 2545 2546
f 2425 2546 2426
f 2426 2546 2547
f 2426 2547 2077
f 2077 2547 2548
f 2077 2548 2078
f 2078 2548 2549
f 2078 2549 2080
f 2080 2549 2550
f 2080 2550 2081
f 2081 2550 2551
f 2081 2551 2240
f 2240 2551 2552
f 2240 2552 2239
f 2239 2552 2553
f 2239 2553 2409
f 2409 2553 2554
f 2409 2554 2410
f 2410 2554 2555
f 2410 2555 2411
f 2411 2555 2472
f 2556 2557 2558
f 2559 2560 2561
f 2562 2563 2564
f 2565 2566 2567
f 2568 2569 2570
f 2571 2572 2573
f 2574 2575 2576
f 2577 2578 2579
f 2580 2581 2582
f 2583 2584 2585
f 2586 2587 2588
f 2589 2590 2591
f 2592 2593 2594
f 2521 2520 2595
f 2523 2522 2596
f 2525 2524 2597
f 2530 2529 2598
f 2532 2531 2599
f 2537 2536 2600
f 2546 2545 2601
f 2548 2547 2602
f 2555 2554 2603
f 2484 2483 2604
f 2486 2485 2605
f 2493 2492 2606
f 2495 2494 2607
f 2502 2501 2608
f 2505 2504 2609
f 2509 2508 2610
f 2511 2510 2611
f 2514 2513 2612
f 2514 2612 2515
f 2505 2609 2506
f 2499 2498 2613
f 2497 2496 2614
f 2490 2489 2615
f 2488 2487 2616
f 2482 2481 2617
f 2617 2481 2618
f 2617 2618 2619
f 2481 2480 2618
f 2618 2480 2479
f 2618 2479 2478
f 2620 2476 2475
f 2621 2474 2473
f 2622 2553 2552
f 2623 2551 2550
f 2624 2544 2543
f 2625 2542 2541
f 2539 2538 2626
f 2626 2538 2537
f 2536 2535 2627
f 2627 2535 2534
f 2534 2533 2628
f 2628 2533 2532
f 2530 2598 2531
f 2529 2528 2629
f 2629 2528 2527
f 2527 2526 2630
f 2630 2526 2525
f 2523 2596 2524
f 2521 2595 2522
f 2520 2519 2631
f 2631 2519 2518
f 2518 2517 2632
f 2632 2517 2516
f 2633 2619 2634
f 2634 2619 2618
f 2634 2618 2635
f 2635 2618 2478
f 2635 2478 2477
f 2636 2637 2638
f 2639 2633 2640
f 2640 2633 2634
f 2640 2634 2641
f 2641 2634 2635
f 2641 2635 2620
f 2620 2635 2477
f 2620 2477 2476
f 2642 2639 2643
f 2643 2639 2640
f 2643 2640 2644
f 2644 2640 2641
f 2644 2641 2645
f 2645 2641 2620
f 2645 2620 2621
f 2621 2620 2475
f 2621 2475 2474
f 2646 2642 2647
f 2647 2642 2643
f 2647 2643 2648
f 2648 2643 2644
f 2648 2644 2649
f 2649 2644 2645
f 2649 2645 2650
f 2650 2645 2621
f 2650 2621 2651
f 2651 2621 2473
f 2651 2473 2472
f 2652 2653 2654
f 2655 2646 2656
f 2656 2646 2647
f 2656 2647 2657
f 2657 2647 2648
f 2657 2648 2658
f 2658 2648 2649
f 2658 2649 2659
f 2659 2649 2650
f 2659 2650 2660
f 2660 2650 2651
f 2660 2651 2603
f 2603 2651 2472
f 2603 2472 2555
f 2661 2662 2653
f 2663 2655 2664
f 2664 2655 2656
f 2664 2656 2665
f 2665 2656 2657
f 2665 2657 2666
f 2666 2657 2658
f 2666 2658 2667
f 2667 2658 2659
f 2667 2659 2668
f 2668 2659 2660
f 2668 2660 2669
f 2669 2660 2603
f 2669 2603 2622
f 2622 2603 2554
f 2622 2554 2553
f 2670 2663 2671
f 2671 2663 2664
f 2671 2664 2672
f 2672 2664 2665
f 2672 2665 2673
f 2673 2665 2666
f 2673 2666 2674
f 2674 2666 2667
f 2674 2667 2675
f 2675 2667 2668
f 2675 2668 2676
f 2676 2668 2669
f 2676 2669 2677
f 2677 2669 2622
f 2677 2622 2623
f 2623 2622 2552
f 2623 2552 2551
f 2678 2670 2679
f 2679 2670 2671
f 2679 2671 2680
f 2680 2671 2672
f 2680 2672 2681
f 2681 2672 2673
f 2681 2673 2682
f 2682 2673 2674
f 2682 2674 2683
f 2683 2674 2675
f 2683 2675 2684
f 2684 2675 2676
f 2684 2676 2685
f 2685 2676 2677
f 2685 2677 2686
f 2686 2677 2623
f 2686 2623 2687
f 2687 2623 2550
f 2687 2550 2549
f 2688 2678 2689
f 2689 2678 2679
f 2689 2679 2690
f 2690 2679 2680
f 2690 2680 2691
f 2691 2680 2681
f 2691 2681 2692
f 2692 2681 2682
f 2692 2682 2693
f 2693 2682 2683
f 2693 2683 2694
f 2694 2683 2684
f 2694 2684 2695
f 2695 2684 2685
f 2695 2685 2696
f 2696 2685 2686
f 2696 2686 2697
f 2697 2686 2687
f 2697 2687 2602
f 2602 2687 2549
f 2602 2549 2548
f 2485 2484 2605
f 2605 2484 2604
f 2605 2604 2698
f 2698 2604 2699
f 2698 2699 2700
f 2700 2699 2701
f 2700 2701 2702
f 2702 2701 2703
f 2702 2703 2704
f 2704 2703 2705
f 2704 2705 2706
f 2706 2705 2707
f 2706 2707 2708
f 2708 2707 2709
f 2708 2709 2710
f 2710 2709 2711
f 2710 2711 2712
f 2712 2711 2713
f 2712 2713 2714
f 2714 2713 2715
f 2714 2715 2716
f 2716 2715 2717
f 2716 2717 2718
f 2719 2688 2720
f 2720 2688 2689
f 2720 2689 2721
f 2721 2689 2690
f 2721 2690 2722
f 2722 2690 2691
f 2722 2691 2723
f 2723 2691 2692
f 2723 2692 2724
f 2724 2692 2693
f 2724 2693 2725
f 2725 2693 2694
f 2725 2694 2726
f 2726 2694 2695
f 2726 2695 2727
f 2727 2695 2696
f 2727 2696 2728
f 2728 2696 2697
f 2728 2697 2729
f 2729 2697 2602
f 2729 2602 2601
f 2601 2602 2547
f 2601 2547 2546
f 2487 2486 2616
f 2616 2486 2605
f 2616 2605 2730
f 2730 2605 2698
f 2730 2698 2731
f 2731 2698 2700
f 2731 2700 2732
f 2732 2700 2702
f 2732 2702 2733
f 2733 2702 2704
f 2733 2704 2734
f 2734 2704 2706
f 2734 2706 2735
f 2735 2706 2708
f 2735 2708 2736
f 2736 2708 2710
f 2736 2710 2737
f 2737 2710 2712
f 2737 2712 2738
f 2738 2712 2714
f 2738 2714 2739
f 2739 2714 2716
f 2739 2716 2740
f 2740 2716 2718
f 2740 2718 2741
f 2742 2719 2743
f 2743 2719 2720
f 2743 2720 2744
f 2744 2720 2721
f 2744 2721 2745
f 2745 2721 2722
f 2745 2722 2746
f 2746 2722 2723
f 2746 2723 2747
f 2747 2723 2724
f 2747 2724 2748
f 2748 2724 2725
f 2748 2725 2749
f 2749 2725 2726
f 2749 2726 2750
f 2750 2726 2727
f 2750 2727 2751
f 2751 2727 2728
f 2751 2728 2752
f 2752 2728 2729
f 2752 2729 2753
f 2753 2729 2601
f 2753 2601 2624
f 2624 2601 2545
f 2624 2545 2544
f 2489 2488 2615
f 2615 2488 2616
f 2615 2616 2754
f 2754 2616 2730
f 2754 2730 2755
f 2755 2730 2731
f 2755 2731 2756
f 2756 2731 2732
f 2756 2732 2757
f 2757 2732 2733
f 2757 2733 2758
f 2758 2733 2734
f 2758 2734 2759
f 2759 2734 2735
f 2759 2735 2760
f 2760 2735 2736
f 2760 2736 2761
f 2761 2736 2737
f 2761 2737 2762
f 2762 2737 2738
f 2762 2738 2763
f 2763 2738 2739
f 2763 2739 2764
f 2764 2739 2740
f 2764 2740 2765
f 2765 2740 2741
f 2765 2741 2766
f 2767 2742 2768
f 2768 2742 2743
f 2768 2743 2769
f 2769 2743 2744
f 2769 2744 2770
f 2770 2744 2745
f 2770 2745 2771
f 2771 2745 2746
f 2771 2746 2772
f 2772 2746 2747
f 2772 2747 2773
f 2773 2747 2748
f 2773 2748 2774
f 2774 2748 2749
f 2774 2749 2775
f 2775 2749 2750
f 2775 2750 2776
f 2776 2750 2751
f 2776 2751 2777
f 2777 2751 2752
f 2777 2752 2778
f 2778 2752 2753
f 2778 2753 2779
f 2779 2753 2624
f 2779 2624 2625
f 2625 2624 2543
f 2625 2543 2542
f 2653 2652 2661
f 2661 2652 2780
f 2661 2780 2781
f 2781 2780 2782
f 2781 2782 2783
f 2783 2782 2784
f 2783 2784 2785
f 2785 2784 2786
f 2785 2786 2787
f 2787 2786 2788
f 2787 2788 2789
f 2789 2788 2790
f 2789 2790 2791
f 2791 2790 2792
f 2791 2792 2793
f 2793 2792 2794
f 2793 2794 2795
f 2500 2499 2796
f 2796 2499 2613
f 2796 2613 2797
f 2797 2613 2798
f 2797 2798 2799
f 2799 2798 2800
f 2799 2800 2801
f 2801 2800 2802
f 2801 2802 2803
f 2803 2802 2804
f 2803 2804 2805
f 2805 2804 2806
f 2805 2806 2807
f 2807 2806 2808
f 2807 2808 2809
f 2809 2808 2810
f 2809 2810 2811
f 2811 2810 2812
f 2811 2812 2813
f 2813 2812 2814
f 2813 2814 2815
f 2815 2814 2816
f 2815 2816 2817
f 2817 2816 2818
f 2817 2818 2819
f 2819 2818 2820
f 2819 2820 2821
f 2821 2820 2822
f 2821 2822 2823
f 2491 2490 2824
f 2824 2490 2615
f 2824 2615 2825
f 2825 2615 2754
f 2825 2754 2826
f 2826 2754 2755
f 2826 2755 2827
f 2827 2755 2756
f 2827 2756 2828
f 2828 2756 2757
f 2828 2757 2829
f 2829 2757 2758
f 2829 2758 2830
f 2830 2758 2759
f 2830 2759 2831
f 2831 2759 2760
f 2831 2760 2832
f 2832 2760 2761
f 2832 2761 2833
f 2833 2761 2762
f 2833 2762 2834
f 2834 2762 2763
f 2834 2763 2835
f 2835 2763 2764
f 2835 2764 2836
f 2836 2764 2765
f 2836 2765 2837
f 2837 2765 2766
f 2837 2766 2838
f 2839 2767 2840
f 2840 2767 2768
f 2840 2768 2841
f 2841 2768 2769
f 2841 2769 2842
f 2842 2769 2770
f 2842 2770 2843
f 2843 2770 2771
f 2843 2771 2844
f 2844 2771 2772
f 2844 2772 2845
f 2845 2772 2773
f 2845 2773 2846
f 2846 2773 2774
f 2846 2774 2847
f 2847 2774 2775
f 2847 2775 2848
f 2848 2775 2776
f 2848 2776 2849
f 2849 2776 2777
f 2849 2777 2850
f 2850 2777 2778
f 2850 2778 2851
f 2851 2778 2779
f 2851 2779 2852
f 2852 2779 2625
f 2852 2625 2853
f 2853 2625 2541
f 2853 2541 2540
f 2662 2661 2854
f 2854 2661 2781
f 2854 2781 2855
f 2855 2781 2783
f 2855 2783 2856
f 2856 2783 2785
f 2856 2785 2857
f 2857 2785 2787
f 2857 2787 2858
f 2858 2787 2789
f 2858 2789 2859
f 2859 2789 2791
f 2859 2791 2860
f 2860 2791 2793
f 2860 2793 2861
f 2861 2793 2795
f 2861 2795 2862
f 2501 2500 2608
f 2608 2500 2796
f 2608 2796 2863
f 2863 2796 2797
f 2863 2797 2864
f 2864 2797 2799
f 2864 2799 2865
f 2865 2799 2801
f 2865 2801 2866
f 2866 2801 2803
f 2866 2803 2867
f 2867 2803 2805
f 2867 2805 2868
f 2868 2805 2807
f 2868 2807 2869
f 2869 2807 2809
f 2869 2809 2870
f 2870 2809 2811
f 2870 2811 2871
f 2871 2811 2813
f 2871 2813 2872
f 2872 2813 2815
f 2872 2815 2873
f 2873 2815 2817
f 2873 2817 2874
f 2874 2817 2819
f 2874 2819 2875
f 2875 2819 2821
f 2875 2821 2876
f 2876 2821 2823
f 2876 2823 2877
f 2492 2491 2606
f 2606 2491 2824
f 2606 2824 2878
f 2878 2824 2825
f 2878 2825 2879
f 2879 2825 2826
f 2879 2826 2880
f 2880 2826 2827
f 2880 2827 2881
f 2881 2827 2828
f 2881 2828 2882
f 2882 2828 2829
f 2882 2829 2883
f 2883 2829 2830
f 2883 2830 2884
f 2884 2830 2831
f 2884 2831 2885
f 2885 2831 2832
f 2885 2832 2886
f 2886 2832 2833
f 2886 2833 2887
f 2887 2833 2834
f 2887 2834 2888
f 2888 2834 2835
f 2888 2835 2889
f 2889 2835 2836
f 2889 2836 2890
f 2890 2836 2837
f 2890 2837 2891
f 2891 2837 2838
f 2891 2838 2892
f 2893 2894 2895
f 2570 2839 2896
f 2896 2839 2840
f 2896 2840 2897
f 2897 2840 2841
f 2897 2841 2898
f 2898 2841 2842
f 2898 2842 2899
f 2899 2842 2843
f 2899 2843 2900
f 2900 2843 2844
f 2900 2844 2901
f 2901 2844 2845
f 2901 2845 2902
f 2902 2845 2846
f 2902 2846 2903
f 2903 2846 2847
f 2903 2847 2904
f 2904 2847 2848
f 2904 2848 2905
f 2905 2848 2849
f 2905 2849 2906
f 2906 2849 2850
f 2906 2850 2907
f 2907 2850 2851
f 2907 2851 2908
f 2908 2851 2852
f 2908 2852 2909
f 2909 2852 2853
f 2909 2853 2626
f 2626 2853 2540
f 2626 2540 2539
f 2910 2911 2912
f 2913 2914 2915
f 2915 2914 2910
f 2915 2910 2916
f 2916 2910 2912
f 2916 2912 2917
f 2591 2918 2919
f 2919 2918 2920
f 2919 2920 2921
f 2921 2920 2922
f 2921 2922 2923
f 2923 2922 2924
f 2923 2924 2925
f 2925 2924 2926
f 2925 2926 2927
f 2927 2926 2928
f 2927 2928 2929
f 2929 2928 2930
f 2929 2930 2931
f 2932 2933 2934
f 2935 2936 2937
f 2937 2936 2938
f 2937 2938 2939
f 2939 2938 2940
f 2939 2940 2941
f 2941 2940 2942
f 2941 2942 2943
f 2943 2942 2944
f 2943 2944 2945
f 2945 2944 2946
f 2945 2946 2947
f 2947 2946 2948
f 2947 2948 2949
f 2949 2948 2950
f 2949 2950 2951
f 2951 2950 2952
f 2951 2952 2953
f 2953 2952 2954
f 2953 2954 2955
f 2955 2954 2956
f 2955 2956 2957
f 2957 2956 2958
f 2957 2958 2959
f 2959 2958 2960
f 2959 2960 2961
f 2961 2960 2636
f 2961 2636 2962
f 2962 2636 2638
f 2962 2638 2963
f 2512 2511 2964
f 2964 2511 2611
f 2964 2611 2965
f 2965 2611 2966
f 2965 2966 2967
f 2967 2966 2968
f 2967 2968 2969
f 2969 2968 2970
f 2969 2970 2971
f 2971 2970 2972
f 2971 2972 2973
f 2973 2972 2974
f 2973 2974 2975
f 2975 2974 2976
f 2975 2976 2977
f 2977 2976 2978
f 2977 2978 2979
f 2979 2978 2980
f 2979 2980 2981
f 2981 2980 2982
f 2981 2982 2983
f 2983 2982 2984
f 2983 2984 2985
f 2985 2984 2986
f 2985 2986 2987
f 2987 2986 2988
f 2987 2988 2989
f 2989 2988 2990
f 2989 2990 2991
f 2991 2990 2992
f 2991 2992 2993
f 2993 2992 2994
f 2510 2509 2611
f 2611 2509 2610
f 2611 2610 2966
f 2966 2610 2995
f 2966 2995 2968
f 2968 2995 2996
f 2968 2996 2970
f 2970 2996 2997
f 2970 2997 2972
f 2972 2997 2998
f 2972 2998 2974
f 2974 2998 2999
f 2974 2999 2976
f 2976 2999 3000
f 2976 3000 2978
f 2978 3000 3001
f 2978 3001 2980
f 2980 3001 3002
f 2980 3002 2982
f 2982 3002 3003
f 2982 3003 2984
f 2984 3003 3004
f 2984 3004 2986
f 2986 3004 3005
f 2986 3005 2988
f 2988 3005 3006
f 2988 3006 2990
f 2990 3006 3007
f 2990 3007 2992
f 2992 3007 3008
f 2992 3008 2994
f 2994 3008 3009
f 2994 3009 3010
f 3010 3009 3011
f 2507 2506 3012
f 3012 2506 2609
f 3012 2609 3013
f 3013 2609 3014
f 3013 3014 3015
f 3015 3014 3016
f 3015 3016 3017
f 3017 3016 3018
f 3017 3018 3019
f 3019 3018 3020
f 3019 3020 3021
f 3021 3020 3022
f 3021 3022 3023
f 3023 3022 3024
f 3023 3024 3025
f 3025 3024 3026
f 3025 3026 3027
f 3027 3026 3028
f 3027 3028 3029
f 3029 3028 3030
f 3029 3030 3031
f 3031 3030 3032
f 3031 3032 3033
f 3033 3032 3034
f 3033 3034 3035
f 3035 3034 3036
f 3035 3036 3037
f 3037 3036 3038
f 3037 3038 3039
f 3039 3038 3040
f 3039 3040 3041
f 3041 3040 2582
f 3042 3043 3044
f 3045 2894 3046
f 3046 2894 2893
f 3046 2893 3047
f 3048 3049 3050
f 3050 3049 3047
f 3050 3047 3051
f 3051 3047 2893
f 3051 2893 3052
f 3052 2893 2895
f 3052 2895 3053
f 3054 3055 3056
f 3056 3055 3057
f 3056 3057 3058
f 3058 3057 3059
f 3058 3059 3060
f 3060 3059 3061
f 3060 3061 3062
f 3062 3061 2594
f 3062 2594 3063
f 3063 2594 2593
f 3063 2593 3064
f 3055 3065 3057
f 3057 3065 3066
f 3057 3066 3059
f 3059 3066 3067
f 3059 3067 3061
f 3061 3067 3068
f 3061 3068 2594
f 2594 3068 3069
f 2594 3069 2592
f 3065 2917 3066
f 3066 2917 2912
f 3066 2912 3067
f 3067 2912 2911
f 3067 2911 3068
f 3068 2911 3070
f 3068 3070 3069
f 2914 3071 2910
f 2910 3071 3072
f 2910 3072 2911
f 2911 3072 3073
f 2911 3073 3070
f 3074 2913 2918
f 2918 2913 2915
f 2918 2915 2920
f 2920 2915 2916
f 2920 2916 2922
f 2922 2916 2917
f 2922 2917 2924
f 2924 2917 3065
f 2924 3065 2926
f 2926 3065 3055
f 2926 3055 2928
f 2928 3055 3054
f 2928 3054 2930
f 2591 2590 2918
f 2918 2590 3075
f 2918 3075 3074
f 2587 2589 2588
f 2588 2589 2591
f 2588 2591 3076
f 3076 2591 2919
f 3076 2919 3077
f 3077 2919 2921
f 3077 2921 3078
f 3078 2921 2923
f 3078 2923 3079
f 3079 2923 2925
f 3079 2925 3080
f 3080 2925 2927
f 3080 2927 3081
f 3081 2927 2929
f 3081 2929 3082
f 3082 2929 2931
f 3082 2931 3083
f 3084 2586 2862
f 2862 2586 2588
f 2862 2588 2861
f 2861 2588 3076
f 2861 3076 2860
f 2860 3076 3077
f 2860 3077 2859
f 2859 3077 3078
f 2859 3078 2858
f 2858 3078 3079
f 2858 3079 2857
f 2857 3079 3080
f 2857 3080 2856
f 2856 3080 3081
f 2856 3081 2855
f 2855 3081 3082
f 2855 3082 2854
f 2854 3082 3083
f 2854 3083 2662
f 2794 2934 2795
f 2795 2934 2933
f 2795 2933 2862
f 2862 2933 3085
f 2862 3085 3084
f 3086 3087 3088
f 3088 3087 2932
f 3088 2932 3089
f 3089 2932 2934
f 3089 2934 3090
f 3090 2934 2794
f 3090 2794 3091
f 3091 2794 2792
f 3091 2792 3092
f 3092 2792 2790
f 3092 2790 3093
f 3093 2790 2788
f 3093 2788 3094
f 3094 2788 2786
f 3094 2786 3095
f 3095 2786 2784
f 3095 2784 3096
f 3096 2784 2782
f 3096 2782 3097
f 3097 2782 2780
f 3097 2780 3098
f 3098 2780 2652
f 3098 2652 3099
f 3099 2652 2654
f 3099 2654 3100
f 3087 3101 2932
f 2932 3101 3102
f 2932 3102 2933
f 2933 3102 3103
f 2933 3103 3085
f 2584 3086 2585
f 2585 3086 3088
f 2585 3088 3104
f 3104 3088 3089
f 3104 3089 3105
f 3105 3089 3090
f 3105 3090 3106
f 3106 3090 3091
f 3106 3091 3107
f 3107 3091 3092
f 3107 3092 3108
f 3108 3092 3093
f 3108 3093 3109
f 3109 3093 3094
f 3109 3094 3110
f 3110 3094 3095
f 3110 3095 3111
f 3111 3095 3096
f 3111 3096 3112
f 3112 3096 3097
f 3112 3097 3113
f 3113 3097 3098
f 3113 3098 3114
f 3114 3098 3099
f 3114 3099 3115
f 3115 3099 3100
f 3115 3100 2637
f 2637 2636 3115
f 3115 2636 2960
f 3115 2960 3114
f 3114 2960 2958
f 3114 2958 3113
f 3113 2958 2956
f 3113 2956 3112
f 3112 2956 2954
f 3112 2954 3111
f 3111 2954 2952
f 3111 2952 3110
f 3110 2952 2950
f 3110 2950 3109
f 3109 2950 2948
f 3109 2948 3108
f 3108 2948 2946
f 3108 2946 3107
f 3107 2946 2944
f 3107 2944 3106
f 3106 2944 2942
f 3106 2942 3105
f 3105 2942 2940
f 3105 2940 3104
f 3104 2940 2938
f 3104 2938 2585
f 2585 2938 2936
f 2585 2936 2583
f 3116 3117 3118
f 3118 3117 2935
f 3118 2935 3119
f 3119 2935 2937
f 3119 2937 3120
f 3120 2937 2939
f 3120 2939 3121
f 3121 2939 2941
f 3121 2941 3122
f 3122 2941 2943
f 3122 2943 3123
f 3123 2943 2945
f 3123 2945 3124
f 3124 2945 2947
f 3124 2947 3125
f 3125 2947 2949
f 3125 2949 3126
f 3126 2949 2951
f 3126 2951 3127
f 3127 2951 2953
f 3127 2953 3128
f 3128 2953 2955
f 3128 2955 3129
f 3129 2955 2957
f 3129 2957 3130
f 3130 2957 2959
f 3130 2959 3131
f 3131 2959 2961
f 3131 2961 3132
f 3132 2961 2962
f 3132 2962 2612
f 2612 2962 2963
f 2612 2963 2515
f 2515 2963 2516
f 3117 3133 2935
f 2935 3133 3134
f 2935 3134 2936
f 2936 3134 3135
f 2936 3135 2583
f 2513 2512 2612
f 2612 2512 2964
f 2612 2964 3132
f 3132 2964 2965
f 3132 2965 3131
f 3131 2965 2967
f 3131 2967 3130
f 3130 2967 2969
f 3130 2969 3129
f 3129 2969 2971
f 3129 2971 3128
f 3128 2971 2973
f 3128 2973 3127
f 3127 2973 2975
f 3127 2975 3126
f 3126 2975 2977
f 3126 2977 3125
f 3125 2977 2979
f 3125 2979 3124
f 3124 2979 2981
f 3124 2981 3123
f 3123 2981 2983
f 3123 2983 3122
f 3122 2983 2985
f 3122 2985 3121
f 3121 2985 2987
f 3121 2987 3120
f 3120 2987 2989
f 3120 2989 3119
f 3119 2989 2991
f 3119 2991 3118
f 3118 2991 2993
f 3118 2993 3116
f 3010 3136 2994
f 2994 3136 3137
f 2994 3137 2993
f 2993 3137 3138
f 2993 3138 3116
f 3139 3011 3041
f 3041 3011 3009
f 3041 3009 3039
f 3039 3009 3008
f 3039 3008 3037
f 3037 3008 3007
f 3037 3007 3035
f 3035 3007 3006
f 3035 3006 3033
f 3033 3006 3005
f 3033 3005 3031
f 3031 3005 3004
f 3031 3004 3029
f 3029 3004 3003
f 3029 3003 3027
f 3027 3003 3002
f 3027 3002 3025
f 3025 3002 3001
f 3025 3001 3023
f 3023 3001 3000
f 3023 3000 3021
f 3021 3000 2999
f 3021 2999 3019
f 3019 2999 2998
f 3019 2998 3017
f 3017 2998 2997
f 3017 2997 3015
f 3015 2997 2996
f 3015 2996 3013
f 3013 2996 2995
f 3013 2995 3012
f 3012 2995 2610
f 3012 2610 2507
f 2507 2610 2508
f 2582 2581 3041
f 3041 2581 3140
f 3041 3140 3139
f 2578 2580 2579
f 2579 2580 2582
f 2579 2582 3141
f 3141 2582 3040
f 3141 3040 3142
f 3142 3040 3038
f 3142 3038 3143
f 3143 3038 3036
f 3143 3036 3144
f 3144 3036 3034
f 3144 3034 3145
f 3145 3034 3032
f 3145 3032 3146
f 3146 3032 3030
f 3146 3030 3147
f 3147 3030 3028
f 3147 3028 3148
f 3148 3028 3026
f 3148 3026 3149
f 3149 3026 3024
f 3149 3024 3150
f 3150 3024 3022
f 3150 3022 3151
f 3151 3022 3020
f 3151 3020 3152
f 3152 3020 3018
f 3152 3018 3153
f 3153 3018 3016
f 3153 3016 3154
f 3154 3016 3014
f 3154 3014 3155
f 3155 3014 2609
f 3155 2609 2503
f 2503 2609 2504
f 3156 2577 2877
f 2877 2577 2579
f 2877 2579 2876
f 2876 2579 3141
f 2876 3141 2875
f 2875 3141 3142
f 2875 3142 2874
f 2874 3142 3143
f 2874 3143 2873
f 2873 3143 3144
f 2873 3144 2872
f 2872 3144 3145
f 2872 3145 2871
f 2871 3145 3146
f 2871 3146 2870
f 2870 3146 3147
f 2870 3147 2869
f 2869 3147 3148
f 2869 3148 2868
f 2868 3148 3149
f 2868 3149 2867
f 2867 3149 3150
f 2867 3150 2866
f 2866 3150 3151
f 2866 3151 2865
f 2865 3151 3152
f 2865 3152 2864
f 2864 3152 3153
f 2864 3153 2863
f 2863 3153 3154
f 2863 3154 2608
f 2608 3154 3155
f 2608 3155 2502
f 2502 3155 2503
f 2822 3044 2823
f 2823 3044 3043
f 2823 3043 2877
f 2877 3043 3157
f 2877 3157 3156
f 3158 3159 3160
f 3160 3159 3042
f 3160 3042 3161
f 3161 3042 3044
f 3161 3044 3162
f 3162 3044 2822
f 3162 2822 3163
f 3163 2822 2820
f 3163 2820 3164
f 3164 2820 2818
f 3164 2818 3165
f 3165 2818 2816
f 3165 2816 3166
f 3166 2816 2814
f 3166 2814 3167
f 3167 2814 2812
f 3167 2812 3168
f 3168 2812 2810
f 3168 2810 3169
f 3169 2810 2808
f 3169 2808 3170
f 3170 2808 2806
f 3170 2806 3171
f 3171 2806 2804
f 3171 2804 3172
f 3172 2804 2802
f 3172 2802 3173
f 3173 2802 2800
f 3173 2800 3174
f 3174 2800 2798
f 3174 2798 2614
f 2614 2798 2613
f 2614 2613 2497
f 2497 2613 2498
f 3159 3175 3042
f 3042 3175 3176
f 3042 3176 3043
f 3043 3176 3177
f 3043 3177 3157
f 2575 3158 2576
f 2576 3158 3160
f 2576 3160 3178
f 3178 3160 3161
f 3178 3161 3179
f 3179 3161 3162
f 3179 3162 3180
f 3180 3162 3163
f 3180 3163 3181
f 3181 3163 3164
f 3181 3164 3182
f 3182 3164 3165
f 3182 3165 3183
f 3183 3165 3166
f 3183 3166 3184
f 3184 3166 3167
f 3184 3167 3185
f 3185 3167 3168
f 3185 3168 3186
f 3186 3168 3169
f 3186 3169 3187
f 3187 3169 3170
f 3187 3170 3188
f 3188 3170 3171
f 3188 3171 3189
f 3189 3171 3172
f 3189 3172 3190
f 3190 3172 3173
f 3190 3173 3191
f 3191 3173 3174
f 3191 3174 2607
f 2607 3174 2614
f 2607 2614 2495
f 2495 2614 2496
f 3192 2574 2892
f 2892 2574 2576
f 2892 2576 2891
f 2891 2576 3178
f 2891 3178 2890
f 2890 3178 3179
f 2890 3179 2889
f 2889 3179 3180
f 2889 3180 2888
f 2888 3180 3181
f 2888 3181 2887
f 2887 3181 3182
f 2887 3182 2886
f 2886 3182 3183
f 2886 3183 2885
f 2885 3183 3184
f 2885 3184 2884
f 2884 3184 3185
f 2884 3185 2883
f 2883 3185 3186
f 2883 3186 2882
f 2882 3186 3187
f 2882 3187 2881
f 2881 3187 3188
f 2881 3188 2880
f 2880 3188 3189
f 2880 3189 2879
f 2879 3189 3190
f 2879 3190 2878
f 2878 3190 3191
f 2878 3191 2606
f 2606 3191 2607
f 2606 2607 2493
f 2493 2607 2494
f 2717 3193 2718
f 2718 3193 3194
f 2718 3194 2741
f 2741 3194 3195
f 2741 3195 2766
f 2766 3195 3196
f 2766 3196 2838
f 2838 3196 2573
f 2838 2573 2892
f 2892 2573 2572
f 2892 2572 3192
f 3193 3053 3194
f 3194 3053 2895
f 3194 2895 3195
f 3195 2895 2894
f 3195 2894 3196
f 3196 2894 3045
f 3196 3045 2573
f 2573 3045 3197
f 2573 3197 2571
f 3049 3198 3047
f 3047 3198 3199
f 3047 3199 3046
f 3046 3199 3200
f 3046 3200 3045
f 3045 3200 3201
f 3045 3201 3197
f 2569 3048 2570
f 2570 3048 3050
f 2570 3050 2839
f 2839 3050 3051
f 2839 3051 2767
f 2767 3051 3052
f 2767 3052 2742
f 2742 3052 3053
f 2742 3053 2719
f 2719 3053 3193
f 2719 3193 2688
f 2688 3193 2717
f 2688 2717 2678
f 2678 2717 2715
f 2678 2715 2670
f 2670 2715 2713
f 2670 2713 2663
f 2663 2713 2711
f 2663 2711 2655
f 2655 2711 2709
f 2655 2709 2646
f 2646 2709 2707
f 2646 2707 2642
f 2642 2707 2705
f 2642 2705 2639
f 2639 2705 2703
f 2639 2703 2633
f 2633 2703 2701
f 2633 2701 2619
f 2619 2701 2699
f 2619 2699 2617
f 2617 2699 2604
f 2617 2604 2482
f 2482 2604 2483
f 2537 2600 2626
f 2626 2600 3202
f 2626 3202 2909
f 2909 3202 3203
f 2909 3203 2908
f 2908 3203 3204
f 2908 3204 2907
f 2907 3204 3205
f 2907 3205 2906
f 2906 3205 3206
f 2906 3206 2905
f 2905 3206 3207
f 2905 3207 2904
f 2904 3207 3208
f 2904 3208 2903
f 2903 3208 3209
f 2903 3209 2902
f 2902 3209 3210
f 2902 3210 2901
f 2901 3210 3211
f 2901 3211 2900
f 2900 3211 3212
f 2900 3212 2899
f 2899 3212 3213
f 2899 3213 2898
f 2898 3213 3214
f 2898 3214 2897
f 2897 3214 3215
f 2897 3215 2896
f 2896 3215 3216
f 2896 3216 2570
f 2570 3216 3217
f 2570 3217 2568
f 3218 3219 3220
f 2536 2627 2600
f 2600 2627 3221
f 2600 3221 3202
f 3202 3221 3222
f 3202 3222 3203
f 3203 3222 3223
f 3203 3223 3204
f 3204 3223 3224
f 3204 3224 3205
f 3205 3224 3225
f 3205 3225 3206
f 3206 3225 3226
f 3206 3226 3207
f 3207 3226 3227
f 3207 3227 3208
f 3208 3227 3228
f 3208 3228 3209
f 3209 3228 3229
f 3209 3229 3210
f 3210 3229 3230
f 3210 3230 3211
f 3211 3230 3231
f 3211 3231 3212
f 3212 3231 3232
f 3212 3232 3213
f 3213 3232 3233
f 3213 3233 3214
f 3214 3233 3234
f 3214 3234 3215
f 3215 3234 3218
f 3215 3218 3216
f 3216 3218 3220
f 3216 3220 3217
f 3235 3236 3237
f 2534 2628 2627
f 2627 2628 3238
f 2627 3238 3221
f 3221 3238 3239
f 3221 3239 3222
f 3222 3239 3240
f 3222 3240 3223
f 3223 3240 3241
f 3223 3241 3224
f 3224 3241 3242
f 3224 3242 3225
f 3225 3242 3243
f 3225 3243 3226
f 3226 3243 3244
f 3226 3244 3227
f 3227 3244 3245
f 3227 3245 3228
f 3228 3245 3246
f 3228 3246 3229
f 3229 3246 3247
f 3229 3247 3230
f 3230 3247 3248
f 3230 3248 3231
f 3231 3248 3249
f 3231 3249 3232
f 3232 3249 3250
f 3232 3250 3233
f 3233 3250 3251
f 3233 3251 3234
f 3234 3251 3235
f 3234 3235 3218
f 3218 3235 3237
f 3218 3237 3219
f 2532 2599 2628
f 2628 2599 3252
f 2628 3252 3238
f 3238 3252 3253
f 3238 3253 3239
f 3239 3253 3254
f 3239 3254 3240
f 3240 3254 3255
f 3240 3255 3241
f 3241 3255 3256
f 3241 3256 3242
f 3242 3256 3257
f 3242 3257 3243
f 3243 3257 3258
f 3243 3258 3244
f 3244 3258 3259
f 3244 3259 3245
f 3245 3259 3260
f 3245 3260 3246
f 3246 3260 3261
f 3246 3261 3247
f 3247 3261 3262
f 3247 3262 3248
f 3248 3262 3263
f 3248 3263 3249
f 3249 3263 3264
f 3249 3264 3250
f 3250 3264 3265
f 3250 3265 3251
f 3251 3265 2567
f 3251 2567 3235
f 3235 2567 2566
f 3235 2566 3236
f 2531 2598 2599
f 2599 2598 3266
f 2599 3266 3252
f 3252 3266 3267
f 3252 3267 3253
f 3253 3267 3268
f 3253 3268 3254
f 3254 3268 3269
f 3254 3269 3255
f 3255 3269 3270
f 3255 3270 3256
f 3256 3270 3271
f 3256 3271 3257
f 3257 3271 3272
f 3257 3272 3258
f 3258 3272 3273
f 3258 3273 3259
f 3259 3273 3274
f 3259 3274 3260
f 3260 3274 3275
f 3260 3275 3261
f 3261 3275 3276
f 3261 3276 3262
f 3262 3276 3277
f 3262 3277 3263
f 3263 3277 3278
f 3263 3278 3264
f 3264 3278 3279
f 3264 3279 3265
f 3265 3279 2564
f 3265 2564 2567
f 2567 2564 2563
f 2567 2563 2565
f 2529 2629 2598
f 2598 2629 3280
f 2598 3280 3266
f 3266 3280 3281
f 3266 3281 3267
f 3267 3281 3282
f 3267 3282 3268
f 3268 3282 3283
f 3268 3283 3269
f 3269 3283 3284
f 3269 3284 3270
f 3270 3284 3285
f 3270 3285 3271
f 3271 3285 3286
f 3271 3286 3272
f 3272 3286 3287
f 3272 3287 3273
f 3273 3287 3288
f 3273 3288 3274
f 3274 3288 3289
f 3274 3289 3275
f 3275 3289 3290
f 3275 3290 3276
f 3276 3290 3291
f 3276 3291 3277
f 3277 3291 3292
f 3277 3292 3278
f 3278 3292 3293
f 3278 3293 3279
f 3279 3293 3294
f 3279 3294 2564
f 2564 3294 3295
f 2564 3295 2562
f 3296 3297 3298
f 2527 2630 2629
f 2629 2630 3299
f 2629 3299 3280
f 3280 3299 3300
f 3280 3300 3281
f 3281 3300 3301
f 3281 3301 3282
f 3282 3301 3302
f 3282 3302 3283
f 3283 3302 3303
f 3283 3303 3284
f 3284 3303 3304
f 3284 3304 3285
f 3285 3304 3305
f 3285 3305 3286
f 3286 3305 3306
f 3286 3306 3287
f 3287 3306 3307
f 3287 3307 3288
f 3288 3307 3308
f 3288 3308 3289
f 3289 3308 3309
f 3289 3309 3290
f 3290 3309 3310
f 3290 3310 3291
f 3291 3310 3311
f 3291 3311 3292
f 3292 3311 3312
f 3292 3312 3293
f 3293 3312 3296
f 3293 3296 3294
f 3294 3296 3298
f 3294 3298 3295
f 3313 3314 3315
f 2525 2597 2630
f 2630 2597 3316
f 2630 3316 3299
f 3299 3316 3317
f 3299 3317 3300
f 3300 3317 3318
f 3300 3318 3301
f 3301 3318 3319
f 3301 3319 3302
f 3302 3319 3320
f 3302 3320 3303
f 3303 3320 3321
f 3303 3321 3304
f 3304 3321 3322
f 3304 3322 3305
f 3305 3322 3323
f 3305 3323 3306
f 3306 3323 3324
f 3306 3324 3307
f 3307 3324 3325
f 3307 3325 3308
f 3308 3325 3326
f 3308 3326 3309
f 3309 3326 3327
f 3309 3327 3310
f 3310 3327 3328
f 3310 3328 3311
f 3311 3328 3329
f 3311 3329 3312
f 3312 3329 3313
f 3312 3313 3296
f 3296 3313 3315
f 3296 3315 3297
f 2524 2596 2597
f 2597 2596 3330
f 2597 3330 3316
f 3316 3330 3331
f 3316 3331 3317
f 3317 3331 3332
f 3317 3332 3318
f 3318 3332 3333
f 3318 3333 3319
f 3319 3333 3334
f 3319 3334 3320
f 3320 3334 3335
f 3320 3335 3321
f 3321 3335 3336
f 3321 3336 3322
f 3322 3336 3337
f 3322 3337 3323
f 3323 3337 3338
f 3323 3338 3324
f 3324 3338 3339
f 3324 3339 3325
f 3325 3339 3340
f 3325 3340 3326
f 3326 3340 3341
f 3326 3341 3327
f 3327 3341 3342
f 3327 3342 3328
f 3328 3342 3343
f 3328 3343 3329
f 3329 3343 2561
f 3329 2561 3313
f 3313 2561 2560
f 3313 2560 3314
f 2522 2595 2596
f 2596 2595 3344
f 2596 3344 3330
f 3330 3344 3345
f 3330 3345 3331
f 3331 3345 3346
f 3331 3346 3332
f 3332 3346 3347
f 3332 3347 3333
f 3333 3347 3348
f 3333 3348 3334
f 3334 3348 3349
f 3334 3349 3335
f 3335 3349 3350
f 3335 3350 3336
f 3336 3350 3351
f 3336 3351 3337
f 3337 3351 3352
f 3337 3352 3338
f 3338 3352 3353
f 3338 3353 3339
f 3339 3353 3354
f 3339 3354 3340
f 3340 3354 3355
f 3340 3355 3341
f 3341 3355 3356
f 3341 3356 3342
f 3342 3356 3357
f 3342 3357 3343
f 3343 3357 2558
f 3343 2558 2561
f 2561 2558 2557
f 2561 2557 2559
f 2520 2631 2595
f 2595 2631 3358
f 2595 3358 3344
f 3344 3358 3359
f 3344 3359 3345
f 3345 3359 3360
f 3345 3360 3346
f 3346 3360 3361
f 3346 3361 3347
f 3347 3361 3362
f 3347 3362 3348
f 3348 3362 3363
f 3348 3363 3349
f 3349 3363 3364
f 3349 3364 3350
f 3350 3364 3365
f 3350 3365 3351
f 3351 3365 3366
f 3351 3366 3352
f 3352 3366 3367
f 3352 3367 3353
f 3353 3367 3368
f 3353 3368 3354
f 3354 3368 3369
f 3354 3369 3355
f 3355 3369 3370
f 3355 3370 3356
f 3356 3370 3371
f 3356 3371 3357
f 3357 3371 3372
f 3357 3372 2558
f 2558 3372 3373
f 2558 3373 2556
f 3374 3375 3376
f 2518 2632 2631
f 2631 2632 3377
f 2631 3377 3358
f 3358 3377 3378
f 3358 3378 3359
f 3359 3378 3379
f 3359 3379 3360
f 3360 3379 3380
f 3360 3380 3361
f 3361 3380 3381
f 3361 3381 3362
f 3362 3381 3382
f 3362 3382 3363
f 3363 3382 3383
f 3363 3383 3364
f 3364 3383 3384
f 3364 3384 3365
f 3365 3384 3385
f 3365 3385 3366
f 3366 3385 3386
f 3366 3386 3367
f 3367 3386 3387
f 3367 3387 3368
f 3368 3387 3388
f 3368 3388 3369
f 3369 3388 3389
f 3369 3389 3370
f 3370 3389 3390
f 3370 3390 3371
f 3371 3390 3374
f 3371 3374 3372
f 3372 3374 3376
f 3372 3376 3373
f 2516 2963 2632
f 2632 2963 2638
f 2632 2638 3377
f 3377 2638 2637
f 3377 2637 3378
f 3378 2637 3100
f 3378 3100 3379
f 3379 3100 2654
f 3379 2654 3380
f 3380 2654 2653
f 3380 2653 3381
f 3381 2653 2662
f 3381 2662 3382
f 3382 2662 3083
f 3382 3083 3383
f 3383 3083 2931
f 3383 2931 3384
f 3384 2931 2930
f 3384 2930 3385
f 3385 2930 3054
f 3385 3054 3386
f 3386 3054 3056
f 3386 3056 3387
f 3387 3056 3058
f 3387 3058 3388
f 3388 3058 3060
f 3388 3060 3389
f 3389 3060 3062
f 3389 3062 3390
f 3390 3062 3063
f 3390 3063 3374
f 3374 3063 3064
f 3374 3064 3375
f 3391 2593 3392
f 3392 2593 2592
f 3392 2592 3393
f 3393 2592 3069
f 3393 3069 3394
f 3394 3069 3070
f 3394 3070 3395
f 3395 3070 3073
f 3395 3073 3396
f 3396 3073 3072
f 3396 3072 3397
f 3397 3072 3071
f 3397 3071 3398
f 3398 3071 2914
f 3398 2914 3399
f 3399 2914 2913
f 3399 2913 3400
f 3400 2913 3074
f 3400 3074 3401
f 3401 3074 3075
f 3401 3075 3402
f 3402 3075 2590
f 3402 2590 3403
f 3403 2590 2589
f 3403 2589 3404
f 3404 2589 2587
f 3404 2587 3405
f 3405 2587 2586
f 3405 2586 3406
f 2586 3084 3406
f 3406 3084 3085
f 3406 3085 3407
f 3407 3085 3103
f 3407 3103 3408
f 3408 3103 3102
f 3408 3102 3409
f 3409 3102 3101
f 3409 3101 3410
f 3410 3101 3087
f 3410 3087 3411
f 3411 3087 3086
f 3411 3086 3412
f 3412 3086 2584
f 3412 2584 3413
f 3413 2584 2583
f 3413 2583 3414
f 3414 2583 3135
f 3414 3135 3415
f 3415 3135 3134
f 3415 3134 3416
f 3416 3134 3133
f 3416 3133 3417
f 3417 3133 3117
f 3417 3117 3418
f 3418 3117 3116
f 3418 3116 3419
f 3419 3116 3138
f 3419 3138 3420
f 3420 3138 3137
f 3420 3137 3421
f 3137 3136 3421
f 3421 3136 3010
f 3421 3010 3422
f 3422 3010 3011
f 3422 3011 3423
f 3423 3011 3139
f 3423 3139 3424
f 3424 3139 3140
f 3424 3140 3425
f 3425 3140 2581
f 3425 2581 3426
f 3426 2581 2580
f 3426 2580 3427
f 3427 2580 2578
f 3427 2578 3428
f 3428 2578 2577
f 3428 2577 3429
f 3429 2577 3156
f 3429 3156 3430
f 3156 3157 3430
f 3430 3157 3177
f 3430 3177 3431
f 3431 3177 3176
f 3431 3176 3432
f 3432 3176 3175
f 3432 3175 3433
f 3433 3175 3159
f 3433 3159 3434
f 3434 3159 3158
f 3434 3158 3435
f 3435 3158 2575
f 3435 2575 3436
f 3436 2575 2574
f 3436 2574 3437
f 3437 2574 3192
f 3437 3192 3438
f 3438 3192 2572
f 3438 2572 3439
f 3439 2572 2571
f 3439 2571 3440
f 3440 2571 3197
f 3440 3197 3441
f 3441 3197 3201
f 3441 3201 3442
f 3442 3201 3200
f 3442 3200 3443
f 3443 3200 3199
f 3443 3199 3444
f 3199 3198 3444
f 3444 3198 3049
f 3444 3049 3445
f 3445 3049 3048
f 3445 3048 3446
f 3446 3048 2569
f 3446 2569 3447
f 3447 2569 2568
f 3447 2568 3448
f 3448 2568 3217
f 3448 3217 3449
f 3449 3217 3220
f 3449 3220 3450
f 3450 3220 3219
f 3450 3219 3451
f 3451 3219 3237
f 3451 3237 3452
f 3452 3237 3236
f 3452 3236 3453
f 3453 3236 2566
f 3453 2566 3454
f 3454 2566 2565
f 3454 2565 3455
f 3455 2565 2563
f 3455 2563 3456
f 3456 2563 2562
f 3456 2562 3457
f 3457 2562 3295
f 3457 3295 3458
f 3458 3295 3298
f 3458 3298 3459
f 3459 3298 3297
f 3459 3297 3460
f 3460 3297 3315
f 3460 3315 3461
f 3315 3314 3461
f 3461 3314 2560
f 3461 2560 3462
f 3462 2560 2559
f 3462 2559 3463
f 3463 2559 2557
f 3463 2557 3464
f 3464 2557 2556
f 3464 2556 3465
f 3465 2556 3373
f 3465 3373 3466
f 3466 3373 3376
f 3466 3376 3467
f 3467 3376 3375
f 3467 3375 3391
f 3391 3375 3064
f 3391 3064 2593
f 3468 3469 3470
f 3471 3472 3473
f 3474 3475 3476
f 3477 3478 3479
f 3480 3481 3482
f 3483 3484 3485
f 3486 3487 3488
f 3489 3490 3491
f 3492 3493 3494
f 3495 3496 3497
f 3498 3499 3500
f 3501 3502 3503
f 3504 3505 3506
f 3507 3508 3509
f 3510 3511 3512
f 3513 3514 3515
f 3516 3517 3518
f 3466 3467 3519
f 3452 3453 3520
f 3450 3451 3521
f 3448 3449 3522
f 3445 3446 3523
f 3433 3434 3524
f 3431 3432 3525
f 3429 3430 3526
f 3426 3427 3527
f 3412 3413 3528
f 3410 3411 3529
f 3407 3408 3530
f 3393 3394 3531
f 3391 3392 3532
f 3395 3396 3516
f 3516 3396 3397
f 3516 3397 3517
f 3517 3397 3398
f 3517 3398 3399
f 3533 3400 3401
f 3401 3402 3534
f 3534 3402 3403
f 3403 3404 3535
f 3535 3404 3405
f 3405 3406 3536
f 3536 3406 3407
f 3414 3415 3513
f 3513 3415 3416
f 3513 3416 3514
f 3514 3416 3417
f 3514 3417 3418
f 3419 3420 3537
f 3537 3420 3421
f 3537 3421 3422
f 3422 3423 3538
f 3538 3423 3424
f 3424 3425 3539
f 3539 3425 3426
f 3435 3436 3510
f 3510 3436 3437
f 3510 3437 3511
f 3511 3437 3438
f 3511 3438 3439
f 3540 3440 3441
f 3441 3442 3541
f 3541 3442 3443
f 3443 3444 3542
f 3542 3444 3445
f 3454 3455 3507
f 3507 3455 3456
f 3507 3456 3508
f 3508 3456 3457
f 3508 3457 3458
f 3543 3459 3460
f 3460 3461 3544
f 3544 3461 3462
f 3462 3463 3545
f 3545 3463 3464
f 3464 3465 3546
f 3546 3465 3466
f 3519 3467 3547
f 3548 3518 3549
f 3549 3518 3517
f 3549 3517 3533
f 3533 3517 3399
f 3533 3399 3400
f 3550 3515 3551
f 3551 3515 3514
f 3551 3514 3552
f 3552 3514 3418
f 3552 3418 3419
f 3553 3512 3554
f 3554 3512 3511
f 3554 3511 3540
f 3540 3511 3439
f 3540 3439 3440
f 3555 3509 3556
f 3556 3509 3508
f 3556 3508 3543
f 3543 3508 3458
f 3543 3458 3459
f 3557 3519 3558
f 3558 3519 3547
f 3558 3547 3559
f 3560 3561 3562
f 3563 3564 3565
f 3565 3564 3560
f 3565 3560 3566
f 3566 3560 3562
f 3566 3562 3530
f 3567 3568 3569
f 3570 3571 3572
f 3572 3571 3567
f 3572 3567 3573
f 3573 3567 3569
f 3573 3569 3527
f 3574 3575 3576
f 3577 3578 3579
f 3579 3578 3574
f 3579 3574 3580
f 3580 3574 3576
f 3580 3576 3523
f 3581 3557 3582
f 3582 3557 3558
f 3582 3558 3583
f 3583 3558 3559
f 3583 3559 3584
f 3505 3585 3506
f 3506 3585 3584
f 3506 3584 3586
f 3586 3584 3559
f 3586 3559 3532
f 3532 3559 3547
f 3532 3547 3391
f 3391 3547 3467
f 3502 3504 3503
f 3503 3504 3506
f 3503 3506 3587
f 3587 3506 3586
f 3587 3586 3531
f 3531 3586 3532
f 3531 3532 3393
f 3393 3532 3392
f 3588 3501 3548
f 3548 3501 3503
f 3548 3503 3518
f 3518 3503 3587
f 3518 3587 3516
f 3516 3587 3531
f 3516 3531 3395
f 3395 3531 3394
f 3589 3590 3591
f 3401 3534 3533
f 3533 3534 3592
f 3533 3592 3549
f 3549 3592 3589
f 3549 3589 3548
f 3548 3589 3591
f 3548 3591 3588
f 3593 3594 3595
f 3403 3535 3534
f 3534 3535 3596
f 3534 3596 3592
f 3592 3596 3593
f 3592 3593 3589
f 3589 3593 3595
f 3589 3595 3590
f 3597 3598 3599
f 3405 3536 3535
f 3535 3536 3600
f 3535 3600 3596
f 3596 3600 3597
f 3596 3597 3593
f 3593 3597 3599
f 3593 3599 3594
f 3407 3530 3536
f 3536 3530 3562
f 3536 3562 3600
f 3600 3562 3561
f 3600 3561 3597
f 3597 3561 3601
f 3597 3601 3598
f 3564 3602 3560
f 3560 3602 3603
f 3560 3603 3561
f 3561 3603 3604
f 3561 3604 3601
f 3499 3563 3500
f 3500 3563 3565
f 3500 3565 3605
f 3605 3565 3566
f 3605 3566 3606
f 3606 3566 3530
f 3606 3530 3409
f 3409 3530 3408
f 3496 3498 3497
f 3497 3498 3500
f 3497 3500 3607
f 3607 3500 3605
f 3607 3605 3529
f 3529 3605 3606
f 3529 3606 3410
f 3410 3606 3409
f 3493 3495 3494
f 3494 3495 3497
f 3494 3497 3608
f 3608 3497 3607
f 3608 3607 3528
f 3528 3607 3529
f 3528 3529 3412
f 3412 3529 3411
f 3609 3492 3550
f 3550 3492 3494
f 3550 3494 3515
f 3515 3494 3608
f 3515 3608 3513
f 3513 3608 3528
f 3513 3528 3414
f 3414 3528 3413
f 3610 3611 3612
f 3419 3537 3552
f 3552 3537 3613
f 3552 3613 3551
f 3551 3613 3610
f 3551 3610 3550
f 3550 3610 3612
f 3550 3612 3609
f 3614 3615 3616
f 3422 3538 3537
f 3537 3538 3617
f 3537 3617 3613
f 3613 3617 3614
f 3613 3614 3610
f 3610 3614 3616
f 3610 3616 3611
f 3618 3619 3620
f 3424 3539 3538
f 3538 3539 3621
f 3538 3621 3617
f 3617 3621 3618
f 3617 3618 3614
f 3614 3618 3620
f 3614 3620 3615
f 3426 3527 3539
f 3539 3527 3569
f 3539 3569 3621
f 3621 3569 3568
f 3621 3568 3618
f 3618 3568 3622
f 3618 3622 3619
f 3571 3623 3567
f 3567 3623 3624
f 3567 3624 3568
f 3568 3624 3625
f 3568 3625 3622
f 3490 3570 3491
f 3491 3570 3572
f 3491 3572 3626
f 3626 3572 3573
f 3626 3573 3627
f 3627 3573 3527
f 3627 3527 3428
f 3428 3527 3427
f 3487 3489 3488
f 3488 3489 3491
f 3488 3491 3628
f 3628 3491 3626
f 3628 3626 3526
f 3526 3626 3627
f 3526 3627 3429
f 3429 3627 3428
f 3484 3486 3485
f 3485 3486 3488
f 3485 3488 3629
f 3629 3488 3628
f 3629 3628 3525
f 3525 3628 3526
f 3525 3526 3431
f 3431 3526 3430
f 3481 3483 3482
f 3482 3483 3485
f 3482 3485 3630
f 3630 3485 3629
f 3630 3629 3524
f 3524 3629 3525
f 3524 3525 3433
f 3433 3525 3432
f 3631 3480 3553
f 3553 3480 3482
f 3553 3482 3512
f 3512 3482 3630
f 3512 3630 3510
f 3510 3630 3524
f 3510 3524 3435
f 3435 3524 3434
f 3632 3633 3634
f 3441 3541 3540
f 3540 3541 3635
f 3540 3635 3554
f 3554 3635 3632
f 3554 3632 3553
f 3553 3632 3634
f 3553 3634 3631
f 3636 3637 3638
f 3443 3542 3541
f 3541 3542 3639
f 3541 3639 3635
f 3635 3639 3636
f 3635 3636 3632
f 3632 3636 3638
f 3632 3638 3633
f 3445 3523 3542
f 3542 3523 3576
f 3542 3576 3639
f 3639 3576 3575
f 3639 3575 3636
f 3636 3575 3640
f 3636 3640 3637
f 3578 3641 3574
f 3574 3641 3642
f 3574 3642 3575
f 3575 3642 3643
f 3575 3643 3640
f 3478 3577 3479
f 3479 3577 3579
f 3479 3579 3644
f 3644 3579 3580
f 3644 3580 3645
f 3645 3580 3523
f 3645 3523 3447
f 3447 3523 3446
f 3475 3477 3476
f 3476 3477 3479
f 3476 3479 3646
f 3646 3479 3644
f 3646 3644 3522
f 3522 3644 3645
f 3522 3645 3448
f 3448 3645 3447
f 3472 3474 3473
f 3473 3474 3476
f 3473 3476 3647
f 3647 3476 3646
f 3647 3646 3521
f 3521 3646 3522
f 3521 3522 3450
f 3450 3522 3449
f 3469 3471 3470
f 3470 3471 3473
f 3470 3473 3648
f 3648 3473 3647
f 3648 3647 3520
f 3520 3647 3521
f 3520 3521 3452
f 3452 3521 3451
f 3649 3468 3555
f 3555 3468 3470
f 3555 3470 3509
f 3509 3470 3648
f 3509 3648 3507
f 3507 3648 3520
f 3507 3520 3454
f 3454 3520 3453
f 3650 3651 3652
f 3460 3544 3543
f 3543 3544 3653
f 3543 3653 3556
f 3556 3653 3650
f 3556 3650 3555
f 3555 3650 3652
f 3555 3652 3649
f 3654 3655 3656
f 3462 3545 3544
f 3544 3545 3657
f 3544 3657 3653
f 3653 3657 3654
f 3653 3654 3650
f 3650 3654 3656
f 3650 3656 3651
f 3658 3659 3660
f 3464 3546 3545
f 3545 3546 3661
f 3545 3661 3657
f 3657 3661 3658
f 3657 3658 3654
f 3654 3658 3660
f 3654 3660 3655
f 3466 3519 3546
f 3546 3519 3557
f 3546 3557 3661
f 3661 3557 3581
f 3661 3581 3658
f 3658 3581 3662
f 3658 3662 3659
f 3585 3663 3584
f 3584 3663 3664
f 3584 3664 3583
f 3583 3664 3665
f 3583 3665 3582
f 3582 3665 3666
f 3582 3666 3581
f 3581 3666 3667
f 3581 3667 3662
f 3668 3667 3669
f 3669 3667 3666
f 3669 3666 3670
f 3670 3666 3665
f 3670 3665 3671
f 3671 3665 3664
f 3671 3664 3672
f 3672 3664 3663
f 3672 3663 3673
f 3673 3663 3585
f 3673 3585 3674
f 3674 3585 3505
f 3674 3505 3675
f 3675 3505 3504
f 3675 3504 3676
f 3676 3504 3502
f 3676 3502 3677
f 3677 3502 3501
f 3677 3501 3678
f 3678 3501 3588
f 3678 3588 3679
f 3679 3588 3591
f 3679 3591 3680
f 3680 3591 3590
f 3680 3590 3681
f 3681 3590 3595
f 3681 3595 3682
f 3682 3595 3594
f 3682 3594 3683
f 3683 3594 3599
f 3683 3599 3684
f 3684 3599 3598
f 3684 3598 3685
f 3685 3598 3601
f 3685 3601 3686
f 3686 3601 3604
f 3686 3604 3687
f 3687 3604 3603
f 3687 3603 3688
f 3688 3603 3602
f 3688 3602 3689
f 3689 3602 3564
f 3689 3564 3690
f 3690 3564 3563
f 3690 3563 3691
f 3691 3563 3499
f 3691 3499 3692
f 3692 3499 3498
f 3692 3498 3693
f 3693 3498 3496
f 3693 3496 3694
f 3694 3496 3495
f 3694 3495 3695
f 3695 3495 3493
f 3695 3493 3696
f 3696 3493 3492
f 3696 3492 3697
f 3697 3492 3609
f 3697 3609 3698
f 3698 3609 3612
f 3698 3612 3699
f 3699 3612 3611
f 3699 3611 3700
f 3700 3611 3616
f 3700 3616 3701
f 3701 3616 3615
f 3701 3615 3702
f 3702 3615 3620
f 3702 3620 3703
f 3703 3620 3619
f 3703 3619 3704
f 3704 3619 3622
f 3704 3622 3705
f 3705 3622 3625
f 3705 3625 3706
f 3706 3625 3624
f 3706 3624 3707
f 3707 3624 3623
f 3707 3623 3708
f 3708 3623 3571
f 3708 3571 3709
f 3709 3571 3570
f 3709 3570 3710
f 3710 3570 3490
f 3710 3490 3711
f 3711 3490 3489
f 3711 3489 3712
f 3712 3489 3487
f 3712 3487 3713
f 3713 3487 3486
f 3713 3486 3714
f 3714 3486 3484
f 3714 3484 3715
f 3715 3484 3483
f 3715 3483 3716
f 3716 3483 3481
f 3716 3481 3717
f 3717 3481 3480
f 3717 3480 3718
f 3718 3480 3631
f 3718 3631 3719
f 3719 3631 3634
f 3719 3634 3720
f 3720 3634 3633
f 3720 3633 3721
f 3721 3633 3638
f 3721 3638 3722
f 3722 3638 3637
f 3722 3637 3723
f 3723 3637 3640
f 3723 3640 3724
f 3724 3640 3643
f 3724 3643 3725
f 3725 3643 3642
f 3725 3642 3726
f 3726 3642 3641
f 3726 3641 3727
f 3727 3641 3578
f 3727 3578 3728
f 3728 3578 3577
f 3728 3577 3729
f 3729 3577 3478
f 3729 3478 3730
f 3730 3478 3477
f 3730 3477 3731
f 3731 3477 3475
f 3731 3475 3732
f 3732 3475 3474
f 3732 3474 3733
f 3733 3474 3472
f 3733 3472 3734
f 3734 3472 3471
f 3734 3471 3735
f 3735 3471 3469
f 3735 3469 3736
f 3736 3469 3468
f 3736 3468 3737
f 3737 3468 3649
f 3737 3649 3738
f 3738 3649 3652
f 3738 3652 3739
f 3739 3652 3651
f 3739 3651 3740
f 3740 3651 3656
f 3740 3656 3741
f 3741 3656 3655
f 3741 3655 3742
f 3742 3655 3660
f 3742 3660 3743
f 3743 3660 3659
f 3743 3659 3744
f 3744 3659 3662
f 3744 3662 3668
f 3668 3662 3667
f 3745 3746 3747
f 3748 3749 3750
f 3751 3752 3753
f 3754 3755 3756
f 3757 3758 3759
f 3760 3761 3762
f 3763 3764 3765
f 3766 3767 3768
f 3769 3770 3771
f 3772 3773 3774
f 3775 3776 3777
f 3778 3779 3780
f 3781 3782 3783
f 3784 3785 3786
f 3787 3788 3789
f 3790 3791 3792
f 3793 3794 3795
f 3796 3797 3798
f 3799 3800 3801
f 3802 3803 3804
f 3805 3806 3807
f 3744 3668 3808
f 3742 3743 3809
f 3740 3741 3810
f 3738 3739 3811
f 3736 3737 3812
f 3725 3726 3813
f 3721 3722 3814
f 3719 3720 3815
f 3717 3718 3816
f 3706 3707 3817
f 3702 3703 3818
f 3700 3701 3819
f 3698 3699 3820
f 3683 3684 3821
f 3681 3682 3822
f 3679 3680 3823
f 3669 3670 3805
f 3805 3670 3671
f 3805 3671 3806
f 3806 3671 3672
f 3806 3672 3673
f 3824 3674 3675
f 3825 3676 3677
f 3685 3686 3826
f 3826 3686 3687
f 3827 3689 3690
f 3828 3691 3692
f 3829 3693 3694
f 3830 3695 3696
f 3703 3704 3831
f 3831 3704 3705
f 3831 3705 3706
f 3707 3708 3832
f 3832 3708 3709
f 3709 3710 3833
f 3833 3710 3711
f 3711 3712 3834
f 3834 3712 3713
f 3713 3714 3835
f 3835 3714 3715
f 3715 3716 3836
f 3836 3716 3717
f 3719 3815 3718
f 3721 3814 3720
f 3722 3723 3837
f 3837 3723 3724
f 3837 3724 3725
f 3726 3727 3838
f 3838 3727 3728
f 3728 3729 3839
f 3839 3729 3730
f 3730 3731 3840
f 3840 3731 3732
f 3732 3733 3841
f 3841 3733 3734
f 3734 3735 3842
f 3842 3735 3736
f 3738 3811 3737
f 3740 3810 3739
f 3742 3809 3741
f 3744 3808 3743
f 3843 3807 3844
f 3844 3807 3806
f 3844 3806 3824
f 3824 3806 3673
f 3824 3673 3674
f 3845 3843 3846
f 3846 3843 3844
f 3846 3844 3847
f 3847 3844 3824
f 3847 3824 3825
f 3825 3824 3675
f 3825 3675 3676
f 3848 3845 3849
f 3849 3845 3846
f 3849 3846 3850
f 3850 3846 3847
f 3850 3847 3851
f 3851 3847 3825
f 3851 3825 3852
f 3852 3825 3677
f 3852 3677 3678
f 3853 3854 3855
f 3856 3848 3857
f 3857 3848 3849
f 3857 3849 3858
f 3858 3849 3850
f 3858 3850 3859
f 3859 3850 3851
f 3859 3851 3860
f 3860 3851 3852
f 3860 3852 3823
f 3823 3852 3678
f 3823 3678 3679
f 3861 3862 3854
f 3863 3856 3864
f 3864 3856 3857
f 3864 3857 3865
f 3865 3857 3858
f 3865 3858 3866
f 3866 3858 3859
f 3866 3859 3867
f 3867 3859 3860
f 3867 3860 3868
f 3868 3860 3823
f 3868 3823 3822
f 3822 3823 3680
f 3822 3680 3681
f 3869 3870 3862
f 3871 3863 3872
f 3872 3863 3864
f 3872 3864 3873
f 3873 3864 3865
f 3873 3865 3874
f 3874 3865 3866
f 3874 3866 3875
f 3875 3866 3867
f 3875 3867 3876
f 3876 3867 3868
f 3876 3868 3877
f 3877 3868 3822
f 3877 3822 3821
f 3821 3822 3682
f 3821 3682 3683
f 3878 3871 3879
f 3879 3871 3872
f 3879 3872 3880
f 3880 3872 3873
f 3880 3873 3881
f 3881 3873 3874
f 3881 3874 3882
f 3882 3874 3875
f 3882 3875 3883
f 3883 3875 3876
f 3883 3876 3884
f 3884 3876 3877
f 3884 3877 3885
f 3885 3877 3821
f 3885 3821 3826
f 3826 3821 3684
f 3826 3684 3685
f 3886 3878 3887
f 3887 3878 3879
f 3887 3879 3888
f 3888 3879 3880
f 3888 3880 3889
f 3889 3880 3881
f 3889 3881 3890
f 3890 3881 3882
f 3890 3882 3891
f 3891 3882 3883
f 3891 3883 3892
f 3892 3883 3884
f 3892 3884 3893
f 3893 3884 3885
f 3893 3885 3894
f 3894 3885 3826
f 3894 3826 3895
f 3895 3826 3687
f 3895 3687 3688
f 3896 3886 3897
f 3897 3886 3887
f 3897 3887 3898
f 3898 3887 3888
f 3898 3888 3899
f 3899 3888 3889
f 3899 3889 3900
f 3900 3889 3890
f 3900 3890 3901
f 3901 3890 3891
f 3901 3891 3902
f 3902 3891 3892
f 3902 3892 3903
f 3903 3892 3893
f 3903 3893 3904
f 3904 3893 3894
f 3904 3894 3905
f 3905 3894 3895
f 3905 3895 3827
f 3827 3895 3688
f 3827 3688 3689
f 3906 3896 3907
f 3907 3896 3897
f 3907 3897 3908
f 3908 3897 3898
f 3908 3898 3909
f 3909 3898 3899
f 3909 3899 3910
f 3910 3899 3900
f 3910 3900 3911
f 3911 3900 3901
f 3911 3901 3912
f 3912 3901 3902
f 3912 3902 3913
f 3913 3902 3903
f 3913 3903 3914
f 3914 3903 3904
f 3914 3904 3915
f 3915 3904 3905
f 3915 3905 3916
f 3916 3905 3827
f 3916 3827 3828
f 3828 3827 3690
f 3828 3690 3691
f 3917 3906 3918
f 3918 3906 3907
f 3918 3907 3919
f 3919 3907 3908
f 3919 3908 3920
f 3920 3908 3909
f 3920 3909 3921
f 3921 3909 3910
f 3921 3910 3922
f 3922 3910 3911
f 3922 3911 3923
f 3923 3911 3912
f 3923 3912 3924
f 3924 3912 3913
f 3924 3913 3925
f 3925 3913 3914
f 3925 3914 3926
f 3926 3914 3915
f 3926 3915 3927
f 3927 3915 3916
f 3927 3916 3928
f 3928 3916 3828
f 3928 3828 3829
f 3829 3828 3692
f 3829 3692 3693
f 3929 3930 3931
f 3932 3917 3933
f 3933 3917 3918
f 3933 3918 3934
f 3934 3918 3919
f 3934 3919 3935
f 3935 3919 3920
f 3935 3920 3936
f 3936 3920 3921
f 3936 3921 3937
f 3937 3921 3922
f 3937 3922 3938
f 3938 3922 3923
f 3938 3923 3939
f 3939 3923 3924
f 3939 3924 3940
f 3940 3924 3925
f 3940 3925 3941
f 3941 3925 3926
f 3941 3926 3942
f 3942 3926 3927
f 3942 3927 3943
f 3943 3927 3928
f 3943 3928 3944
f 3944 3928 3829
f 3944 3829 3830
f 3830 3829 3694
f 3830 3694 3695
f 3945 3946 3930
f 3947 3932 3948
f 3948 3932 3933
f 3948 3933 3949
f 3949 3933 3934
f 3949 3934 3950
f 3950 3934 3935
f 3950 3935 3951
f 3951 3935 3936
f 3951 3936 3952
f 3952 3936 3937
f 3952 3937 3953
f 3953 3937 3938
f 3953 3938 3954
f 3954 3938 3939
f 3954 3939 3955
f 3955 3939 3940
f 3955 3940 3956
f 3956 3940 3941
f 3956 3941 3957
f 3957 3941 3942
f 3957 3942 3958
f 3958 3942 3943
f 3958 3943 3959
f 3959 3943 3944
f 3959 3944 3960
f 3960 3944 3830
f 3960 3830 3961
f 3961 3830 3696
f 3961 3696 3697
f 3854 3853 3861
f 3861 3853 3962
f 3861 3962 3963
f 3963 3962 3964
f 3963 3964 3965
f 3965 3964 3966
f 3965 3966 3967
f 3967 3966 3968
f 3967 3968 3969
f 3969 3968 3970
f 3969 3970 3971
f 3971 3970 3972
f 3971 3972 3973
f 3973 3972 3974
f 3973 3974 3975
f 3975 3974 3976
f 3975 3976 3977
f 3977 3976 3978
f 3977 3978 3979
f 3979 3978 3980
f 3979 3980 3981
f 3982 3947 3983
f 3983 3947 3948
f 3983 3948 3984
f 3984 3948 3949
f 3984 3949 3985
f 3985 3949 3950
f 3985 3950 3986
f 3986 3950 3951
f 3986 3951 3987
f 3987 3951 3952
f 3987 3952 3988
f 3988 3952 3953
f 3988 3953 3989
f 3989 3953 3954
f 3989 3954 3990
f 3990 3954 3955
f 3990 3955 3991
f 3991 3955 3956
f 3991 3956 3992
f 3992 3956 3957
f 3992 3957 3993
f 3993 3957 3958
f 3993 3958 3994
f 3994 3958 3959
f 3994 3959 3995
f 3995 3959 3960
f 3995 3960 3996
f 3996 3960 3961
f 3996 3961 3820
f 3820 3961 3697
f 3820 3697 3698
f 3930 3929 3945
f 3945 3929 3997
f 3945 3997 3998
f 3998 3997 3999
f 3998 3999 4000
f 4000 3999 4001
f 4000 4001 4002
f 3862 3861 3869
f 3869 3861 3963
f 3869 3963 4003
f 4003 3963 3965
f 4003 3965 4004
f 4004 3965 3967
f 4004 3967 4005
f 4005 3967 3969
f 4005 3969 4006
f 4006 3969 3971
f 4006 3971 4007
f 4007 3971 3973
f 4007 3973 4008
f 4008 3973 3975
f 4008 3975 4009
f 4009 3975 3977
f 4009 3977 4010
f 4010 3977 3979
f 4010 3979 4011
f 4011 3979 3981
f 4011 3981 4012
f 4013 3982 4014
f 4014 3982 3983
f 4014 3983 4015
f 4015 3983 3984
f 4015 3984 4016
f 4016 3984 3985
f 4016 3985 4017
f 4017 3985 3986
f 4017 3986 4018
f 4018 3986 3987
f 4018 3987 4019
f 4019 3987 3988
f 4019 3988 4020
f 4020 3988 3989
f 4020 3989 4021
f 4021 3989 3990
f 4021 3990 4022
f 4022 3990 3991
f 4022 3991 4023
f 4023 3991 3992
f 4023 3992 4024
f 4024 3992 3993
f 4024 3993 4025
f 4025 3993 3994
f 4025 3994 4026
f 4026 3994 3995
f 4026 3995 4027
f 4027 3995 3996
f 4027 3996 4028
f 4028 3996 3820
f 4028 3820 3819
f 3819 3820 3699
f 3819 3699 3700
f 3946 3945 4029
f 4029 3945 3998
f 4029 3998 4030
f 4030 3998 4000
f 4030 4000 4031
f 4031 4000 4002
f 4031 4002 3801
f 3870 3869 4032
f 4032 3869 4003
f 4032 4003 4033
f 4033 4003 4004
f 4033 4004 4034
f 4034 4004 4005
f 4034 4005 4035
f 4035 4005 4006
f 4035 4006 4036
f 4036 4006 4007
f 4036 4007 4037
f 4037 4007 4008
f 4037 4008 4038
f 4038 4008 4009
f 4038 4009 4039
f 4039 4009 4010
f 4039 4010 4040
f 4040 4010 4011
f 4040 4011 4041
f 4041 4011 4012
f 4041 4012 3789
f 3774 4013 4042
f 4042 4013 4014
f 4042 4014 4043
f 4043 4014 4015
f 4043 4015 4044
f 4044 4015 4016
f 4044 4016 4045
f 4045 4016 4017
f 4045 4017 4046
f 4046 4017 4018
f 4046 4018 4047
f 4047 4018 4019
f 4047 4019 4048
f 4048 4019 4020
f 4048 4020 4049
f 4049 4020 4021
f 4049 4021 4050
f 4050 4021 4022
f 4050 4022 4051
f 4051 4022 4023
f 4051 4023 4052
f 4052 4023 4024
f 4052 4024 4053
f 4053 4024 4025
f 4053 4025 4054
f 4054 4025 4026
f 4054 4026 4055
f 4055 4026 4027
f 4055 4027 4056
f 4056 4027 4028
f 4056 4028 4057
f 4057 4028 3819
f 4057 3819 3818
f 3818 3819 3701
f 3818 3701 3702
f 4058 4059 4060
f 4061 4062 4063
f 4064 4065 4066
f 4067 4060 4068
f 4068 4060 4059
f 4068 4059 4069
f 4069 4059 4070
f 4069 4070 4071
f 4072 4073 4058
f 4058 4073 4074
f 4058 4074 4059
f 4059 4074 4075
f 4059 4075 4070
f 3803 4072 3804
f 3804 4072 4058
f 3804 4058 4076
f 4076 4058 4060
f 4076 4060 4077
f 4077 4060 4067
f 4077 4067 4078
f 3800 3802 3801
f 3801 3802 3804
f 3801 3804 4031
f 4031 3804 4076
f 4031 4076 4030
f 4030 4076 4077
f 4030 4077 4029
f 4029 4077 4078
f 4029 4078 3946
f 4001 4063 4002
f 4002 4063 4062
f 4002 4062 3801
f 3801 4062 4079
f 3801 4079 3799
f 4080 4081 4082
f 4082 4081 4061
f 4082 4061 4083
f 4083 4061 4063
f 4083 4063 4084
f 4084 4063 4001
f 4084 4001 4085
f 4085 4001 3999
f 4085 3999 4086
f 4086 3999 3997
f 4086 3997 4087
f 4087 3997 3929
f 4087 3929 4088
f 4088 3929 3931
f 4088 3931 4089
f 4081 4090 4061
f 4061 4090 4091
f 4061 4091 4062
f 4062 4091 4092
f 4062 4092 4079
f 3797 4080 3798
f 3798 4080 4082
f 3798 4082 4093
f 4093 4082 4083
f 4093 4083 4094
f 4094 4083 4084
f 4094 4084 4095
f 4095 4084 4085
f 4095 4085 4096
f 4096 4085 4086
f 4096 4086 4097
f 4097 4086 4087
f 4097 4087 4098
f 4098 4087 4088
f 4098 4088 4099
f 4099 4088 4089
f 4099 4089 4100
f 3794 3796 3795
f 3795 3796 3798
f 3795 3798 4101
f 4101 3798 4093
f 4101 4093 4102
f 4102 4093 4094
f 4102 4094 4103
f 4103 4094 4095
f 4103 4095 4104
f 4104 4095 4096
f 4104 4096 4105
f 4105 4096 4097
f 4105 4097 4106
f 4106 4097 4098
f 4106 4098 4107
f 4107 4098 4099
f 4107 4099 4108
f 4108 4099 4100
f 4108 4100 4109
f 3791 3793 3792
f 3792 3793 3795
f 3792 3795 4110
f 4110 3795 4101
f 4110 4101 4111
f 4111 4101 4102
f 4111 4102 4112
f 4112 4102 4103
f 4112 4103 4113
f 4113 4103 4104
f 4113 4104 4114
f 4114 4104 4105
f 4114 4105 4115
f 4115 4105 4106
f 4115 4106 4116
f 4116 4106 4107
f 4116 4107 4117
f 4117 4107 4108
f 4117 4108 4118
f 4118 4108 4109
f 4118 4109 4119
f 3788 3790 3789
f 3789 3790 3792
f 3789 3792 4041
f 4041 3792 4110
f 4041 4110 4040
f 4040 4110 4111
f 4040 4111 4039
f 4039 4111 4112
f 4039 4112 4038
f 4038 4112 4113
f 4038 4113 4037
f 4037 4113 4114
f 4037 4114 4036
f 4036 4114 4115
f 4036 4115 4035
f 4035 4115 4116
f 4035 4116 4034
f 4034 4116 4117
f 4034 4117 4033
f 4033 4117 4118
f 4033 4118 4032
f 4032 4118 4119
f 4032 4119 3870
f 3980 4120 3981
f 3981 4120 4121
f 3981 4121 4012
f 4012 4121 3786
f 4012 3786 3789
f 3789 3786 3785
f 3789 3785 3787
f 4120 4066 4121
f 4121 4066 4065
f 4121 4065 3786
f 3786 4065 4122
f 3786 4122 3784
f 4123 4124 4064
f 4064 4124 4125
f 4064 4125 4065
f 4065 4125 4126
f 4065 4126 4122
f 3782 4123 3783
f 3783 4123 4064
f 3783 4064 4127
f 4127 4064 4066
f 4127 4066 4128
f 4128 4066 4120
f 4128 4120 4129
f 4129 4120 3980
f 4129 3980 4130
f 4130 3980 3978
f 4130 3978 4131
f 4131 3978 3976
f 4131 3976 4132
f 4132 3976 3974
f 4132 3974 4133
f 4133 3974 3972
f 4133 3972 4134
f 4134 3972 3970
f 4134 3970 4135
f 4135 3970 3968
f 4135 3968 4136
f 4136 3968 3966
f 4136 3966 4137
f 4137 3966 3964
f 4137 3964 4138
f 4138 3964 3962
f 4138 3962 4139
f 4139 3962 3853
f 4139 3853 4140
f 4140 3853 3855
f 4140 3855 4141
f 3779 3781 3780
f 3780 3781 3783
f 3780 3783 4142
f 4142 3783 4127
f 4142 4127 4143
f 4143 4127 4128
f 4143 4128 4144
f 4144 4128 4129
f 4144 4129 4145
f 4145 4129 4130
f 4145 4130 4146
f 4146 4130 4131
f 4146 4131 4147
f 4147 4131 4132
f 4147 4132 4148
f 4148 4132 4133
f 4148 4133 4149
f 4149 4133 4134
f 4149 4134 4150
f 4150 4134 4135
f 4150 4135 4151
f 4151 4135 4136
f 4151 4136 4152
f 4152 4136 4137
f 4152 4137 4153
f 4153 4137 4138
f 4153 4138 4154
f 4154 4138 4139
f 4154 4139 4155
f 4155 4139 4140
f 4155 4140 4156
f 4156 4140 4141
f 4156 4141 4157
f 3776 3778 3777
f 3777 3778 3780
f 3777 3780 4158
f 4158 3780 4142
f 4158 4142 4159
f 4159 4142 4143
f 4159 4143 4160
f 4160 4143 4144
f 4160 4144 4161
f 4161 4144 4145
f 4161 4145 4162
f 4162 4145 4146
f 4162 4146 4163
f 4163 4146 4147
f 4163 4147 4164
f 4164 4147 4148
f 4164 4148 4165
f 4165 4148 4149
f 4165 4149 4166
f 4166 4149 4150
f 4166 4150 4167
f 4167 4150 4151
f 4167 4151 4168
f 4168 4151 4152
f 4168 4152 4169
f 4169 4152 4153
f 4169 4153 4170
f 4170 4153 4154
f 4170 4154 4171
f 4171 4154 4155
f 4171 4155 4172
f 4172 4155 4156
f 4172 4156 4173
f 4173 4156 4157
f 4173 4157 4174
f 3668 3669 4174
f 4174 3669 3805
f 4174 3805 4173
f 4173 3805 3807
f 4173 3807 4172
f 4172 3807 3843
f 4172 3843 4171
f 4171 3843 3845
f 4171 3845 4170
f 4170 3845 3848
f 4170 3848 4169
f 4169 3848 3856
f 4169 3856 4168
f 4168 3856 3863
f 4168 3863 4167
f 4167 3863 3871
f 4167 3871 4166
f 4166 3871 3878
f 4166 3878 4165
f 4165 3878 3886
f 4165 3886 4164
f 4164 3886 3896
f 4164 3896 4163
f 4163 3896 3906
f 4163 3906 4162
f 4162 3906 3917
f 4162 3917 4161
f 4161 3917 3932
f 4161 3932 4160
f 4160 3932 3947
f 4160 3947 4159
f 4159 3947 3982
f 4159 3982 4158
f 4158 3982 4013
f 4158 4013 3777
f 3777 4013 3774
f 3777 3774 3775
f 3775 3774 3773
f 3703 3831 3818
f 3818 3831 4175
f 3818 4175 4057
f 4057 4175 4176
f 4057 4176 4056
f 4056 4176 4177
f 4056 4177 4055
f 4055 4177 4178
f 4055 4178 4054
f 4054 4178 4179
f 4054 4179 4053
f 4053 4179 4180
f 4053 4180 4052
f 4052 4180 4181
f 4052 4181 4051
f 4051 4181 4182
f 4051 4182 4050
f 4050 4182 4183
f 4050 4183 4049
f 4049 4183 4184
f 4049 4184 4048
f 4048 4184 4185
f 4048 4185 4047
f 4047 4185 4186
f 4047 4186 4046
f 4046 4186 4187
f 4046 4187 4045
f 4045 4187 4188
f 4045 4188 4044
f 4044 4188 4189
f 4044 4189 4043
f 4043 4189 4190
f 4043 4190 4042
f 4042 4190 3771
f 4042 3771 3774
f 3774 3771 3770
f 3774 3770 3772
f 3706 3817 3831
f 3831 3817 4191
f 3831 4191 4175
f 4175 4191 4192
f 4175 4192 4176
f 4176 4192 4193
f 4176 4193 4177
f 4177 4193 4194
f 4177 4194 4178
f 4178 4194 4195
f 4178 4195 4179
f 4179 4195 4196
f 4179 4196 4180
f 4180 4196 4197
f 4180 4197 4181
f 4181 4197 4198
f 4181 4198 4182
f 4182 4198 4199
f 4182 4199 4183
f 4183 4199 4200
f 4183 4200 4184
f 4184 4200 4201
f 4184 4201 4185
f 4185 4201 4202
f 4185 4202 4186
f 4186 4202 4203
f 4186 4203 4187
f 4187 4203 4204
f 4187 4204 4188
f 4188 4204 4205
f 4188 4205 4189
f 4189 4205 4206
f 4189 4206 4190
f 4190 4206 3768
f 4190 3768 3771
f 3771 3768 3767
f 3771 3767 3769
f 4207 4208 4209
f 3707 3832 3817
f 3817 3832 4210
f 3817 4210 4191
f 4191 4210 4211
f 4191 4211 4192
f 4192 4211 4212
f 4192 4212 4193
f 4193 4212 4213
f 4193 4213 4194
f 4194 4213 4214
f 4194 4214 4195
f 4195 4214 4215
f 4195 4215 4196
f 4196 4215 4216
f 4196 4216 4197
f 4197 4216 4217
f 4197 4217 4198
f 4198 4217 4218
f 4198 4218 4199
f 4199 4218 4219
f 4199 4219 4200
f 4200 4219 4220
f 4200 4220 4201
f 4201 4220 4221
f 4201 4221 4202
f 4202 4221 4222
f 4202 4222 4203
f 4203 4222 4223
f 4203 4223 4204
f 4204 4223 4224
f 4204 4224 4205
f 4205 4224 4225
f 4205 4225 4206
f 4206 4225 4207
f 4206 4207 3768
f 3768 4207 4209
f 3768 4209 3766
f 4226 4227 4228
f 3709 3833 3832
f 3832 3833 4229
f 3832 4229 4210
f 4210 4229 4230
f 4210 4230 4211
f 4211 4230 4231
f 4211 4231 4212
f 4212 4231 4232
f 4212 4232 4213
f 4213 4232 4233
f 4213 4233 4214
f 4214 4233 4234
f 4214 4234 4215
f 4215 4234 4235
f 4215 4235 4216
f 4216 4235 4236
f 4216 4236 4217
f 4217 4236 4237
f 4217 4237 4218
f 4218 4237 4238
f 4218 4238 4219
f 4219 4238 4239
f 4219 4239 4220
f 4220 4239 4240
f 4220 4240 4221
f 4221 4240 4241
f 4221 4241 4222
f 4222 4241 4242
f 4222 4242 4223
f 4223 4242 4243
f 4223 4243 4224
f 4224 4243 4244
f 4224 4244 4225
f 4225 4244 4226
f 4225 4226 4207
f 4207 4226 4228
f 4207 4228 4208
f 4245 4246 4247
f 3711 3834 3833
f 3833 3834 4248
f 3833 4248 4229
f 4229 4248 4249
f 4229 4249 4230
f 4230 4249 4250
f 4230 4250 4231
f 4231 4250 4251
f 4231 4251 4232
f 4232 4251 4252
f 4232 4252 4233
f 4233 4252 4253
f 4233 4253 4234
f 4234 4253 4254
f 4234 4254 4235
f 4235 4254 4255
f 4235 4255 4236
f 4236 4255 4256
f 4236 4256 4237
f 4237 4256 4257
f 4237 4257 4238
f 4238 4257 4258
f 4238 4258 4239
f 4239 4258 4259
f 4239 4259 4240
f 4240 4259 4260
f 4240 4260 4241
f 4241 4260 4261
f 4241 4261 4242
f 4242 4261 4262
f 4242 4262 4243
f 4243 4262 4263
f 4243 4263 4244
f 4244 4263 4245
f 4244 4245 4226
f 4226 4245 4247
f 4226 4247 4227
f 4264 4265 4266
f 4266 4265 4267
f 3713 3835 3834
f 3834 3835 4268
f 3834 4268 4248
f 4248 4268 4269
f 4248 4269 4249
f 4249 4269 4270
f 4249 4270 4250
f 4250 4270 4271
f 4250 4271 4251
f 4251 4271 4272
f 4251 4272 4252
f 4252 4272 4273
f 4252 4273 4253
f 4253 4273 4274
f 4253 4274 4254
f 4254 4274 4275
f 4254 4275 4255
f 4255 4275 4276
f 4255 4276 4256
f 4256 4276 4277
f 4256 4277 4257
f 4257 4277 4278
f 4257 4278 4258
f 4258 4278 4279
f 4258 4279 4259
f 4259 4279 4280
f 4259 4280 4260
f 4260 4280 4281
f 4260 4281 4261
f 4261 4281 4282
f 4261 4282 4262
f 4262 4282 4283
f 4262 4283 4263
f 4263 4283 4266
f 4263 4266 4245
f 4245 4266 4267
f 4245 4267 4246
f 3715 3836 3835
f 3835 3836 4284
f 3835 4284 4268
f 4268 4284 4285
f 4268 4285 4269
f 4269 4285 4286
f 4269 4286 4270
f 4270 4286 4287
f 4270 4287 4271
f 4271 4287 4288
f 4271 4288 4272
f 4272 4288 4289
f 4272 4289 4273
f 4273 4289 4290
f 4273 4290 4274
f 4274 4290 4291
f 4274 4291 4275
f 4275 4291 4292
f 4275 4292 4276
f 4276 4292 4293
f 4276 4293 4277
f 4277 4293 4294
f 4277 4294 4278
f 4278 4294 4295
f 4278 4295 4279
f 4279 4295 4296
f 4279 4296 4280
f 4280 4296 4297
f 4280 4297 4281
f 4281 4297 4298
f 4281 4298 4282
f 4282 4298 4299
f 4282 4299 4283
f 4283 4299 3765
f 4283 3765 4266
f 4266 3765 3764
f 4266 3764 4264
f 3717 3816 3836
f 3836 3816 4300
f 3836 4300 4284
f 4284 4300 4301
f 4284 4301 4285
f 4285 4301 4302
f 4285 4302 4286
f 4286 4302 4303
f 4286 4303 4287
f 4287 4303 4304
f 4287 4304 4288
f 4288 4304 4305
f 4288 4305 4289
f 4289 4305 4306
f 4289 4306 4290
f 4290 4306 4307
f 4290 4307 4291
f 4291 4307 4308
f 4291 4308 4292
f 4292 4308 4309
f 4292 4309 4293
f 4293 4309 4310
f 4293 4310 4294
f 4294 4310 4311
f 4294 4311 4295
f 4295 4311 4312
f 4295 4312 4296
f 4296 4312 4313
f 4296 4313 4297
f 4297 4313 4314
f 4297 4314 4298
f 4298 4314 4315
f 4298 4315 4299
f 4299 4315 3762
f 4299 3762 3765
f 3765 3762 3761
f 3765 3761 3763
f 3718 3815 3816
f 3816 3815 4316
f 3816 4316 4300
f 4300 4316 4317
f 4300 4317 4301
f 4301 4317 4318
f 4301 4318 4302
f 4302 4318 4319
f 4302 4319 4303
f 4303 4319 4320
f 4303 4320 4304
f 4304 4320 4321
f 4304 4321 4305
f 4305 4321 4322
f 4305 4322 4306
f 4306 4322 4323
f 4306 4323 4307
f 4307 4323 4324
f 4307 4324 4308
f 4308 4324 4325
f 4308 4325 4309
f 4309 4325 4326
f 4309 4326 4310
f 4310 4326 4327
f 4310 4327 4311
f 4311 4327 4328
f 4311 4328 4312
f 4312 4328 4329
f 4312 4329 4313
f 4313 4329 4330
f 4313 4330 4314
f 4314 4330 4331
f 4314 4331 4315
f 4315 4331 3759
f 4315 3759 3762
f 3762 3759 3758
f 3762 3758 3760
f 4332 4333 4334
f 3720 3814 3815
f 3815 3814 4335
f 3815 4335 4316
f 4316 4335 4336
f 4316 4336 4317
f 4317 4336 4337
f 4317 4337 4318
f 4318 4337 4338
f 4318 4338 4319
f 4319 4338 4339
f 4319 4339 4320
f 4320 4339 4340
f 4320 4340 4321
f 4321 4340 4341
f 4321 4341 4322
f 4322 4341 4342
f 4322 4342 4323
f 4323 4342 4343
f 4323 4343 4324
f 4324 4343 4344
f 4324 4344 4325
f 4325 4344 4345
f 4325 4345 4326
f 4326 4345 4346
f 4326 4346 4327
f 4327 4346 4347
f 4327 4347 4328
f 4328 4347 4348
f 4328 4348 4329
f 4329 4348 4349
f 4329 4349 4330
f 4330 4349 4350
f 4330 4350 4331
f 4331 4350 4332
f 4331 4332 3759
f 3759 4332 4334
f 3759 4334 3757
f 4351 4352 4353
f 3722 3837 3814
f 3814 3837 4354
f 3814 4354 4335
f 4335 4354 4355
f 4335 4355 4336
f 4336 4355 4356
f 4336 4356 4337
f 4337 4356 4357
f 4337 4357 4338
f 4338 4357 4358
f 4338 4358 4339
f 4339 4358 4359
f 4339 4359 4340
f 4340 4359 4360
f 4340 4360 4341
f 4341 4360 4361
f 4341 4361 4342
f 4342 4361 4362
f 4342 4362 4343
f 4343 4362 4363
f 4343 4363 4344
f 4344 4363 4364
f 4344 4364 4345
f 4345 4364 4365
f 4345 4365 4346
f 4346 4365 4366
f 4346 4366 4347
f 4347 4366 4367
f 4347 4367 4348
f 4348 4367 4368
f 4348 4368 4349
f 4349 4368 4369
f 4349 4369 4350
f 4350 4369 4351
f 4350 4351 4332
f 4332 4351 4353
f 4332 4353 4333
f 4370 4371 4372
f 3725 3813 3837
f 3837 3813 4373
f 3837 4373 4354
f 4354 4373 4374
f 4354 4374 4355
f 4355 4374 4375
f 4355 4375 4356
f 4356 4375 4376
f 4356 4376 4357
f 4357 4376 4377
f 4357 4377 4358
f 4358 4377 4378
f 4358 4378 4359
f 4359 4378 4379
f 4359 4379 4360
f 4360 4379 4380
f 4360 4380 4361
f 4361 4380 4381
f 4361 4381 4362
f 4362 4381 4382
f 4362 4382 4363
f 4363 4382 4383
f 4363 4383 4364
f 4364 4383 4384
f 4364 4384 4365
f 4365 4384 4385
f 4365 4385 4366
f 4366 4385 4386
f 4366 4386 4367
f 4367 4386 4387
f 4367 4387 4368
f 4368 4387 4388
f 4368 4388 4369
f 4369 4388 4370
f 4369 4370 4351
f 4351 4370 4372
f 4351 4372 4352
f 4389 4390 4391
f 4391 4390 4392
f 3726 3838 3813
f 3813 3838 4393
f 3813 4393 4373
f 4373 4393 4394
f 4373 4394 4374
f 4374 4394 4395
f 4374 4395 4375
f 4375 4395 4396
f 4375 4396 4376
f 4376 4396 4397
f 4376 4397 4377
f 4377 4397 4398
f 4377 4398 4378
f 4378 4398 4399
f 4378 4399 4379
f 4379 4399 4400
f 4379 4400 4380
f 4380 4400 4401
f 4380 4401 4381
f 4381 4401 4402
f 4381 4402 4382
f 4382 4402 4403
f 4382 4403 4383
f 4383 4403 4404
f 4383 4404 4384
f 4384 4404 4405
f 4384 4405 4385
f 4385 4405 4406
f 4385 4406 4386
f 4386 4406 4407
f 4386 4407 4387
f 4387 4407 4408
f 4387 4408 4388
f 4388 4408 4391
f 4388 4391 4370
f 4370 4391 4392
f 4370 4392 4371
f 3728 3839 3838
f 3838 3839 4409
f 3838 4409 4393
f 4393 4409 4410
f 4393 4410 4394
f 4394 4410 4411
f 4394 4411 4395
f 4395 4411 4412
f 4395 4412 4396
f 4396 4412 4413
f 4396 4413 4397
f 4397 4413 4414
f 4397 4414 4398
f 4398 4414 4415
f 4398 4415 4399
f 4399 4415 4416
f 4399 4416 4400
f 4400 4416 4417
f 4400 4417 4401
f 4401 4417 4418
f 4401 4418 4402
f 4402 4418 4419
f 4402 4419 4403
f 4403 4419 4420
f 4403 4420 4404
f 4404 4420 4421
f 4404 4421 4405
f 4405 4421 4422
f 4405 4422 4406
f 4406 4422 4423
f 4406 4423 4407
f 4407 4423 4424
f 4407 4424 4408
f 4408 4424 3756
f 4408 3756 4391
f 4391 3756 3755
f 4391 3755 4389
f 3730 3840 3839
f 3839 3840 4425
f 3839 4425 4409
f 4409 4425 4426
f 4409 4426 4410
f 4410 4426 4427
f 4410 4427 4411
f 4411 4427 4428
f 4411 4428 4412
f 4412 4428 4429
f 4412 4429 4413
f 4413 4429 4430
f 4413 4430 4414
f 4414 4430 4431
f 4414 4431 4415
f 4415 4431 4432
f 4415 4432 4416
f 4416 4432 4433
f 4416 4433 4417
f 4417 4433 4434
f 4417 4434 4418
f 4418 4434 4435
f 4418 4435 4419
f 4419 4435 4436
f 4419 4436 4420
f 4420 4436 4437
f 4420 4437 4421
f 4421 4437 4438
f 4421 4438 4422
f 4422 4438 4439
f 4422 4439 4423
f 4423 4439 4440
f 4423 4440 4424
f 4424 4440 3753
f 4424 3753 3756
f 3756 3753 3752
f 3756 3752 3754
f 3732 3841 3840
f 3840 3841 4441
f 3840 4441 4425
f 4425 4441 4442
f 4425 4442 4426
f 4426 4442 4443
f 4426 4443 4427
f 4427 4443 4444
f 4427 4444 4428
f 4428 4444 4445
f 4428 4445 4429
f 4429 4445 4446
f 4429 4446 4430
f 4430 4446 4447
f 4430 4447 4431
f 4431 4447 4448
f 4431 4448 4432
f 4432 4448 4449
f 4432 4449 4433
f 4433 4449 4450
f 4433 4450 4434
f 4434 4450 4451
f 4434 4451 4435
f 4435 4451 4452
f 4435 4452 4436
f 4436 4452 4453
f 4436 4453 4437
f 4437 4453 4454
f 4437 4454 4438
f 4438 4454 4455
f 4438 4455 4439
f 4439 4455 4456
f 4439 4456 4440
f 4440 4456 4457
f 4440 4457 3753
f 3753 4457 4458
f 3753 4458 3751
f 4459 4460 4461
f 3734 3842 3841
f 3841 3842 4462
f 3841 4462 4441
f 4441 4462 4463
f 4441 4463 4442
f 4442 4463 4464
f 4442 4464 4443
f 4443 4464 4465
f 4443 4465 4444
f 4444 4465 4466
f 4444 4466 4445
f 4445 4466 4467
f 4445 4467 4446
f 4446 4467 4468
f 4446 4468 4447
f 4447 4468 4469
f 4447 4469 4448
f 4448 4469 4470
f 4448 4470 4449
f 4449 4470 4471
f 4449 4471 4450
f 4450 4471 4472
f 4450 4472 4451
f 4451 4472 4473
f 4451 4473 4452
f 4452 4473 4474
f 4452 4474 4453
f 4453 4474 4475
f 4453 4475 4454
f 4454 4475 4476
f 4454 4476 4455
f 4455 4476 4477
f 4455 4477 4456
f 4456 4477 4459
f 4456 4459 4457
f 4457 4459 4461
f 4457 4461 4458
f 4478 4479 4480
f 3736 3812 3842
f 3842 3812 4481
f 3842 4481 4462
f 4462 4481 4482
f 4462 4482 4463
f 4463 4482 4483
f 4463 4483 4464
f 4464 4483 4484
f 4464 4484 4465
f 4465 4484 4485
f 4465 4485 4466
f 4466 4485 4486
f 4466 4486 4467
f 4467 4486 4487
f 4467 4487 4468
f 4468 4487 4488
f 4468 4488 4469
f 4469 4488 4489
f 4469 4489 4470
f 4470 4489 4490
f 4470 4490 4471
f 4471 4490 4491
f 4471 4491 4472
f 4472 4491 4492
f 4472 4492 4473
f 4473 4492 4493
f 4473 4493 4474
f 4474 4493 4494
f 4474 4494 4475
f 4475 4494 4495
f 4475 4495 4476
f 4476 4495 4496
f 4476 4496 4477
f 4477 4496 4478
f 4477 4478 4459
f 4459 4478 4480
f 4459 4480 4460
f 4497 4498 4499
f 3737 3811 3812
f 3812 3811 4500
f 3812 4500 4481
f 4481 4500 4501
f 4481 4501 4482
f 4482 4501 4502
f 4482 4502 4483
f 4483 4502 4503
f 4483 4503 4484
f 4484 4503 4504
f 4484 4504 4485
f 4485 4504 4505
f 4485 4505 4486
f 4486 4505 4506
f 4486 4506 4487
f 4487 4506 4507
f 4487 4507 4488
f 4488 4507 4508
f 4488 4508 4489
f 4489 4508 4509
f 4489 4509 4490
f 4490 4509 4510
f 4490 4510 4491
f 4491 4510 4511
f 4491 4511 4492
f 4492 4511 4512
f 4492 4512 4493
f 4493 4512 4513
f 4493 4513 4494
f 4494 4513 4514
f 4494 4514 4495
f 4495 4514 4515
f 4495 4515 4496
f 4496 4515 4497
f 4496 4497 4478
f 4478 4497 4499
f 4478 4499 4479
f 4516 4517 4518
f 4518 4517 4519
f 3739 3810 3811
f 3811 3810 4520
f 3811 4520 4500
f 4500 4520 4521
f 4500 4521 4501
f 4501 4521 4522
f 4501 4522 4502
f 4502 4522 4523
f 4502 4523 4503
f 4503 4523 4524
f 4503 4524 4504
f 4504 4524 4525
f 4504 4525 4505
f 4505 4525 4526
f 4505 4526 4506
f 4506 4526 4527
f 4506 4527 4507
f 4507 4527 4528
f 4507 4528 4508
f 4508 4528 4529
f 4508 4529 4509
f 4509 4529 4530
f 4509 4530 4510
f 4510 4530 4531
f 4510 4531 4511
f 4511 4531 4532
f 4511 4532 4512
f 4512 4532 4533
f 4512 4533 4513
f 4513 4533 4534
f 4513 4534 4514
f 4514 4534 4535
f 4514 4535 4515
f 4515 4535 4518
f 4515 4518 4497
f 4497 4518 4519
f 4497 4519 4498
f 3741 3809 3810
f 3810 3809 4536
f 3810 4536 4520
f 4520 4536 4537
f 4520 4537 4521
f 4521 4537 4538
f 4521 4538 4522
f 4522 4538 4539
f 4522 4539 4523
f 4523 4539 4540
f 4523 4540 4524
f 4524 4540 4541
f 4524 4541 4525
f 4525 4541 4542
f 4525 4542 4526
f 4526 4542 4543
f 4526 4543 4527
f 4527 4543 4544
f 4527 4544 4528
f 4528 4544 4545
f 4528 4545 4529
f 4529 4545 4546
f 4529 4546 4530
f 4530 4546 4547
f 4530 4547 4531
f 4531 4547 4548
f 4531 4548 4532
f 4532 4548 4549
f 4532 4549 4533
f 4533 4549 4550
f 4533 4550 4534
f 4534 4550 4551
f 4534 4551 4535
f 4535 4551 3750
f 4535 3750 4518
f 4518 3750 3749
f 4518 3749 4516
f 3743 3808 3809
f 3809 3808 4552
f 3809 4552 4536
f 4536 4552 4553
f 4536 4553 4537
f 4537 4553 4554
f 4537 4554 4538
f 4538 4554 4555
f 4538 4555 4539
f 4539 4555 4556
f 4539 4556 4540
f 4540 4556 4557
f 4540 4557 4541
f 4541 4557 4558
f 4541 4558 4542
f 4542 4558 4559
f 4542 4559 4543
f 4543 4559 4560
f 4543 4560 4544
f 4544 4560 4561
f 4544 4561 4545
f 4545 4561 4562
f 4545 4562 4546
f 4546 4562 4563
f 4546 4563 4547
f 4547 4563 4564
f 4547 4564 4548
f 4548 4564 4565
f 4548 4565 4549
f 4549 4565 4566
f 4549 4566 4550
f 4550 4566 4567
f 4550 4567 4551
f 4551 4567 3747
f 4551 3747 3750
f 3750 3747 3746
f 3750 3746 3748
f 3668 4174 3808
f 3808 4174 4157
f 3808 4157 4552
f 4552 4157 4141
f 4552 4141 4553
f 4553 4141 3855
f 4553 3855 4554
f 4554 3855 3854
f 4554 3854 4555
f 4555 3854 3862
f 4555 3862 4556
f 4556 3862 3870
f 4556 3870 4557
f 4557 3870 4119
f 4557 4119 4558
f 4558 4119 4109
f 4558 4109 4559
f 4559 4109 4100
f 4559 4100 4560
f 4560 4100 4089
f 4560 4089 4561
f 4561 4089 3931
f 4561 3931 4562
f 4562 3931 3930
f 4562 3930 4563
f 4563 3930 3946
f 4563 3946 4564
f 4564 3946 4078
f 4564 4078 4565
f 4565 4078 4067
f 4565 4067 4566
f 4566 4067 4068
f 4566 4068 4567
f 4567 4068 4069
f 4567 4069 3747
f 3747 4069 4071
f 3747 4071 3745
f 488 487 4568
f 368 367 4569
f 370 369 4570
f 164 163 4571
f 154 153 4572
f 4573 4574 4575
f 479 478 4576
f 4577 4578 4579
f 4580 4581 4582
f 4583 4584 4577
f 4585 4586 4580
f 4587 4588 4583
f 4589 4590 4585
f 4591 4592 4587
f 4593 4594 4589
f 4595 4596 4597
f 3749 3748 4598
f 4517 4516 4599
f 4498 4519 4600
f 4479 4499 4601
f 4460 4480 4602
f 4371 4392 4603
f 4352 4372 4604
f 4333 4353 4605
f 4246 4267 4606
f 4227 4247 4607
f 4208 4228 4608
f 3766 4209 4609
f 3767 3766 4610
f 4122 4126 4611
f 4079 4092 4612
f 3800 3799 4613
f 3803 3802 4614
f 4073 4072 4615
f 4075 4074 4616
f 4071 4070 4617
f 4618 4619 4620
f 4621 4622 4623
f 4624 4625 4626
f 4627 4628 4629
f 4630 4631 4632
f 4633 4634 4635
f 4636 151 150
f 4637 4638 4639
f 4640 4641 19
f 19 4641 4642
f 19 4642 23
f 4643 4644 4645
f 4645 4644 4646
f 4647 17 4648
f 4648 17 4649
f 4640 19 4647
f 4647 19 18
f 4647 18 17
f 4650 4651 4652
f 4650 4652 4653
f 4654 4655 4652
f 4652 4655 4656
f 4652 4656 4653
f 4651 4657 4652
f 4652 4657 4658
f 4652 4658 4645
f 4645 4658 4659
f 4645 4659 4643
f 4660 4661 4662
f 4662 4661 4663
f 4662 4663 4654
f 4654 4663 4664
f 4654 4664 4665
f 4666 4667 4654
f 4654 4667 4668
f 4654 4668 4655
f 4665 4669 4654
f 4654 4669 4670
f 4654 4670 4666
f 4671 4672 4673
f 4672 4674 4673
f 4673 4674 4675
f 4673 4675 4662
f 4662 4675 4676
f 4662 4676 4660
f 4638 4677 4639
f 4639 4677 4678
f 4639 4678 4679
f 157 156 4680
f 4680 156 159
f 4681 4682 4582
f 4582 4682 4683
f 4582 4683 165
f 165 4683 4684
f 4684 4685 165
f 165 4685 4686
f 165 4686 166
f 166 4686 4687
f 166 4687 150
f 150 4687 4688
f 150 4688 4636
f 4689 4690 4581
f 4581 4690 4691
f 4581 4691 4692
f 4693 4694 4581
f 4581 4694 4695
f 4581 4695 4689
f 4692 4696 4581
f 4581 4696 4697
f 4581 4697 4582
f 4582 4697 4698
f 4582 4698 4681
f 4699 4700 4701
f 4699 4701 4702
f 4701 4703 4702
f 4702 4703 4704
f 4702 4704 4705
f 4705 4706 4702
f 4702 4706 4707
f 4702 4707 4581
f 4581 4707 4708
f 4581 4708 4693
f 4709 4710 4711
f 4710 4712 4711
f 4711 4712 4713
f 4711 4713 4699
f 4699 4713 4714
f 4699 4714 4700
f 4634 4715 4635
f 4635 4715 4716
f 4635 4716 4717
f 372 374 4718
f 4718 374 376
f 4719 4720 4579
f 4579 4720 4721
f 4579 4721 377
f 377 4721 4722
f 377 4722 4723
f 4723 4724 377
f 377 4724 4725
f 377 4725 364
f 364 4725 4726
f 364 4726 365
f 4727 4728 4578
f 4578 4728 4729
f 4578 4729 4730
f 4731 4732 4578
f 4578 4732 4733
f 4578 4733 4727
f 4631 4734 4632
f 4632 4734 4735
f 4632 4735 4578
f 4578 4735 4736
f 4578 4736 4731
f 4730 4737 4578
f 4578 4737 4738
f 4578 4738 4579
f 4579 4738 4739
f 4579 4739 4719
f 4740 4741 4742
f 4742 4741 4743
f 4742 4743 4632
f 4632 4743 4744
f 4632 4744 4630
f 4745 4746 4747
f 4747 4746 4748
f 4747 4748 4742
f 4742 4748 4749
f 4742 4749 4740
f 4628 4750 4629
f 4629 4750 4751
f 4629 4751 4752
f 486 485 4753
f 4753 485 484
f 4754 4755 4756
f 4756 4755 4757
f 4758 491 4759
f 4759 491 4760
f 4758 4761 491
f 491 4761 4762
f 491 4762 489
f 4763 4764 4765
f 4765 4764 4766
f 4765 4766 4767
f 4768 4769 4765
f 4765 4769 4770
f 4765 4770 4763
f 4771 4772 4765
f 4765 4772 4773
f 4765 4773 4768
f 4774 4775 4765
f 4765 4775 4776
f 4765 4776 4771
f 4777 4778 4779
f 4779 4778 4780
f 4779 4780 4781
f 4782 4783 4784
f 4783 4785 4784
f 4784 4785 4786
f 4784 4786 4787
f 4788 4789 4790
f 4790 4789 4791
f 4790 4791 4792
f 4793 4794 4795
f 4796 4797 4798
f 4798 4797 4799
f 4800 4801 4802
f 4802 4801 4803
f 4800 4804 4801
f 4801 4804 4805
f 4801 4805 4806
f 4807 4808 4809
f 4803 4801 4810
f 4810 4801 4811
f 4810 4811 4809
f 4812 4813 4814
f 4813 4815 4814
f 4814 4815 4816
f 4814 4816 4817
f 4818 4819 4814
f 4814 4819 4820
f 4814 4820 4812
f 4821 4822 4814
f 4814 4822 4823
f 4824 4825 4814
f 4814 4825 4826
f 4814 4826 4818
f 4823 4827 4814
f 4814 4827 4828
f 4814 4828 4824
f 4829 4830 4831
f 4831 4830 4832
f 4831 4832 4833
f 4834 4835 4836
f 4836 4835 4837
f 4836 4837 4838
f 4839 4840 4841
f 4842 4843 261
f 261 4843 4844
f 261 4844 259
f 4845 4846 4847
f 4847 4846 4848
f 4849 258 4850
f 4850 258 4851
f 4842 261 4849
f 4849 261 262
f 4849 262 258
f 4852 4853 4854
f 4853 4855 4854
f 4854 4855 4856
f 4854 4856 4847
f 4847 4856 4857
f 4847 4857 4845
f 4858 4859 4860
f 4860 4861 4862
f 4862 4861 4863
f 4864 4865 4862
f 4862 4865 4866
f 4862 4866 4852
f 4867 4868 4862
f 4862 4868 4869
f 4862 4869 4864
f 4863 4870 4862
f 4862 4870 4871
f 4862 4871 4867
f 4872 4873 4858
f 4858 4873 4874
f 4858 4874 4859
f 4622 4875 4623
f 4623 4875 4876
f 4623 4876 4872
f 4621 4877 4878
f 4878 4877 4620
f 4878 4620 4879
f 4879 4620 4619
f 7 11 4880
f 4880 11 4881
f 4880 4881 4618
f 4081 4080 4595
f 4595 4080 3797
f 4595 3797 4596
f 4596 3797 3796
f 4596 3796 3794
f 4882 3793 3791
f 4883 3790 3788
f 4884 3787 3785
f 4885 3784 4122
f 4126 4125 4886
f 4886 4125 4124
f 4887 4123 3782
f 4888 3781 3779
f 4889 3778 3776
f 4890 3775 3773
f 4891 3772 3770
f 3770 3769 4892
f 4892 3769 3767
f 4267 4265 4606
f 4606 4265 4893
f 4606 4893 4593
f 4265 4264 4893
f 4893 4264 3764
f 4893 3764 4894
f 3764 3763 4894
f 4894 3763 3761
f 4894 3761 4895
f 4334 4896 3757
f 3757 4896 4897
f 3757 4897 3758
f 3758 4897 4895
f 3758 4895 3760
f 3760 4895 3761
f 4392 4390 4603
f 4603 4390 4898
f 4603 4898 4591
f 4390 4389 4898
f 4898 4389 3755
f 4898 3755 4899
f 4461 4900 4458
f 4458 4900 4901
f 4458 4901 3751
f 3751 4901 4902
f 3751 4902 3752
f 3752 4902 4899
f 3752 4899 3754
f 3754 4899 3755
f 4903 4597 4904
f 4904 4597 4596
f 4904 4596 4882
f 4882 4596 3794
f 4882 3794 3793
f 4905 4906 4609
f 4593 4893 4594
f 4594 4893 4894
f 4594 4894 4907
f 4907 4894 4895
f 4907 4895 4908
f 4908 4895 4897
f 4908 4897 4909
f 4909 4897 4896
f 4909 4896 4910
f 4591 4898 4592
f 4592 4898 4899
f 4592 4899 4911
f 4911 4899 4902
f 4911 4902 4912
f 4912 4902 4901
f 4912 4901 4913
f 4913 4901 4900
f 4913 4900 4914
f 4915 4903 4916
f 4916 4903 4904
f 4916 4904 4917
f 4917 4904 4882
f 4917 4882 4883
f 4883 4882 3791
f 4883 3791 3790
f 4918 4906 4919
f 4919 4906 4905
f 4919 4905 4920
f 4589 4594 4590
f 4590 4594 4907
f 4590 4907 4921
f 4921 4907 4908
f 4921 4908 4922
f 4922 4908 4909
f 4922 4909 4923
f 4923 4909 4910
f 4923 4910 4924
f 4587 4592 4588
f 4588 4592 4911
f 4588 4911 4925
f 4925 4911 4912
f 4925 4912 4926
f 4926 4912 4913
f 4926 4913 4927
f 4927 4913 4914
f 4927 4914 4928
f 4929 4915 4930
f 4930 4915 4916
f 4930 4916 4931
f 4931 4916 4917
f 4931 4917 4932
f 4932 4917 4883
f 4932 4883 4884
f 4884 4883 3788
f 4884 3788 3787
f 4933 4918 4934
f 4934 4918 4919
f 4934 4919 4935
f 4935 4919 4920
f 4935 4920 4936
f 4585 4590 4586
f 4586 4590 4921
f 4586 4921 4937
f 4937 4921 4922
f 4937 4922 4938
f 4938 4922 4923
f 4938 4923 4939
f 4939 4923 4924
f 4939 4924 4940
f 4583 4588 4584
f 4584 4588 4925
f 4584 4925 4941
f 4941 4925 4926
f 4941 4926 4942
f 4942 4926 4927
f 4942 4927 4943
f 4943 4927 4928
f 4943 4928 4944
f 4519 4517 4600
f 4600 4517 4599
f 4600 4599 4945
f 4945 4599 4946
f 4945 4946 4947
f 4947 4946 4948
f 4947 4948 4949
f 4949 4948 4950
f 4949 4950 4951
f 4951 4950 4765
f 4951 4765 4756
f 4756 4765 4767
f 4756 4767 4754
f 4516 3749 4599
f 4599 3749 4598
f 4599 4598 4946
f 4946 4598 4952
f 4946 4952 4948
f 4948 4952 4953
f 4948 4953 4950
f 4950 4953 4954
f 4950 4954 4765
f 4765 4954 4784
f 4765 4784 4774
f 4774 4784 4787
f 3748 3746 4598
f 4598 3746 4955
f 4598 4955 4952
f 4952 4955 4956
f 4952 4956 4953
f 4953 4956 4957
f 4953 4957 4954
f 4954 4957 4958
f 4954 4958 4784
f 4784 4958 4779
f 4784 4779 4782
f 4782 4779 4781
f 3746 3745 4955
f 4955 3745 4959
f 4955 4959 4956
f 4956 4959 4960
f 4956 4960 4957
f 4957 4960 4961
f 4957 4961 4958
f 4958 4961 4962
f 4958 4962 4779
f 4779 4962 4963
f 4779 4963 4777
f 4777 4963 4964
f 4072 3803 4615
f 4615 3803 4614
f 4615 4614 4965
f 4965 4614 4966
f 4965 4966 4967
f 4967 4966 4968
f 4967 4968 4969
f 4969 4968 4970
f 4969 4970 4971
f 4971 4970 4972
f 4971 4972 4807
f 4807 4972 4973
f 4807 4973 4808
f 3802 3800 4614
f 4614 3800 4613
f 4614 4613 4966
f 4966 4613 4974
f 4966 4974 4968
f 4968 4974 4975
f 4968 4975 4970
f 4970 4975 4976
f 4970 4976 4972
f 4972 4976 4814
f 4972 4814 4973
f 4973 4814 4817
f 3799 4079 4613
f 4613 4079 4612
f 4613 4612 4974
f 4974 4612 4977
f 4974 4977 4975
f 4975 4977 4978
f 4975 4978 4976
f 4976 4978 4979
f 4976 4979 4814
f 4814 4979 4626
f 4814 4626 4821
f 4821 4626 4625
f 4092 4091 4612
f 4612 4091 4980
f 4612 4980 4977
f 4977 4980 4981
f 4977 4981 4978
f 4978 4981 4982
f 4978 4982 4979
f 4979 4982 4983
f 4979 4983 4626
f 4626 4983 4831
f 4626 4831 4624
f 4624 4831 4833
f 4091 4090 4980
f 4980 4090 4984
f 4980 4984 4981
f 4981 4984 4985
f 4981 4985 4982
f 4982 4985 4986
f 4982 4986 4983
f 4983 4986 4987
f 4983 4987 4831
f 4831 4987 4988
f 4831 4988 4829
f 4829 4988 4989
f 4990 4929 4991
f 4991 4929 4930
f 4991 4930 4992
f 4992 4930 4931
f 4992 4931 4993
f 4993 4931 4932
f 4993 4932 4994
f 4994 4932 4884
f 4994 4884 4885
f 4885 4884 3785
f 4885 3785 3784
f 4852 4854 4862
f 4862 4854 4995
f 4862 4995 4996
f 4996 4995 4997
f 4996 4997 4998
f 4998 4997 4999
f 4998 4999 5000
f 5000 4999 4886
f 5000 4886 4887
f 4887 4886 4124
f 4887 4124 4123
f 4860 4862 4858
f 4858 4862 4996
f 4858 4996 5001
f 5001 4996 4998
f 5001 4998 5002
f 5002 4998 5000
f 5002 5000 5003
f 5003 5000 4887
f 5003 4887 4888
f 4888 4887 3782
f 4888 3782 3781
f 4872 4858 4623
f 4623 4858 5001
f 4623 5001 5004
f 5004 5001 5002
f 5004 5002 5005
f 5005 5002 5003
f 5005 5003 5006
f 5006 5003 4888
f 5006 4888 4889
f 4889 4888 3779
f 4889 3779 3778
f 4621 4623 4877
f 4877 4623 5004
f 4877 5004 5007
f 5007 5004 5005
f 5007 5005 5008
f 5008 5005 5006
f 5008 5006 5009
f 5009 5006 4889
f 5009 4889 4890
f 4890 4889 3776
f 4890 3776 3775
f 4652 4933 4654
f 4654 4933 4934
f 4654 4934 4662
f 4662 4934 4935
f 4662 4935 4673
f 4673 4935 4936
f 4673 4936 5010
f 4580 4586 4581
f 4581 4586 4937
f 4581 4937 4702
f 4702 4937 4938
f 4702 4938 4699
f 4699 4938 4939
f 4699 4939 4711
f 4711 4939 4940
f 4711 4940 5011
f 4577 4584 4578
f 4578 4584 4941
f 4578 4941 4632
f 4632 4941 4942
f 4632 4942 4742
f 4742 4942 4943
f 4742 4943 4747
f 4747 4943 4944
f 4747 4944 5012
f 4795 4788 4793
f 4793 4788 4790
f 4793 4790 4963
f 4963 4790 4792
f 4963 4792 4964
f 3745 4071 4959
f 4959 4071 4617
f 4959 4617 4960
f 4960 4617 5013
f 4960 5013 4961
f 4961 5013 5014
f 4961 5014 4962
f 4962 5014 5015
f 4962 5015 4963
f 4963 5015 5016
f 4963 5016 4793
f 4793 5016 4798
f 4793 4798 4794
f 4794 4798 4799
f 4841 4834 4839
f 4839 4834 4836
f 4839 4836 4988
f 4988 4836 4838
f 4988 4838 4989
f 4090 4081 4984
f 4984 4081 4595
f 4984 4595 4985
f 4985 4595 4597
f 4985 4597 4986
f 4986 4597 4903
f 4986 4903 4987
f 4987 4903 4915
f 4987 4915 4988
f 4988 4915 4929
f 4988 4929 4839
f 4839 4929 4990
f 4839 4990 4840
f 4840 4990 251
f 4840 251 255
f 4618 4620 4880
f 4880 4620 4877
f 4880 4877 5017
f 5017 4877 5007
f 5017 5007 5018
f 5018 5007 5008
f 5018 5008 5019
f 5019 5008 5009
f 5019 5009 5020
f 5020 5009 4890
f 5020 4890 4891
f 4891 4890 3773
f 4891 3773 3772
f 159 4637 4680
f 4680 4637 4639
f 4680 4639 5010
f 5010 4639 4679
f 5010 4679 4673
f 4673 4679 5021
f 4673 5021 4671
f 376 4633 4718
f 4718 4633 4635
f 4718 4635 5011
f 5011 4635 4717
f 5011 4717 4711
f 4711 4717 5022
f 4711 5022 4709
f 484 4627 4753
f 4753 4627 4629
f 4753 4629 5012
f 5012 4629 4752
f 5012 4752 4747
f 4747 4752 5023
f 4747 5023 4745
f 493 4756 491
f 491 4756 4757
f 491 4757 4760
f 493 479 4756
f 4756 479 4576
f 4756 4576 4951
f 4951 4576 5024
f 4951 5024 4949
f 4949 5024 5025
f 4949 5025 4947
f 4947 5025 5026
f 4947 5026 4945
f 4945 5026 5027
f 4945 5027 4600
f 4600 5027 4601
f 4600 4601 4498
f 4498 4601 4499
f 4574 4796 4575
f 4575 4796 4798
f 4575 4798 5028
f 5028 4798 5016
f 5028 5016 5029
f 5029 5016 5015
f 5029 5015 5030
f 5030 5015 5014
f 5030 5014 5031
f 5031 5014 5013
f 5031 5013 4616
f 4616 5013 4617
f 4616 4617 4075
f 4075 4617 4070
f 4809 4811 4807
f 4807 4811 5032
f 4807 5032 5033
f 5033 4573 4807
f 4807 4573 4575
f 4807 4575 4971
f 4971 4575 5028
f 4971 5028 4969
f 4969 5028 5029
f 4969 5029 4967
f 4967 5029 5030
f 4967 5030 4965
f 4965 5030 5031
f 4965 5031 4615
f 4615 5031 4616
f 4615 4616 4073
f 4073 4616 4074
f 5034 256 252
f 4122 4611 4885
f 4885 4611 5035
f 4885 5035 4994
f 4994 5035 5036
f 4994 5036 4993
f 4993 5036 5037
f 4993 5037 4992
f 4992 5037 5038
f 4992 5038 4991
f 4991 5038 5034
f 4991 5034 4990
f 4990 5034 252
f 4990 252 251
f 257 4847 258
f 258 4847 4848
f 258 4848 4851
f 4126 4886 4611
f 4611 4886 4999
f 4611 4999 5035
f 5035 4999 4997
f 5035 4997 5036
f 5036 4997 4995
f 5036 4995 5037
f 5037 4995 4854
f 5037 4854 5038
f 5038 4854 4847
f 5038 4847 5034
f 5034 4847 257
f 5034 257 256
f 5039 4 8
f 3770 4892 4891
f 4891 4892 5040
f 4891 5040 5020
f 5020 5040 5041
f 5020 5041 5019
f 5019 5041 5042
f 5019 5042 5018
f 5018 5042 5043
f 5018 5043 5017
f 5017 5043 5039
f 5017 5039 4880
f 4880 5039 8
f 4880 8 7
f 5044 15 5
f 3767 4610 4892
f 4892 4610 5045
f 4892 5045 5040
f 5040 5045 5046
f 5040 5046 5041
f 5041 5046 5047
f 5041 5047 5042
f 5042 5047 5048
f 5042 5048 5043
f 5043 5048 5044
f 5043 5044 5039
f 5039 5044 5
f 5039 5 4
f 16 4645 17
f 17 4645 4646
f 17 4646 4649
f 3766 4609 4610
f 4610 4609 4906
f 4610 4906 5045
f 5045 4906 4918
f 5045 4918 5046
f 5046 4918 4933
f 5046 4933 5047
f 5047 4933 4652
f 5047 4652 5048
f 5048 4652 4645
f 5048 4645 5044
f 5044 4645 16
f 5044 16 15
f 153 157 4572
f 4572 157 4680
f 4572 4680 5049
f 5049 4680 5010
f 5049 5010 5050
f 5050 5010 4936
f 5050 4936 5051
f 5051 4936 4920
f 5051 4920 5052
f 5052 4920 4905
f 5052 4905 4608
f 4608 4905 4609
f 4608 4609 4208
f 4208 4609 4209
f 163 154 4571
f 4571 154 4572
f 4571 4572 5053
f 5053 4572 5049
f 5053 5049 5054
f 5054 5049 5050
f 5054 5050 5055
f 5055 5050 5051
f 5055 5051 5056
f 5056 5051 5052
f 5056 5052 4607
f 4607 5052 4608
f 4607 4608 4227
f 4227 4608 4228
f 165 164 4582
f 4582 164 4571
f 4582 4571 4580
f 4580 4571 5053
f 4580 5053 4585
f 4585 5053 5054
f 4585 5054 4589
f 4589 5054 5055
f 4589 5055 4593
f 4593 5055 5056
f 4593 5056 4606
f 4606 5056 4607
f 4606 4607 4246
f 4246 4607 4247
f 369 372 4570
f 4570 372 4718
f 4570 4718 5057
f 5057 4718 5011
f 5057 5011 5058
f 5058 5011 4940
f 5058 4940 5059
f 5059 4940 4924
f 5059 4924 5060
f 5060 4924 4910
f 5060 4910 4605
f 4605 4910 4896
f 4605 4896 4333
f 4333 4896 4334
f 367 370 4569
f 4569 370 4570
f 4569 4570 5061
f 5061 4570 5057
f 5061 5057 5062
f 5062 5057 5058
f 5062 5058 5063
f 5063 5058 5059
f 5063 5059 5064
f 5064 5059 5060
f 5064 5060 4604
f 4604 5060 4605
f 4604 4605 4352
f 4352 4605 4353
f 377 368 4579
f 4579 368 4569
f 4579 4569 4577
f 4577 4569 5061
f 4577 5061 4583
f 4583 5061 5062
f 4583 5062 4587
f 4587 5062 5063
f 4587 5063 4591
f 4591 5063 5064
f 4591 5064 4603
f 4603 5064 4604
f 4603 4604 4371
f 4371 4604 4372
f 487 486 4568
f 4568 486 4753
f 4568 4753 5065
f 5065 4753 5012
f 5065 5012 5066
f 5066 5012 4944
f 5066 4944 5067
f 5067 4944 4928
f 5067 4928 5068
f 5068 4928 4914
f 5068 4914 4602
f 4602 4914 4900
f 4602 4900 4460
f 4460 4900 4461
f 478 488 4576
f 4576 488 4568
f 4576 4568 5024
f 5024 4568 5065
f 5024 5065 5025
f 5025 5065 5066
f 5025 5066 5026
f 5026 5066 5067
f 5026 5067 5027
f 5027 5067 5068
f 5027 5068 4601
f 4601 5068 4602
f 4601 4602 4479
f 4479 4602 4480
f 5069 5070 5071
f 5072 5073 5074
f 5075 5076 5077
f 5078 5079 5080
f 5081 5082 5078
f 5083 5084 5085
f 5085 5084 5086
f 5086 4799 5085
f 5085 4799 4797
f 5085 4797 4796
f 4573 5033 5081
f 5081 5033 5032
f 5081 5032 5082
f 5082 5032 4811
f 5082 4811 4801
f 5079 5078 5087
f 5087 5078 5082
f 5087 5082 5088
f 5088 5082 4801
f 5088 4801 4806
f 5089 5090 5091
f 5091 5090 5092
f 5091 5092 5083
f 5093 5094 5095
f 5095 5094 5089
f 5096 5097 5098
f 5098 5097 5099
f 5098 5099 5093
f 4574 4573 5100
f 5100 4573 5081
f 5100 5081 5101
f 5101 5081 5078
f 5101 5078 5102
f 5102 5078 5080
f 5102 5080 5103
f 4796 4574 5085
f 5085 4574 5100
f 5085 5100 5104
f 5104 5100 5101
f 5104 5101 5105
f 5105 5101 5102
f 5105 5102 5075
f 5075 5102 5103
f 5075 5103 5076
f 5106 5107 5108
f 5109 5110 5107
f 5083 5085 5091
f 5091 5085 5104
f 5091 5104 5111
f 5111 5104 5105
f 5111 5105 5112
f 5112 5105 5075
f 5112 5075 5113
f 5113 5075 5077
f 5113 5077 5114
f 5089 5091 5095
f 5095 5091 5111
f 5095 5111 5115
f 5115 5111 5112
f 5115 5112 5116
f 5116 5112 5113
f 5116 5113 5072
f 5072 5113 5114
f 5072 5114 5073
f 5117 5118 5109
f 5109 5118 5119
f 5109 5119 5110
f 5120 5121 5109
f 5107 5106 5109
f 5109 5106 5122
f 5109 5122 5120
f 5120 5122 5123
f 5120 5123 5124
f 5124 5123 5125
f 5124 5125 5126
f 5093 5095 5098
f 5098 5095 5115
f 5098 5115 5127
f 5127 5115 5116
f 5127 5116 5128
f 5128 5116 5072
f 5128 5072 5129
f 5129 5072 5074
f 5129 5074 5130
f 5130 5125 5129
f 5129 5125 5123
f 5129 5123 5128
f 5128 5123 5122
f 5128 5122 5127
f 5127 5122 5106
f 5127 5106 5098
f 5098 5106 5108
f 5098 5108 5096
f 5131 5132 5133
f 5132 5134 5133
f 5133 5134 5135
f 5133 5135 5136
f 5137 5138 5139
f 5139 5138 5140
f 5141 5142 5126
f 5130 5143 5125
f 5125 5143 5144
f 5125 5144 5126
f 5126 5144 5145
f 5126 5145 5141
f 5121 5120 5146
f 5146 5120 5124
f 5146 5124 5147
f 5147 5124 5126
f 5147 5126 5069
f 5069 5126 5142
f 5069 5142 5070
f 5148 5149 5150
f 5117 5109 5136
f 5136 5109 5121
f 5136 5121 5133
f 5133 5121 5146
f 5133 5146 5151
f 5151 5146 5147
f 5151 5147 5152
f 5152 5147 5069
f 5152 5069 5153
f 5153 5069 5071
f 5153 5071 5154
f 5155 5156 5148
f 5148 5156 5157
f 5148 5157 5149
f 5158 5155 5159
f 5159 5155 5148
f 5159 5148 5139
f 5139 5148 5150
f 5139 5150 5137
f 5160 5158 5161
f 5161 5158 5159
f 5161 5159 5162
f 5162 5159 5139
f 5162 5139 5163
f 5163 5139 5140
f 5163 5140 5131
f 5164 5165 5156
f 5156 5165 5166
f 5156 5166 5157
f 5160 5167 5158
f 5158 5167 5168
f 5158 5168 5155
f 5155 5168 5169
f 5155 5169 5156
f 5156 5169 5170
f 5156 5170 5164
f 5131 5133 5163
f 5163 5133 5151
f 5163 5151 5162
f 5162 5151 5152
f 5162 5152 5161
f 5161 5152 5153
f 5161 5153 5160
f 5160 5153 5154
f 5160 5154 5167
f 5167 5154 5171
f 5167 5171 5172
f 5173 5174 5175
f 125 132 5176
f 5175 5174 5177
f 125 5176 121
f 121 5176 5178
f 121 5178 5179
f 5180 5181 5182
f 5182 5181 5183
f 5182 5183 5184
f 5184 5183 5185
f 5184 5185 5186
f 5187 5188 5189
f 5189 5188 5190
f 5189 5190 5191
f 5191 5190 5192
f 5191 5192 5193
f 241 247 5194
f 5195 5196 118
f 118 5196 5197
f 118 5197 5198
f 5179 5180 121
f 121 5180 5182
f 121 5182 118
f 118 5182 5177
f 118 5177 5195
f 5195 5177 5174
f 353 352 5199
f 463 468 5200
f 5201 5202 5203
f 5203 5202 5204
f 5203 5204 5205
f 5185 5206 5186
f 5186 5206 5207
f 5186 5207 5208
f 5208 5207 5209
f 5208 5209 5187
f 5187 5209 5210
f 5187 5210 5188
f 594 599 5211
f 5212 5213 5214
f 5167 5172 5215
f 5198 5216 118
f 118 5216 5217
f 118 5217 119
f 119 5217 120
f 5218 243 5194
f 5194 243 242
f 5194 242 241
f 5219 5220 5221
f 5221 5220 5222
f 5221 5222 5223
f 5223 5222 5224
f 5223 5224 5225
f 5214 5213 5226
f 5227 5228 5229
f 5229 5228 5230
f 5229 5230 5231
f 5231 5230 5232
f 5231 5232 5233
f 5234 5235 5236
f 5236 5235 5237
f 5236 5237 5238
f 5238 5237 5239
f 5238 5239 5240
f 5241 5242 5243
f 5243 5242 5244
f 5243 5244 5245
f 5245 5244 5246
f 5245 5246 5247
f 5248 355 5199
f 5199 355 354
f 5199 354 353
f 5194 5249 5218
f 5218 5249 5250
f 5218 5250 5251
f 5251 5250 5252
f 5251 5252 5253
f 5253 5252 5254
f 5253 5254 5255
f 5255 5254 5219
f 5255 5219 5192
f 5192 5219 5221
f 5192 5221 5193
f 5218 5256 243
f 243 5256 5257
f 243 5257 244
f 244 5257 245
f 5258 461 5200
f 5200 461 462
f 5200 462 463
f 5239 5259 5240
f 5240 5259 5260
f 5240 5260 5261
f 5261 5260 5262
f 5261 5262 5175
f 5175 5262 5263
f 5175 5263 5173
f 5246 5264 5247
f 5247 5264 5265
f 5247 5265 5266
f 5266 5265 5267
f 5266 5267 5201
f 5201 5267 5268
f 5201 5268 5202
f 5269 592 5211
f 5211 592 593
f 5211 593 594
f 5270 5169 5215
f 5215 5169 5168
f 5215 5168 5167
f 5271 5272 5273
f 5273 5272 5274
f 5273 5274 5275
f 5275 5274 5276
f 5275 5276 5277
f 5248 5278 355
f 355 5278 5279
f 355 5279 356
f 356 5279 357
f 5224 5280 5225
f 5225 5280 5281
f 5225 5281 5282
f 5282 5281 5283
f 5282 5283 5284
f 5284 5283 5285
f 5284 5285 5241
f 5241 5285 5286
f 5241 5286 5242
f 5242 5286 5287
f 5242 5287 5288
f 5288 5287 5289
f 5288 5289 5290
f 5290 5289 5291
f 5290 5291 5292
f 5292 5291 5258
f 5292 5258 5293
f 5293 5258 5200
f 5258 5294 461
f 461 5294 5295
f 461 5295 460
f 460 5295 459
f 5213 5296 5226
f 5226 5296 5297
f 5226 5297 5298
f 5298 5297 5299
f 5298 5299 5227
f 5227 5299 5300
f 5227 5300 5228
f 5199 5301 5248
f 5248 5301 5302
f 5248 5302 5303
f 5303 5302 5304
f 5303 5304 5305
f 5305 5304 5306
f 5305 5306 5307
f 5307 5306 5235
f 5307 5235 5308
f 5308 5235 5234
f 5308 5234 5309
f 5309 5234 5310
f 5309 5310 5311
f 5311 5310 5312
f 5311 5312 5313
f 5313 5312 5277
f 5313 5277 5314
f 5314 5277 5276
f 5211 5315 5269
f 5269 5315 5316
f 5269 5316 5317
f 5317 5316 5318
f 5317 5318 5319
f 5319 5318 5320
f 5319 5320 5321
f 5321 5320 5212
f 5321 5212 5204
f 5204 5212 5214
f 5204 5214 5205
f 5269 5322 592
f 592 5322 5323
f 592 5323 591
f 591 5323 590
f 5215 5324 5270
f 5270 5324 5325
f 5270 5325 5326
f 5326 5325 5327
f 5326 5327 5328
f 5328 5327 5329
f 5328 5329 5330
f 5330 5329 5271
f 5330 5271 5232
f 5232 5271 5273
f 5232 5273 5233
f 5270 5331 5169
f 5169 5331 5332
f 5169 5332 5170
f 5170 5332 5164
f 5333 5334 5335
f 5336 5337 5338
f 5339 5340 5341
f 5342 5343 5344
f 5345 5346 5347
f 5348 5349 5350
f 5351 5352 5353
f 5354 5355 5356
f 5357 5358 5359
f 5360 5361 5362
f 5363 5364 5365
f 5366 5367 5368
f 5369 5370 5371
f 5372 5373 5374
f 5375 5376 5377
f 5378 5379 5380
f 5381 5382 5383
f 5384 5385 5386
f 5387 5388 5389
f 5390 5391 5392
f 5393 5394 5395
f 5396 5397 5398
f 5399 5400 5401
f 5201 5203 5402
f 5266 5201 5403
f 5247 5266 5404
f 5245 5247 5405
f 5243 5245 5406
f 5241 5243 5407
f 5225 5400 5223
f 5223 5400 5399
f 5223 5399 5221
f 5408 5401 5409
f 5409 5401 5400
f 5409 5400 5410
f 5410 5400 5225
f 5410 5225 5282
f 5411 5408 5412
f 5412 5408 5409
f 5412 5409 5413
f 5413 5409 5410
f 5413 5410 5414
f 5414 5410 5282
f 5414 5282 5284
f 5415 5416 5417
f 5418 5411 5419
f 5419 5411 5412
f 5419 5412 5420
f 5420 5412 5413
f 5420 5413 5421
f 5421 5413 5414
f 5421 5414 5422
f 5422 5414 5284
f 5422 5284 5241
f 5423 5416 5424
f 5424 5416 5415
f 5424 5415 5425
f 5231 5233 5426
f 5426 5233 5427
f 5426 5427 5428
f 5428 5427 5429
f 5428 5429 5430
f 5430 5429 5431
f 5430 5431 5432
f 5432 5431 5433
f 5432 5433 5434
f 5434 5433 5435
f 5273 5275 5436
f 5436 5275 5437
f 5436 5437 5438
f 5438 5437 5439
f 5438 5439 5440
f 5440 5439 5441
f 5440 5441 5442
f 5442 5441 5443
f 5442 5443 5444
f 5444 5443 5445
f 5444 5445 5446
f 5446 5445 5447
f 5182 5184 5448
f 5448 5184 5449
f 5448 5449 5450
f 5450 5449 5451
f 5450 5451 5452
f 5452 5451 5453
f 5452 5453 5454
f 5454 5453 5455
f 5454 5455 5456
f 5456 5455 5457
f 5186 5208 5458
f 5458 5208 5459
f 5458 5459 5460
f 5460 5459 5461
f 5460 5461 5462
f 5462 5461 5463
f 5462 5463 5464
f 5464 5463 5465
f 5464 5465 5466
f 5466 5465 5467
f 5466 5467 5468
f 5468 5467 5469
f 5470 5423 5471
f 5471 5423 5424
f 5471 5424 5472
f 5472 5424 5425
f 5472 5425 5473
f 5473 5425 5474
f 5397 5474 5398
f 5398 5474 5425
f 5398 5425 5475
f 5475 5425 5415
f 5475 5415 5476
f 5476 5415 5417
f 5476 5417 5477
f 5394 5396 5395
f 5395 5396 5398
f 5395 5398 5478
f 5478 5398 5475
f 5478 5475 5479
f 5479 5475 5476
f 5479 5476 5480
f 5480 5476 5477
f 5480 5477 5481
f 5391 5393 5392
f 5392 5393 5395
f 5392 5395 5482
f 5482 5395 5478
f 5482 5478 5483
f 5483 5478 5479
f 5483 5479 5484
f 5484 5479 5480
f 5484 5480 5485
f 5485 5480 5481
f 5485 5481 5205
f 5205 5481 5203
f 5388 5390 5389
f 5389 5390 5392
f 5389 5392 5486
f 5486 5392 5482
f 5486 5482 5487
f 5487 5482 5483
f 5487 5483 5488
f 5488 5483 5484
f 5488 5484 5489
f 5489 5484 5485
f 5489 5485 5214
f 5214 5485 5205
f 5385 5387 5386
f 5386 5387 5389
f 5386 5389 5490
f 5490 5389 5486
f 5490 5486 5491
f 5491 5486 5487
f 5491 5487 5492
f 5492 5487 5488
f 5492 5488 5493
f 5493 5488 5489
f 5493 5489 5226
f 5226 5489 5214
f 5382 5384 5383
f 5383 5384 5386
f 5383 5386 5494
f 5494 5386 5490
f 5494 5490 5495
f 5495 5490 5491
f 5495 5491 5496
f 5496 5491 5492
f 5496 5492 5497
f 5497 5492 5493
f 5497 5493 5298
f 5298 5493 5226
f 5379 5381 5380
f 5380 5381 5383
f 5380 5383 5498
f 5498 5383 5494
f 5498 5494 5499
f 5499 5494 5495
f 5499 5495 5500
f 5500 5495 5496
f 5500 5496 5501
f 5501 5496 5497
f 5501 5497 5227
f 5227 5497 5298
f 5376 5378 5377
f 5377 5378 5380
f 5377 5380 5502
f 5502 5380 5498
f 5502 5498 5503
f 5503 5498 5499
f 5503 5499 5504
f 5504 5499 5500
f 5504 5500 5505
f 5505 5500 5501
f 5505 5501 5229
f 5229 5501 5227
f 5229 5231 5505
f 5505 5231 5426
f 5505 5426 5504
f 5504 5426 5428
f 5504 5428 5503
f 5503 5428 5430
f 5503 5430 5502
f 5502 5430 5432
f 5502 5432 5377
f 5377 5432 5434
f 5377 5434 5375
f 5506 5507 5435
f 5435 5507 5508
f 5435 5508 5434
f 5434 5508 5509
f 5434 5509 5375
f 5233 5273 5427
f 5427 5273 5436
f 5427 5436 5429
f 5429 5436 5438
f 5429 5438 5431
f 5431 5438 5440
f 5431 5440 5433
f 5433 5440 5442
f 5433 5442 5435
f 5435 5442 5444
f 5435 5444 5506
f 5506 5444 5446
f 5373 5447 5374
f 5374 5447 5445
f 5374 5445 5510
f 5510 5445 5443
f 5510 5443 5511
f 5511 5443 5441
f 5511 5441 5512
f 5512 5441 5439
f 5512 5439 5513
f 5513 5439 5437
f 5513 5437 5277
f 5277 5437 5275
f 5370 5372 5371
f 5371 5372 5374
f 5371 5374 5514
f 5514 5374 5510
f 5514 5510 5515
f 5515 5510 5511
f 5515 5511 5516
f 5516 5511 5512
f 5516 5512 5517
f 5517 5512 5513
f 5517 5513 5312
f 5312 5513 5277
f 5367 5369 5368
f 5368 5369 5371
f 5368 5371 5518
f 5518 5371 5514
f 5518 5514 5519
f 5519 5514 5515
f 5519 5515 5520
f 5520 5515 5516
f 5520 5516 5521
f 5521 5516 5517
f 5521 5517 5310
f 5310 5517 5312
f 5364 5366 5365
f 5365 5366 5368
f 5365 5368 5522
f 5522 5368 5518
f 5522 5518 5523
f 5523 5518 5519
f 5523 5519 5524
f 5524 5519 5520
f 5524 5520 5525
f 5525 5520 5521
f 5525 5521 5234
f 5234 5521 5310
f 5361 5363 5362
f 5362 5363 5365
f 5362 5365 5526
f 5526 5365 5522
f 5526 5522 5527
f 5527 5522 5523
f 5527 5523 5528
f 5528 5523 5524
f 5528 5524 5529
f 5529 5524 5525
f 5529 5525 5236
f 5236 5525 5234
f 5358 5360 5359
f 5359 5360 5362
f 5359 5362 5530
f 5530 5362 5526
f 5530 5526 5531
f 5531 5526 5527
f 5531 5527 5532
f 5532 5527 5528
f 5532 5528 5533
f 5533 5528 5529
f 5533 5529 5238
f 5238 5529 5236
f 5355 5357 5356
f 5356 5357 5359
f 5356 5359 5534
f 5534 5359 5530
f 5534 5530 5535
f 5535 5530 5531
f 5535 5531 5536
f 5536 5531 5532
f 5536 5532 5537
f 5537 5532 5533
f 5537 5533 5240
f 5240 5533 5238
f 5352 5354 5353
f 5353 5354 5356
f 5353 5356 5538
f 5538 5356 5534
f 5538 5534 5539
f 5539 5534 5535
f 5539 5535 5540
f 5540 5535 5536
f 5540 5536 5541
f 5541 5536 5537
f 5541 5537 5261
f 5261 5537 5240
f 5349 5351 5350
f 5350 5351 5353
f 5350 5353 5542
f 5542 5353 5538
f 5542 5538 5543
f 5543 5538 5539
f 5543 5539 5544
f 5544 5539 5540
f 5544 5540 5545
f 5545 5540 5541
f 5545 5541 5175
f 5175 5541 5261
f 5346 5348 5347
f 5347 5348 5350
f 5347 5350 5546
f 5546 5350 5542
f 5546 5542 5547
f 5547 5542 5543
f 5547 5543 5548
f 5548 5543 5544
f 5548 5544 5549
f 5549 5544 5545
f 5549 5545 5177
f 5177 5545 5175
f 5177 5182 5549
f 5549 5182 5448
f 5549 5448 5548
f 5548 5448 5450
f 5548 5450 5547
f 5547 5450 5452
f 5547 5452 5546
f 5546 5452 5454
f 5546 5454 5347
f 5347 5454 5456
f 5347 5456 5345
f 5550 5551 5457
f 5457 5551 5552
f 5457 5552 5456
f 5456 5552 5553
f 5456 5553 5345
f 5184 5186 5449
f 5449 5186 5458
f 5449 5458 5451
f 5451 5458 5460
f 5451 5460 5453
f 5453 5460 5462
f 5453 5462 5455
f 5455 5462 5464
f 5455 5464 5457
f 5457 5464 5466
f 5457 5466 5550
f 5550 5466 5468
f 5343 5469 5344
f 5344 5469 5467
f 5344 5467 5554
f 5554 5467 5465
f 5554 5465 5555
f 5555 5465 5463
f 5555 5463 5556
f 5556 5463 5461
f 5556 5461 5557
f 5557 5461 5459
f 5557 5459 5187
f 5187 5459 5208
f 5340 5342 5341
f 5341 5342 5344
f 5341 5344 5558
f 5558 5344 5554
f 5558 5554 5559
f 5559 5554 5555
f 5559 5555 5560
f 5560 5555 5556
f 5560 5556 5561
f 5561 5556 5557
f 5561 5557 5189
f 5189 5557 5187
f 5337 5339 5338
f 5338 5339 5341
f 5338 5341 5562
f 5562 5341 5558
f 5562 5558 5563
f 5563 5558 5559
f 5563 5559 5564
f 5564 5559 5560
f 5564 5560 5565
f 5565 5560 5561
f 5565 5561 5191
f 5191 5561 5189
f 5334 5336 5335
f 5335 5336 5338
f 5335 5338 5566
f 5566 5338 5562
f 5566 5562 5567
f 5567 5562 5563
f 5567 5563 5568
f 5568 5563 5564
f 5568 5564 5569
f 5569 5564 5565
f 5569 5565 5193
f 5193 5565 5191
f 5570 5333 5418
f 5418 5333 5335
f 5418 5335 5411
f 5411 5335 5566
f 5411 5566 5408
f 5408 5566 5567
f 5408 5567 5401
f 5401 5567 5568
f 5401 5568 5399
f 5399 5568 5569
f 5399 5569 5221
f 5221 5569 5193
f 5571 5572 5573
f 5241 5407 5422
f 5422 5407 5574
f 5422 5574 5421
f 5421 5574 5575
f 5421 5575 5420
f 5420 5575 5576
f 5420 5576 5419
f 5419 5576 5571
f 5419 5571 5418
f 5418 5571 5573
f 5418 5573 5570
f 5577 5578 5579
f 5243 5406 5407
f 5407 5406 5580
f 5407 5580 5574
f 5574 5580 5581
f 5574 5581 5575
f 5575 5581 5582
f 5575 5582 5576
f 5576 5582 5577
f 5576 5577 5571
f 5571 5577 5579
f 5571 5579 5572
f 5583 5584 5585
f 5245 5405 5406
f 5406 5405 5586
f 5406 5586 5580
f 5580 5586 5587
f 5580 5587 5581
f 5581 5587 5588
f 5581 5588 5582
f 5582 5588 5583
f 5582 5583 5577
f 5577 5583 5585
f 5577 5585 5578
f 5589 5590 5591
f 5247 5404 5405
f 5405 5404 5592
f 5405 5592 5586
f 5586 5592 5593
f 5586 5593 5587
f 5587 5593 5594
f 5587 5594 5588
f 5588 5594 5589
f 5588 5589 5583
f 5583 5589 5591
f 5583 5591 5584
f 5595 5596 5597
f 5266 5403 5404
f 5404 5403 5598
f 5404 5598 5592
f 5592 5598 5599
f 5592 5599 5593
f 5593 5599 5600
f 5593 5600 5594
f 5594 5600 5595
f 5594 5595 5589
f 5589 5595 5597
f 5589 5597 5590
f 5601 5602 5603
f 5201 5402 5403
f 5403 5402 5604
f 5403 5604 5598
f 5598 5604 5605
f 5598 5605 5599
f 5599 5605 5606
f 5599 5606 5600
f 5600 5606 5601
f 5600 5601 5595
f 5595 5601 5603
f 5595 5603 5596
f 5203 5481 5402
f 5402 5481 5477
f 5402 5477 5604
f 5604 5477 5417
f 5604 5417 5605
f 5605 5417 5416
f 5605 5416 5606
f 5606 5416 5423
f 5606 5423 5601
f 5601 5423 5470
f 5601 5470 5602
f 5607 5608 5609
f 5607 5609 5610
f 5611 5610 5609
f 5612 5611 5609
f 5613 5612 5609
f 5614 5613 5609
f 5615 5614 5609
f 5616 5615 5609
f 5617 5616 5609
f 5618 5617 5609
f 5619 5618 5609
f 5620 5619 5609
f 5621 5620 5609
f 5622 5621 5609
f 5623 5622 5609
f 5624 5623 5609
f 5625 5624 5609
f 5626 5625 5609
f 5627 5626 5609
f 5628 5627 5609
f 5629 5628 5609
f 5630 5629 5609
f 5631 5630 5609
f 5632 5631 5609
f 5633 5632 5609
f 5634 5633 5609
f 5635 5634 5609
f 5636 5635 5609
f 5637 5636 5609
f 5638 5637 5609
f 5639 5638 5609
f 5640 5639 5609
f 5641 5640 5609
f 5642 5641 5609
f 5643 5642 5609
f 5644 5643 5609
f 5608 5644 5609
f 5645 5646 5472
f 5472 5473 5645
f 5645 5473 5474
f 5645 5474 5647
f 5474 5397 5647
f 5647 5397 5396
f 5647 5396 5648
f 5396 5394 5648
f 5648 5394 5393
f 5648 5393 5649
f 5393 5391 5649
f 5649 5391 5390
f 5649 5390 5650
f 5650 5390 5388
f 5388 5387 5650
f 5650 5387 5385
f 5650 5385 5651
f 5385 5384 5651
f 5651 5384 5382
f 5651 5382 5652
f 5382 5381 5652
f 5652 5381 5379
f 5652 5379 5653
f 5379 5378 5653
f 5653 5378 5376
f 5653 5376 5654
f 5376 5375 5654
f 5654 5375 5509
f 5654 5509 5655
f 5509 5508 5655
f 5655 5508 5507
f 5655 5507 5656
f 5656 5507 5506
f 5656 5506 5657
f 5506 5446 5657
f 5657 5446 5447
f 5657 5447 5658
f 5447 5373 5658
f 5658 5373 5372
f 5658 5372 5659
f 5372 5370 5659
f 5659 5370 5369
f 5659 5369 5660
f 5369 5367 5660
f 5660 5367 5366
f 5660 5366 5661
f 5366 5364 5661
f 5661 5364 5363
f 5661 5363 5662
f 5363 5361 5662
f 5662 5361 5360
f 5662 5360 5663
f 5663 5360 5358
f 5358 5357 5663
f 5663 5357 5355
f 5663 5355 5664
f 5355 5354 5664
f 5664 5354 5352
f 5664 5352 5665
f 5352 5351 5665
f 5665 5351 5349
f 5665 5349 5666
f 5349 5348 5666
f 5666 5348 5346
f 5666 5346 5667
f 5346 5345 5667
f 5667 5345 5553
f 5667 5553 5668
f 5553 5552 5668
f 5668 5552 5551
f 5668 5551 5669
f 5669 5551 5550
f 5669 5550 5670
f 5550 5468 5670
f 5670 5468 5469
f 5670 5469 5671
f 5469 5343 5671
f 5671 5343 5342
f 5671 5342 5672
f 5342 5340 5672
f 5672 5340 5339
f 5672 5339 5673
f 5339 5337 5673
f 5673 5337 5336
f 5673 5336 5674
f 5336 5334 5674
f 5674 5334 5333
f 5674 5333 5675
f 5675 5333 5570
f 5570 5573 5675
f 5675 5573 5572
f 5675 5572 5676
f 5572 5579 5676
f 5676 5579 5578
f 5676 5578 5677
f 5578 5585 5677
f 5677 5585 5584
f 5677 5584 5678
f 5584 5591 5678
f 5678 5591 5590
f 5678 5590 5679
f 5590 5597 5679
f 5679 5597 5596
f 5679 5596 5680
f 5596 5603 5680
f 5680 5603 5602
f 5680 5602 5681
f 5681 5602 5470
f 5681 5470 5646
f 5646 5470 5471
f 5646 5471 5472
f 5680 5682 5679
f 5679 5682 5683
f 5679 5683 5678
f 5678 5683 5684
f 5678 5684 5677
f 5677 5684 5685
f 5677 5685 5676
f 5676 5685 5686
f 5676 5686 5675
f 5675 5686 5687
f 5675 5687 5674
f 5674 5687 5688
f 5674 5688 5673
f 5673 5688 5689
f 5673 5689 5672
f 5672 5689 5690
f 5672 5690 5671
f 5671 5690 5691
f 5671 5691 5670
f 5670 5691 5692
f 5670 5692 5669
f 5669 5692 5693
f 5669 5693 5668
f 5668 5693 5694
f 5668 5694 5667
f 5667 5694 5695
f 5667 5695 5666
f 5666 5695 5696
f 5666 5696 5665
f 5665 5696 5697
f 5665 5697 5664
f 5664 5697 5698
f 5664 5698 5663
f 5663 5698 5699
f 5663 5699 5662
f 5662 5699 5700
f 5662 5700 5661
f 5661 5700 5701
f 5661 5701 5660
f 5660 5701 5702
f 5660 5702 5659
f 5659 5702 5703
f 5659 5703 5658
f 5658 5703 5704
f 5658 5704 5657
f 5657 5704 5705
f 5657 5705 5656
f 5656 5705 5706
f 5656 5706 5655
f 5655 5706 5707
f 5655 5707 5654
f 5654 5707 5708
f 5654 5708 5653
f 5653 5708 5709
f 5653 5709 5652
f 5652 5709 5710
f 5652 5710 5651
f 5651 5710 5711
f 5651 5711 5650
f 5650 5711 5712
f 5650 5712 5649
f 5649 5712 5713
f 5649 5713 5648
f 5648 5713 5714
f 5648 5714 5647
f 5647 5714 5715
f 5647 5715 5645
f 5645 5715 5716
f 5645 5716 5646
f 5646 5716 5717
f 5646 5717 5681
f 5681 5717 5718
f 5681 5718 5680
f 5680 5718 5682
f 5682 5719 5683
f 5683 5719 5720
f 5683 5720 5684
f 5684 5720 5721
f 5684 5721 5685
f 5685 5721 5722
f 5685 5722 5686
f 5686 5722 5723
f 5686 5723 5687
f 5687 5723 5724
f 5687 5724 5688
f 5688 5724 5725
f 5688 5725 5689
f 5689 5725 5726
f 5689 5726 5690
f 5690 5726 5727
f 5690 5727 5691
f 5691 5727 5728
f 5691 5728 5692
f 5692 5728 5729
f 5692 5729 5693
f 5693 5729 5730
f 5693 5730 5694
f 5694 5730 5731
f 5694 5731 5695
f 5695 5731 5732
f 5695 5732 5696
f 5696 5732 5733
f 5696 5733 5697
f 5697 5733 5734
f 5697 5734 5698
f 5698 5734 5735
f 5698 5735 5699
f 5699 5735 5736
f 5699 5736 5700
f 5700 5736 5737
f 5700 5737 5701
f 5701 5737 5738
f 5701 5738 5702
f 5702 5738 5739
f 5702 5739 5703
f 5703 5739 5740
f 5703 5740 5704
f 5704 5740 5741
f 5704 5741 5705
f 5705 5741 5742
f 5705 5742 5706
f 5706 5742 5743
f 5706 5743 5707
f 5707 5743 5744
f 5707 5744 5708
f 5708 5744 5745
f 5708 5745 5709
f 5709 5745 5746
f 5709 5746 5710
f 5710 5746 5747
f 5710 5747 5711
f 5711 5747 5748
f 5711 5748 5712
f 5712 5748 5749
f 5712 5749 5713
f 5713 5749 5750
f 5713 5750 5714
f 5714 5750 5751
f 5714 5751 5715
f 5715 5751 5752
f 5715 5752 5716
f 5716 5752 5753
f 5716 5753 5717
f 5717 5753 5754
f 5717 5754 5718
f 5718 5754 5755
f 5718 5755 5682
f 5682 5755 5719
f 5719 5756 5720
f 5720 5756 5757
f 5720 5757 5721
f 5721 5757 5758
f 5721 5758 5722
f 5722 5758 5759
f 5722 5759 5723
f 5723 5759 5760
f 5723 5760 5724
f 5724 5760 5761
f 5724 5761 5725
f 5725 5761 5762
f 5725 5762 5726
f 5726 5762 5763
f 5726 5763 5727
f 5727 5763 5764
f 5727 5764 5728
f 5728 5764 5765
f 5728 5765 5729
f 5729 5765 5766
f 5729 5766 5730
f 5730 5766 5767
f 5730 5767 5731
f 5731 5767 5768
f 5731 5768 5732
f 5732 5768 5769
f 5732 5769 5733
f 5733 5769 5770
f 5733 5770 5734
f 5734 5770 5771
f 5734 5771 5735
f 5735 5771 5772
f 5735 5772 5736
f 5736 5772 5773
f 5736 5773 5737
f 5737 5773 5774
f 5737 5774 5738
f 5738 5774 5775
f 5738 5775 5739
f 5739 5775 5776
f 5739 5776 5740
f 5740 5776 5777
f 5740 5777 5741
f 5741 5777 5778
f 5741 5778 5742
f 5742 5778 5779
f 5742 5779 5743
f 5743 5779 5780
f 5743 5780 5744
f 5744 5780 5781
f 5744 5781 5745
f 5745 5781 5782
f 5745 5782 5746
f 5746 5782 5783
f 5746 5783 5747
f 5747 5783 5784
f 5747 5784 5748
f 5748 5784 5785
f 5748 5785 5749
f 5749 5785 5786
f 5749 5786 5750
f 5750 5786 5787
f 5750 5787 5751
f 5751 5787 5788
f 5751 5788 5752
f 5752 5788 5789
f 5752 5789 5753
f 5753 5789 5790
f 5753 5790 5754
f 5754 5790 5791
f 5754 5791 5755
f 5755 5791 5792
f 5755 5792 5719
f 5719 5792 5756
f 5756 5793 5757
f 5757 5793 5794
f 5757 5794 5758
f 5758 5794 5795
f 5758 5795 5759
f 5759 5795 5796
f 5759 5796 5760
f 5760 5796 5797
f 5760 5797 5761
f 5761 5797 5798
f 5761 5798 5762
f 5762 5798 5799
f 5762 5799 5763
f 5763 5799 5800
f 5763 5800 5764
f 5764 5800 5801
f 5764 5801 5765
f 5765 5801 5802
f 5765 5802 5766
f 5766 5802 5803
f 5766 5803 5767
f 5767 5803 5804
f 5767 5804 5768
f 5768 5804 5805
f 5768 5805 5769
f 5769 5805 5806
f 5769 5806 5770
f 5770 5806 5807
f 5770 5807 5771
f 5771 5807 5808
f 5771 5808 5772
f 5772 5808 5809
f 5772 5809 5773
f 5773 5809 5810
f 5773 5810 5774
f 5774 5810 5811
f 5774 5811 5775
f 5775 5811 5812
f 5775 5812 5776
f 5776 5812 5813
f 5776 5813 5777
f 5777 5813 5814
f 5777 5814 5778
f 5778 5814 5815
f 5778 5815 5779
f 5779 5815 5816
f 5779 5816 5780
f 5780 5816 5817
f 5780 5817 5781
f 5781 5817 5818
f 5781 5818 5782
f 5782 5818 5819
f 5782 5819 5783
f 5783 5819 5820
f 5783 5820 5784
f 5784 5820 5821
f 5784 5821 5785
f 5785 5821 5822
f 5785 5822 5786
f 5786 5822 5823
f 5786 5823 5787
f 5787 5823 5824
f 5787 5824 5788
f 5788 5824 5825
f 5788 5825 5789
f 5789 5825 5826
f 5789 5826 5790
f 5790 5826 5827
f 5790 5827 5791
f 5791 5827 5828
f 5791 5828 5792
f 5792 5828 5829
f 5792 5829 5756
f 5756 5829 5793
f 5793 5830 5794
f 5794 5830 5831
f 5794 5831 5795
f 5795 5831 5832
f 5795 5832 5796
f 5796 5832 5833
f 5796 5833 5797
f 5797 5833 5834
f 5797 5834 5798
f 5798 5834 5835
f 5798 5835 5799
f 5799 5835 5836
f 5799 5836 5800
f 5800 5836 5837
f 5800 5837 5801
f 5801 5837 5838
f 5801 5838 5802
f 5802 5838 5839
f 5802 5839 5803
f 5803 5839 5840
f 5803 5840 5804
f 5804 5840 5841
f 5804 5841 5805
f 5805 5841 5842
f 5805 5842 5806
f 5806 5842 5843
f 5806 5843 5807
f 5807 5843 5844
f 5807 5844 5808
f 5808 5844 5845
f 5808 5845 5809
f 5809 5845 5846
f 5809 5846 5810
f 5810 5846 5847
f 5810 5847 5811
f 5811 5847 5848
f 5811 5848 5812
f 5812 5848 5849
f 5812 5849 5813
f 5813 5849 5850
f 5813 5850 5814
f 5814 5850 5851
f 5814 5851 5815
f 5815 5851 5852
f 5815 5852 5816
f 5816 5852 5853
f 5816 5853 5817
f 5817 5853 5854
f 5817 5854 5818
f 5818 5854 5855
f 5818 5855 5819
f 5819 5855 5856
f 5819 5856 5820
f 5820 5856 5857
f 5820 5857 5821
f 5821 5857 5858
f 5821 5858 5822
f 5822 5858 5859
f 5822 5859 5823
f 5823 5859 5860
f 5823 5860 5824
f 5824 5860 5861
f 5824 5861 5825
f 5825 5861 5862
f 5825 5862 5826
f 5826 5862 5863
f 5826 5863 5827
f 5827 5863 5864
f 5827 5864 5828
f 5828 5864 5865
f 5828 5865 5829
f 5829 5865 5866
f 5829 5866 5793
f 5793 5866 5830
f 5830 5867 5831
f 5831 5867 5868
f 5831 5868 5832
f 5832 5868 5869
f 5832 5869 5833
f 5833 5869 5870
f 5833 5870 5834
f 5834 5870 5871
f 5834 5871 5835
f 5835 5871 5872
f 5835 5872 5836
f 5836 5872 5873
f 5836 5873 5837
f 5837 5873 5874
f 5837 5874 5838
f 5838 5874 5875
f 5838 5875 5839
f 5839 5875 5876
f 5839 5876 5840
f 5840 5876 5877
f 5840 5877 5841
f 5841 5877 5878
f 5841 5878 5842
f 5842 5878 5879
f 5842 5879 5843
f 5843 5879 5880
f 5843 5880 5844
f 5844 5880 5881
f 5844 5881 5845
f 5845 5881 5882
f 5845 5882 5846
f 5846 5882 5883
f 5846 5883 5847
f 5847 5883 5884
f 5847 5884 5848
f 5848 5884 5885
f 5848 5885 5849
f 5849 5885 5886
f 5849 5886 5850
f 5850 5886 5887
f 5850 5887 5851
f 5851 5887 5888
f 5851 5888 5852
f 5852 5888 5889
f 5852 5889 5853
f 5853 5889 5890
f 5853 5890 5854
f 5854 5890 5891
f 5854 5891 5855
f 5855 5891 5892
f 5855 5892 5856
f 5856 5892 5893
f 5856 5893 5857
f 5857 5893 5894
f 5857 5894 5858
f 5858 5894 5895
f 5858 5895 5859
f 5859 5895 5896
f 5859 5896 5860
f 5860 5896 5897
f 5860 5897 5861
f 5861 5897 5898
f 5861 5898 5862
f 5862 5898 5899
f 5862 5899 5863
f 5863 5899 5900
f 5863 5900 5864
f 5864 5900 5901
f 5864 5901 5865
f 5865 5901 5902
f 5865 5902 5866
f 5866 5902 5903
f 5866 5903 5830
f 5830 5903 5867
f 5867 5904 5868
f 5868 5904 5905
f 5868 5905 5869
f 5869 5905 5906
f 5869 5906 5870
f 5870 5906 5907
f 5870 5907 5871
f 5871 5907 5908
f 5871 5908 5872
f 5872 5908 5909
f 5872 5909 5873
f 5873 5909 5910
f 5873 5910 5874
f 5874 5910 5911
f 5874 5911 5875
f 5875 5911 5912
f 5875 5912 5876
f 5876 5912 5913
f 5876 5913 5877
f 5877 5913 5914
f 5877 5914 5878
f 5878 5914 5915
f 5878 5915 5879
f 5879 5915 5916
f 5879 5916 5880
f 5880 5916 5917
f 5880 5917 5881
f 5881 5917 5918
f 5881 5918 5882
f 5882 5918 5919
f 5882 5919 5883
f 5883 5919 5920
f 5883 5920 5884
f 5884 5920 5921
f 5884 5921 5885
f 5885 5921 5922
f 5885 5922 5886
f 5886 5922 5923
f 5886 5923 5887
f 5887 5923 5924
f 5887 5924 5888
f 5888 5924 5925
f 5888 5925 5889
f 5889 5925 5926
f 5889 5926 5890
f 5890 5926 5927
f 5890 5927 5891
f 5891 5927 5928
f 5891 5928 5892
f 5892 5928 5929
f 5892 5929 5893
f 5893 5929 5930
f 5893 5930 5894
f 5894 5930 5931
f 5894 5931 5895
f 5895 5931 5932
f 5895 5932 5896
f 5896 5932 5933
f 5896 5933 5897
f 5897 5933 5934
f 5897 5934 5898
f 5898 5934 5935
f 5898 5935 5899
f 5899 5935 5936
f 5899 5936 5900
f 5900 5936 5937
f 5900 5937 5901
f 5901 5937 5938
f 5901 5938 5902
f 5902 5938 5939
f 5902 5939 5903
f 5903 5939 5940
f 5903 5940 5867
f 5867 5940 5904
f 5904 5941 5905
f 5905 5941 5942
f 5905 5942 5906
f 5906 5942 5943
f 5906 5943 5907
f 5907 5943 5944
f 5907 5944 5908
f 5908 5944 5945
f 5908 5945 5909
f 5909 5945 5946
f 5909 5946 5910
f 5910 5946 5947
f 5910 5947 5911
f 5911 5947 5948
f 5911 5948 5912
f 5912 5948 5949
f 5912 5949 5913
f 5913 5949 5950
f 5913 5950 5914
f 5914 5950 5951
f 5914 5951 5915
f 5915 5951 5952
f 5915 5952 5916
f 5916 5952 5953
f 5916 5953 5917
f 5917 5953 5954
f 5917 5954 5918
f 5918 5954 5955
f 5918 5955 5919
f 5919 5955 5956
f 5919 5956 5920
f 5920 5956 5957
f 5920 5957 5921
f 5921 5957 5958
f 5921 5958 5922
f 5922 5958 5959
f 5922 5959 5923
f 5923 5959 5960
f 5923 5960 5924
f 5924 5960 5961
f 5924 5961 5925
f 5925 5961 5962
f 5925 5962 5926
f 5926 5962 5963
f 5926 5963 5927
f 5927 5963 5964
f 5927 5964 5928
f 5928 5964 5965
f 5928 5965 5929
f 5929 5965 5966
f 5929 5966 5930
f 5930 5966 5967
f 5930 5967 5931
f 5931 5967 5968
f 5931 5968 5932
f 5932 5968 5969
f 5932 5969 5933
f 5933 5969 5970
f 5933 5970 5934
f 5934 5970 5971
f 5934 5971 5935
f 5935 5971 5972
f 5935 5972 5936
f 5936 5972 5973
f 5936 5973 5937
f 5937 5973 5974
f 5937 5974 5938
f 5938 5974 5975
f 5938 5975 5939
f 5939 5975 5976
f 5939 5976 5940
f 5940 5976 5977
f 5940 5977 5904
f 5904 5977 5941
f 5941 5978 5942
f 5942 5978 5979
f 5942 5979 5943
f 5943 5979 5980
f 5943 5980 5944
f 5944 5980 5981
f 5944 5981 5945
f 5945 5981 5982
f 5945 5982 5946
f 5946 5982 5983
f 5946 5983 5947
f 5947 5983 5984
f 5947 5984 5948
f 5948 5984 5985
f 5948 5985 5949
f 5949 5985 5986
f 5949 5986 5950
f 5950 5986 5987
f 5950 5987 5951
f 5951 5987 5988
f 5951 5988 5952
f 5952 5988 5989
f 5952 5989 5953
f 5953 5989 5990
f 5953 5990 5954
f 5954 5990 5991
f 5954 5991 5955
f 5955 5991 5992
f 5955 5992 5956
f 5956 5992 5993
f 5956 5993 5957
f 5957 5993 5994
f 5957 5994 5958
f 5958 5994 5995
f 5958 5995 5959
f 5959 5995 5996
f 5959 5996 5960
f 5960 5996 5997
f 5960 5997 5961
f 5961 5997 5998
f 5961 5998 5962
f 5962 5998 5999
f 5962 5999 5963
f 5963 5999 6000
f 5963 6000 5964
f 5964 6000 6001
f 5964 6001 5965
f 5965 6001 6002
f 5965 6002 5966
f 5966 6002 6003
f 5966 6003 5967
f 5967 6003 6004
f 5967 6004 5968
f 5968 6004 6005
f 5968 6005 5969
f 5969 6005 6006
f 5969 6006 5970
f 5970 6006 6007
f 5970 6007 5971
f 5971 6007 6008
f 5971 6008 5972
f 5972 6008 6009
f 5972 6009 5973
f 5973 6009 6010
f 5973 6010 5974
f 5974 6010 6011
f 5974 6011 5975
f 5975 6011 6012
f 5975 6012 5976
f 5976 6012 6013
f 5976 6013 5977
f 5977 6013 6014
f 5977 6014 5941
f 5941 6014 5978
f 5978 5608 5979
f 5979 5608 5607
f 5979 5607 5980
f 5980 5607 5610
f 5980 5610 5981
f 5981 5610 5611
f 5981 5611 5982
f 5982 5611 5612
f 5982 5612 5983
f 5983 5612 5613
f 5983 5613 5984
f 5984 5613 5614
f 5984 5614 5985
f 5985 5614 5615
f 5985 5615 5986
f 5986 5615 5616
f 5986 5616 5987
f 5987 5616 5617
f 5987 5617 5988
f 5988 5617 5618
f 5988 5618 5989
f 5989 5618 5619
f 5989 5619 5990
f 5990 5619 5620
f 5990 5620 5991
f 5991 5620 5621
f 5991 5621 5992
f 5992 5621 5622
f 5992 5622 5993
f 5993 5622 5623
f 5993 5623 5994
f 5994 5623 5624
f 5994 5624 5995
f 5995 5624 5625
f 5995 5625 5996
f 5996 5625 5626
f 5996 5626 5997
f 5997 5626 5627
f 5997 5627 5998
f 5998 5627 5628
f 5998 5628 5999
f 5999 5628 5629
f 5999 5629 6000
f 6000 5629 5630
f 6000 5630 6001
f 6001 5630 5631
f 6001 5631 6002
f 6002 5631 5632
f 6002 5632 6003
f 6003 5632 5633
f 6003 5633 6004
f 6004 5633 5634
f 6004 5634 6005
f 6005 5634 5635
f 6005 5635 6006
f 6006 5635 5636
f 6006 5636 6007
f 6007 5636 5637
f 6007 5637 6008
f 6008 5637 5638
f 6008 5638 6009
f 6009 5638 5639
f 6009 5639 6010
f 6010 5639 5640
f 6010 5640 6011
f 6011 5640 5641
f 6011 5641 6012
f 6012 5641 5642
f 6012 5642 6013
f 6013 5642 5643
f 6013 5643 6014
f 6014 5643 5644
f 6014 5644 5978
f 5978 5644 5608
f 6015 6016 6017
f 6018 6019 6020
f 6020 6019 6021
f 6020 6021 6022
f 6023 6024 6025
f 6025 6024 6026
f 6025 6026 6027
f 6027 6026 6020
f 6027 6020 6028
f 6028 6020 6022
f 6029 6030 6031
f 6031 6030 6032
f 6031 6032 6033
f 6033 6032 6034
f 6033 6034 6035
f 6035 6034 6036
f 6035 6036 6037
f 6037 6036 6038
f 6037 6038 6039
f 6039 6038 6023
f 6039 6023 6040
f 6040 6023 6025
f 6041 6042 6043
f 6043 6042 6044
f 6043 6044 6045
f 6045 6044 6046
f 6045 6046 6029
f 6029 6046 6047
f 6029 6047 6030
f 6041 6043 6048
f 6048 6043 6049
f 6048 6049 6050
f 6050 6049 6051
f 6051 6049 6052
f 6051 6052 6053
f 6053 6052 6054
f 6053 6054 6055
f 6056 6057 6058
f 6057 6059 6058
f 6058 6059 6060
f 6058 6060 6061
f 6061 6060 6062
f 6061 6062 6054
f 6054 6062 6063
f 6054 6063 6055
f 6017 6016 6064
f 6064 6016 6065
f 6064 6065 6066
f 6066 6067 6064
f 6064 6067 6068
f 6064 6068 6058
f 6058 6068 6069
f 6058 6069 6056
f 6070 6071 6017
f 6017 6071 6072
f 6017 6072 6015
f 6017 6073 6070
f 6070 6073 6074
f 6070 6074 6075
f 6075 6074 6076
f 6074 6077 6076
f 6076 6077 6078
f 6076 6078 6079
f 6079 6078 6080
f 6078 6081 6080
f 6080 6081 6082
f 6080 6082 6083
f 6083 6082 6084
f 6082 6085 6084
f 6084 6085 6086
f 6084 6086 6087
f 6087 6086 6088
f 6088 6086 6089
f 6089 6086 6090
f 6089 6090 6091
f 6091 6092 6089
f 6089 6092 6093
f 6089 6093 6094
f 6094 6093 6095
f 6093 6096 6095
f 6095 6096 6097
f 6095 6097 6098
f 6098 6097 6099
f 6100 6101 6102
f 6103 6104 6105
f 6105 6104 6106
f 6105 6106 6107
f 6108 6109 6110
f 6110 6109 6111
f 6110 6111 6112
f 6112 6111 6105
f 6112 6105 6113
f 6113 6105 6107
f 6114 6115 6116
f 6116 6115 6117
f 6116 6117 6118
f 6118 6117 6119
f 6118 6119 6120
f 6120 6119 6121
f 6120 6121 6122
f 6122 6121 6123
f 6122 6123 6124
f 6124 6123 6108
f 6124 6108 6125
f 6125 6108 6110
f 6126 6127 6128
f 6128 6127 6129
f 6128 6129 6130
f 6130 6129 6131
f 6130 6131 6114
f 6114 6131 6132
f 6114 6132 6115
f 6126 6128 6133
f 6133 6128 6134
f 6133 6134 6135
f 6135 6134 6136
f 6136 6134 6137
f 6136 6137 6138
f 6138 6137 6139
f 6138 6139 6140
f 6141 6142 6143
f 6142 6144 6143
f 6143 6144 6145
f 6143 6145 6146
f 6146 6145 6147
f 6146 6147 6139
f 6139 6147 6148
f 6139 6148 6140
f 6102 6101 6149
f 6149 6101 6150
f 6149 6150 6151
f 6151 6152 6149
f 6149 6152 6153
f 6149 6153 6143
f 6143 6153 6154
f 6143 6154 6141
f 6155 6156 6102
f 6102 6156 6157
f 6102 6157 6100
f 6102 6158 6155
f 6155 6158 6159
f 6155 6159 6160
f 6160 6159 6161
f 6159 6162 6161
f 6161 6162 6163
f 6161 6163 6164
f 6164 6163 6165
f 6163 6166 6165
f 6165 6166 6167
f 6165 6167 6168
f 6168 6167 6169
f 6167 6170 6169
f 6169 6170 6171
f 6169 6171 6172
f 6172 6171 6173
f 6173 6171 6174
f 6174 6171 6175
f 6174 6175 6176
f 6176 6177 6174
f 6174 6177 6178
f 6174 6178 6179
f 6179 6178 6180
f 6178 6181 6180
f 6180 6181 6182
f 6180 6182 6183
f 6183 6182 6184
f 6185 6186 6187
f 6188 6189 6190
f 6190 6189 6191
f 6190 6191 6192
f 6193 6194 6195
f 6195 6194 6196
f 6195 6196 6197
f 6197 6196 6190
f 6197 6190 6198
f 6198 6190 6192
f 6199 6200 6201
f 6201 6200 6202
f 6201 6202 6203
f 6203 6202 6204
f 6203 6204 6205
f 6205 6204 6206
f 6205 6206 6207
f 6207 6206 6208
f 6207 6208 6209
f 6209 6208 6193
f 6209 6193 6210
f 6210 6193 6195
f 6211 6212 6213
f 6213 6212 6214
f 6213 6214 6215
f 6215 6214 6216
f 6215 6216 6199
f 6199 6216 6217
f 6199 6217 6200
f 6211 6213 6218
f 6218 6213 6219
f 6218 6219 6220
f 6220 6219 6221
f 6221 6219 6222
f 6221 6222 6223
f 6223 6222 6224
f 6223 6224 6225
f 6226 6227 6228
f 6227 6229 6228
f 6228 6229 6230
f 6228 6230 6231
f 6231 6230 6232
f 6231 6232 6224
f 6224 6232 6233
f 6224 6233 6225
f 6187 6186 6234
f 6234 6186 6235
f 6234 6235 6236
f 6236 6237 6234
f 6234 6237 6238
f 6234 6238 6228
f 6228 6238 6239
f 6228 6239 6226
f 6240 6241 6187
f 6187 6241 6242
f 6187 6242 6185
f 6187 6243 6240
f 6240 6243 6244
f 6240 6244 6245
f 6245 6244 6246
f 6244 6247 6246
f 6246 6247 6248
f 6246 6248 6249
f 6249 6248 6250
f 6248 6251 6250
f 6250 6251 6252
f 6250 6252 6253
f 6253 6252 6254
f 6252 6255 6254
f 6254 6255 6256
f 6254 6256 6257
f 6257 6256 6258
f 6258 6256 6259
f 6259 6256 6260
f 6259 6260 6261
f 6261 6262 6259
f 6259 6262 6263
f 6259 6263 6264
f 6264 6263 6265
f 6263 6266 6265
f 6265 6266 6267
f 6265 6267 6268
f 6268 6267 6269
f 6270 6271 6272
f 6273 6274 6275
f 6275 6274 6276
f 6275 6276 6277
f 6278 6279 6280
f 6280 6279 6281
f 6280 6281 6282
f 6282 6281 6275
f 6282 6275 6283
f 6283 6275 6277
f 6284 6285 6286
f 6286 6285 6287
f 6286 6287 6288
f 6288 6287 6289
f 6288 6289 6290
f 6290 6289 6291
f 6290 6291 6292
f 6292 6291 6293
f 6292 6293 6294
f 6294 6293 6278
f 6294 6278 6295
f 6295 6278 6280
f 6296 6297 6298
f 6298 6297 6299
f 6298 6299 6300
f 6300 6299 6301
f 6300 6301 6284
f 6284 6301 6302
f 6284 6302 6285
f 6296 6298 6303
f 6303 6298 6304
f 6303 6304 6305
f 6305 6304 6306
f 6306 6304 6307
f 6306 6307 6308
f 6308 6307 6309
f 6308 6309 6310
f 6311 6312 6313
f 6312 6314 6313
f 6313 6314 6315
f 6313 6315 6316
f 6316 6315 6317
f 6316 6317 6309
f 6309 6317 6318
f 6309 6318 6310
f 6272 6271 6319
f 6319 6271 6320
f 6319 6320 6321
f 6321 6322 6319
f 6319 6322 6323
f 6319 6323 6313
f 6313 6323 6324
f 6313 6324 6311
f 6325 6326 6272
f 6272 6326 6327
f 6272 6327 6270
f 6272 6328 6325
f 6325 6328 6329
f 6325 6329 6330
f 6330 6329 6331
f 6329 6332 6331
f 6331 6332 6333
f 6331 6333 6334
f 6334 6333 6335
f 6333 6336 6335
f 6335 6336 6337
f 6335 6337 6338
f 6338 6337 6339
f 6337 6340 6339
f 6339 6340 6341
f 6339 6341 6342
f 6342 6341 6343
f 6343 6341 6344
f 6344 6341 6345
f 6344 6345 6346
f 6346 6347 6344
f 6344 6347 6348
f 6344 6348 6349
f 6349 6348 6350
f 6348 6351 6350
f 6350 6351 6352
f 6350 6352 6353
f 6353 6352 6354
f 6355 6356 6357
f 6358 6359 6360
f 6360 6359 6361
f 6360 6361 6362
f 6363 6364 6365
f 6365 6364 6366
f 6365 6366 6367
f 6367 6366 6360
f 6367 6360 6368
f 6368 6360 6362
f 6369 6370 6371
f 6371 6370 6372
f 6371 6372 6373
f 6373 6372 6374
f 6373 6374 6375
f 6375 6374 6376
f 6375 6376 6377
f 6377 6376 6378
f 6377 6378 6379
f 6379 6378 6363
f 6379 6363 6380
f 6380 6363 6365
f 6381 6382 6383
f 6383 6382 6384
f 6383 6384 6385
f 6385 6384 6386
f 6385 6386 6369
f 6369 6386 6387
f 6369 6387 6370
f 6381 6383 6388
f 6388 6383 6389
f 6388 6389 6390
f 6390 6389 6391
f 6391 6389 6392
f 6391 6392 6393
f 6393 6392 6394
f 6393 6394 6395
f 6396 6397 6398
f 6397 6399 6398
f 6398 6399 6400
f 6398 6400 6401
f 6401 6400 6402
f 6401 6402 6394
f 6394 6402 6403
f 6394 6403 6395
f 6357 6356 6404
f 6404 6356 6405
f 6404 6405 6406
f 6406 6407 6404
f 6404 6407 6408
f 6404 6408 6398
f 6398 6408 6409
f 6398 6409 6396
f 6410 6411 6357
f 6357 6411 6412
f 6357 6412 6355
f 6357 6413 6410
f 6410 6413 6414
f 6410 6414 6415
f 6415 6414 6416
f 6414 6417 6416
f 6416 6417 6418
f 6416 6418 6419
f 6419 6418 6420
f 6418 6421 6420
f 6420 6421 6422
f 6420 6422 6423
f 6423 6422 6424
f 6422 6425 6424
f 6424 6425 6426
f 6424 6426 6427
f 6427 6426 6428
f 6428 6426 6429
f 6429 6426 6430
f 6429 6430 6431
f 6431 6432 6429
f 6429 6432 6433
f 6429 6433 6434
f 6434 6433 6435
f 6433 6436 6435
f 6435 6436 6437
f 6435 6437 6438
f 6438 6437 6439
f 6440 6441 6442
f 6443 6444 6445
f 6445 6444 6446
f 6445 6446 6447
f 6448 6449 6450
f 6450 6449 6451
f 6450 6451 6452
f 6452 6451 6445
f 6452 6445 6453
f 6453 6445 6447
f 6454 6455 6456
f 6456 6455 6457
f 6456 6457 6458
f 6458 6457 6459
f 6458 6459 6460
f 6460 6459 6461
f 6460 6461 6462
f 6462 6461 6463
f 6462 6463 6464
f 6464 6463 6448
f 6464 6448 6465
f 6465 6448 6450
f 6466 6467 6468
f 6468 6467 6469
f 6468 6469 6470
f 6470 6469 6471
f 6470 6471 6454
f 6454 6471 6472
f 6454 6472 6455
f 6466 6468 6473
f 6473 6468 6474
f 6473 6474 6475
f 6475 6474 6476
f 6476 6474 6477
f 6476 6477 6478
f 6478 6477 6479
f 6478 6479 6480
f 6481 6482 6483
f 6482 6484 6483
f 6483 6484 6485
f 6483 6485 6486
f 6486 6485 6487
f 6486 6487 6479
f 6479 6487 6488
f 6479 6488 6480
f 6442 6441 6489
f 6489 6441 6490
f 6489 6490 6491
f 6491 6492 6489
f 6489 6492 6493
f 6489 6493 6483
f 6483 6493 6494
f 6483 6494 6481
f 6495 6496 6442
f 6442 6496 6497
f 6442 6497 6440
f 6442 6498 6495
f 6495 6498 6499
f 6495 6499 6500
f 6500 6499 6501
f 6499 6502 6501
f 6501 6502 6503
f 6501 6503 6504
f 6504 6503 6505
f 6503 6506 6505
f 6505 6506 6507
f 6505 6507 6508
f 6508 6507 6509
f 6507 6510 6509
f 6509 6510 6511
f 6509 6511 6512
f 6512 6511 6513
f 6513 6511 6514
f 6514 6511 6515
f 6514 6515 6516
f 6516 6517 6514
f 6514 6517 6518
f 6514 6518 6519
f 6519 6518 6520
f 6518 6521 6520
f 6520 6521 6522
f 6520 6522 6523
f 6523 6522 6524
f 6525 6526 6527
f 6528 6529 6530
f 6531 6532 6525
f 6533 6534 6535
f 6536 6537 6538
f 6539 6540 6541
f 6542 6543 6544
f 6534 6533 6542
f 6537 6536 6542
f 6542 6545 6546
f 6547 6545 6542
f 6542 6548 6549
f 6550 6548 6542
f 6546 6550 6542
f 6542 6551 6552
f 6553 6551 6542
f 6549 6553 6542
f 6531 6554 6552
f 6552 6554 6542
f 6542 6555 6556
f 6542 6557 6558
f 6559 6557 6542
f 6556 6559 6542
f 6542 6560 6561
f 6562 6560 6542
f 6558 6562 6542
f 6540 6539 6542
f 6563 6564 6565
f 6566 6567 6568
f 6569 6570 6571
f 6572 6573 6574
f 322 321 6575
f 6576 6524 6577
f 6577 6524 6578
f 6577 6578 6579
f 6580 6581 6582
f 6582 6581 6583
f 6584 6585 6586
f 6586 6585 6587
f 6586 6587 6588
f 6588 6587 6589
f 6588 6589 6580
f 6580 6589 6590
f 6580 6590 6581
f 6591 6592 6593
f 6593 6592 6594
f 6594 6592 6595
f 6595 6592 6596
f 6595 6596 6597
f 6597 6596 6598
f 6598 6596 6599
f 6598 6599 6600
f 6601 6602 6603
f 6603 6602 6604
f 6603 6604 6605
f 6605 6604 6606
f 6606 6604 6607
f 6606 6607 6608
f 6608 6607 259
f 259 6607 6609
f 259 6609 260
f 260 6609 275
f 275 6609 6610
f 275 6610 276
f 276 6610 6611
f 276 6611 277
f 277 6611 6612
f 277 6612 278
f 6613 291 6614
f 6614 291 290
f 6614 290 6615
f 6615 290 289
f 6615 289 6612
f 6612 289 288
f 6612 288 278
f 6616 297 6613
f 6613 297 296
f 6613 296 291
f 320 312 6617
f 6617 312 303
f 6617 303 299
f 335 6618 331
f 331 6618 6619
f 331 6619 332
f 351 350 6620
f 6620 350 349
f 6620 349 6621
f 6621 349 348
f 6622 6623 6624
f 6624 6623 352
f 6624 352 351
f 6625 6626 6574
f 6574 6626 6627
f 6574 6627 6572
f 6628 6629 6630
f 6630 6629 6631
f 6630 6631 6632
f 6633 6634 6635
f 6635 6634 6636
f 6635 6636 6637
f 6638 6639 6640
f 6640 6639 6641
f 6640 6641 6642
f 6642 6641 6643
f 6642 6643 6644
f 6644 6643 6645
f 6644 6645 6646
f 6647 6648 6638
f 6638 6648 6649
f 6638 6649 6639
f 6650 6651 6579
f 6579 6651 6582
f 6579 6582 6577
f 6577 6582 6583
f 6577 6583 6576
f 6652 6561 6653
f 6653 6561 6560
f 6653 6560 6654
f 6654 6560 6562
f 6654 6562 6655
f 6655 6562 6558
f 6655 6558 6656
f 6656 6558 6557
f 6656 6557 6657
f 6657 6557 6559
f 6657 6559 6658
f 6658 6559 6556
f 6658 6556 6659
f 6659 6556 6555
f 6659 6555 6660
f 6531 6552 6532
f 6532 6552 6551
f 6532 6551 6661
f 6661 6551 6553
f 6661 6553 6662
f 6662 6553 6549
f 6662 6549 6663
f 6663 6549 6548
f 6663 6548 6664
f 6664 6548 6550
f 6664 6550 6665
f 6665 6550 6546
f 6665 6546 6666
f 6666 6546 6545
f 6666 6545 6667
f 6667 6545 6547
f 6667 6547 6668
f 6669 6538 6670
f 6670 6538 6537
f 6670 6537 6671
f 6671 6537 6542
f 6672 6535 6673
f 6673 6535 6534
f 6673 6534 6674
f 6674 6534 6542
f 6675 6544 6676
f 6676 6544 6543
f 6676 6543 6677
f 6528 6652 6529
f 6529 6652 6653
f 6529 6653 6678
f 6678 6653 6654
f 6678 6654 6679
f 6679 6654 6655
f 6679 6655 6680
f 6680 6655 6656
f 6680 6656 6681
f 6681 6656 6657
f 6681 6657 6682
f 6682 6657 6658
f 6682 6658 6683
f 6683 6658 6659
f 6683 6659 6684
f 6684 6659 6660
f 6684 6660 6685
f 6525 6532 6526
f 6526 6532 6661
f 6526 6661 6686
f 6686 6661 6662
f 6686 6662 6687
f 6687 6662 6663
f 6687 6663 6688
f 6688 6663 6664
f 6688 6664 6689
f 6689 6664 6665
f 6689 6665 6690
f 6690 6665 6666
f 6690 6666 6691
f 6691 6666 6667
f 6691 6667 6692
f 6692 6667 6668
f 6692 6668 6693
f 6694 6669 6695
f 6695 6669 6670
f 6695 6670 6696
f 6696 6670 6671
f 6696 6671 6697
f 6697 6671 6542
f 6698 6672 6699
f 6699 6672 6673
f 6699 6673 6700
f 6700 6673 6674
f 6700 6674 6701
f 6701 6674 6542
f 6702 6675 6703
f 6703 6675 6676
f 6703 6676 6704
f 6704 6676 6677
f 6704 6677 6705
f 6530 6529 6706
f 6706 6529 6678
f 6706 6678 6707
f 6707 6678 6679
f 6707 6679 6708
f 6708 6679 6680
f 6708 6680 6709
f 6709 6680 6681
f 6709 6681 6710
f 6710 6681 6682
f 6710 6682 6591
f 6591 6682 6683
f 6591 6683 6592
f 6592 6683 6684
f 6592 6684 6596
f 6596 6684 6685
f 6596 6685 6599
f 6527 6526 6711
f 6711 6526 6686
f 6711 6686 6712
f 6712 6686 6687
f 6712 6687 6713
f 6713 6687 6688
f 6713 6688 6714
f 6714 6688 6689
f 6714 6689 6715
f 6715 6689 6690
f 6715 6690 6716
f 6716 6690 6691
f 6716 6691 6717
f 6717 6691 6692
f 6717 6692 6718
f 6718 6692 6693
f 6718 6693 6719
f 6720 6694 6721
f 6721 6694 6695
f 6721 6695 6722
f 6722 6695 6696
f 6722 6696 6723
f 6723 6696 6697
f 6723 6697 6724
f 6724 6697 6542
f 6568 6698 6725
f 6725 6698 6699
f 6725 6699 6726
f 6726 6699 6700
f 6726 6700 6727
f 6727 6700 6701
f 6727 6701 6728
f 6728 6701 6542
f 6644 6702 6642
f 6642 6702 6703
f 6642 6703 6640
f 6640 6703 6704
f 6640 6704 6638
f 6638 6704 6705
f 6638 6705 6647
f 6564 6729 6565
f 6565 6729 6730
f 6565 6730 6647
f 6647 6730 6731
f 6647 6731 6648
f 6593 6732 6591
f 6591 6732 6584
f 6591 6584 6710
f 6710 6584 6586
f 6710 6586 6709
f 6709 6586 6588
f 6709 6588 6708
f 6708 6588 6580
f 6708 6580 6707
f 6707 6580 6582
f 6707 6582 6706
f 6706 6582 6651
f 6706 6651 6530
f 6528 6541 6652
f 6652 6541 6540
f 6652 6540 6561
f 6561 6540 6542
f 6527 6599 6525
f 6525 6599 6685
f 6525 6685 6531
f 6531 6685 6660
f 6531 6660 6554
f 6554 6660 6555
f 6554 6555 6542
f 6601 6600 6602
f 6602 6600 6599
f 6602 6599 6604
f 6604 6599 6527
f 6604 6527 6607
f 6607 6527 6711
f 6607 6711 6609
f 6609 6711 6712
f 6609 6712 6610
f 6610 6712 6713
f 6610 6713 6611
f 6611 6713 6714
f 6611 6714 6612
f 6612 6714 6715
f 6612 6715 6615
f 6615 6715 6716
f 6615 6716 6614
f 6614 6716 6717
f 6614 6717 6613
f 6613 6717 6718
f 6613 6718 6616
f 6616 6718 6719
f 6616 6719 6733
f 6734 6720 6735
f 6735 6720 6721
f 6735 6721 6736
f 6736 6721 6722
f 6736 6722 6737
f 6737 6722 6723
f 6737 6723 6738
f 6738 6723 6724
f 6738 6724 6739
f 6739 6724 6542
f 6740 6741 6633
f 6633 6741 6742
f 6633 6742 6634
f 6566 6568 6646
f 6646 6568 6725
f 6646 6725 6644
f 6644 6725 6726
f 6644 6726 6702
f 6702 6726 6727
f 6702 6727 6675
f 6675 6727 6728
f 6675 6728 6544
f 6544 6728 6542
f 6650 6563 6651
f 6651 6563 6565
f 6651 6565 6530
f 6530 6565 6647
f 6530 6647 6528
f 6528 6647 6705
f 6528 6705 6541
f 6541 6705 6677
f 6541 6677 6539
f 6539 6677 6543
f 6539 6543 6542
f 321 320 6575
f 6575 320 6617
f 6575 6617 6733
f 6733 6617 299
f 6733 299 6616
f 6616 299 298
f 6616 298 297
f 334 333 6743
f 6743 333 322
f 6743 322 6734
f 6734 322 6575
f 6734 6575 6720
f 6720 6575 6733
f 6720 6733 6694
f 6694 6733 6719
f 6694 6719 6669
f 6669 6719 6693
f 6669 6693 6538
f 6538 6693 6668
f 6538 6668 6536
f 6536 6668 6547
f 6536 6547 6542
f 6744 6745 6746
f 6746 6745 6747
f 6746 6747 6748
f 6748 6747 6749
f 6748 6749 6750
f 6750 6749 6571
f 6750 6571 6628
f 6628 6571 6570
f 6628 6570 6629
f 6745 6740 6747
f 6747 6740 6633
f 6747 6633 6749
f 6749 6633 6635
f 6749 6635 6571
f 6571 6635 6637
f 6571 6637 6569
f 6542 6751 6739
f 6739 6751 6752
f 6739 6752 6738
f 6738 6752 6753
f 6738 6753 6737
f 6737 6753 6754
f 6737 6754 6736
f 6736 6754 6755
f 6736 6755 6735
f 6735 6755 6756
f 6735 6756 6734
f 6734 6756 6618
f 6734 6618 6743
f 6743 6618 335
f 6743 335 334
f 6757 6744 6758
f 6758 6744 6746
f 6758 6746 6759
f 6759 6746 6748
f 6759 6748 6760
f 6760 6748 6750
f 6760 6750 6761
f 6761 6750 6628
f 6761 6628 6762
f 6762 6628 6630
f 6762 6630 6625
f 6625 6630 6632
f 6625 6632 6626
f 6542 6763 6751
f 6751 6763 6764
f 6751 6764 6752
f 6752 6764 6765
f 6752 6765 6753
f 6753 6765 6766
f 6753 6766 6754
f 6754 6766 6767
f 6754 6767 6755
f 6755 6767 6768
f 6755 6768 6756
f 6756 6768 6769
f 6756 6769 6618
f 6618 6769 6621
f 6618 6621 6619
f 6619 6621 348
f 6619 348 332
f 6542 6757 6770
f 6770 6757 6758
f 6770 6758 6771
f 6771 6758 6759
f 6771 6759 6772
f 6772 6759 6760
f 6772 6760 6773
f 6773 6760 6761
f 6773 6761 6774
f 6774 6761 6762
f 6774 6762 6775
f 6775 6762 6625
f 6775 6625 6776
f 6776 6625 6574
f 6776 6574 6777
f 6777 6574 6573
f 6777 6573 6624
f 6624 6573 6778
f 6624 6778 6622
f 351 6620 6624
f 6624 6620 6621
f 6624 6621 6777
f 6777 6621 6769
f 6777 6769 6776
f 6776 6769 6768
f 6776 6768 6775
f 6775 6768 6767
f 6775 6767 6774
f 6774 6767 6766
f 6774 6766 6773
f 6773 6766 6765
f 6773 6765 6772
f 6772 6765 6764
f 6772 6764 6771
f 6771 6764 6763
f 6771 6763 6770
f 6770 6763 6542
f 6567 6742 6568
f 6568 6742 6741
f 6568 6741 6698
f 6698 6741 6740
f 6698 6740 6672
f 6672 6740 6745
f 6672 6745 6535
f 6535 6745 6744
f 6535 6744 6533
f 6533 6744 6757
f 6533 6757 6542
f 6501 6504 6779
f 6608 259 4844
f 6780 6606 6608
f 6603 6605 6781
f 6597 6598 6782
f 6782 6598 6600
f 6782 6600 6601
f 6783 6595 6597
f 6595 6783 6594
f 6584 6732 6784
f 6784 6732 6593
f 6589 6587 6785
f 6785 6587 6585
f 6785 6585 6584
f 6590 6589 6786
f 6576 6583 6787
f 6787 6583 6581
f 6524 6576 6523
f 6523 6576 6787
f 6523 6787 6520
f 6520 6787 6788
f 6520 6788 6519
f 6608 4844 6780
f 6780 4844 4843
f 6780 4843 6789
f 6789 4843 4842
f 6789 4842 6790
f 6519 6788 6514
f 6514 6788 6791
f 6514 6791 6513
f 6513 6791 6792
f 6513 6792 6512
f 6779 6504 6793
f 6504 6505 6793
f 6793 6505 6508
f 6793 6508 6792
f 6792 6508 6509
f 6792 6509 6512
f 4842 4849 6790
f 6790 4849 4850
f 6790 4850 6794
f 6794 4850 4851
f 6794 4851 6795
f 6795 4851 4848
f 6795 4848 6796
f 6796 4848 4846
f 6796 4846 6797
f 6501 6779 6500
f 6500 6779 6798
f 6500 6798 6495
f 6495 6798 6799
f 6495 6799 6496
f 6496 6799 6800
f 6496 6800 6497
f 6497 6800 6801
f 6497 6801 6440
f 4846 4845 6797
f 6797 4845 4857
f 6797 4857 6802
f 6802 4857 4856
f 6802 4856 6803
f 6803 4856 4855
f 6803 4855 6804
f 6804 4855 4853
f 6804 4853 6805
f 6805 4853 4852
f 6805 4852 6806
f 6440 6801 6441
f 6441 6801 6807
f 6441 6807 6490
f 6490 6807 6808
f 6490 6808 6491
f 6491 6808 6809
f 6491 6809 6492
f 6492 6809 6493
f 6493 6809 6810
f 6493 6810 6494
f 6494 6810 6811
f 6494 6811 6481
f 6481 6811 6812
f 6481 6812 6482
f 6482 6812 6813
f 6482 6813 6484
f 6484 6813 6814
f 6484 6814 6485
f 6485 6814 6487
f 6487 6814 6815
f 6487 6815 6488
f 6488 6815 6816
f 6488 6816 6480
f 6480 6816 6817
f 6480 6817 6478
f 4852 4866 6806
f 6806 4866 4865
f 6806 4865 6818
f 6818 4865 4864
f 6818 4864 6819
f 6819 4864 4869
f 6819 4869 6820
f 6820 4869 4868
f 6820 4868 6821
f 6821 4868 4867
f 6821 4867 6822
f 6822 4867 4871
f 6822 4871 6823
f 6823 4871 4870
f 6823 4870 6824
f 6824 4870 4863
f 6824 4863 6825
f 6825 4863 4861
f 6825 4861 6826
f 6826 4861 4860
f 6826 4860 6827
f 6827 4860 4859
f 6478 6817 6476
f 6476 6817 6828
f 6476 6828 6475
f 6475 6828 6829
f 6475 6829 6473
f 4874 6830 4859
f 4859 6830 6831
f 4859 6831 6827
f 6473 6829 6466
f 6466 6829 6832
f 6466 6832 6467
f 6467 6832 6833
f 6467 6833 6469
f 6469 6833 6471
f 6471 6833 6834
f 6471 6834 6472
f 6472 6834 6835
f 6472 6835 6455
f 4874 4873 6830
f 6830 4873 4872
f 6830 4872 6836
f 6836 4872 4876
f 6836 4876 6837
f 6837 4876 4875
f 6837 4875 6838
f 6838 4875 4622
f 6838 4622 6839
f 6839 4622 4621
f 6839 4621 6840
f 6841 6461 6842
f 6842 6461 6459
f 6842 6459 6835
f 6835 6459 6457
f 6835 6457 6455
f 4621 4878 6840
f 6840 4878 4879
f 6840 4879 6843
f 6843 4879 4619
f 6603 6781 6844
f 6844 6781 6845
f 6844 6845 6846
f 6846 6845 6847
f 6846 6847 6848
f 6848 6847 6849
f 6848 6849 6850
f 6850 6849 6851
f 6850 6851 6852
f 6852 6851 6853
f 6852 6853 6854
f 6854 6853 6855
f 6854 6855 6856
f 6856 6855 6857
f 6856 6857 6858
f 6858 6857 6859
f 6858 6859 6860
f 6860 6859 6861
f 6860 6861 6862
f 6862 6861 6863
f 6862 6863 6864
f 6864 6863 6865
f 6864 6865 6866
f 6866 6865 6867
f 6866 6867 6868
f 6868 6867 6869
f 6868 6869 6870
f 6870 6869 6871
f 6870 6871 6872
f 6872 6871 6873
f 6872 6873 6874
f 6874 6873 6875
f 6874 6875 6876
f 6876 6875 6877
f 6876 6877 6878
f 6878 6877 6879
f 6878 6879 6880
f 6880 6879 6881
f 6880 6881 6882
f 6882 6881 6883
f 6882 6883 6884
f 6884 6883 6885
f 6884 6885 6886
f 6886 6885 6887
f 6886 6887 6888
f 6888 6887 6889
f 6888 6889 6890
f 6890 6889 6891
f 6890 6891 6892
f 6892 6891 6893
f 6892 6893 6894
f 6894 6893 6895
f 6894 6895 6896
f 6896 6895 6897
f 6896 6897 6898
f 6898 6897 6899
f 6898 6899 6900
f 6900 6899 6901
f 6900 6901 6902
f 6902 6901 6903
f 6902 6903 6904
f 6594 6783 6905
f 6905 6783 6906
f 6905 6906 6907
f 6907 6906 6908
f 6907 6908 6909
f 6909 6908 6910
f 6909 6910 6911
f 6911 6910 6912
f 6911 6912 6913
f 6913 6912 6914
f 6913 6914 6915
f 6915 6914 6916
f 6915 6916 6917
f 6917 6916 6918
f 6917 6918 6919
f 6919 6918 6920
f 6919 6920 6921
f 6921 6920 6922
f 6921 6922 6923
f 6923 6922 6924
f 6923 6924 6925
f 6925 6924 6926
f 6925 6926 6927
f 6927 6926 6928
f 6927 6928 6929
f 6929 6928 6930
f 6929 6930 6931
f 6931 6930 6932
f 6931 6932 6933
f 6933 6932 6934
f 6933 6934 6935
f 6935 6934 6936
f 6935 6936 6937
f 6937 6936 6938
f 6937 6938 6939
f 6939 6938 6940
f 6939 6940 6941
f 6941 6940 6942
f 6941 6942 6943
f 6943 6942 6944
f 6943 6944 6945
f 6945 6944 6946
f 6945 6946 6947
f 6947 6946 6948
f 6947 6948 6949
f 6949 6948 6950
f 6949 6950 6951
f 6951 6950 6952
f 6951 6952 6953
f 6953 6952 6954
f 6953 6954 6955
f 6955 6954 6956
f 6955 6956 6957
f 6957 6956 6958
f 6957 6958 6959
f 6959 6958 6960
f 6959 6960 6961
f 6961 6960 6962
f 6961 6962 6963
f 6963 6962 6964
f 6963 6964 6965
f 6584 6784 6785
f 6785 6784 6966
f 6785 6966 6967
f 6967 6966 6968
f 6967 6968 6969
f 6969 6968 6970
f 6969 6970 6971
f 6971 6970 6972
f 6971 6972 6973
f 6973 6972 6974
f 6973 6974 6975
f 6975 6974 6976
f 6975 6976 6977
f 6977 6976 6978
f 6977 6978 6979
f 6979 6978 6980
f 6979 6980 6981
f 6981 6980 6982
f 6981 6982 6983
f 6983 6982 6984
f 6983 6984 6985
f 6985 6984 6986
f 6985 6986 6987
f 6987 6986 6988
f 6987 6988 6989
f 6989 6988 6990
f 6989 6990 6991
f 6991 6990 6992
f 6991 6992 6993
f 6993 6992 6994
f 6993 6994 6995
f 6995 6994 6996
f 6995 6996 6997
f 6997 6996 6998
f 6997 6998 6999
f 6999 6998 7000
f 6999 7000 7001
f 7001 7000 7002
f 7001 7002 7003
f 7003 7002 7004
f 7003 7004 7005
f 7005 7004 7006
f 7005 7006 7007
f 7007 7006 7008
f 7007 7008 7009
f 7009 7008 7010
f 7009 7010 7011
f 7011 7010 7012
f 7011 7012 7013
f 7013 7012 7014
f 7013 7014 7015
f 7015 7014 7016
f 7015 7016 7017
f 7017 7016 7018
f 7017 7018 7019
f 7019 7018 7020
f 7019 7020 7021
f 7021 7020 7022
f 7021 7022 7023
f 7023 7022 7024
f 7023 7024 7025
f 6590 6786 7026
f 7026 6786 7027
f 7026 7027 7028
f 7028 7027 7029
f 7028 7029 7030
f 7030 7029 7031
f 7030 7031 7032
f 7032 7031 7033
f 7032 7033 7034
f 7034 7033 7035
f 7034 7035 7036
f 7036 7035 7037
f 7036 7037 7038
f 7038 7037 7039
f 7038 7039 7040
f 7040 7039 7041
f 7040 7041 7042
f 7042 7041 7043
f 7042 7043 7044
f 7044 7043 7045
f 7044 7045 7046
f 7046 7045 7047
f 7046 7047 7048
f 7048 7047 7049
f 7048 7049 7050
f 7050 7049 7051
f 7050 7051 7052
f 7052 7051 7053
f 7052 7053 7054
f 7054 7053 7055
f 7054 7055 7056
f 7056 7055 7057
f 7056 7057 7058
f 7058 7057 7059
f 7058 7059 7060
f 7060 7059 7061
f 7060 7061 7062
f 7062 7061 7063
f 7062 7063 7064
f 7064 7063 7065
f 7064 7065 7066
f 7066 7065 7067
f 7066 7067 7068
f 7068 7067 7069
f 7068 7069 7070
f 7070 7069 7071
f 7070 7071 7072
f 7072 7071 7073
f 7072 7073 7074
f 7074 7073 7075
f 7074 7075 7076
f 7076 7075 7077
f 7076 7077 7078
f 7078 7077 7079
f 7078 7079 7080
f 7080 7079 7081
f 7080 7081 7082
f 7082 7081 7083
f 7082 7083 7084
f 7084 7083 7085
f 7084 7085 7086
f 6445 6451 7087
f 7087 6451 6449
f 7087 6449 7088
f 7088 6449 6448
f 7088 6448 6841
f 6841 6448 6463
f 6841 6463 6461
f 4881 11 7089
f 4619 4618 6843
f 6843 4618 4881
f 6843 4881 7090
f 7090 4881 7089
f 7090 7089 7091
f 7091 7092 7090
f 7090 7092 7093
f 7090 7093 7094
f 7094 6903 7090
f 7090 6903 6901
f 7090 6901 6843
f 6843 6901 6899
f 6843 6899 6840
f 6840 6899 6897
f 6840 6897 6839
f 6839 6897 6895
f 6839 6895 6838
f 6838 6895 6893
f 6838 6893 6837
f 6837 6893 6891
f 6837 6891 6836
f 6836 6891 6889
f 6836 6889 6830
f 6830 6889 6887
f 6830 6887 6831
f 6831 6887 6885
f 6831 6885 6827
f 6827 6885 6883
f 6827 6883 6826
f 6826 6883 6881
f 6826 6881 6825
f 6825 6881 6879
f 6825 6879 6824
f 6824 6879 6877
f 6824 6877 6823
f 6823 6877 6875
f 6823 6875 6822
f 6822 6875 6873
f 6822 6873 6821
f 6821 6873 6871
f 6821 6871 6820
f 6820 6871 6869
f 6820 6869 6819
f 6819 6869 6867
f 6819 6867 6818
f 6818 6867 6865
f 6818 6865 6806
f 6806 6865 6863
f 6806 6863 6805
f 6805 6863 6861
f 6805 6861 6804
f 6804 6861 6859
f 6804 6859 6803
f 6803 6859 6857
f 6803 6857 6802
f 6802 6857 6855
f 6802 6855 6797
f 6797 6855 6853
f 6797 6853 6796
f 6796 6853 6851
f 6796 6851 6795
f 6795 6851 6849
f 6795 6849 6794
f 6794 6849 6847
f 6794 6847 6790
f 6790 6847 6845
f 6790 6845 6789
f 6789 6845 6781
f 6789 6781 6780
f 6780 6781 6605
f 6780 6605 6606
f 7094 7095 6903
f 6903 7095 7096
f 6903 7096 6904
f 6904 7096 7097
f 6904 7097 7098
f 7098 7099 6904
f 6904 7099 7100
f 6904 7100 6902
f 6902 7100 7101
f 6902 7101 6900
f 6900 7101 7102
f 6900 7102 6898
f 6898 7102 7103
f 6898 7103 6896
f 6896 7103 7104
f 6896 7104 6894
f 6894 7104 7105
f 6894 7105 6892
f 6892 7105 7106
f 6892 7106 6890
f 6890 7106 7107
f 6890 7107 6888
f 6888 7107 7108
f 6888 7108 6886
f 6886 7108 7109
f 6886 7109 6884
f 6884 7109 7110
f 6884 7110 6882
f 6882 7110 7111
f 6882 7111 6880
f 6880 7111 7112
f 6880 7112 6878
f 6878 7112 7113
f 6878 7113 6876
f 6876 7113 7114
f 6876 7114 6874
f 6874 7114 7115
f 6874 7115 6872
f 6872 7115 7116
f 6872 7116 6870
f 6870 7116 7117
f 6870 7117 6868
f 6868 7117 7118
f 6868 7118 6866
f 6866 7118 7119
f 6866 7119 6864
f 6864 7119 7120
f 6864 7120 6862
f 6862 7120 7121
f 6862 7121 6860
f 6860 7121 7122
f 6860 7122 6858
f 6858 7122 7123
f 6858 7123 6856
f 6856 7123 7124
f 6856 7124 6854
f 6854 7124 7125
f 6854 7125 6852
f 6852 7125 7126
f 6852 7126 6850
f 6850 7126 7127
f 6850 7127 6848
f 6848 7127 7128
f 6848 7128 6846
f 6846 7128 6782
f 6846 6782 6844
f 6844 6782 6601
f 6844 6601 6603
f 7098 7129 7099
f 7099 7129 7130
f 7099 7130 7131
f 6597 6782 6783
f 6783 6782 7128
f 6783 7128 6906
f 6906 7128 7127
f 6906 7127 6908
f 6908 7127 7126
f 6908 7126 6910
f 6910 7126 7125
f 6910 7125 6912
f 6912 7125 7124
f 6912 7124 6914
f 6914 7124 7123
f 6914 7123 6916
f 6916 7123 7122
f 6916 7122 6918
f 6918 7122 7121
f 6918 7121 6920
f 6920 7121 7120
f 6920 7120 6922
f 6922 7120 7119
f 6922 7119 6924
f 6924 7119 7118
f 6924 7118 6926
f 6926 7118 7117
f 6926 7117 6928
f 6928 7117 7116
f 6928 7116 6930
f 6930 7116 7115
f 6930 7115 6932
f 6932 7115 7114
f 6932 7114 6934
f 6934 7114 7113
f 6934 7113 6936
f 6936 7113 7112
f 6936 7112 6938
f 6938 7112 7111
f 6938 7111 6940
f 6940 7111 7110
f 6940 7110 6942
f 6942 7110 7109
f 6942 7109 6944
f 6944 7109 7108
f 6944 7108 6946
f 6946 7108 7107
f 6946 7107 6948
f 6948 7107 7106
f 6948 7106 6950
f 6950 7106 7105
f 6950 7105 6952
f 6952 7105 7104
f 6952 7104 6954
f 6954 7104 7103
f 6954 7103 6956
f 6956 7103 7102
f 6956 7102 6958
f 6958 7102 7101
f 6958 7101 6960
f 6960 7101 7100
f 6960 7100 6962
f 6962 7100 7099
f 6962 7099 6964
f 6964 7099 7131
f 6964 7131 7132
f 7132 7133 6964
f 6964 7133 7134
f 6964 7134 6965
f 6965 7134 7135
f 6965 7135 7136
f 7136 7024 6965
f 6965 7024 7022
f 6965 7022 6963
f 6963 7022 7020
f 6963 7020 6961
f 6961 7020 7018
f 6961 7018 6959
f 6959 7018 7016
f 6959 7016 6957
f 6957 7016 7014
f 6957 7014 6955
f 6955 7014 7012
f 6955 7012 6953
f 6953 7012 7010
f 6953 7010 6951
f 6951 7010 7008
f 6951 7008 6949
f 6949 7008 7006
f 6949 7006 6947
f 6947 7006 7004
f 6947 7004 6945
f 6945 7004 7002
f 6945 7002 6943
f 6943 7002 7000
f 6943 7000 6941
f 6941 7000 6998
f 6941 6998 6939
f 6939 6998 6996
f 6939 6996 6937
f 6937 6996 6994
f 6937 6994 6935
f 6935 6994 6992
f 6935 6992 6933
f 6933 6992 6990
f 6933 6990 6931
f 6931 6990 6988
f 6931 6988 6929
f 6929 6988 6986
f 6929 6986 6927
f 6927 6986 6984
f 6927 6984 6925
f 6925 6984 6982
f 6925 6982 6923
f 6923 6982 6980
f 6923 6980 6921
f 6921 6980 6978
f 6921 6978 6919
f 6919 6978 6976
f 6919 6976 6917
f 6917 6976 6974
f 6917 6974 6915
f 6915 6974 6972
f 6915 6972 6913
f 6913 6972 6970
f 6913 6970 6911
f 6911 6970 6968
f 6911 6968 6909
f 6909 6968 6966
f 6909 6966 6907
f 6907 6966 6784
f 6907 6784 6905
f 6905 6784 6593
f 6905 6593 6594
f 7136 7137 7024
f 7024 7137 7138
f 7024 7138 7025
f 7025 7138 7139
f 7025 7139 7140
f 6589 6785 6786
f 6786 6785 6967
f 6786 6967 7027
f 7027 6967 6969
f 7027 6969 7029
f 7029 6969 6971
f 7029 6971 7031
f 7031 6971 6973
f 7031 6973 7033
f 7033 6973 6975
f 7033 6975 7035
f 7035 6975 6977
f 7035 6977 7037
f 7037 6977 6979
f 7037 6979 7039
f 7039 6979 6981
f 7039 6981 7041
f 7041 6981 6983
f 7041 6983 7043
f 7043 6983 6985
f 7043 6985 7045
f 7045 6985 6987
f 7045 6987 7047
f 7047 6987 6989
f 7047 6989 7049
f 7049 6989 6991
f 7049 6991 7051
f 7051 6991 6993
f 7051 6993 7053
f 7053 6993 6995
f 7053 6995 7055
f 7055 6995 6997
f 7055 6997 7057
f 7057 6997 6999
f 7057 6999 7059
f 7059 6999 7001
f 7059 7001 7061
f 7061 7001 7003
f 7061 7003 7063
f 7063 7003 7005
f 7063 7005 7065
f 7065 7005 7007
f 7065 7007 7067
f 7067 7007 7009
f 7067 7009 7069
f 7069 7009 7011
f 7069 7011 7071
f 7071 7011 7013
f 7071 7013 7073
f 7073 7013 7015
f 7073 7015 7075
f 7075 7015 7017
f 7075 7017 7077
f 7077 7017 7019
f 7077 7019 7079
f 7079 7019 7021
f 7079 7021 7081
f 7081 7021 7023
f 7081 7023 7083
f 7083 7023 7025
f 7083 7025 7085
f 7085 7025 7140
f 7085 7140 7141
f 7141 7142 7085
f 7085 7142 7143
f 7085 7143 7086
f 7086 7143 7144
f 7086 7144 7145
f 7145 7087 7086
f 7086 7087 7088
f 7086 7088 7084
f 7084 7088 6841
f 7084 6841 7082
f 7082 6841 6842
f 7082 6842 7080
f 7080 6842 6835
f 7080 6835 7078
f 7078 6835 6834
f 7078 6834 7076
f 7076 6834 6833
f 7076 6833 7074
f 7074 6833 6832
f 7074 6832 7072
f 7072 6832 6829
f 7072 6829 7070
f 7070 6829 6828
f 7070 6828 7068
f 7068 6828 6817
f 7068 6817 7066
f 7066 6817 6816
f 7066 6816 7064
f 7064 6816 6815
f 7064 6815 7062
f 7062 6815 6814
f 7062 6814 7060
f 7060 6814 6813
f 7060 6813 7058
f 7058 6813 6812
f 7058 6812 7056
f 7056 6812 6811
f 7056 6811 7054
f 7054 6811 6810
f 7054 6810 7052
f 7052 6810 6809
f 7052 6809 7050
f 7050 6809 6808
f 7050 6808 7048
f 7048 6808 6807
f 7048 6807 7046
f 7046 6807 6801
f 7046 6801 7044
f 7044 6801 6800
f 7044 6800 7042
f 7042 6800 6799
f 7042 6799 7040
f 7040 6799 6798
f 7040 6798 7038
f 7038 6798 6779
f 7038 6779 7036
f 7036 6779 6793
f 7036 6793 7034
f 7034 6793 6792
f 7034 6792 7032
f 7032 6792 6791
f 7032 6791 7030
f 7030 6791 6788
f 7030 6788 7028
f 7028 6788 6787
f 7028 6787 7026
f 7026 6787 6581
f 7026 6581 6590
f 6443 6445 7146
f 7146 6445 7087
f 7146 7087 7147
f 7147 7087 7145
f 6649 6648 7148
f 6578 6524 6522
f 6578 6522 6579
f 6564 6563 7149
f 7149 6563 6650
f 7149 6650 6579
f 6648 6731 7150
f 6731 6730 7150
f 7150 6730 6729
f 7150 6729 6564
f 7151 6639 6649
f 6646 6645 7152
f 7152 6645 6643
f 7152 6643 6641
f 6742 6567 7153
f 7153 6567 6566
f 7153 6566 6646
f 7154 6634 6742
f 6570 6569 7155
f 7155 6569 6637
f 7155 6637 6636
f 6631 6629 7156
f 7156 6629 6570
f 6627 6626 7157
f 7157 6626 6632
f 7157 6632 6631
f 6778 6573 7158
f 7158 6573 6572
f 7158 6572 6627
f 6623 6622 7159
f 7159 6622 6778
f 5199 352 6623
f 6579 6522 7149
f 7149 6522 6521
f 7149 6521 7160
f 6521 6518 7160
f 7160 6518 6517
f 7160 6517 7161
f 7161 6517 6516
f 7161 6516 7162
f 7162 6516 6515
f 7162 6515 7163
f 6515 6511 7163
f 7163 6511 6510
f 7163 6510 7164
f 6510 6507 7164
f 7164 6507 6506
f 7164 6506 7165
f 6506 6503 7165
f 7165 6503 6502
f 7165 6502 7166
f 6502 6499 7166
f 7166 6499 6498
f 7166 6498 7167
f 6498 6442 7167
f 7167 6442 6489
f 7167 6489 7168
f 7168 6489 6483
f 6483 6486 7168
f 7168 6486 6479
f 7168 6479 7169
f 6479 6477 7169
f 7169 6477 6474
f 7169 6474 7170
f 6474 6468 7170
f 7170 6468 6470
f 7170 6470 7171
f 6470 6454 7171
f 7171 6454 6456
f 7171 6456 7172
f 6456 6458 7172
f 7172 6458 6460
f 7172 6460 7173
f 7173 6460 6462
f 6462 6464 7173
f 7173 6464 6465
f 7173 6465 7174
f 7174 6465 6450
f 7174 6450 7175
f 6450 6452 7175
f 7175 6452 6453
f 7175 6453 7176
f 7176 6453 6447
f 7176 6447 7177
f 6646 7152 7153
f 7153 7152 7178
f 7153 7178 7179
f 7179 7178 7180
f 7179 7180 7181
f 7181 7180 7182
f 7181 7182 7183
f 7183 7182 7184
f 7183 7184 7185
f 7185 7184 7186
f 7185 7186 7187
f 7187 7186 7188
f 7187 7188 7189
f 7189 7188 7190
f 7189 7190 7191
f 7191 7190 7192
f 7191 7192 7193
f 7193 7192 7194
f 7193 7194 7195
f 7195 7194 7196
f 7195 7196 7197
f 7197 7196 7198
f 7197 7198 7199
f 7199 7198 7200
f 7199 7200 7201
f 7201 7200 7202
f 7201 7202 7203
f 7203 7202 7204
f 7203 7204 7205
f 7205 7204 7206
f 7205 7206 7207
f 7207 7206 7208
f 7207 7208 7209
f 7209 7208 7210
f 7209 7210 7211
f 7211 7210 7212
f 7211 7212 7213
f 7213 7212 7214
f 7213 7214 7215
f 6742 7153 7154
f 7154 7153 7179
f 7154 7179 7216
f 7216 7179 7181
f 7216 7181 7217
f 7217 7181 7183
f 7217 7183 7218
f 7218 7183 7185
f 7218 7185 7219
f 7219 7185 7187
f 7219 7187 7220
f 7220 7187 7189
f 7220 7189 7221
f 7221 7189 7191
f 7221 7191 7222
f 7222 7191 7193
f 7222 7193 7223
f 7223 7193 7195
f 7223 7195 7224
f 7224 7195 7197
f 7224 7197 7225
f 7225 7197 7199
f 7225 7199 7226
f 7226 7199 7201
f 7226 7201 7227
f 7227 7201 7203
f 7227 7203 7228
f 7228 7203 7205
f 7228 7205 7229
f 7229 7205 7207
f 7229 7207 7230
f 7230 7207 7209
f 7230 7209 7231
f 7231 7209 7211
f 7231 7211 7232
f 7232 7211 7213
f 7232 7213 7233
f 7233 7213 7215
f 7233 7215 7234
f 6570 7155 7156
f 7156 7155 7235
f 7156 7235 7236
f 7236 7235 7237
f 7236 7237 7238
f 7238 7237 7239
f 7238 7239 7240
f 7240 7239 7241
f 7240 7241 7242
f 7242 7241 7243
f 7242 7243 7244
f 7244 7243 7245
f 7244 7245 7246
f 7246 7245 7247
f 7246 7247 7248
f 7248 7247 7249
f 7248 7249 7250
f 7250 7249 7251
f 7250 7251 7252
f 7252 7251 7253
f 7252 7253 7254
f 7254 7253 7255
f 7254 7255 7256
f 7256 7255 7257
f 7256 7257 7258
f 7258 7257 7259
f 7258 7259 7260
f 7260 7259 7261
f 7260 7261 7262
f 7262 7261 7263
f 7262 7263 7264
f 7264 7263 7265
f 7264 7265 7266
f 7266 7265 7267
f 7266 7267 7268
f 7268 7267 7269
f 7268 7269 7270
f 7270 7269 7271
f 7270 7271 7272
f 6631 7156 7157
f 7157 7156 7236
f 7157 7236 7273
f 7273 7236 7238
f 7273 7238 7274
f 7274 7238 7240
f 7274 7240 7275
f 7275 7240 7242
f 7275 7242 7276
f 7276 7242 7244
f 7276 7244 7277
f 7277 7244 7246
f 7277 7246 7278
f 7278 7246 7248
f 7278 7248 7279
f 7279 7248 7250
f 7279 7250 7280
f 7280 7250 7252
f 7280 7252 7281
f 7281 7252 7254
f 7281 7254 7282
f 7282 7254 7256
f 7282 7256 7283
f 7283 7256 7258
f 7283 7258 7284
f 7284 7258 7260
f 7284 7260 7285
f 7285 7260 7262
f 7285 7262 7286
f 7286 7262 7264
f 7286 7264 7287
f 7287 7264 7266
f 7287 7266 7288
f 7288 7266 7268
f 7288 7268 7289
f 7289 7268 7270
f 7289 7270 7290
f 7290 7270 7272
f 7290 7272 7291
f 6444 6443 7292
f 6447 6446 7177
f 7177 6446 6444
f 7177 6444 7293
f 7293 6444 7292
f 7293 7292 7294
f 6564 7149 7150
f 7150 7149 7160
f 7150 7160 7295
f 7295 7160 7161
f 7295 7161 7296
f 7296 7161 7162
f 7296 7162 7297
f 7297 7162 7163
f 7297 7163 7298
f 7298 7163 7164
f 7298 7164 7299
f 7299 7164 7165
f 7299 7165 7300
f 7300 7165 7166
f 7300 7166 7301
f 7301 7166 7167
f 7301 7167 7302
f 7302 7167 7168
f 7302 7168 7303
f 7303 7168 7169
f 7303 7169 7304
f 7304 7169 7170
f 7304 7170 7305
f 7305 7170 7171
f 7305 7171 7306
f 7306 7171 7172
f 7306 7172 7307
f 7307 7172 7173
f 7307 7173 7308
f 7308 7173 7174
f 7308 7174 7309
f 7309 7174 7175
f 7309 7175 7310
f 7310 7175 7176
f 7310 7176 7311
f 7311 7176 7177
f 7311 7177 7312
f 7312 7177 7293
f 7312 7293 7313
f 7313 7293 7294
f 7313 7294 7314
f 6648 7150 7148
f 7148 7150 7295
f 7148 7295 7315
f 7315 7295 7296
f 7315 7296 7316
f 7316 7296 7297
f 7316 7297 7317
f 7317 7297 7298
f 7317 7298 7318
f 7318 7298 7299
f 7318 7299 7319
f 7319 7299 7300
f 7319 7300 7320
f 7320 7300 7301
f 7320 7301 7321
f 7321 7301 7302
f 7321 7302 7322
f 7322 7302 7303
f 7322 7303 7323
f 7323 7303 7304
f 7323 7304 7324
f 7324 7304 7305
f 7324 7305 7325
f 7325 7305 7306
f 7325 7306 7326
f 7326 7306 7307
f 7326 7307 7327
f 7327 7307 7308
f 7327 7308 7328
f 7328 7308 7309
f 7328 7309 7329
f 7329 7309 7310
f 7329 7310 7330
f 7330 7310 7311
f 7330 7311 7331
f 7331 7311 7312
f 7331 7312 7332
f 7332 7312 7313
f 7332 7313 7333
f 7333 7313 7314
f 7333 7314 7334
f 6649 7148 7151
f 7151 7148 7315
f 7151 7315 7335
f 7335 7315 7316
f 7335 7316 7336
f 7336 7316 7317
f 7336 7317 7337
f 7337 7317 7318
f 7337 7318 7338
f 7338 7318 7319
f 7338 7319 7339
f 7339 7319 7320
f 7339 7320 7340
f 7340 7320 7321
f 7340 7321 7341
f 7341 7321 7322
f 7341 7322 7342
f 7342 7322 7323
f 7342 7323 7343
f 7343 7323 7324
f 7343 7324 7344
f 7344 7324 7325
f 7344 7325 7345
f 7345 7325 7326
f 7345 7326 7346
f 7346 7326 7327
f 7346 7327 7347
f 7347 7327 7328
f 7347 7328 7348
f 7348 7328 7329
f 7348 7329 7349
f 7349 7329 7330
f 7349 7330 7350
f 7350 7330 7331
f 7350 7331 7351
f 7351 7331 7332
f 7351 7332 7352
f 7352 7332 7333
f 7352 7333 7353
f 7353 7333 7334
f 7353 7334 7354
f 7354 7214 7353
f 7353 7214 7212
f 7353 7212 7352
f 7352 7212 7210
f 7352 7210 7351
f 7351 7210 7208
f 7351 7208 7350
f 7350 7208 7206
f 7350 7206 7349
f 7349 7206 7204
f 7349 7204 7348
f 7348 7204 7202
f 7348 7202 7347
f 7347 7202 7200
f 7347 7200 7346
f 7346 7200 7198
f 7346 7198 7345
f 7345 7198 7196
f 7345 7196 7344
f 7344 7196 7194
f 7344 7194 7343
f 7343 7194 7192
f 7343 7192 7342
f 7342 7192 7190
f 7342 7190 7341
f 7341 7190 7188
f 7341 7188 7340
f 7340 7188 7186
f 7340 7186 7339
f 7339 7186 7184
f 7339 7184 7338
f 7338 7184 7182
f 7338 7182 7337
f 7337 7182 7180
f 7337 7180 7336
f 7336 7180 7178
f 7336 7178 7335
f 7335 7178 7152
f 7335 7152 7151
f 7151 7152 6641
f 7151 6641 6639
f 7354 7355 7214
f 7214 7355 7356
f 7214 7356 7215
f 7215 7356 7357
f 7215 7357 7234
f 7234 7357 7358
f 7234 7358 7359
f 7359 7271 7234
f 7234 7271 7269
f 7234 7269 7233
f 7233 7269 7267
f 7233 7267 7232
f 7232 7267 7265
f 7232 7265 7231
f 7231 7265 7263
f 7231 7263 7230
f 7230 7263 7261
f 7230 7261 7229
f 7229 7261 7259
f 7229 7259 7228
f 7228 7259 7257
f 7228 7257 7227
f 7227 7257 7255
f 7227 7255 7226
f 7226 7255 7253
f 7226 7253 7225
f 7225 7253 7251
f 7225 7251 7224
f 7224 7251 7249
f 7224 7249 7223
f 7223 7249 7247
f 7223 7247 7222
f 7222 7247 7245
f 7222 7245 7221
f 7221 7245 7243
f 7221 7243 7220
f 7220 7243 7241
f 7220 7241 7219
f 7219 7241 7239
f 7219 7239 7218
f 7218 7239 7237
f 7218 7237 7217
f 7217 7237 7235
f 7217 7235 7216
f 7216 7235 7155
f 7216 7155 7154
f 7154 7155 6636
f 7154 6636 6634
f 7359 7360 7271
f 7271 7360 7361
f 7271 7361 7272
f 7272 7361 7362
f 7272 7362 7291
f 7291 7362 7363
f 7291 7363 7364
f 6627 7157 7158
f 7158 7157 7273
f 7158 7273 7365
f 7365 7273 7274
f 7365 7274 7366
f 7366 7274 7275
f 7366 7275 7367
f 7367 7275 7276
f 7367 7276 7368
f 7368 7276 7277
f 7368 7277 7369
f 7369 7277 7278
f 7369 7278 7370
f 7370 7278 7279
f 7370 7279 7371
f 7371 7279 7280
f 7371 7280 7372
f 7372 7280 7281
f 7372 7281 7373
f 7373 7281 7282
f 7373 7282 7374
f 7374 7282 7283
f 7374 7283 7375
f 7375 7283 7284
f 7375 7284 7376
f 7376 7284 7285
f 7376 7285 7377
f 7377 7285 7286
f 7377 7286 7378
f 7378 7286 7287
f 7378 7287 7379
f 7379 7287 7288
f 7379 7288 7380
f 7380 7288 7289
f 7380 7289 7381
f 7381 7289 7290
f 7381 7290 7382
f 7382 7290 7291
f 7382 7291 7383
f 7383 7291 7364
f 7383 7364 7384
f 6778 7158 7159
f 7159 7158 7365
f 7159 7365 7385
f 7385 7365 7366
f 7385 7366 7386
f 7386 7366 7367
f 7386 7367 7387
f 7387 7367 7368
f 7387 7368 7388
f 7388 7368 7369
f 7388 7369 7389
f 7389 7369 7370
f 7389 7370 7390
f 7390 7370 7371
f 7390 7371 7391
f 7391 7371 7372
f 7391 7372 7392
f 7392 7372 7373
f 7392 7373 7393
f 7393 7373 7374
f 7393 7374 7394
f 7394 7374 7375
f 7394 7375 7395
f 7395 7375 7376
f 7395 7376 7396
f 7396 7376 7377
f 7396 7377 7397
f 7397 7377 7378
f 7397 7378 7398
f 7398 7378 7379
f 7398 7379 7399
f 7399 7379 7380
f 7399 7380 7400
f 7400 7380 7381
f 7400 7381 7401
f 7401 7381 7382
f 7401 7382 7402
f 7402 7382 7383
f 7402 7383 7403
f 7403 7383 7384
f 7403 7384 7404
f 6623 7159 5199
f 5199 7159 7385
f 5199 7385 5301
f 5301 7385 7386
f 5301 7386 5302
f 5302 7386 7387
f 5302 7387 5304
f 5304 7387 7388
f 5304 7388 5306
f 5306 7388 7389
f 5306 7389 5235
f 5235 7389 7390
f 5235 7390 5237
f 5237 7390 7391
f 5237 7391 5239
f 5239 7391 7392
f 5239 7392 5259
f 5259 7392 7393
f 5259 7393 5260
f 5260 7393 7394
f 5260 7394 5262
f 5262 7394 7395
f 5262 7395 5263
f 5263 7395 7396
f 5263 7396 5173
f 5173 7396 7397
f 5173 7397 5174
f 5174 7397 7398
f 5174 7398 5195
f 5195 7398 7399
f 5195 7399 5196
f 5196 7399 7400
f 5196 7400 5197
f 5197 7400 7401
f 5197 7401 5198
f 5198 7401 7402
f 5198 7402 5216
f 5216 7402 7403
f 5216 7403 5217
f 5217 7403 7404
f 5217 7404 120
f 7142 7141 7405
f 7405 7141 7140
f 7135 7134 7406
f 7406 7134 7133
f 10 7089 11
f 10 12 7407
f 30 7408 7409
f 90 89 7410
f 103 101 7411
f 7411 101 100
f 124 117 7412
f 7357 7356 7413
f 7292 6443 7146
f 7334 7314 7414
f 7414 7314 7294
f 7414 7294 7292
f 7355 7354 7415
f 7357 7413 7358
f 7363 7362 7416
f 7416 7362 7361
f 7416 7361 7360
f 115 114 7417
f 7417 114 120
f 120 7404 7417
f 7417 7404 7384
f 7417 7384 7364
f 124 7412 100
f 100 7412 7411
f 7411 7412 7418
f 7411 7418 103
f 87 85 7419
f 7419 85 84
f 7419 84 90
f 53 72 7420
f 7420 72 113
f 7420 113 88
f 90 7410 7419
f 7419 7410 7421
f 7419 7421 87
f 54 53 7422
f 7422 53 7420
f 7422 7420 7421
f 7421 7420 88
f 7421 88 87
f 57 55 7423
f 7423 55 7424
f 7423 7424 7425
f 57 7423 58
f 58 7423 7425
f 58 7425 59
f 30 7409 20
f 20 7409 7426
f 20 7426 21
f 12 13 7407
f 7407 13 14
f 7407 14 21
f 7089 10 7091
f 7091 10 7407
f 7091 7407 7092
f 21 7426 7407
f 7407 7426 7093
f 7407 7093 7092
f 7094 7427 7095
f 7095 7427 7428
f 7429 7097 7428
f 7428 7097 7096
f 7428 7096 7095
f 7132 7131 7430
f 7430 7131 7130
f 7430 7130 7129
f 7139 7138 7431
f 7431 7138 7137
f 7431 7137 7136
f 7292 7146 7414
f 7414 7146 7147
f 7414 7147 7145
f 7094 7093 7427
f 7427 7093 7426
f 7427 7426 7428
f 7428 7426 7409
f 7428 7409 7429
f 7429 7409 7408
f 7429 7408 7432
f 7133 7132 7433
f 7433 7132 7430
f 7433 7430 7432
f 7432 7430 7129
f 7432 7129 7429
f 7429 7129 7098
f 7429 7098 7097
f 7133 7433 7406
f 7406 7433 7434
f 7406 7434 7135
f 55 54 7424
f 7424 54 7422
f 7424 7422 7435
f 7435 7422 7421
f 7435 7421 7436
f 7436 7421 7410
f 7436 7410 7418
f 7418 7410 89
f 7418 89 103
f 7140 7139 7437
f 7437 7139 7431
f 7437 7431 7434
f 7434 7431 7136
f 7434 7136 7135
f 7140 7437 7405
f 7405 7437 7438
f 7405 7438 7142
f 41 59 7439
f 7439 59 7425
f 7439 7425 7440
f 7440 7425 7424
f 7440 7424 7441
f 7441 7424 7435
f 7441 7435 7442
f 7442 7435 7436
f 7442 7436 7443
f 7443 7436 7418
f 7443 7418 7444
f 7444 7418 7412
f 7444 7412 7417
f 7417 7412 117
f 7417 117 115
f 7445 7446 7438
f 7438 7446 7143
f 7438 7143 7142
f 39 38 7447
f 7447 38 7448
f 7447 7448 7449
f 7449 7448 7450
f 7449 7450 7451
f 7451 7450 7452
f 7451 7452 7453
f 7453 7452 7454
f 7453 7454 7455
f 7455 7454 7456
f 7455 7456 7457
f 7457 7456 7458
f 7457 7458 7459
f 7459 7458 7460
f 7459 7460 7413
f 7413 7460 7359
f 7413 7359 7358
f 38 37 7448
f 7448 37 7461
f 7448 7461 7450
f 7450 7461 7462
f 7450 7462 7452
f 7452 7462 7463
f 7452 7463 7454
f 7454 7463 7464
f 7454 7464 7456
f 7456 7464 7465
f 7456 7465 7458
f 7458 7465 7466
f 7458 7466 7460
f 7460 7466 7416
f 7460 7416 7359
f 7359 7416 7360
f 37 41 7461
f 7461 41 7439
f 7461 7439 7462
f 7462 7439 7440
f 7462 7440 7463
f 7463 7440 7441
f 7463 7441 7464
f 7464 7441 7442
f 7464 7442 7465
f 7465 7442 7443
f 7465 7443 7466
f 7466 7443 7444
f 7466 7444 7416
f 7416 7444 7417
f 7416 7417 7363
f 7363 7417 7364
f 7354 7334 7415
f 7415 7334 7414
f 7415 7414 7445
f 7445 7414 7145
f 7445 7145 7446
f 7446 7145 7144
f 7446 7144 7143
f 30 39 7408
f 7408 39 7447
f 7408 7447 7432
f 7432 7447 7449
f 7432 7449 7433
f 7433 7449 7451
f 7433 7451 7434
f 7434 7451 7453
f 7434 7453 7437
f 7437 7453 7455
f 7437 7455 7438
f 7438 7455 7457
f 7438 7457 7445
f 7445 7457 7459
f 7445 7459 7415
f 7415 7459 7413
f 7415 7413 7355
f 7355 7413 7356
f 7467 7468 7469
f 7470 7471 7472
f 7473 7474 7475
f 7476 7477 7478
f 7477 7476 7479
f 7480 7481 7482
f 5088 7483 7484
f 7485 7486 7487
f 7488 7489 7490
f 7491 7492 7493
f 7494 6099 7495
f 7496 7497 7498
f 7497 7496 7499
f 7499 7496 7500
f 7499 7500 7501
f 7502 7503 7504
f 7493 7492 7505
f 7505 7492 7506
f 7505 7506 7507
f 7508 7509 7510
f 7490 7489 7511
f 7511 7489 7512
f 7511 7512 7513
f 5088 4806 7483
f 7483 4806 7514
f 7483 7514 7515
f 7515 7514 7516
f 7515 7516 7517
f 7518 5080 7519
f 7519 5080 5079
f 7519 5079 7484
f 7484 5079 5087
f 7484 5087 5088
f 7520 5077 7521
f 7521 5077 5076
f 7521 5076 7518
f 7518 5076 5103
f 7518 5103 5080
f 7522 5074 7523
f 7523 5074 5073
f 7523 5073 7520
f 7520 5073 5114
f 7520 5114 5077
f 7524 5143 7522
f 7522 5143 5130
f 7522 5130 5074
f 5141 5145 7524
f 7524 5145 5144
f 7524 5144 5143
f 5071 5070 7525
f 7525 5070 7526
f 5071 7525 5154
f 5154 7525 7527
f 5154 7527 5171
f 5171 7527 7528
f 5171 7528 5172
f 7529 7530 7531
f 7531 7530 7532
f 7475 7474 7533
f 7533 7474 7534
f 7533 7534 7535
f 7472 7471 7536
f 7536 7471 7537
f 7536 7537 7538
f 7538 7537 7539
f 7538 7539 7540
f 7469 7541 7542
f 7542 7541 7543
f 7542 7543 7544
f 7544 7543 7545
f 7544 7545 7546
f 7546 7545 7547
f 7546 7547 7548
f 7548 7547 7549
f 7548 7549 7550
f 7550 7549 7551
f 7550 7551 7552
f 7552 7551 7553
f 7552 7553 7554
f 7554 7553 7555
f 7554 7555 7556
f 7556 7555 7557
f 7556 7557 7558
f 7468 7559 7469
f 7469 7559 7560
f 7469 7560 7541
f 7561 7562 7467
f 7494 7495 7561
f 7561 7495 7563
f 7561 7563 7562
f 7557 7540 7558
f 7558 7540 7539
f 7558 7539 7556
f 7556 7539 7564
f 7556 7564 7554
f 7554 7564 7565
f 7554 7565 7552
f 7552 7565 7566
f 7552 7566 7550
f 7550 7566 7567
f 7550 7567 7548
f 7548 7567 7568
f 7548 7568 7546
f 7546 7568 7569
f 7546 7569 7544
f 7544 7569 7570
f 7544 7570 7542
f 7542 7570 7571
f 7542 7571 7469
f 7469 7571 7572
f 7469 7572 7467
f 7467 7572 7573
f 7467 7573 7561
f 7470 7574 7471
f 7471 7574 7575
f 7471 7575 7537
f 7537 7575 7576
f 7537 7576 7539
f 7539 7576 7577
f 7539 7577 7564
f 7564 7577 7578
f 7564 7578 7565
f 7565 7578 7579
f 7565 7579 7566
f 7566 7579 7580
f 7566 7580 7567
f 7567 7580 7581
f 7567 7581 7568
f 7568 7581 7582
f 7568 7582 7569
f 7569 7582 7583
f 7569 7583 7570
f 7570 7583 7584
f 7570 7584 7571
f 7571 7584 7585
f 7571 7585 7572
f 7572 7585 7586
f 7572 7586 7573
f 7573 7586 7500
f 7573 7500 7561
f 7561 7500 7496
f 7561 7496 7494
f 7494 7496 7498
f 7574 7535 7575
f 7575 7535 7534
f 7575 7534 7576
f 7576 7534 7587
f 7576 7587 7577
f 7577 7587 7588
f 7577 7588 7578
f 7578 7588 7589
f 7578 7589 7579
f 7579 7589 7590
f 7579 7590 7580
f 7580 7590 7591
f 7580 7591 7581
f 7581 7591 7592
f 7581 7592 7582
f 7582 7592 7593
f 7582 7593 7583
f 7583 7593 7594
f 7583 7594 7584
f 7584 7594 7595
f 7584 7595 7585
f 7585 7595 7596
f 7585 7596 7586
f 7586 7596 7597
f 7586 7597 7500
f 7500 7597 7504
f 7500 7504 7501
f 7501 7504 7503
f 7473 7529 7474
f 7474 7529 7531
f 7474 7531 7534
f 7534 7531 7598
f 7534 7598 7587
f 7587 7598 7599
f 7587 7599 7588
f 7588 7599 7600
f 7588 7600 7589
f 7589 7600 7601
f 7589 7601 7590
f 7590 7601 7602
f 7590 7602 7591
f 7591 7602 7603
f 7591 7603 7592
f 7592 7603 7604
f 7592 7604 7593
f 7593 7604 7605
f 7593 7605 7594
f 7594 7605 7606
f 7594 7606 7595
f 7595 7606 7607
f 7595 7607 7596
f 7596 7607 7608
f 7596 7608 7597
f 7597 7608 7506
f 7597 7506 7504
f 7504 7506 7492
f 7504 7492 7502
f 7502 7492 7491
f 7532 7476 7531
f 7531 7476 7478
f 7531 7478 7598
f 7598 7478 7609
f 7598 7609 7599
f 7599 7609 7610
f 7599 7610 7600
f 7600 7610 7611
f 7600 7611 7601
f 7601 7611 7612
f 7601 7612 7602
f 7602 7612 7613
f 7602 7613 7603
f 7603 7613 7614
f 7603 7614 7604
f 7604 7614 7615
f 7604 7615 7605
f 7605 7615 7616
f 7605 7616 7606
f 7606 7616 7617
f 7606 7617 7607
f 7607 7617 7618
f 7607 7618 7608
f 7608 7618 7619
f 7608 7619 7506
f 7506 7619 7508
f 7506 7508 7507
f 7507 7508 7510
f 7479 7480 7477
f 7477 7480 7482
f 7477 7482 7478
f 7478 7482 7620
f 7478 7620 7609
f 7609 7620 7621
f 7609 7621 7610
f 7610 7621 7622
f 7610 7622 7611
f 7611 7622 7623
f 7611 7623 7612
f 7612 7623 7624
f 7612 7624 7613
f 7613 7624 7625
f 7613 7625 7614
f 7614 7625 7626
f 7614 7626 7615
f 7615 7626 7627
f 7615 7627 7616
f 7616 7627 7628
f 7616 7628 7617
f 7617 7628 7629
f 7617 7629 7618
f 7618 7629 7630
f 7618 7630 7619
f 7619 7630 7512
f 7619 7512 7508
f 7508 7512 7489
f 7508 7489 7509
f 7509 7489 7488
f 7481 7528 7482
f 7482 7528 7527
f 7482 7527 7620
f 7620 7527 7525
f 7620 7525 7621
f 7621 7525 7526
f 7621 7526 7622
f 7622 7526 7631
f 7622 7631 7623
f 7623 7631 7632
f 7623 7632 7624
f 7624 7632 7633
f 7624 7633 7625
f 7625 7633 7634
f 7625 7634 7626
f 7626 7634 7635
f 7626 7635 7627
f 7627 7635 7636
f 7627 7636 7628
f 7628 7636 7637
f 7628 7637 7629
f 7629 7637 7638
f 7629 7638 7630
f 7630 7638 7639
f 7630 7639 7512
f 7512 7639 7487
f 7512 7487 7513
f 7513 7487 7486
f 5070 5142 7526
f 7526 5142 5141
f 7526 5141 7631
f 7631 5141 7524
f 7631 7524 7632
f 7632 7524 7522
f 7632 7522 7633
f 7633 7522 7523
f 7633 7523 7634
f 7634 7523 7520
f 7634 7520 7635
f 7635 7520 7521
f 7635 7521 7636
f 7636 7521 7518
f 7636 7518 7637
f 7637 7518 7519
f 7637 7519 7638
f 7638 7519 7484
f 7638 7484 7639
f 7639 7484 7483
f 7639 7483 7487
f 7487 7483 7515
f 7487 7515 7485
f 7485 7515 7517
f 6076 6079 7640
f 7507 7510 7641
f 7514 4806 4805
f 7517 7516 7642
f 7642 7516 7514
f 7486 7485 7643
f 7643 7485 7517
f 7644 7513 7486
f 7513 7644 7511
f 7510 7509 7645
f 7645 7509 7488
f 7645 7488 7490
f 7493 7505 7646
f 7646 7505 7507
f 7503 7502 7647
f 7647 7502 7491
f 7647 7491 7493
f 7497 7499 7648
f 7648 7499 7501
f 7494 7498 7649
f 7649 7498 7497
f 6099 7494 6098
f 6098 7494 7649
f 6098 7649 6095
f 6095 7649 7650
f 6095 7650 6094
f 6094 7650 6089
f 6089 7650 7651
f 6089 7651 6088
f 6088 7651 7652
f 6088 7652 6087
f 7514 4805 7642
f 7642 4805 4804
f 7642 4804 7653
f 7653 4804 4800
f 7653 4800 7654
f 7654 4800 4802
f 7654 4802 7655
f 7655 4802 4803
f 7655 4803 7656
f 7656 4803 4810
f 7656 4810 7657
f 7640 6079 7658
f 6079 6080 7658
f 7658 6080 6083
f 7658 6083 7652
f 7652 6083 6084
f 7652 6084 6087
f 4973 7659 4808
f 4808 7659 7657
f 4808 7657 4809
f 4809 7657 4810
f 6076 7640 6075
f 6075 7640 7660
f 6075 7660 6070
f 6070 7660 7661
f 6070 7661 6071
f 6071 7661 7662
f 6071 7662 6072
f 6072 7662 7663
f 6072 7663 6015
f 6015 7663 6016
f 6016 7663 7664
f 6016 7664 6065
f 6065 7664 7665
f 6065 7665 6066
f 6066 7665 7666
f 6066 7666 6067
f 6067 7666 6068
f 6068 7666 7667
f 6068 7667 6069
f 6069 7667 7668
f 6069 7668 6056
f 6056 7668 7669
f 6056 7669 6057
f 6057 7669 7670
f 6057 7670 6059
f 6059 7670 7671
f 6059 7671 6060
f 6060 7671 6062
f 6062 7671 7672
f 6062 7672 6063
f 6063 7672 7673
f 6063 7673 6055
f 6055 7673 7674
f 6055 7674 6053
f 6053 7674 6051
f 6051 7674 7675
f 6051 7675 6050
f 6050 7675 7676
f 6050 7676 6048
f 6048 7676 6041
f 6041 7676 7677
f 6041 7677 6042
f 6042 7677 7678
f 6042 7678 6044
f 4973 4817 7659
f 7659 4817 4816
f 7659 4816 7679
f 7679 4816 4815
f 7679 4815 7680
f 7680 4815 4813
f 7680 4813 7681
f 7681 4813 4812
f 7681 4812 7682
f 7682 4812 4820
f 7682 4820 7683
f 7683 4820 4819
f 7683 4819 7684
f 7684 4819 4818
f 7684 4818 7685
f 7685 4818 4826
f 7685 4826 7686
f 7686 4826 4825
f 7686 4825 7687
f 7687 4825 4824
f 7687 4824 7688
f 7688 4824 4828
f 7688 4828 7689
f 7689 4828 4827
f 7689 4827 7690
f 7690 4827 4823
f 7690 4823 7691
f 7691 4823 4822
f 7691 4822 7692
f 7692 4822 4821
f 7692 4821 7693
f 7693 4821 4625
f 7693 4625 7694
f 7694 4625 4624
f 7694 4624 7695
f 7695 4624 4833
f 7695 4833 7696
f 7696 4833 4832
f 7696 4832 7697
f 7697 4832 7698
f 6044 7678 6046
f 6046 7678 7699
f 6046 7699 6047
f 6047 7699 7700
f 6047 7700 6030
f 4832 4830 7698
f 7698 4830 4829
f 7698 4829 4989
f 4838 7701 4989
f 4989 7701 7702
f 4989 7702 7698
f 7703 6036 7704
f 7704 6036 6034
f 7704 6034 7700
f 7700 6034 6032
f 7700 6032 6030
f 4838 4837 7701
f 7701 4837 4835
f 7701 4835 7705
f 7517 7642 7643
f 7643 7642 7653
f 7643 7653 7706
f 7706 7653 7654
f 7706 7654 7707
f 7707 7654 7655
f 7707 7655 7708
f 7708 7655 7656
f 7708 7656 7709
f 7709 7656 7657
f 7709 7657 7710
f 7710 7657 7659
f 7710 7659 7711
f 7711 7659 7679
f 7711 7679 7712
f 7712 7679 7680
f 7712 7680 7713
f 7713 7680 7681
f 7713 7681 7714
f 7714 7681 7682
f 7714 7682 7715
f 7715 7682 7683
f 7715 7683 7716
f 7716 7683 7684
f 7716 7684 7717
f 7717 7684 7685
f 7717 7685 7718
f 7718 7685 7686
f 7718 7686 7719
f 7719 7686 7687
f 7719 7687 7720
f 7720 7687 7688
f 7720 7688 7721
f 7721 7688 7689
f 7721 7689 7722
f 7722 7689 7690
f 7722 7690 7723
f 7723 7690 7691
f 7723 7691 7724
f 7724 7691 7692
f 7724 7692 7725
f 7725 7692 7693
f 7725 7693 7726
f 7726 7693 7694
f 7726 7694 7727
f 7727 7694 7695
f 7727 7695 7728
f 7728 7695 7696
f 7728 7696 7729
f 7729 7696 7697
f 7729 7697 7730
f 7730 7697 7698
f 7730 7698 7731
f 7731 7698 7702
f 7731 7702 7732
f 7732 7702 7701
f 7732 7701 7733
f 7733 7701 7705
f 7733 7705 7734
f 7734 7705 7735
f 7734 7735 7736
f 7511 7644 7737
f 7737 7644 7738
f 7737 7738 7739
f 7739 7738 7740
f 7739 7740 7741
f 7741 7740 7742
f 7741 7742 7743
f 7743 7742 7744
f 7743 7744 7745
f 7745 7744 7746
f 7745 7746 7747
f 7747 7746 7748
f 7747 7748 7749
f 7749 7748 7750
f 7749 7750 7751
f 7751 7750 7752
f 7751 7752 7753
f 7753 7752 7754
f 7753 7754 7755
f 7755 7754 7756
f 7755 7756 7757
f 7757 7756 7758
f 7757 7758 7759
f 7759 7758 7760
f 7759 7760 7761
f 7761 7760 7762
f 7761 7762 7763
f 7763 7762 7764
f 7763 7764 7765
f 7765 7764 7766
f 7765 7766 7767
f 7767 7766 7768
f 7767 7768 7769
f 7769 7768 7770
f 7769 7770 7771
f 7771 7770 7772
f 7771 7772 7773
f 7773 7772 7774
f 7773 7774 7775
f 7775 7774 7776
f 7775 7776 7777
f 7777 7776 7778
f 7777 7778 7779
f 7779 7778 7780
f 7779 7780 7781
f 7781 7780 7782
f 7781 7782 7783
f 7783 7782 7784
f 7783 7784 7785
f 7785 7784 7786
f 7785 7786 7787
f 7787 7786 7788
f 7787 7788 7789
f 7789 7788 7790
f 7789 7790 7791
f 7791 7790 7792
f 7791 7792 7793
f 7793 7792 7794
f 7793 7794 7795
f 7795 7794 7796
f 7795 7796 7797
f 7507 7641 7646
f 7646 7641 7798
f 7646 7798 7799
f 7799 7798 7800
f 7799 7800 7801
f 7801 7800 7802
f 7801 7802 7803
f 7803 7802 7804
f 7803 7804 7805
f 7805 7804 7806
f 7805 7806 7807
f 7807 7806 7808
f 7807 7808 7809
f 7809 7808 7810
f 7809 7810 7811
f 7811 7810 7812
f 7811 7812 7813
f 7813 7812 7814
f 7813 7814 7815
f 7815 7814 7816
f 7815 7816 7817
f 7817 7816 7818
f 7817 7818 7819
f 7819 7818 7820
f 7819 7820 7821
f 7821 7820 7822
f 7821 7822 7823
f 7823 7822 7824
f 7823 7824 7825
f 7825 7824 7826
f 7825 7826 7827
f 7827 7826 7828
f 7827 7828 7829
f 7829 7828 7830
f 7829 7830 7831
f 7831 7830 7832
f 7831 7832 7833
f 7833 7832 7834
f 7833 7834 7835
f 7835 7834 7836
f 7835 7836 7837
f 7837 7836 7838
f 7837 7838 7839
f 7839 7838 7840
f 7839 7840 7841
f 7841 7840 7842
f 7841 7842 7843
f 7843 7842 7844
f 7843 7844 7845
f 7845 7844 7846
f 7845 7846 7847
f 7847 7846 7848
f 7847 7848 7849
f 7849 7848 7850
f 7849 7850 7851
f 7851 7850 7852
f 7851 7852 7853
f 7853 7852 7854
f 7853 7854 7855
f 7855 7854 7856
f 7855 7856 7857
f 7503 7647 7858
f 7858 7647 7859
f 7858 7859 7860
f 7860 7859 7861
f 7860 7861 7862
f 7862 7861 7863
f 7862 7863 7864
f 7864 7863 7865
f 7864 7865 7866
f 7866 7865 7867
f 7866 7867 7868
f 7868 7867 7869
f 7868 7869 7870
f 7870 7869 7871
f 7870 7871 7872
f 7872 7871 7873
f 7872 7873 7874
f 7874 7873 7875
f 7874 7875 7876
f 7876 7875 7877
f 7876 7877 7878
f 7878 7877 7879
f 7878 7879 7880
f 7880 7879 7881
f 7880 7881 7882
f 7882 7881 7883
f 7882 7883 7884
f 7884 7883 7885
f 7884 7885 7886
f 7886 7885 7887
f 7886 7887 7888
f 7888 7887 7889
f 7888 7889 7890
f 7890 7889 7891
f 7890 7891 7892
f 7892 7891 7893
f 7892 7893 7894
f 7894 7893 7895
f 7894 7895 7896
f 7896 7895 7897
f 7896 7897 7898
f 7898 7897 7899
f 7898 7899 7900
f 7900 7899 7901
f 7900 7901 7902
f 7902 7901 7903
f 7902 7903 7904
f 7904 7903 7905
f 7904 7905 7906
f 7906 7905 7907
f 7906 7907 7908
f 7908 7907 7909
f 7908 7909 7910
f 7910 7909 7911
f 7910 7911 7912
f 7912 7911 7913
f 7912 7913 7914
f 7914 7913 7915
f 7914 7915 7916
f 7916 7915 7917
f 7916 7917 7918
f 7497 7648 7649
f 7649 7648 7919
f 7649 7919 7650
f 7650 7919 7920
f 7650 7920 7651
f 7651 7920 7921
f 7651 7921 7652
f 7652 7921 7922
f 7652 7922 7658
f 7658 7922 7923
f 7658 7923 7640
f 7640 7923 7924
f 7640 7924 7660
f 7660 7924 7925
f 7660 7925 7661
f 7661 7925 7926
f 7661 7926 7662
f 7662 7926 7927
f 7662 7927 7663
f 7663 7927 7928
f 7663 7928 7664
f 7664 7928 7929
f 7664 7929 7665
f 7665 7929 7930
f 7665 7930 7666
f 7666 7930 7931
f 7666 7931 7667
f 7667 7931 7932
f 7667 7932 7668
f 7668 7932 7933
f 7668 7933 7669
f 7669 7933 7934
f 7669 7934 7670
f 7670 7934 7935
f 7670 7935 7671
f 7671 7935 7936
f 7671 7936 7672
f 7672 7936 7937
f 7672 7937 7673
f 7673 7937 7938
f 7673 7938 7674
f 7674 7938 7939
f 7674 7939 7675
f 7675 7939 7940
f 7675 7940 7676
f 7676 7940 7941
f 7676 7941 7677
f 7677 7941 7942
f 7677 7942 7678
f 7678 7942 7943
f 7678 7943 7699
f 7699 7943 7944
f 7699 7944 7700
f 7700 7944 7945
f 7700 7945 7704
f 7704 7945 7946
f 7704 7946 7703
f 7703 7946 7947
f 7703 7947 7948
f 7948 7947 7949
f 7948 7949 7950
f 6020 6026 7950
f 7950 6026 6024
f 7950 6024 7948
f 7948 6024 6023
f 7948 6023 7703
f 7703 6023 6038
f 7703 6038 6036
f 4835 4834 7705
f 7705 4834 4841
f 7705 4841 7735
f 7735 4841 4840
f 255 7951 4840
f 4840 7951 7952
f 4840 7952 7735
f 7735 7952 7953
f 7735 7953 7736
f 7736 7953 7954
f 7736 7954 7955
f 7486 7643 7644
f 7644 7643 7706
f 7644 7706 7738
f 7738 7706 7707
f 7738 7707 7740
f 7740 7707 7708
f 7740 7708 7742
f 7742 7708 7709
f 7742 7709 7744
f 7744 7709 7710
f 7744 7710 7746
f 7746 7710 7711
f 7746 7711 7748
f 7748 7711 7712
f 7748 7712 7750
f 7750 7712 7713
f 7750 7713 7752
f 7752 7713 7714
f 7752 7714 7754
f 7754 7714 7715
f 7754 7715 7756
f 7756 7715 7716
f 7756 7716 7758
f 7758 7716 7717
f 7758 7717 7760
f 7760 7717 7718
f 7760 7718 7762
f 7762 7718 7719
f 7762 7719 7764
f 7764 7719 7720
f 7764 7720 7766
f 7766 7720 7721
f 7766 7721 7768
f 7768 7721 7722
f 7768 7722 7770
f 7770 7722 7723
f 7770 7723 7772
f 7772 7723 7724
f 7772 7724 7774
f 7774 7724 7725
f 7774 7725 7776
f 7776 7725 7726
f 7776 7726 7778
f 7778 7726 7727
f 7778 7727 7780
f 7780 7727 7728
f 7780 7728 7782
f 7782 7728 7729
f 7782 7729 7784
f 7784 7729 7730
f 7784 7730 7786
f 7786 7730 7731
f 7786 7731 7788
f 7788 7731 7732
f 7788 7732 7790
f 7790 7732 7733
f 7790 7733 7792
f 7792 7733 7734
f 7792 7734 7794
f 7794 7734 7736
f 7794 7736 7796
f 7796 7736 7955
f 7796 7955 7956
f 7956 7957 7796
f 7796 7957 7958
f 7796 7958 7797
f 7797 7958 7959
f 7797 7959 7960
f 7960 7961 7797
f 7797 7961 7962
f 7797 7962 7795
f 7795 7962 7963
f 7795 7963 7793
f 7793 7963 7964
f 7793 7964 7791
f 7791 7964 7965
f 7791 7965 7789
f 7789 7965 7966
f 7789 7966 7787
f 7787 7966 7967
f 7787 7967 7785
f 7785 7967 7968
f 7785 7968 7783
f 7783 7968 7969
f 7783 7969 7781
f 7781 7969 7970
f 7781 7970 7779
f 7779 7970 7971
f 7779 7971 7777
f 7777 7971 7972
f 7777 7972 7775
f 7775 7972 7973
f 7775 7973 7773
f 7773 7973 7974
f 7773 7974 7771
f 7771 7974 7975
f 7771 7975 7769
f 7769 7975 7976
f 7769 7976 7767
f 7767 7976 7977
f 7767 7977 7765
f 7765 7977 7978
f 7765 7978 7763
f 7763 7978 7979
f 7763 7979 7761
f 7761 7979 7980
f 7761 7980 7759
f 7759 7980 7981
f 7759 7981 7757
f 7757 7981 7982
f 7757 7982 7755
f 7755 7982 7983
f 7755 7983 7753
f 7753 7983 7984
f 7753 7984 7751
f 7751 7984 7985
f 7751 7985 7749
f 7749 7985 7986
f 7749 7986 7747
f 7747 7986 7987
f 7747 7987 7745
f 7745 7987 7988
f 7745 7988 7743
f 7743 7988 7989
f 7743 7989 7741
f 7741 7989 7990
f 7741 7990 7739
f 7739 7990 7645
f 7739 7645 7737
f 7737 7645 7490
f 7737 7490 7511
f 7960 7991 7961
f 7961 7991 7992
f 7961 7992 7993
f 7510 7645 7641
f 7641 7645 7990
f 7641 7990 7798
f 7798 7990 7989
f 7798 7989 7800
f 7800 7989 7988
f 7800 7988 7802
f 7802 7988 7987
f 7802 7987 7804
f 7804 7987 7986
f 7804 7986 7806
f 7806 7986 7985
f 7806 7985 7808
f 7808 7985 7984
f 7808 7984 7810
f 7810 7984 7983
f 7810 7983 7812
f 7812 7983 7982
f 7812 7982 7814
f 7814 7982 7981
f 7814 7981 7816
f 7816 7981 7980
f 7816 7980 7818
f 7818 7980 7979
f 7818 7979 7820
f 7820 7979 7978
f 7820 7978 7822
f 7822 7978 7977
f 7822 7977 7824
f 7824 7977 7976
f 7824 7976 7826
f 7826 7976 7975
f 7826 7975 7828
f 7828 7975 7974
f 7828 7974 7830
f 7830 7974 7973
f 7830 7973 7832
f 7832 7973 7972
f 7832 7972 7834
f 7834 7972 7971
f 7834 7971 7836
f 7836 7971 7970
f 7836 7970 7838
f 7838 7970 7969
f 7838 7969 7840
f 7840 7969 7968
f 7840 7968 7842
f 7842 7968 7967
f 7842 7967 7844
f 7844 7967 7966
f 7844 7966 7846
f 7846 7966 7965
f 7846 7965 7848
f 7848 7965 7964
f 7848 7964 7850
f 7850 7964 7963
f 7850 7963 7852
f 7852 7963 7962
f 7852 7962 7854
f 7854 7962 7961
f 7854 7961 7856
f 7856 7961 7993
f 7856 7993 7994
f 7994 7995 7856
f 7856 7995 7996
f 7856 7996 7857
f 7857 7996 7997
f 7857 7997 7998
f 7493 7646 7647
f 7647 7646 7799
f 7647 7799 7859
f 7859 7799 7801
f 7859 7801 7861
f 7861 7801 7803
f 7861 7803 7863
f 7863 7803 7805
f 7863 7805 7865
f 7865 7805 7807
f 7865 7807 7867
f 7867 7807 7809
f 7867 7809 7869
f 7869 7809 7811
f 7869 7811 7871
f 7871 7811 7813
f 7871 7813 7873
f 7873 7813 7815
f 7873 7815 7875
f 7875 7815 7817
f 7875 7817 7877
f 7877 7817 7819
f 7877 7819 7879
f 7879 7819 7821
f 7879 7821 7881
f 7881 7821 7823
f 7881 7823 7883
f 7883 7823 7825
f 7883 7825 7885
f 7885 7825 7827
f 7885 7827 7887
f 7887 7827 7829
f 7887 7829 7889
f 7889 7829 7831
f 7889 7831 7891
f 7891 7831 7833
f 7891 7833 7893
f 7893 7833 7835
f 7893 7835 7895
f 7895 7835 7837
f 7895 7837 7897
f 7897 7837 7839
f 7897 7839 7899
f 7899 7839 7841
f 7899 7841 7901
f 7901 7841 7843
f 7901 7843 7903
f 7903 7843 7845
f 7903 7845 7905
f 7905 7845 7847
f 7905 7847 7907
f 7907 7847 7849
f 7907 7849 7909
f 7909 7849 7851
f 7909 7851 7911
f 7911 7851 7853
f 7911 7853 7913
f 7913 7853 7855
f 7913 7855 7915
f 7915 7855 7857
f 7915 7857 7917
f 7917 7857 7998
f 7917 7998 7999
f 7999 8000 7917
f 7917 8000 8001
f 7917 8001 7918
f 7918 8001 8002
f 7918 8002 8003
f 8003 7949 7918
f 7918 7949 7947
f 7918 7947 7916
f 7916 7947 7946
f 7916 7946 7914
f 7914 7946 7945
f 7914 7945 7912
f 7912 7945 7944
f 7912 7944 7910
f 7910 7944 7943
f 7910 7943 7908
f 7908 7943 7942
f 7908 7942 7906
f 7906 7942 7941
f 7906 7941 7904
f 7904 7941 7940
f 7904 7940 7902
f 7902 7940 7939
f 7902 7939 7900
f 7900 7939 7938
f 7900 7938 7898
f 7898 7938 7937
f 7898 7937 7896
f 7896 7937 7936
f 7896 7936 7894
f 7894 7936 7935
f 7894 7935 7892
f 7892 7935 7934
f 7892 7934 7890
f 7890 7934 7933
f 7890 7933 7888
f 7888 7933 7932
f 7888 7932 7886
f 7886 7932 7931
f 7886 7931 7884
f 7884 7931 7930
f 7884 7930 7882
f 7882 7930 7929
f 7882 7929 7880
f 7880 7929 7928
f 7880 7928 7878
f 7878 7928 7927
f 7878 7927 7876
f 7876 7927 7926
f 7876 7926 7874
f 7874 7926 7925
f 7874 7925 7872
f 7872 7925 7924
f 7872 7924 7870
f 7870 7924 7923
f 7870 7923 7868
f 7868 7923 7922
f 7868 7922 7866
f 7866 7922 7921
f 7866 7921 7864
f 7864 7921 7920
f 7864 7920 7862
f 7862 7920 7919
f 7862 7919 7860
f 7860 7919 7648
f 7860 7648 7858
f 7858 7648 7501
f 7858 7501 7503
f 8004 6018 6020
f 8003 8005 7949
f 7949 8005 8006
f 7949 8006 7950
f 7950 8006 8007
f 7950 8007 6020
f 6020 8007 8008
f 6020 8008 8004
f 6019 8009 8010
f 7528 7481 8011
f 7530 7529 8012
f 7472 7536 8013
f 7495 6099 6097
f 7562 7563 8014
f 8014 7563 7495
f 7468 7467 8015
f 8015 7467 7562
f 7541 7560 8015
f 8015 7560 7559
f 8015 7559 7468
f 7547 7545 8016
f 8016 7545 7543
f 8016 7543 7541
f 7551 7549 8017
f 8017 7549 7547
f 7555 7553 8018
f 8018 7553 7551
f 7536 7538 8013
f 8013 7538 7540
f 8013 7540 7557
f 7535 7574 8019
f 8019 7574 7470
f 8019 7470 7472
f 8020 7533 7535
f 7529 7473 8020
f 8020 7473 7475
f 8020 7475 7533
f 7476 7532 8021
f 8021 7532 7530
f 7481 7480 8022
f 8022 7480 7479
f 8022 7479 7476
f 5215 5172 7528
f 7495 6097 8014
f 8014 6097 6096
f 8014 6096 8023
f 6096 6093 8023
f 8023 6093 6092
f 8023 6092 8024
f 8024 6092 6091
f 8024 6091 8025
f 8025 6091 6090
f 8025 6090 8026
f 6090 6086 8026
f 8026 6086 6085
f 8026 6085 8027
f 6085 6082 8027
f 8027 6082 6081
f 8027 6081 8028
f 6081 6078 8028
f 8028 6078 6077
f 8028 6077 8029
f 6077 6074 8029
f 8029 6074 6073
f 8029 6073 8030
f 6073 6017 8030
f 8030 6017 6064
f 8030 6064 8031
f 8031 6064 6058
f 6058 6061 8031
f 8031 6061 6054
f 8031 6054 8032
f 6054 6052 8032
f 8032 6052 6049
f 8032 6049 8033
f 6049 6043 8033
f 8033 6043 6045
f 8033 6045 8034
f 6045 6029 8034
f 8034 6029 6031
f 8034 6031 8035
f 6031 6033 8035
f 8035 6033 6035
f 8035 6035 8036
f 8036 6035 6037
f 6037 6039 8036
f 8036 6039 6040
f 8036 6040 8037
f 8037 6040 6025
f 8037 6025 8038
f 6025 6027 8038
f 8038 6027 6028
f 8038 6028 8039
f 8039 6028 6022
f 8039 6022 8010
f 8010 6022 6021
f 8010 6021 6019
f 7472 8013 8019
f 8019 8013 8040
f 8019 8040 8041
f 8041 8040 8042
f 8041 8042 8043
f 8043 8042 8044
f 8043 8044 8045
f 8045 8044 8046
f 8045 8046 8047
f 8047 8046 8048
f 8047 8048 8049
f 8049 8048 8050
f 8049 8050 8051
f 8051 8050 8052
f 8051 8052 8053
f 8053 8052 8054
f 8053 8054 8055
f 8055 8054 8056
f 8055 8056 8057
f 8057 8056 8058
f 8057 8058 8059
f 8059 8058 8060
f 8059 8060 8061
f 8061 8060 8062
f 8061 8062 8063
f 8063 8062 8064
f 8063 8064 8065
f 8065 8064 8066
f 8065 8066 8067
f 8067 8066 8068
f 8067 8068 8069
f 8069 8068 8070
f 8069 8070 8071
f 8071 8070 8072
f 8071 8072 8073
f 8073 8072 8074
f 8073 8074 8075
f 8075 8074 8076
f 8075 8076 8077
f 7535 8019 8020
f 8020 8019 8041
f 8020 8041 8078
f 8078 8041 8043
f 8078 8043 8079
f 8079 8043 8045
f 8079 8045 8080
f 8080 8045 8047
f 8080 8047 8081
f 8081 8047 8049
f 8081 8049 8082
f 8082 8049 8051
f 8082 8051 8083
f 8083 8051 8053
f 8083 8053 8084
f 8084 8053 8055
f 8084 8055 8085
f 8085 8055 8057
f 8085 8057 8086
f 8086 8057 8059
f 8086 8059 8087
f 8087 8059 8061
f 8087 8061 8088
f 8088 8061 8063
f 8088 8063 8089
f 8089 8063 8065
f 8089 8065 8090
f 8090 8065 8067
f 8090 8067 8091
f 8091 8067 8069
f 8091 8069 8092
f 8092 8069 8071
f 8092 8071 8093
f 8093 8071 8073
f 8093 8073 8094
f 8094 8073 8075
f 8094 8075 8095
f 8095 8075 8077
f 8095 8077 8096
f 7529 8020 8012
f 8012 8020 8078
f 8012 8078 8097
f 8097 8078 8079
f 8097 8079 8098
f 8098 8079 8080
f 8098 8080 8099
f 8099 8080 8081
f 8099 8081 8100
f 8100 8081 8082
f 8100 8082 8101
f 8101 8082 8083
f 8101 8083 8102
f 8102 8083 8084
f 8102 8084 8103
f 8103 8084 8085
f 8103 8085 8104
f 8104 8085 8086
f 8104 8086 8105
f 8105 8086 8087
f 8105 8087 8106
f 8106 8087 8088
f 8106 8088 8107
f 8107 8088 8089
f 8107 8089 8108
f 8108 8089 8090
f 8108 8090 8109
f 8109 8090 8091
f 8109 8091 8110
f 8110 8091 8092
f 8110 8092 8111
f 8111 8092 8093
f 8111 8093 8112
f 8112 8093 8094
f 8112 8094 8113
f 8113 8094 8095
f 8113 8095 8114
f 8114 8095 8096
f 8114 8096 8115
f 7530 8012 8021
f 8021 8012 8097
f 8021 8097 8116
f 8116 8097 8098
f 8116 8098 8117
f 8117 8098 8099
f 8117 8099 8118
f 8118 8099 8100
f 8118 8100 8119
f 8119 8100 8101
f 8119 8101 8120
f 8120 8101 8102
f 8120 8102 8121
f 8121 8102 8103
f 8121 8103 8122
f 8122 8103 8104
f 8122 8104 8123
f 8123 8104 8105
f 8123 8105 8124
f 8124 8105 8106
f 8124 8106 8125
f 8125 8106 8107
f 8125 8107 8126
f 8126 8107 8108
f 8126 8108 8127
f 8127 8108 8109
f 8127 8109 8128
f 8128 8109 8110
f 8128 8110 8129
f 8129 8110 8111
f 8129 8111 8130
f 8130 8111 8112
f 8130 8112 8131
f 8131 8112 8113
f 8131 8113 8132
f 8132 8113 8114
f 8132 8114 8133
f 8133 8114 8115
f 8133 8115 8134
f 7476 8021 8022
f 8022 8021 8116
f 8022 8116 8135
f 8135 8116 8117
f 8135 8117 8136
f 8136 8117 8118
f 8136 8118 8137
f 8137 8118 8119
f 8137 8119 8138
f 8138 8119 8120
f 8138 8120 8139
f 8139 8120 8121
f 8139 8121 8140
f 8140 8121 8122
f 8140 8122 8141
f 8141 8122 8123
f 8141 8123 8142
f 8142 8123 8124
f 8142 8124 8143
f 8143 8124 8125
f 8143 8125 8144
f 8144 8125 8126
f 8144 8126 8145
f 8145 8126 8127
f 8145 8127 8146
f 8146 8127 8128
f 8146 8128 8147
f 8147 8128 8129
f 8147 8129 8148
f 8148 8129 8130
f 8148 8130 8149
f 8149 8130 8131
f 8149 8131 8150
f 8150 8131 8132
f 8150 8132 8151
f 8151 8132 8133
f 8151 8133 8152
f 8152 8133 8134
f 8152 8134 8153
f 6019 6018 8009
f 8009 6018 8154
f 8009 8154 8155
f 7562 8014 8015
f 8015 8014 8023
f 8015 8023 8156
f 8156 8023 8024
f 8156 8024 8157
f 8157 8024 8025
f 8157 8025 8158
f 8158 8025 8026
f 8158 8026 8159
f 8159 8026 8027
f 8159 8027 8160
f 8160 8027 8028
f 8160 8028 8161
f 8161 8028 8029
f 8161 8029 8162
f 8162 8029 8030
f 8162 8030 8163
f 8163 8030 8031
f 8163 8031 8164
f 8164 8031 8032
f 8164 8032 8165
f 8165 8032 8033
f 8165 8033 8166
f 8166 8033 8034
f 8166 8034 8167
f 8167 8034 8035
f 8167 8035 8168
f 8168 8035 8036
f 8168 8036 8169
f 8169 8036 8037
f 8169 8037 8170
f 8170 8037 8038
f 8170 8038 8171
f 8171 8038 8039
f 8171 8039 8172
f 8172 8039 8010
f 8172 8010 8173
f 8173 8010 8009
f 8173 8009 8174
f 8174 8009 8155
f 8174 8155 8175
f 7541 8015 8016
f 8016 8015 8156
f 8016 8156 8176
f 8176 8156 8157
f 8176 8157 8177
f 8177 8157 8158
f 8177 8158 8178
f 8178 8158 8159
f 8178 8159 8179
f 8179 8159 8160
f 8179 8160 8180
f 8180 8160 8161
f 8180 8161 8181
f 8181 8161 8162
f 8181 8162 8182
f 8182 8162 8163
f 8182 8163 8183
f 8183 8163 8164
f 8183 8164 8184
f 8184 8164 8165
f 8184 8165 8185
f 8185 8165 8166
f 8185 8166 8186
f 8186 8166 8167
f 8186 8167 8187
f 8187 8167 8168
f 8187 8168 8188
f 8188 8168 8169
f 8188 8169 8189
f 8189 8169 8170
f 8189 8170 8190
f 8190 8170 8171
f 8190 8171 8191
f 8191 8171 8172
f 8191 8172 8192
f 8192 8172 8173
f 8192 8173 8193
f 8193 8173 8174
f 8193 8174 8194
f 8194 8174 8175
f 8194 8175 8195
f 7547 8016 8017
f 8017 8016 8176
f 8017 8176 8196
f 8196 8176 8177
f 8196 8177 8197
f 8197 8177 8178
f 8197 8178 8198
f 8198 8178 8179
f 8198 8179 8199
f 8199 8179 8180
f 8199 8180 8200
f 8200 8180 8181
f 8200 8181 8201
f 8201 8181 8182
f 8201 8182 8202
f 8202 8182 8183
f 8202 8183 8203
f 8203 8183 8184
f 8203 8184 8204
f 8204 8184 8185
f 8204 8185 8205
f 8205 8185 8186
f 8205 8186 8206
f 8206 8186 8187
f 8206 8187 8207
f 8207 8187 8188
f 8207 8188 8208
f 8208 8188 8189
f 8208 8189 8209
f 8209 8189 8190
f 8209 8190 8210
f 8210 8190 8191
f 8210 8191 8211
f 8211 8191 8192
f 8211 8192 8212
f 8212 8192 8193
f 8212 8193 8213
f 8213 8193 8194
f 8213 8194 8214
f 8214 8194 8195
f 8214 8195 8215
f 7551 8017 8018
f 8018 8017 8196
f 8018 8196 8216
f 8216 8196 8197
f 8216 8197 8217
f 8217 8197 8198
f 8217 8198 8218
f 8218 8198 8199
f 8218 8199 8219
f 8219 8199 8200
f 8219 8200 8220
f 8220 8200 8201
f 8220 8201 8221
f 8221 8201 8202
f 8221 8202 8222
f 8222 8202 8203
f 8222 8203 8223
f 8223 8203 8204
f 8223 8204 8224
f 8224 8204 8205
f 8224 8205 8225
f 8225 8205 8206
f 8225 8206 8226
f 8226 8206 8207
f 8226 8207 8227
f 8227 8207 8208
f 8227 8208 8228
f 8228 8208 8209
f 8228 8209 8229
f 8229 8209 8210
f 8229 8210 8230
f 8230 8210 8211
f 8230 8211 8231
f 8231 8211 8212
f 8231 8212 8232
f 8232 8212 8213
f 8232 8213 8233
f 8233 8213 8214
f 8233 8214 8234
f 8234 8214 8215
f 8234 8215 8235
f 8235 8076 8234
f 8234 8076 8074
f 8234 8074 8233
f 8233 8074 8072
f 8233 8072 8232
f 8232 8072 8070
f 8232 8070 8231
f 8231 8070 8068
f 8231 8068 8230
f 8230 8068 8066
f 8230 8066 8229
f 8229 8066 8064
f 8229 8064 8228
f 8228 8064 8062
f 8228 8062 8227
f 8227 8062 8060
f 8227 8060 8226
f 8226 8060 8058
f 8226 8058 8225
f 8225 8058 8056
f 8225 8056 8224
f 8224 8056 8054
f 8224 8054 8223
f 8223 8054 8052
f 8223 8052 8222
f 8222 8052 8050
f 8222 8050 8221
f 8221 8050 8048
f 8221 8048 8220
f 8220 8048 8046
f 8220 8046 8219
f 8219 8046 8044
f 8219 8044 8218
f 8218 8044 8042
f 8218 8042 8217
f 8217 8042 8040
f 8217 8040 8216
f 8216 8040 8013
f 8216 8013 8018
f 8018 8013 7557
f 8018 7557 7555
f 8235 8236 8076
f 8076 8236 8237
f 8076 8237 8077
f 8077 8237 8238
f 8077 8238 8096
f 8096 8238 8239
f 8096 8239 8115
f 8115 8239 8240
f 8115 8240 8134
f 8134 8240 8241
f 8134 8241 8153
f 8153 8241 8242
f 8153 8242 8243
f 7481 8022 8011
f 8011 8022 8135
f 8011 8135 8244
f 8244 8135 8136
f 8244 8136 8245
f 8245 8136 8137
f 8245 8137 8246
f 8246 8137 8138
f 8246 8138 8247
f 8247 8138 8139
f 8247 8139 8248
f 8248 8139 8140
f 8248 8140 8249
f 8249 8140 8141
f 8249 8141 8250
f 8250 8141 8142
f 8250 8142 8251
f 8251 8142 8143
f 8251 8143 8252
f 8252 8143 8144
f 8252 8144 8253
f 8253 8144 8145
f 8253 8145 8254
f 8254 8145 8146
f 8254 8146 8255
f 8255 8146 8147
f 8255 8147 8256
f 8256 8147 8148
f 8256 8148 8257
f 8257 8148 8149
f 8257 8149 8258
f 8258 8149 8150
f 8258 8150 8259
f 8259 8150 8151
f 8259 8151 8260
f 8260 8151 8152
f 8260 8152 8261
f 8261 8152 8153
f 8261 8153 8262
f 8262 8153 8243
f 8262 8243 8263
f 7528 8011 5215
f 5215 8011 8244
f 5215 8244 5324
f 5324 8244 8245
f 5324 8245 5325
f 5325 8245 8246
f 5325 8246 5327
f 5327 8246 8247
f 5327 8247 5329
f 5329 8247 8248
f 5329 8248 5271
f 5271 8248 8249
f 5271 8249 5272
f 5272 8249 8250
f 5272 8250 5274
f 5274 8250 8251
f 5274 8251 5276
f 5276 8251 8252
f 5276 8252 5314
f 5314 8252 8253
f 5314 8253 5313
f 5313 8253 8254
f 5313 8254 5311
f 5311 8254 8255
f 5311 8255 5309
f 5309 8255 8256
f 5309 8256 5308
f 5308 8256 8257
f 5308 8257 5307
f 5307 8257 8258
f 5307 8258 5305
f 5305 8258 8259
f 5305 8259 5303
f 5303 8259 8260
f 5303 8260 5248
f 5248 8260 8261
f 5248 8261 5278
f 5278 8261 8262
f 5278 8262 5279
f 5279 8262 8263
f 5279 8263 357
f 8238 8237 8264
f 8235 8215 8265
f 8154 6018 8004
f 8195 8175 8266
f 8266 8175 8155
f 8266 8155 8154
f 8235 8265 8236
f 8241 8240 8267
f 8267 8240 8239
f 8268 8243 8242
f 8243 8268 8263
f 8263 8268 343
f 8263 343 357
f 8269 340 8268
f 8268 340 339
f 8268 339 343
f 341 8270 342
f 342 8270 8271
f 342 8271 326
f 326 8271 327
f 327 8271 8272
f 327 8272 304
f 304 8272 8273
f 304 8273 305
f 305 8273 307
f 307 8273 8274
f 307 8274 292
f 292 8274 8275
f 292 8275 293
f 293 8275 295
f 295 8275 8276
f 295 8276 279
f 279 8276 8277
f 279 8277 280
f 280 8277 268
f 268 8277 8278
f 268 8278 263
f 263 8278 8279
f 263 8279 264
f 264 8279 266
f 266 8279 8280
f 266 8280 254
f 255 254 7951
f 7951 254 8280
f 7951 8280 7952
f 7952 8280 7953
f 7953 8280 7954
f 7954 8280 8279
f 7954 8279 7955
f 7956 8281 7957
f 7957 8281 8282
f 7957 8282 7958
f 7959 8283 7960
f 7960 8283 8284
f 7960 8284 7991
f 8285 7993 7992
f 7993 8285 7994
f 7994 8285 8286
f 7994 8286 7995
f 7996 8287 7997
f 7997 8287 8288
f 7997 8288 7998
f 7999 8289 8000
f 8000 8289 8290
f 8291 8005 8292
f 8292 8005 8003
f 8292 8003 8293
f 8293 8003 8002
f 8293 8002 8290
f 8290 8002 8001
f 8290 8001 8000
f 8154 8004 8266
f 8266 8004 8008
f 8266 8008 8294
f 8294 8008 8007
f 8294 8007 8291
f 8291 8007 8006
f 8291 8006 8005
f 341 340 8270
f 8270 340 8269
f 8270 8269 8271
f 8271 8269 8295
f 8271 8295 8272
f 8272 8295 8296
f 8272 8296 8273
f 8273 8296 8297
f 8273 8297 8274
f 8274 8297 8298
f 8274 8298 8275
f 8275 8298 8299
f 8275 8299 8276
f 8276 8299 8300
f 8276 8300 8277
f 8277 8300 8301
f 8277 8301 8278
f 8278 8301 8282
f 8278 8282 8279
f 8279 8282 8281
f 8279 8281 7955
f 7955 8281 7956
f 8242 8241 8268
f 8268 8241 8267
f 8268 8267 8269
f 8269 8267 8302
f 8269 8302 8295
f 8295 8302 8303
f 8295 8303 8296
f 8296 8303 8304
f 8296 8304 8297
f 8297 8304 8305
f 8297 8305 8298
f 8298 8305 8306
f 8298 8306 8299
f 8299 8306 8307
f 8299 8307 8300
f 8300 8307 8308
f 8300 8308 8301
f 8301 8308 8284
f 8301 8284 8282
f 8282 8284 8283
f 8282 8283 7958
f 7958 8283 7959
f 8239 8238 8267
f 8267 8238 8264
f 8267 8264 8302
f 8302 8264 8309
f 8302 8309 8303
f 8303 8309 8310
f 8303 8310 8304
f 8304 8310 8311
f 8304 8311 8305
f 8305 8311 8312
f 8305 8312 8306
f 8306 8312 8313
f 8306 8313 8307
f 8307 8313 8314
f 8307 8314 8308
f 8308 8314 8286
f 8308 8286 8284
f 8284 8286 8285
f 8284 8285 7991
f 7991 8285 7992
f 8237 8236 8264
f 8264 8236 8265
f 8264 8265 8309
f 8309 8265 8315
f 8309 8315 8310
f 8310 8315 8316
f 8310 8316 8311
f 8311 8316 8317
f 8311 8317 8312
f 8312 8317 8318
f 8312 8318 8313
f 8313 8318 8319
f 8313 8319 8314
f 8314 8319 8288
f 8314 8288 8286
f 8286 8288 8287
f 8286 8287 7995
f 7995 8287 7996
f 8215 8195 8265
f 8265 8195 8266
f 8265 8266 8315
f 8315 8266 8294
f 8315 8294 8316
f 8316 8294 8291
f 8316 8291 8317
f 8317 8291 8292
f 8317 8292 8318
f 8318 8292 8293
f 8318 8293 8319
f 8319 8293 8290
f 8319 8290 8288
f 8288 8290 8289
f 8288 8289 7998
f 7998 8289 7999
f 549 8320 550
f 541 540 8321
f 8322 8323 8324
f 8325 8326 8327
f 8328 8329 8330
f 8331 8332 8333
f 8334 8335 8336
f 8337 8338 8339
f 8339 8338 8340
f 8339 8340 6184
f 8328 8330 8341
f 8342 8343 8344
f 8344 8343 8345
f 8344 8345 8346
f 8346 8345 8347
f 496 490 8348
f 8348 490 489
f 496 8348 497
f 497 8348 8349
f 497 8349 498
f 8321 519 8350
f 8350 519 518
f 8350 518 8351
f 8351 518 517
f 8351 517 8352
f 8352 517 516
f 8352 516 8353
f 8353 516 515
f 8353 515 8354
f 8354 515 514
f 8354 514 8355
f 8355 514 513
f 8355 513 8356
f 8356 513 512
f 8356 512 8357
f 8357 512 473
f 8357 473 8358
f 8358 473 472
f 8358 472 8359
f 540 539 8321
f 8321 539 538
f 8321 538 519
f 552 551 8360
f 8360 551 542
f 8360 542 541
f 552 8360 553
f 553 8360 8361
f 553 8361 549
f 550 8320 562
f 562 8320 8362
f 562 8362 563
f 563 8362 564
f 564 8362 8363
f 564 8363 565
f 584 8364 585
f 585 8364 586
f 586 8364 595
f 595 8364 8365
f 595 8365 596
f 596 8365 597
f 597 8365 8366
f 597 8366 598
f 598 8366 8367
f 598 8367 599
f 8368 8369 8370
f 8370 8369 8371
f 8372 8373 8374
f 8374 8373 8375
f 8374 8375 8376
f 8377 8378 8379
f 8379 8378 8380
f 8381 8382 8378
f 8378 8382 8383
f 8378 8383 8380
f 8384 8385 8386
f 8386 8385 8387
f 8386 8387 8381
f 8381 8387 8388
f 8381 8388 8382
f 8389 8390 8384
f 8384 8390 8391
f 8384 8391 8385
f 8392 8393 8389
f 8389 8393 8394
f 8389 8394 8390
f 8395 8396 8392
f 8392 8396 8397
f 8392 8397 8393
f 8398 8399 8395
f 8395 8399 8400
f 8395 8400 8396
f 6184 8401 8339
f 8339 8401 8402
f 8339 8402 8398
f 8398 8402 8403
f 8398 8403 8399
f 8377 8404 8378
f 8378 8404 8405
f 8378 8405 8381
f 8381 8405 8406
f 8381 8406 8386
f 8386 8406 8407
f 8386 8407 8384
f 8384 8407 8408
f 8384 8408 8389
f 8389 8408 8409
f 8389 8409 8392
f 8392 8409 8410
f 8392 8410 8395
f 8395 8410 8411
f 8395 8411 8398
f 8398 8411 8412
f 8398 8412 8339
f 8339 8412 8413
f 8339 8413 8337
f 8337 8413 8336
f 8337 8336 8414
f 8414 8336 8335
f 8404 8415 8405
f 8405 8415 8416
f 8405 8416 8406
f 8406 8416 8417
f 8406 8417 8407
f 8407 8417 8418
f 8407 8418 8408
f 8408 8418 8419
f 8408 8419 8409
f 8409 8419 8420
f 8409 8420 8410
f 8410 8420 8421
f 8410 8421 8411
f 8411 8421 8422
f 8411 8422 8412
f 8412 8422 8423
f 8412 8423 8413
f 8413 8423 8424
f 8413 8424 8336
f 8336 8424 8333
f 8336 8333 8334
f 8334 8333 8332
f 8415 8425 8416
f 8416 8425 8426
f 8416 8426 8417
f 8417 8426 8427
f 8417 8427 8418
f 8418 8427 8428
f 8418 8428 8419
f 8419 8428 8429
f 8419 8429 8420
f 8420 8429 8430
f 8420 8430 8421
f 8421 8430 8431
f 8421 8431 8422
f 8422 8431 8432
f 8422 8432 8423
f 8423 8432 8433
f 8423 8433 8424
f 8424 8433 8434
f 8424 8434 8333
f 8333 8434 8330
f 8333 8330 8331
f 8331 8330 8329
f 565 8363 584
f 584 8363 8435
f 584 8435 8364
f 8364 8435 8436
f 8364 8436 8365
f 8365 8436 8370
f 8365 8370 8366
f 8366 8370 8371
f 8366 8371 8367
f 8425 8437 8426
f 8426 8437 8438
f 8426 8438 8427
f 8427 8438 8439
f 8427 8439 8428
f 8428 8439 8440
f 8428 8440 8429
f 8429 8440 8441
f 8429 8441 8430
f 8430 8441 8442
f 8430 8442 8431
f 8431 8442 8443
f 8431 8443 8432
f 8432 8443 8444
f 8432 8444 8433
f 8433 8444 8445
f 8433 8445 8434
f 8434 8445 8446
f 8434 8446 8330
f 8330 8446 8447
f 8330 8447 8341
f 8341 8447 8327
f 8341 8327 8448
f 8448 8327 8326
f 8437 8449 8438
f 8438 8449 8450
f 8438 8450 8439
f 8439 8450 8451
f 8439 8451 8440
f 8440 8451 8452
f 8440 8452 8441
f 8441 8452 8453
f 8441 8453 8442
f 8442 8453 8454
f 8442 8454 8443
f 8443 8454 8455
f 8443 8455 8444
f 8444 8455 8456
f 8444 8456 8445
f 8445 8456 8457
f 8445 8457 8446
f 8446 8457 8458
f 8446 8458 8447
f 8447 8458 8459
f 8447 8459 8327
f 8327 8459 8324
f 8327 8324 8325
f 8325 8324 8323
f 8449 8460 8450
f 8450 8460 8461
f 8450 8461 8451
f 8451 8461 8462
f 8451 8462 8452
f 8452 8462 8463
f 8452 8463 8453
f 8453 8463 8464
f 8453 8464 8454
f 8454 8464 8465
f 8454 8465 8455
f 8455 8465 8466
f 8455 8466 8456
f 8456 8466 8467
f 8456 8467 8457
f 8457 8467 8468
f 8457 8468 8458
f 8458 8468 8469
f 8458 8469 8459
f 8459 8469 8470
f 8459 8470 8324
f 8324 8470 8346
f 8324 8346 8322
f 8322 8346 8347
f 549 8361 8320
f 8320 8361 8471
f 8320 8471 8362
f 8362 8471 8472
f 8362 8472 8363
f 8363 8472 8473
f 8363 8473 8435
f 8435 8473 8474
f 8435 8474 8436
f 8436 8474 8376
f 8436 8376 8370
f 8370 8376 8375
f 8370 8375 8368
f 8460 8475 8461
f 8461 8475 8476
f 8461 8476 8462
f 8462 8476 8477
f 8462 8477 8463
f 8463 8477 8478
f 8463 8478 8464
f 8464 8478 8479
f 8464 8479 8465
f 8465 8479 8480
f 8465 8480 8466
f 8466 8480 8481
f 8466 8481 8467
f 8467 8481 8482
f 8467 8482 8468
f 8468 8482 8483
f 8468 8483 8469
f 8469 8483 8484
f 8469 8484 8470
f 8470 8484 8485
f 8470 8485 8346
f 8346 8485 8349
f 8346 8349 8344
f 8344 8349 8348
f 8344 8348 8342
f 8342 8348 489
f 472 498 8359
f 8359 498 8349
f 8359 8349 8358
f 8358 8349 8485
f 8358 8485 8357
f 8357 8485 8484
f 8357 8484 8356
f 8356 8484 8483
f 8356 8483 8355
f 8355 8483 8482
f 8355 8482 8354
f 8354 8482 8481
f 8354 8481 8353
f 8353 8481 8480
f 8353 8480 8352
f 8352 8480 8479
f 8352 8479 8351
f 8351 8479 8478
f 8351 8478 8350
f 8350 8478 8477
f 8350 8477 8321
f 8321 8477 8476
f 8321 8476 541
f 541 8476 8475
f 541 8475 8360
f 8360 8475 8460
f 8360 8460 8361
f 8361 8460 8449
f 8361 8449 8471
f 8471 8449 8437
f 8471 8437 8472
f 8472 8437 8425
f 8472 8425 8473
f 8473 8425 8415
f 8473 8415 8474
f 8474 8415 8404
f 8474 8404 8376
f 8376 8404 8377
f 8376 8377 8374
f 8374 8377 8379
f 8374 8379 8372
f 8486 8487 8488
f 6161 6164 8489
f 8335 8334 8490
f 8323 8322 8491
f 8342 489 4762
f 8322 8347 8492
f 8492 8347 8345
f 8492 8345 8343
f 8326 8325 8493
f 8493 8325 8323
f 8494 8448 8326
f 8329 8328 8495
f 8495 8328 8341
f 8496 8331 8329
f 8331 8496 8332
f 8337 8414 8497
f 8497 8414 8335
f 8340 8338 8498
f 8498 8338 8337
f 6184 8340 6183
f 6183 8340 8498
f 6183 8498 6180
f 6180 8498 8499
f 6180 8499 6179
f 6179 8499 6174
f 6174 8499 8500
f 6174 8500 6173
f 6173 8500 8501
f 6173 8501 6172
f 8489 6164 8502
f 6164 6165 8502
f 8502 6165 6168
f 8502 6168 8501
f 8501 6168 6169
f 8501 6169 6172
f 8342 4762 8503
f 8503 4762 4761
f 8503 4761 8504
f 8504 4761 4758
f 8504 4758 8505
f 8505 4758 4759
f 8505 4759 8506
f 8506 4759 4760
f 8506 4760 8507
f 8507 4760 4757
f 8507 4757 8508
f 8508 4757 4755
f 8508 4755 8509
f 6161 8489 6160
f 6160 8489 8510
f 6160 8510 6155
f 6155 8510 8511
f 6155 8511 6156
f 6156 8511 8512
f 6156 8512 6157
f 6157 8512 8513
f 6157 8513 6100
f 6100 8513 6101
f 6101 8513 8514
f 6101 8514 6150
f 6150 8514 8515
f 6150 8515 6151
f 6151 8515 8516
f 6151 8516 6152
f 6152 8516 6153
f 6153 8516 8517
f 6153 8517 6154
f 6154 8517 8518
f 6154 8518 6141
f 6141 8518 8519
f 6141 8519 6142
f 6142 8519 8520
f 6142 8520 6144
f 6144 8520 8521
f 6144 8521 6145
f 4755 4754 8509
f 8509 4754 4767
f 8509 4767 8522
f 8522 4767 4766
f 8522 4766 8523
f 8523 4766 4764
f 8523 4764 8524
f 8524 4764 4763
f 8524 4763 8525
f 8525 4763 4770
f 8525 4770 8526
f 8526 4770 4769
f 8526 4769 8527
f 8527 4769 4768
f 8527 4768 8528
f 8528 4768 4773
f 8528 4773 8529
f 8529 4773 4772
f 8529 4772 8530
f 8530 4772 4771
f 8530 4771 8531
f 8531 4771 4776
f 8531 4776 8532
f 8532 4776 4775
f 8532 4775 8533
f 8533 4775 4774
f 8533 4774 8534
f 8534 4774 4787
f 6145 8521 6147
f 6147 8521 8535
f 6147 8535 6148
f 6148 8535 8536
f 6148 8536 6140
f 6140 8536 8537
f 6140 8537 6138
f 4786 8538 4787
f 4787 8538 8539
f 4787 8539 8534
f 6138 8537 6136
f 6136 8537 8540
f 6136 8540 6135
f 6135 8540 8541
f 6135 8541 6133
f 6133 8541 6126
f 6126 8541 8542
f 6126 8542 6127
f 6127 8542 8543
f 6127 8543 6129
f 6129 8543 6131
f 6131 8543 8544
f 6131 8544 6132
f 6132 8544 8545
f 6132 8545 6115
f 4786 4785 8538
f 8538 4785 4783
f 8538 4783 8546
f 8546 4783 4782
f 8546 4782 8547
f 8547 4782 4781
f 8547 4781 8548
f 8548 4781 4780
f 8548 4780 8549
f 8549 4780 4778
f 8549 4778 8550
f 8550 4778 4777
f 8550 4777 4964
f 4792 8551 4964
f 4964 8551 8552
f 4964 8552 8550
f 8553 6121 8554
f 8554 6121 6119
f 8554 6119 8545
f 8545 6119 6117
f 8545 6117 6115
f 4792 4791 8551
f 8551 4791 4789
f 8551 4789 8555
f 8322 8492 8491
f 8491 8492 8556
f 8491 8556 8557
f 8557 8556 8558
f 8557 8558 8559
f 8559 8558 8560
f 8559 8560 8561
f 8561 8560 8562
f 8561 8562 8563
f 8563 8562 8564
f 8563 8564 8565
f 8565 8564 8566
f 8565 8566 8567
f 8567 8566 8568
f 8567 8568 8569
f 8569 8568 8570
f 8569 8570 8571
f 8571 8570 8572
f 8571 8572 8573
f 8573 8572 8574
f 8573 8574 8575
f 8575 8574 8576
f 8575 8576 8577
f 8577 8576 8578
f 8577 8578 8579
f 8579 8578 8580
f 8579 8580 8581
f 8581 8580 8582
f 8581 8582 8583
f 8583 8582 8584
f 8583 8584 8585
f 8585 8584 8586
f 8585 8586 8587
f 8587 8586 8588
f 8587 8588 8589
f 8589 8588 8590
f 8589 8590 8591
f 8591 8590 8592
f 8591 8592 8593
f 8593 8592 8594
f 8593 8594 8595
f 8595 8594 8596
f 8595 8596 8597
f 8597 8596 8598
f 8597 8598 8599
f 8599 8598 8600
f 8599 8600 8601
f 8601 8600 8602
f 8601 8602 8603
f 8603 8602 8604
f 8603 8604 8605
f 8605 8604 8606
f 8605 8606 8607
f 8607 8606 8608
f 8607 8608 8609
f 8609 8608 8610
f 8609 8610 8611
f 8611 8610 8612
f 8611 8612 8613
f 8613 8612 8614
f 8613 8614 8615
f 8332 8496 8616
f 8616 8496 8617
f 8616 8617 8618
f 8618 8617 8619
f 8618 8619 8620
f 8620 8619 8621
f 8620 8621 8622
f 8622 8621 8623
f 8622 8623 8624
f 8624 8623 8625
f 8624 8625 8626
f 8626 8625 8627
f 8626 8627 8628
f 8628 8627 8629
f 8628 8629 8630
f 8630 8629 8631
f 8630 8631 8632
f 8632 8631 8633
f 8632 8633 8634
f 8634 8633 8635
f 8634 8635 8636
f 8636 8635 8637
f 8636 8637 8638
f 8638 8637 8639
f 8638 8639 8640
f 8640 8639 8641
f 8640 8641 8642
f 8642 8641 8643
f 8642 8643 8644
f 8644 8643 8645
f 8644 8645 8646
f 8646 8645 8647
f 8646 8647 8648
f 8648 8647 8649
f 8648 8649 8650
f 8650 8649 8651
f 8650 8651 8652
f 8652 8651 8653
f 8652 8653 8654
f 8654 8653 8655
f 8654 8655 8656
f 8656 8655 8657
f 8656 8657 8658
f 8658 8657 8659
f 8658 8659 8660
f 8660 8659 8661
f 8660 8661 8662
f 8662 8661 8663
f 8662 8663 8664
f 8664 8663 8665
f 8664 8665 8666
f 8666 8665 8667
f 8666 8667 8668
f 8668 8667 8669
f 8668 8669 8670
f 8670 8669 8671
f 8670 8671 8672
f 8672 8671 8673
f 8672 8673 8674
f 8674 8673 8675
f 8674 8675 8676
f 8335 8490 8497
f 8497 8490 8677
f 8497 8677 8678
f 8678 8677 8679
f 8678 8679 8680
f 8680 8679 8681
f 8680 8681 8682
f 8682 8681 8683
f 8682 8683 8684
f 8684 8683 8685
f 8684 8685 8686
f 8686 8685 8687
f 8686 8687 8688
f 8688 8687 8689
f 8688 8689 8690
f 8690 8689 8691
f 8690 8691 8692
f 8692 8691 8693
f 8692 8693 8694
f 8694 8693 8695
f 8694 8695 8696
f 8696 8695 8697
f 8696 8697 8698
f 8698 8697 8699
f 8698 8699 8700
f 8700 8699 8701
f 8700 8701 8702
f 8702 8701 8703
f 8702 8703 8704
f 8704 8703 8705
f 8704 8705 8706
f 8706 8705 8707
f 8706 8707 8708
f 8708 8707 8709
f 8708 8709 8710
f 8710 8709 8711
f 8710 8711 8712
f 8712 8711 8713
f 8712 8713 8714
f 8714 8713 8715
f 8714 8715 8716
f 8716 8715 8717
f 8716 8717 8718
f 8718 8717 8719
f 8718 8719 8720
f 8720 8719 8721
f 8720 8721 8722
f 8722 8721 8723
f 8722 8723 8724
f 8724 8723 8725
f 8724 8725 8726
f 8726 8725 8727
f 8726 8727 8728
f 8728 8727 8729
f 8728 8729 8730
f 8730 8729 8731
f 8730 8731 8732
f 8732 8731 8733
f 8732 8733 8734
f 8734 8733 8735
f 8734 8735 8736
f 8337 8497 8498
f 8498 8497 8678
f 8498 8678 8499
f 8499 8678 8680
f 8499 8680 8500
f 8500 8680 8682
f 8500 8682 8501
f 8501 8682 8684
f 8501 8684 8502
f 8502 8684 8686
f 8502 8686 8489
f 8489 8686 8688
f 8489 8688 8510
f 8510 8688 8690
f 8510 8690 8511
f 8511 8690 8692
f 8511 8692 8512
f 8512 8692 8694
f 8512 8694 8513
f 8513 8694 8696
f 8513 8696 8514
f 8514 8696 8698
f 8514 8698 8515
f 8515 8698 8700
f 8515 8700 8516
f 8516 8700 8702
f 8516 8702 8517
f 8517 8702 8704
f 8517 8704 8518
f 8518 8704 8706
f 8518 8706 8519
f 8519 8706 8708
f 8519 8708 8520
f 8520 8708 8710
f 8520 8710 8521
f 8521 8710 8712
f 8521 8712 8535
f 8535 8712 8714
f 8535 8714 8536
f 8536 8714 8716
f 8536 8716 8537
f 8537 8716 8718
f 8537 8718 8540
f 8540 8718 8720
f 8540 8720 8541
f 8541 8720 8722
f 8541 8722 8542
f 8542 8722 8724
f 8542 8724 8543
f 8543 8724 8726
f 8543 8726 8544
f 8544 8726 8728
f 8544 8728 8545
f 8545 8728 8730
f 8545 8730 8554
f 8554 8730 8732
f 8554 8732 8553
f 8553 8732 8734
f 8553 8734 8737
f 8737 8734 8736
f 8737 8736 8738
f 4799 8739 4794
f 4794 8739 4795
f 4789 4788 8555
f 8555 4788 4795
f 8555 4795 8740
f 8740 4795 8739
f 8740 8739 8741
f 8741 8614 8740
f 8740 8614 8612
f 8740 8612 8555
f 8555 8612 8610
f 8555 8610 8551
f 8551 8610 8608
f 8551 8608 8552
f 8552 8608 8606
f 8552 8606 8550
f 8550 8606 8604
f 8550 8604 8549
f 8549 8604 8602
f 8549 8602 8548
f 8548 8602 8600
f 8548 8600 8547
f 8547 8600 8598
f 8547 8598 8546
f 8546 8598 8596
f 8546 8596 8538
f 8538 8596 8594
f 8538 8594 8539
f 8539 8594 8592
f 8539 8592 8534
f 8534 8592 8590
f 8534 8590 8533
f 8533 8590 8588
f 8533 8588 8532
f 8532 8588 8586
f 8532 8586 8531
f 8531 8586 8584
f 8531 8584 8530
f 8530 8584 8582
f 8530 8582 8529
f 8529 8582 8580
f 8529 8580 8528
f 8528 8580 8578
f 8528 8578 8527
f 8527 8578 8576
f 8527 8576 8526
f 8526 8576 8574
f 8526 8574 8525
f 8525 8574 8572
f 8525 8572 8524
f 8524 8572 8570
f 8524 8570 8523
f 8523 8570 8568
f 8523 8568 8522
f 8522 8568 8566
f 8522 8566 8509
f 8509 8566 8564
f 8509 8564 8508
f 8508 8564 8562
f 8508 8562 8507
f 8507 8562 8560
f 8507 8560 8506
f 8506 8560 8558
f 8506 8558 8505
f 8505 8558 8556
f 8505 8556 8504
f 8504 8556 8492
f 8504 8492 8503
f 8503 8492 8343
f 8503 8343 8342
f 8741 8742 8614
f 8614 8742 8743
f 8614 8743 8615
f 8615 8743 8744
f 8615 8744 8745
f 8323 8491 8493
f 8493 8491 8557
f 8493 8557 8746
f 8746 8557 8559
f 8746 8559 8747
f 8747 8559 8561
f 8747 8561 8748
f 8748 8561 8563
f 8748 8563 8749
f 8749 8563 8565
f 8749 8565 8750
f 8750 8565 8567
f 8750 8567 8751
f 8751 8567 8569
f 8751 8569 8752
f 8752 8569 8571
f 8752 8571 8753
f 8753 8571 8573
f 8753 8573 8754
f 8754 8573 8575
f 8754 8575 8755
f 8755 8575 8577
f 8755 8577 8756
f 8756 8577 8579
f 8756 8579 8757
f 8757 8579 8581
f 8757 8581 8758
f 8758 8581 8583
f 8758 8583 8759
f 8759 8583 8585
f 8759 8585 8760
f 8760 8585 8587
f 8760 8587 8761
f 8761 8587 8589
f 8761 8589 8762
f 8762 8589 8591
f 8762 8591 8763
f 8763 8591 8593
f 8763 8593 8764
f 8764 8593 8595
f 8764 8595 8765
f 8765 8595 8597
f 8765 8597 8766
f 8766 8597 8599
f 8766 8599 8767
f 8767 8599 8601
f 8767 8601 8768
f 8768 8601 8603
f 8768 8603 8769
f 8769 8603 8605
f 8769 8605 8770
f 8770 8605 8607
f 8770 8607 8771
f 8771 8607 8609
f 8771 8609 8772
f 8772 8609 8611
f 8772 8611 8773
f 8773 8611 8613
f 8773 8613 8774
f 8774 8613 8615
f 8774 8615 8775
f 8775 8615 8745
f 8775 8745 8776
f 8776 8777 8775
f 8775 8777 8778
f 8775 8778 8779
f 8326 8493 8494
f 8494 8493 8746
f 8494 8746 8780
f 8780 8746 8747
f 8780 8747 8781
f 8781 8747 8748
f 8781 8748 8782
f 8782 8748 8749
f 8782 8749 8783
f 8783 8749 8750
f 8783 8750 8784
f 8784 8750 8751
f 8784 8751 8785
f 8785 8751 8752
f 8785 8752 8786
f 8786 8752 8753
f 8786 8753 8787
f 8787 8753 8754
f 8787 8754 8788
f 8788 8754 8755
f 8788 8755 8789
f 8789 8755 8756
f 8789 8756 8790
f 8790 8756 8757
f 8790 8757 8791
f 8791 8757 8758
f 8791 8758 8792
f 8792 8758 8759
f 8792 8759 8793
f 8793 8759 8760
f 8793 8760 8794
f 8794 8760 8761
f 8794 8761 8795
f 8795 8761 8762
f 8795 8762 8796
f 8796 8762 8763
f 8796 8763 8797
f 8797 8763 8764
f 8797 8764 8798
f 8798 8764 8765
f 8798 8765 8799
f 8799 8765 8766
f 8799 8766 8800
f 8800 8766 8767
f 8800 8767 8801
f 8801 8767 8768
f 8801 8768 8802
f 8802 8768 8769
f 8802 8769 8803
f 8803 8769 8770
f 8803 8770 8804
f 8804 8770 8771
f 8804 8771 8805
f 8805 8771 8772
f 8805 8772 8806
f 8806 8772 8773
f 8806 8773 8807
f 8807 8773 8774
f 8807 8774 8808
f 8808 8774 8775
f 8808 8775 8488
f 8488 8775 8779
f 8488 8779 8486
f 8487 8809 8488
f 8488 8809 8810
f 8488 8810 8811
f 8811 8812 8488
f 8488 8812 8813
f 8488 8813 8814
f 8814 8815 8488
f 8488 8815 8816
f 8488 8816 8808
f 8808 8816 8817
f 8808 8817 8807
f 8807 8817 8818
f 8807 8818 8806
f 8806 8818 8819
f 8806 8819 8805
f 8805 8819 8820
f 8805 8820 8804
f 8804 8820 8821
f 8804 8821 8803
f 8803 8821 8822
f 8803 8822 8802
f 8802 8822 8823
f 8802 8823 8801
f 8801 8823 8824
f 8801 8824 8800
f 8800 8824 8825
f 8800 8825 8799
f 8799 8825 8826
f 8799 8826 8798
f 8798 8826 8827
f 8798 8827 8797
f 8797 8827 8828
f 8797 8828 8796
f 8796 8828 8829
f 8796 8829 8795
f 8795 8829 8830
f 8795 8830 8794
f 8794 8830 8831
f 8794 8831 8793
f 8793 8831 8832
f 8793 8832 8792
f 8792 8832 8833
f 8792 8833 8791
f 8791 8833 8834
f 8791 8834 8790
f 8790 8834 8835
f 8790 8835 8789
f 8789 8835 8836
f 8789 8836 8788
f 8788 8836 8837
f 8788 8837 8787
f 8787 8837 8838
f 8787 8838 8786
f 8786 8838 8839
f 8786 8839 8785
f 8785 8839 8840
f 8785 8840 8784
f 8784 8840 8841
f 8784 8841 8783
f 8783 8841 8842
f 8783 8842 8782
f 8782 8842 8843
f 8782 8843 8781
f 8781 8843 8844
f 8781 8844 8780
f 8780 8844 8495
f 8780 8495 8494
f 8494 8495 8341
f 8494 8341 8448
f 8814 8845 8815
f 8815 8845 8846
f 8815 8846 8847
f 8847 8848 8815
f 8815 8848 8849
f 8815 8849 8850
f 8329 8495 8496
f 8496 8495 8844
f 8496 8844 8617
f 8617 8844 8843
f 8617 8843 8619
f 8619 8843 8842
f 8619 8842 8621
f 8621 8842 8841
f 8621 8841 8623
f 8623 8841 8840
f 8623 8840 8625
f 8625 8840 8839
f 8625 8839 8627
f 8627 8839 8838
f 8627 8838 8629
f 8629 8838 8837
f 8629 8837 8631
f 8631 8837 8836
f 8631 8836 8633
f 8633 8836 8835
f 8633 8835 8635
f 8635 8835 8834
f 8635 8834 8637
f 8637 8834 8833
f 8637 8833 8639
f 8639 8833 8832
f 8639 8832 8641
f 8641 8832 8831
f 8641 8831 8643
f 8643 8831 8830
f 8643 8830 8645
f 8645 8830 8829
f 8645 8829 8647
f 8647 8829 8828
f 8647 8828 8649
f 8649 8828 8827
f 8649 8827 8651
f 8651 8827 8826
f 8651 8826 8653
f 8653 8826 8825
f 8653 8825 8655
f 8655 8825 8824
f 8655 8824 8657
f 8657 8824 8823
f 8657 8823 8659
f 8659 8823 8822
f 8659 8822 8661
f 8661 8822 8821
f 8661 8821 8663
f 8663 8821 8820
f 8663 8820 8665
f 8665 8820 8819
f 8665 8819 8667
f 8667 8819 8818
f 8667 8818 8669
f 8669 8818 8817
f 8669 8817 8671
f 8671 8817 8816
f 8671 8816 8673
f 8673 8816 8815
f 8673 8815 8675
f 8675 8815 8850
f 8675 8850 8851
f 8851 8852 8675
f 8675 8852 8853
f 8675 8853 8676
f 8676 8853 8854
f 8676 8854 8855
f 8855 8735 8676
f 8676 8735 8733
f 8676 8733 8674
f 8674 8733 8731
f 8674 8731 8672
f 8672 8731 8729
f 8672 8729 8670
f 8670 8729 8727
f 8670 8727 8668
f 8668 8727 8725
f 8668 8725 8666
f 8666 8725 8723
f 8666 8723 8664
f 8664 8723 8721
f 8664 8721 8662
f 8662 8721 8719
f 8662 8719 8660
f 8660 8719 8717
f 8660 8717 8658
f 8658 8717 8715
f 8658 8715 8656
f 8656 8715 8713
f 8656 8713 8654
f 8654 8713 8711
f 8654 8711 8652
f 8652 8711 8709
f 8652 8709 8650
f 8650 8709 8707
f 8650 8707 8648
f 8648 8707 8705
f 8648 8705 8646
f 8646 8705 8703
f 8646 8703 8644
f 8644 8703 8701
f 8644 8701 8642
f 8642 8701 8699
f 8642 8699 8640
f 8640 8699 8697
f 8640 8697 8638
f 8638 8697 8695
f 8638 8695 8636
f 8636 8695 8693
f 8636 8693 8634
f 8634 8693 8691
f 8634 8691 8632
f 8632 8691 8689
f 8632 8689 8630
f 8630 8689 8687
f 8630 8687 8628
f 8628 8687 8685
f 8628 8685 8626
f 8626 8685 8683
f 8626 8683 8624
f 8624 8683 8681
f 8624 8681 8622
f 8622 8681 8679
f 8622 8679 8620
f 8620 8679 8677
f 8620 8677 8618
f 8618 8677 8490
f 8618 8490 8616
f 8616 8490 8334
f 8616 8334 8332
f 6105 6111 8738
f 8738 6111 6109
f 8738 6109 8737
f 8737 6109 6108
f 8737 6108 8553
f 8553 6108 6123
f 8553 6123 6121
f 8855 8856 8735
f 8735 8856 8857
f 8735 8857 8736
f 8736 8857 8858
f 8736 8858 8738
f 8738 8858 8859
f 8738 8859 6105
f 6105 8859 8860
f 6105 8860 6103
f 8373 8372 8861
f 8401 6184 6182
f 8862 8402 8401
f 8400 8399 8863
f 8863 8399 8403
f 8397 8396 8864
f 8864 8396 8400
f 8865 8393 8397
f 8391 8390 8866
f 8866 8390 8394
f 8387 8385 8867
f 8867 8385 8391
f 8382 8388 8868
f 8868 8388 8387
f 8869 8383 8382
f 8870 8379 8380
f 8379 8870 8372
f 8373 8861 8375
f 8369 8368 8871
f 8871 8368 8375
f 8367 8371 8872
f 8872 8371 8369
f 5211 599 8367
f 8401 6182 8862
f 8862 6182 6181
f 8862 6181 8873
f 6181 6178 8873
f 8873 6178 6177
f 8873 6177 8874
f 8874 6177 6176
f 8874 6176 8875
f 8875 6176 6175
f 8875 6175 8876
f 6175 6171 8876
f 8876 6171 6170
f 8876 6170 8877
f 6170 6167 8877
f 8877 6167 6166
f 8877 6166 8878
f 6166 6163 8878
f 8878 6163 6162
f 8878 6162 8879
f 6162 6159 8879
f 8879 6159 6158
f 8879 6158 8880
f 6158 6102 8880
f 8880 6102 6149
f 8880 6149 8881
f 8881 6149 6143
f 6143 6146 8881
f 8881 6146 6139
f 8881 6139 8882
f 6139 6137 8882
f 8882 6137 6134
f 8882 6134 8883
f 6134 6128 8883
f 8883 6128 6130
f 8883 6130 8884
f 6130 6114 8884
f 8884 6114 6116
f 8884 6116 8885
f 6116 6118 8885
f 8885 6118 6120
f 8885 6120 8886
f 8886 6120 6122
f 6122 6124 8886
f 8886 6124 6125
f 8886 6125 8887
f 8887 6125 6110
f 8887 6110 8888
f 6110 6112 8888
f 8888 6112 6113
f 8888 6113 8889
f 8889 6113 6107
f 8889 6107 8890
f 8400 8863 8864
f 8864 8863 8891
f 8864 8891 8892
f 8892 8891 8893
f 8892 8893 8894
f 8894 8893 8895
f 8894 8895 8896
f 8896 8895 8897
f 8896 8897 8898
f 8898 8897 8899
f 8898 8899 8900
f 8900 8899 8901
f 8900 8901 8902
f 8902 8901 8903
f 8902 8903 8904
f 8904 8903 8905
f 8904 8905 8906
f 8906 8905 8907
f 8906 8907 8908
f 8908 8907 8909
f 8908 8909 8910
f 8910 8909 8911
f 8910 8911 8912
f 8912 8911 8913
f 8912 8913 8914
f 8914 8913 8915
f 8914 8915 8916
f 8916 8915 8917
f 8916 8917 8918
f 8918 8917 8919
f 8918 8919 8920
f 8920 8919 8921
f 8920 8921 8922
f 8922 8921 8923
f 8922 8923 8924
f 8924 8923 8925
f 8924 8925 8926
f 8926 8925 8927
f 8926 8927 8928
f 8397 8864 8865
f 8865 8864 8892
f 8865 8892 8929
f 8929 8892 8894
f 8929 8894 8930
f 8930 8894 8896
f 8930 8896 8931
f 8931 8896 8898
f 8931 8898 8932
f 8932 8898 8900
f 8932 8900 8933
f 8933 8900 8902
f 8933 8902 8934
f 8934 8902 8904
f 8934 8904 8935
f 8935 8904 8906
f 8935 8906 8936
f 8936 8906 8908
f 8936 8908 8937
f 8937 8908 8910
f 8937 8910 8938
f 8938 8910 8912
f 8938 8912 8939
f 8939 8912 8914
f 8939 8914 8940
f 8940 8914 8916
f 8940 8916 8941
f 8941 8916 8918
f 8941 8918 8942
f 8942 8918 8920
f 8942 8920 8943
f 8943 8920 8922
f 8943 8922 8944
f 8944 8922 8924
f 8944 8924 8945
f 8945 8924 8926
f 8945 8926 8946
f 8946 8926 8928
f 8946 8928 8947
f 8391 8866 8867
f 8867 8866 8948
f 8867 8948 8949
f 8949 8948 8950
f 8949 8950 8951
f 8951 8950 8952
f 8951 8952 8953
f 8953 8952 8954
f 8953 8954 8955
f 8955 8954 8956
f 8955 8956 8957
f 8957 8956 8958
f 8957 8958 8959
f 8959 8958 8960
f 8959 8960 8961
f 8961 8960 8962
f 8961 8962 8963
f 8963 8962 8964
f 8963 8964 8965
f 8965 8964 8966
f 8965 8966 8967
f 8967 8966 8968
f 8967 8968 8969
f 8969 8968 8970
f 8969 8970 8971
f 8971 8970 8972
f 8971 8972 8973
f 8973 8972 8974
f 8973 8974 8975
f 8975 8974 8976
f 8975 8976 8977
f 8977 8976 8978
f 8977 8978 8979
f 8979 8978 8980
f 8979 8980 8981
f 8981 8980 8982
f 8981 8982 8983
f 8983 8982 8984
f 8983 8984 8985
f 8387 8867 8868
f 8868 8867 8949
f 8868 8949 8986
f 8986 8949 8951
f 8986 8951 8987
f 8987 8951 8953
f 8987 8953 8988
f 8988 8953 8955
f 8988 8955 8989
f 8989 8955 8957
f 8989 8957 8990
f 8990 8957 8959
f 8990 8959 8991
f 8991 8959 8961
f 8991 8961 8992
f 8992 8961 8963
f 8992 8963 8993
f 8993 8963 8965
f 8993 8965 8994
f 8994 8965 8967
f 8994 8967 8995
f 8995 8967 8969
f 8995 8969 8996
f 8996 8969 8971
f 8996 8971 8997
f 8997 8971 8973
f 8997 8973 8998
f 8998 8973 8975
f 8998 8975 8999
f 8999 8975 8977
f 8999 8977 9000
f 9000 8977 8979
f 9000 8979 9001
f 9001 8979 8981
f 9001 8981 9002
f 9002 8981 8983
f 9002 8983 9003
f 9003 8983 8985
f 9003 8985 9004
f 8382 8868 8869
f 8869 8868 8986
f 8869 8986 9005
f 9005 8986 8987
f 9005 8987 9006
f 9006 8987 8988
f 9006 8988 9007
f 9007 8988 8989
f 9007 8989 9008
f 9008 8989 8990
f 9008 8990 9009
f 9009 8990 8991
f 9009 8991 9010
f 9010 8991 8992
f 9010 8992 9011
f 9011 8992 8993
f 9011 8993 9012
f 9012 8993 8994
f 9012 8994 9013
f 9013 8994 8995
f 9013 8995 9014
f 9014 8995 8996
f 9014 8996 9015
f 9015 8996 8997
f 9015 8997 9016
f 9016 8997 8998
f 9016 8998 9017
f 9017 8998 8999
f 9017 8999 9018
f 9018 8999 9000
f 9018 9000 9019
f 9019 9000 9001
f 9019 9001 9020
f 9020 9001 9002
f 9020 9002 9021
f 9021 9002 9003
f 9021 9003 9022
f 9022 9003 9004
f 9022 9004 9023
f 8372 8870 8861
f 8861 8870 9024
f 8861 9024 9025
f 9025 9024 9026
f 9025 9026 9027
f 9027 9026 9028
f 9027 9028 9029
f 9029 9028 9030
f 9029 9030 9031
f 9031 9030 9032
f 9031 9032 9033
f 9033 9032 9034
f 9033 9034 9035
f 9035 9034 9036
f 9035 9036 9037
f 9037 9036 9038
f 9037 9038 9039
f 9039 9038 9040
f 9039 9040 9041
f 9041 9040 9042
f 9041 9042 9043
f 9043 9042 9044
f 9043 9044 9045
f 9045 9044 9046
f 9045 9046 9047
f 9047 9046 9048
f 9047 9048 9049
f 9049 9048 9050
f 9049 9050 9051
f 9051 9050 9052
f 9051 9052 9053
f 9053 9052 9054
f 9053 9054 9055
f 9055 9054 9056
f 9055 9056 9057
f 9057 9056 9058
f 9057 9058 9059
f 9059 9058 9060
f 9059 9060 9061
f 8375 8861 8871
f 8871 8861 9025
f 8871 9025 9062
f 9062 9025 9027
f 9062 9027 9063
f 9063 9027 9029
f 9063 9029 9064
f 9064 9029 9031
f 9064 9031 9065
f 9065 9031 9033
f 9065 9033 9066
f 9066 9033 9035
f 9066 9035 9067
f 9067 9035 9037
f 9067 9037 9068
f 9068 9037 9039
f 9068 9039 9069
f 9069 9039 9041
f 9069 9041 9070
f 9070 9041 9043
f 9070 9043 9071
f 9071 9043 9045
f 9071 9045 9072
f 9072 9045 9047
f 9072 9047 9073
f 9073 9047 9049
f 9073 9049 9074
f 9074 9049 9051
f 9074 9051 9075
f 9075 9051 9053
f 9075 9053 9076
f 9076 9053 9055
f 9076 9055 9077
f 9077 9055 9057
f 9077 9057 9078
f 9078 9057 9059
f 9078 9059 9079
f 9079 9059 9061
f 9079 9061 9080
f 6107 6106 8890
f 8890 6106 6104
f 8890 6104 9081
f 9081 6104 6103
f 9081 6103 9082
f 9082 8927 9081
f 9081 8927 8925
f 9081 8925 8890
f 8890 8925 8923
f 8890 8923 8889
f 8889 8923 8921
f 8889 8921 8888
f 8888 8921 8919
f 8888 8919 8887
f 8887 8919 8917
f 8887 8917 8886
f 8886 8917 8915
f 8886 8915 8885
f 8885 8915 8913
f 8885 8913 8884
f 8884 8913 8911
f 8884 8911 8883
f 8883 8911 8909
f 8883 8909 8882
f 8882 8909 8907
f 8882 8907 8881
f 8881 8907 8905
f 8881 8905 8880
f 8880 8905 8903
f 8880 8903 8879
f 8879 8903 8901
f 8879 8901 8878
f 8878 8901 8899
f 8878 8899 8877
f 8877 8899 8897
f 8877 8897 8876
f 8876 8897 8895
f 8876 8895 8875
f 8875 8895 8893
f 8875 8893 8874
f 8874 8893 8891
f 8874 8891 8873
f 8873 8891 8863
f 8873 8863 8862
f 8862 8863 8403
f 8862 8403 8402
f 9082 9083 8927
f 8927 9083 9084
f 8927 9084 8928
f 8928 9084 9085
f 8928 9085 8947
f 8947 9085 9086
f 8947 9086 9087
f 9087 8984 8947
f 8947 8984 8982
f 8947 8982 8946
f 8946 8982 8980
f 8946 8980 8945
f 8945 8980 8978
f 8945 8978 8944
f 8944 8978 8976
f 8944 8976 8943
f 8943 8976 8974
f 8943 8974 8942
f 8942 8974 8972
f 8942 8972 8941
f 8941 8972 8970
f 8941 8970 8940
f 8940 8970 8968
f 8940 8968 8939
f 8939 8968 8966
f 8939 8966 8938
f 8938 8966 8964
f 8938 8964 8937
f 8937 8964 8962
f 8937 8962 8936
f 8936 8962 8960
f 8936 8960 8935
f 8935 8960 8958
f 8935 8958 8934
f 8934 8958 8956
f 8934 8956 8933
f 8933 8956 8954
f 8933 8954 8932
f 8932 8954 8952
f 8932 8952 8931
f 8931 8952 8950
f 8931 8950 8930
f 8930 8950 8948
f 8930 8948 8929
f 8929 8948 8866
f 8929 8866 8865
f 8865 8866 8394
f 8865 8394 8393
f 9087 9088 8984
f 8984 9088 9089
f 8984 9089 8985
f 8985 9089 9090
f 8985 9090 9004
f 9004 9090 9091
f 9004 9091 9023
f 9023 9091 9092
f 9023 9092 9093
f 9093 9060 9023
f 9023 9060 9058
f 9023 9058 9022
f 9022 9058 9056
f 9022 9056 9021
f 9021 9056 9054
f 9021 9054 9020
f 9020 9054 9052
f 9020 9052 9019
f 9019 9052 9050
f 9019 9050 9018
f 9018 9050 9048
f 9018 9048 9017
f 9017 9048 9046
f 9017 9046 9016
f 9016 9046 9044
f 9016 9044 9015
f 9015 9044 9042
f 9015 9042 9014
f 9014 9042 9040
f 9014 9040 9013
f 9013 9040 9038
f 9013 9038 9012
f 9012 9038 9036
f 9012 9036 9011
f 9011 9036 9034
f 9011 9034 9010
f 9010 9034 9032
f 9010 9032 9009
f 9009 9032 9030
f 9009 9030 9008
f 9008 9030 9028
f 9008 9028 9007
f 9007 9028 9026
f 9007 9026 9006
f 9006 9026 9024
f 9006 9024 9005
f 9005 9024 8870
f 9005 8870 8869
f 8869 8870 8380
f 8869 8380 8383
f 9093 9094 9060
f 9060 9094 9095
f 9060 9095 9061
f 9061 9095 9096
f 9061 9096 9080
f 9080 9096 9097
f 9080 9097 9098
f 8369 8871 8872
f 8872 8871 9062
f 8872 9062 9099
f 9099 9062 9063
f 9099 9063 9100
f 9100 9063 9064
f 9100 9064 9101
f 9101 9064 9065
f 9101 9065 9102
f 9102 9065 9066
f 9102 9066 9103
f 9103 9066 9067
f 9103 9067 9104
f 9104 9067 9068
f 9104 9068 9105
f 9105 9068 9069
f 9105 9069 9106
f 9106 9069 9070
f 9106 9070 9107
f 9107 9070 9071
f 9107 9071 9108
f 9108 9071 9072
f 9108 9072 9109
f 9109 9072 9073
f 9109 9073 9110
f 9110 9073 9074
f 9110 9074 9111
f 9111 9074 9075
f 9111 9075 9112
f 9112 9075 9076
f 9112 9076 9113
f 9113 9076 9077
f 9113 9077 9114
f 9114 9077 9078
f 9114 9078 9115
f 9115 9078 9079
f 9115 9079 9116
f 9116 9079 9080
f 9116 9080 9117
f 9117 9080 9098
f 9117 9098 9118
f 8367 8872 5211
f 5211 8872 9099
f 5211 9099 5315
f 5315 9099 9100
f 5315 9100 5316
f 5316 9100 9101
f 5316 9101 5318
f 5318 9101 9102
f 5318 9102 5320
f 5320 9102 9103
f 5320 9103 5212
f 5212 9103 9104
f 5212 9104 5213
f 5213 9104 9105
f 5213 9105 5296
f 5296 9105 9106
f 5296 9106 5297
f 5297 9106 9107
f 5297 9107 5299
f 5299 9107 9108
f 5299 9108 5300
f 5300 9108 9109
f 5300 9109 5228
f 5228 9109 9110
f 5228 9110 5230
f 5230 9110 9111
f 5230 9111 5232
f 5232 9111 9112
f 5232 9112 5330
f 5330 9112 9113
f 5330 9113 5328
f 5328 9113 9114
f 5328 9114 5326
f 5326 9114 9115
f 5326 9115 5270
f 5270 9115 9116
f 5270 9116 5331
f 5331 9116 9117
f 5331 9117 5332
f 5332 9117 9118
f 5332 9118 5164
f 8856 8855 9119
f 8854 8853 9120
f 8851 8850 9121
f 8744 8743 9122
f 8741 8739 9123
f 5117 9124 5118
f 5135 5134 9125
f 5149 5157 9126
f 6103 8860 9082
f 9082 8860 9127
f 9082 9127 9083
f 9087 9086 9128
f 9128 9086 9085
f 9128 9085 9127
f 9127 9085 9084
f 9127 9084 9083
f 9129 9093 9092
f 9092 9091 9129
f 9129 9091 9090
f 9129 9090 9130
f 9130 9090 9089
f 9130 9089 9088
f 9093 9129 9094
f 9094 9129 9131
f 9094 9131 9095
f 9096 9132 9097
f 9097 9132 9098
f 9098 9132 9118
f 9118 9132 9126
f 9118 9126 5164
f 5157 5166 9126
f 9126 5166 5165
f 9126 5165 5164
f 5138 5137 9133
f 9133 5137 5150
f 9133 5150 9134
f 5132 5131 9135
f 9135 5131 5140
f 9135 5140 9136
f 9125 5134 9137
f 9124 5117 9125
f 9125 5117 5136
f 9125 5136 5135
f 5107 5110 9138
f 5096 5108 9139
f 9139 5108 5107
f 9139 5107 9140
f 9140 5107 9138
f 5099 5097 9141
f 9141 9142 5099
f 5099 9142 9143
f 5099 9143 5093
f 9144 5089 9143
f 9143 5089 5094
f 9143 5094 5093
f 5090 9145 5092
f 5092 9145 9146
f 5092 9146 5083
f 5083 9146 5084
f 5084 9146 9123
f 5084 9123 5086
f 5086 9123 8739
f 5086 8739 4799
f 8744 9122 8745
f 8745 9122 9147
f 8745 9147 8776
f 8850 8849 9121
f 9121 8849 8848
f 9121 8848 9148
f 9148 8848 8847
f 9148 8847 9149
f 9149 8847 8846
f 9149 8846 9150
f 9150 8846 8845
f 9150 8845 9151
f 9151 8845 8814
f 9151 8814 9152
f 9152 8814 8813
f 9152 8813 9153
f 9153 8813 8812
f 9153 8812 9154
f 9154 8812 8811
f 9154 8811 9155
f 9155 8811 8810
f 9155 8810 9156
f 9156 8810 8809
f 9156 8809 9157
f 9157 8809 8487
f 9157 8487 9158
f 9158 8487 8486
f 9158 8486 9159
f 9159 8486 8779
f 9159 8779 9160
f 9160 8779 8778
f 9160 8778 9161
f 9161 8778 8777
f 8856 9119 8857
f 9096 9095 9132
f 9132 9095 9131
f 9132 9131 9126
f 9126 9131 9134
f 9126 9134 5149
f 5149 9134 5150
f 9088 9087 9130
f 9130 9087 9128
f 9130 9128 9129
f 9129 9128 9162
f 9129 9162 9131
f 9131 9162 9163
f 9131 9163 9134
f 9134 9163 9164
f 9134 9164 9133
f 9133 9164 9136
f 9133 9136 5138
f 5138 9136 5140
f 8860 8859 9127
f 9127 8859 9165
f 9127 9165 9128
f 9128 9165 9166
f 9128 9166 9162
f 9162 9166 9167
f 9162 9167 9163
f 9163 9167 9168
f 9163 9168 9164
f 9164 9168 9169
f 9164 9169 9136
f 9136 9169 9170
f 9136 9170 9135
f 9135 9170 9137
f 9135 9137 5132
f 5132 9137 5134
f 8859 8858 9165
f 9165 8858 9171
f 9165 9171 9166
f 9166 9171 9172
f 9166 9172 9167
f 9167 9172 9173
f 9167 9173 9168
f 9168 9173 9174
f 9168 9174 9169
f 9169 9174 9175
f 9169 9175 9170
f 9170 9175 9176
f 9170 9176 9137
f 9137 9176 9177
f 9137 9177 9125
f 9125 9177 9178
f 9125 9178 9124
f 9124 9178 9179
f 9124 9179 5118
f 5118 9179 9138
f 5118 9138 5119
f 5119 9138 5110
f 5090 5089 9145
f 9145 5089 9144
f 9145 9144 9146
f 9146 9144 9180
f 9146 9180 9123
f 9123 9180 9181
f 9123 9181 8741
f 8741 9181 8742
f 8858 8857 9171
f 9171 8857 9119
f 9171 9119 9172
f 9172 9119 9182
f 9172 9182 9173
f 9173 9182 9183
f 9173 9183 9174
f 9174 9183 9184
f 9174 9184 9175
f 9175 9184 9185
f 9175 9185 9176
f 9176 9185 9186
f 9176 9186 9177
f 9177 9186 9187
f 9177 9187 9178
f 9178 9187 9188
f 9178 9188 9179
f 9179 9188 9189
f 9179 9189 9138
f 9138 9189 9190
f 9138 9190 9140
f 9140 9190 9191
f 9140 9191 9139
f 9139 9191 9141
f 9139 9141 5096
f 5096 9141 5097
f 8855 8854 9119
f 9119 8854 9120
f 9119 9120 9182
f 9182 9120 9192
f 9182 9192 9183
f 9183 9192 9193
f 9183 9193 9184
f 9184 9193 9194
f 9184 9194 9185
f 9185 9194 9195
f 9185 9195 9186
f 9186 9195 9196
f 9186 9196 9187
f 9187 9196 9197
f 9187 9197 9188
f 9188 9197 9198
f 9188 9198 9189
f 9189 9198 9199
f 9189 9199 9190
f 9190 9199 9200
f 9190 9200 9191
f 9191 9200 9201
f 9191 9201 9141
f 9141 9201 9202
f 9141 9202 9142
f 9142 9202 9203
f 9142 9203 9143
f 9143 9203 9204
f 9143 9204 9144
f 9144 9204 9205
f 9144 9205 9180
f 9180 9205 9147
f 9180 9147 9181
f 9181 9147 9122
f 9181 9122 8742
f 8742 9122 8743
f 8853 8852 9120
f 9120 8852 8851
f 9120 8851 9192
f 9192 8851 9121
f 9192 9121 9193
f 9193 9121 9148
f 9193 9148 9194
f 9194 9148 9149
f 9194 9149 9195
f 9195 9149 9150
f 9195 9150 9196
f 9196 9150 9151
f 9196 9151 9197
f 9197 9151 9152
f 9197 9152 9198
f 9198 9152 9153
f 9198 9153 9199
f 9199 9153 9154
f 9199 9154 9200
f 9200 9154 9155
f 9200 9155 9201
f 9201 9155 9156
f 9201 9156 9202
f 9202 9156 9157
f 9202 9157 9203
f 9203 9157 9158
f 9203 9158 9204
f 9204 9158 9159
f 9204 9159 9205
f 9205 9159 9160
f 9205 9160 9147
f 9147 9160 9161
f 9147 9161 8776
f 8776 9161 8777
f 9206 9207 9208
f 9206 9208 9209
f 9210 9209 9208
f 9211 9210 9208
f 9212 9211 9208
f 9213 9212 9208
f 9214 9213 9208
f 9215 9214 9208
f 9216 9215 9208
f 9217 9216 9208
f 9218 9217 9208
f 9219 9218 9208
f 9220 9219 9208
f 9221 9220 9208
f 9222 9221 9208
f 9223 9222 9208
f 9224 9223 9208
f 9225 9224 9208
f 9226 9225 9208
f 9227 9226 9208
f 9228 9227 9208
f 9229 9228 9208
f 9230 9229 9208
f 9231 9230 9208
f 9232 9231 9208
f 9233 9232 9208
f 9234 9233 9208
f 9235 9234 9208
f 9236 9235 9208
f 9237 9236 9208
f 9238 9237 9208
f 9239 9238 9208
f 9240 9239 9208
f 9241 9240 9208
f 9242 9241 9208
f 9243 9242 9208
f 9207 9243 9208
f 9244 9245 9246
f 6269 9247 9248
f 9249 9248 9250
f 9250 9248 9247
f 9250 9247 9251
f 9252 9253 9250
f 9250 9253 9254
f 9250 9254 9249
f 9255 9256 9257
f 9257 9256 9258
f 9257 9258 9252
f 9252 9258 9259
f 9252 9259 9253
f 9260 9261 9262
f 9260 9262 9263
f 9263 9262 9264
f 9263 9264 9265
f 9266 9267 9264
f 9264 9267 9268
f 9264 9268 9265
f 9269 9270 9266
f 9266 9270 9271
f 9266 9271 9267
f 9272 9273 9274
f 9274 9273 9275
f 9274 9275 9276
f 9277 9278 9272
f 9272 9278 9279
f 9272 9279 9273
f 388 387 9280
f 9280 387 366
f 9280 366 9281
f 9281 366 365
f 9281 365 9277
f 9277 365 9282
f 9277 9282 9278
f 388 9280 389
f 389 9280 9283
f 389 9283 403
f 403 9283 9284
f 403 9284 404
f 404 9284 9285
f 404 9285 405
f 405 9285 9286
f 405 9286 406
f 9287 422 9288
f 9288 422 421
f 9288 421 9286
f 9286 421 420
f 9286 420 406
f 9289 419 9287
f 9287 419 418
f 9287 418 422
f 9290 435 434
f 435 9290 436
f 436 9290 9291
f 436 9291 437
f 438 9292 449
f 449 9292 9293
f 449 9293 450
f 450 9293 451
f 451 9293 9294
f 451 9294 452
f 9295 465 9296
f 9296 465 464
f 9296 464 453
f 9297 467 466
f 468 467 9298
f 9298 467 9297
f 9298 9297 9299
f 9299 9297 9300
f 9299 9300 9301
f 9301 9300 9302
f 9303 9304 9305
f 9305 9304 9306
f 9305 9306 9307
f 9308 9309 9310
f 9310 9309 9311
f 9310 9311 9312
f 9313 9314 9315
f 9315 9314 9316
f 9315 9316 9317
f 9318 9319 9320
f 9320 9319 9321
f 9321 9319 9322
f 9321 9322 9323
f 9245 9244 9322
f 9322 9244 9324
f 9322 9324 9323
f 9325 9326 9327
f 9327 9326 9328
f 9327 9328 9329
f 9330 9331 9325
f 9325 9331 9332
f 9325 9332 9326
f 9333 9334 9330
f 9330 9334 9335
f 9330 9335 9331
f 9336 9337 9338
f 9338 9337 9339
f 9247 9340 9251
f 9251 9340 9341
f 9251 9341 9339
f 9339 9341 9342
f 9339 9342 9338
f 466 465 9297
f 9297 465 9295
f 9297 9295 9300
f 9300 9295 9307
f 9300 9307 9302
f 9302 9307 9306
f 453 452 9296
f 9296 452 9294
f 9296 9294 9295
f 9295 9294 9343
f 9295 9343 9307
f 9307 9343 9344
f 9307 9344 9305
f 9305 9344 9312
f 9305 9312 9303
f 9303 9312 9311
f 438 437 9292
f 9292 437 9291
f 9292 9291 9293
f 9293 9291 9345
f 9293 9345 9294
f 9294 9345 9346
f 9294 9346 9343
f 9343 9346 9347
f 9343 9347 9344
f 9344 9347 9348
f 9344 9348 9312
f 9312 9348 9349
f 9312 9349 9310
f 9310 9349 9317
f 9310 9317 9308
f 9308 9317 9316
f 434 419 9290
f 9290 419 9289
f 9290 9289 9291
f 9291 9289 9350
f 9291 9350 9345
f 9345 9350 9351
f 9345 9351 9346
f 9346 9351 9352
f 9346 9352 9347
f 9347 9352 9353
f 9347 9353 9348
f 9348 9353 9354
f 9348 9354 9349
f 9349 9354 9355
f 9349 9355 9317
f 9317 9355 9356
f 9317 9356 9315
f 9315 9356 9318
f 9315 9318 9313
f 9313 9318 9320
f 9336 9334 9337
f 9337 9334 9333
f 9337 9333 9339
f 9339 9333 9357
f 9339 9357 9251
f 9251 9357 9358
f 9251 9358 9250
f 9250 9358 9359
f 9250 9359 9252
f 9252 9359 9360
f 9252 9360 9257
f 9257 9360 9361
f 9257 9361 9255
f 9255 9361 9261
f 9255 9261 9362
f 9362 9261 9260
f 9276 9270 9274
f 9274 9270 9269
f 9274 9269 9272
f 9272 9269 9363
f 9272 9363 9277
f 9277 9363 9364
f 9277 9364 9281
f 9281 9364 9365
f 9281 9365 9280
f 9280 9365 9366
f 9280 9366 9283
f 9283 9366 9367
f 9283 9367 9284
f 9284 9367 9368
f 9284 9368 9285
f 9285 9368 9369
f 9285 9369 9286
f 9286 9369 9370
f 9286 9370 9288
f 9288 9370 9371
f 9288 9371 9287
f 9287 9371 9372
f 9287 9372 9289
f 9289 9372 9373
f 9289 9373 9350
f 9350 9373 9374
f 9350 9374 9351
f 9351 9374 9375
f 9351 9375 9352
f 9352 9375 9376
f 9352 9376 9353
f 9353 9376 9377
f 9353 9377 9354
f 9354 9377 9378
f 9354 9378 9355
f 9355 9378 9379
f 9355 9379 9356
f 9356 9379 9380
f 9356 9380 9318
f 9318 9380 9381
f 9318 9381 9319
f 9319 9381 9382
f 9319 9382 9322
f 9322 9382 9383
f 9322 9383 9245
f 9245 9383 9384
f 9245 9384 9246
f 9246 9384 9329
f 9246 9329 9385
f 9385 9329 9328
f 9369 9386 9370
f 9370 9386 9387
f 9370 9387 9371
f 9371 9387 9388
f 9371 9388 9372
f 9372 9388 9389
f 9372 9389 9373
f 9373 9389 9390
f 9373 9390 9374
f 9374 9390 9391
f 9374 9391 9375
f 9375 9391 9392
f 9375 9392 9376
f 9376 9392 9393
f 9376 9393 9377
f 9377 9393 9394
f 9377 9394 9378
f 9378 9394 9395
f 9378 9395 9379
f 9379 9395 9396
f 9379 9396 9380
f 9380 9396 9397
f 9380 9397 9381
f 9381 9397 9398
f 9381 9398 9382
f 9382 9398 9399
f 9382 9399 9383
f 9383 9399 9400
f 9383 9400 9384
f 9384 9400 9401
f 9384 9401 9329
f 9329 9401 9402
f 9329 9402 9327
f 9327 9402 9403
f 9327 9403 9325
f 9325 9403 9404
f 9325 9404 9330
f 9330 9404 9405
f 9330 9405 9333
f 9333 9405 9406
f 9333 9406 9357
f 9357 9406 9407
f 9357 9407 9358
f 9358 9407 9408
f 9358 9408 9359
f 9359 9408 9409
f 9359 9409 9360
f 9360 9409 9410
f 9360 9410 9361
f 9361 9410 9411
f 9361 9411 9261
f 9261 9411 9412
f 9261 9412 9262
f 9262 9412 9413
f 9262 9413 9264
f 9264 9413 9414
f 9264 9414 9266
f 9266 9414 9415
f 9266 9415 9269
f 9269 9415 9416
f 9269 9416 9363
f 9363 9416 9417
f 9363 9417 9364
f 9364 9417 9418
f 9364 9418 9365
f 9365 9418 9419
f 9365 9419 9366
f 9366 9419 9420
f 9366 9420 9367
f 9367 9420 9421
f 9367 9421 9368
f 9368 9421 9422
f 9368 9422 9369
f 9369 9422 9386
f 9386 9423 9387
f 9387 9423 9424
f 9387 9424 9388
f 9388 9424 9425
f 9388 9425 9389
f 9389 9425 9426
f 9389 9426 9390
f 9390 9426 9427
f 9390 9427 9391
f 9391 9427 9428
f 9391 9428 9392
f 9392 9428 9429
f 9392 9429 9393
f 9393 9429 9430
f 9393 9430 9394
f 9394 9430 9431
f 9394 9431 9395
f 9395 9431 9432
f 9395 9432 9396
f 9396 9432 9433
f 9396 9433 9397
f 9397 9433 9434
f 9397 9434 9398
f 9398 9434 9435
f 9398 9435 9399
f 9399 9435 9436
f 9399 9436 9400
f 9400 9436 9437
f 9400 9437 9401
f 9401 9437 9438
f 9401 9438 9402
f 9402 9438 9439
f 9402 9439 9403
f 9403 9439 9440
f 9403 9440 9404
f 9404 9440 9441
f 9404 9441 9405
f 9405 9441 9442
f 9405 9442 9406
f 9406 9442 9443
f 9406 9443 9407
f 9407 9443 9444
f 9407 9444 9408
f 9408 9444 9445
f 9408 9445 9409
f 9409 9445 9446
f 9409 9446 9410
f 9410 9446 9447
f 9410 9447 9411
f 9411 9447 9448
f 9411 9448 9412
f 9412 9448 9449
f 9412 9449 9413
f 9413 9449 9450
f 9413 9450 9414
f 9414 9450 9451
f 9414 9451 9415
f 9415 9451 9452
f 9415 9452 9416
f 9416 9452 9453
f 9416 9453 9417
f 9417 9453 9454
f 9417 9454 9418
f 9418 9454 9455
f 9418 9455 9419
f 9419 9455 9456
f 9419 9456 9420
f 9420 9456 9457
f 9420 9457 9421
f 9421 9457 9458
f 9421 9458 9422
f 9422 9458 9459
f 9422 9459 9386
f 9386 9459 9423
f 9423 9207 9424
f 9424 9207 9206
f 9424 9206 9425
f 9425 9206 9209
f 9425 9209 9426
f 9426 9209 9210
f 9426 9210 9427
f 9427 9210 9211
f 9427 9211 9428
f 9428 9211 9212
f 9428 9212 9429
f 9429 9212 9213
f 9429 9213 9430
f 9430 9213 9214
f 9430 9214 9431
f 9431 9214 9215
f 9431 9215 9432
f 9432 9215 9216
f 9432 9216 9433
f 9433 9216 9217
f 9433 9217 9434
f 9434 9217 9218
f 9434 9218 9435
f 9435 9218 9219
f 9435 9219 9436
f 9436 9219 9220
f 9436 9220 9437
f 9437 9220 9221
f 9437 9221 9438
f 9438 9221 9222
f 9438 9222 9439
f 9439 9222 9223
f 9439 9223 9440
f 9440 9223 9224
f 9440 9224 9441
f 9441 9224 9225
f 9441 9225 9442
f 9442 9225 9226
f 9442 9226 9443
f 9443 9226 9227
f 9443 9227 9444
f 9444 9227 9228
f 9444 9228 9445
f 9445 9228 9229
f 9445 9229 9446
f 9446 9229 9230
f 9446 9230 9447
f 9447 9230 9231
f 9447 9231 9448
f 9448 9231 9232
f 9448 9232 9449
f 9449 9232 9233
f 9449 9233 9450
f 9450 9233 9234
f 9450 9234 9451
f 9451 9234 9235
f 9451 9235 9452
f 9452 9235 9236
f 9452 9236 9453
f 9453 9236 9237
f 9453 9237 9454
f 9454 9237 9238
f 9454 9238 9455
f 9455 9238 9239
f 9455 9239 9456
f 9456 9239 9240
f 9456 9240 9457
f 9457 9240 9241
f 9457 9241 9458
f 9458 9241 9242
f 9458 9242 9459
f 9459 9242 9243
f 9459 9243 9423
f 9423 9243 9207
f 6246 6249 9460
f 9249 9254 9461
f 9362 9260 9462
f 9265 9268 9463
f 9282 365 4726
f 9279 9278 9464
f 9464 9278 9282
f 9275 9273 9465
f 9465 9273 9279
f 9270 9276 9466
f 9466 9276 9275
f 9268 9267 9467
f 9467 9267 9271
f 9467 9271 9270
f 9468 9263 9265
f 9256 9255 9469
f 9469 9255 9362
f 9470 9259 9258
f 9259 9470 9253
f 9254 9253 9471
f 6268 6269 9248
f 9248 9249 6268
f 6268 9249 9461
f 6268 9461 6265
f 6265 9461 9472
f 6265 9472 6264
f 6264 9472 6259
f 6259 9472 9473
f 6259 9473 6258
f 6258 9473 9474
f 6258 9474 6257
f 9460 6249 9475
f 6249 6250 9475
f 9475 6250 6253
f 9475 6253 9474
f 9474 6253 6254
f 9474 6254 6257
f 9282 4726 9464
f 9464 4726 4725
f 9464 4725 9476
f 9476 4725 4724
f 9476 4724 9477
f 9477 4724 4723
f 9477 4723 9478
f 9478 4723 4722
f 9478 4722 9479
f 9479 4722 4721
f 9479 4721 9480
f 9480 4721 4720
f 9480 4720 9481
f 6246 9460 6245
f 6245 9460 9482
f 6245 9482 6240
f 6240 9482 9483
f 6240 9483 6241
f 6241 9483 9484
f 6241 9484 6242
f 6242 9484 9485
f 6242 9485 6185
f 6185 9485 6186
f 6186 9485 9486
f 6186 9486 6235
f 6235 9486 9487
f 6235 9487 6236
f 6236 9487 9488
f 6236 9488 6237
f 6237 9488 6238
f 6238 9488 9489
f 6238 9489 6239
f 6239 9489 9490
f 6239 9490 6226
f 6226 9490 9491
f 6226 9491 6227
f 6227 9491 9492
f 6227 9492 6229
f 6229 9492 9493
f 6229 9493 6230
f 4720 4719 9481
f 9481 4719 4739
f 9481 4739 9494
f 9494 4739 4738
f 9494 4738 9495
f 9495 4738 4737
f 9495 4737 9496
f 9496 4737 4730
f 9496 4730 9497
f 9497 4730 4729
f 9497 4729 9498
f 9498 4729 4728
f 9498 4728 9499
f 9499 4728 4727
f 9499 4727 9500
f 9500 4727 4733
f 9500 4733 9501
f 9501 4733 4732
f 9501 4732 9502
f 9502 4732 4731
f 9502 4731 9503
f 9503 4731 4736
f 9503 4736 9504
f 9504 4736 4735
f 9504 4735 9505
f 9505 4735 4734
f 9505 4734 9506
f 9506 4734 4631
f 9506 4631 9507
f 6230 9493 6232
f 6232 9493 9508
f 6232 9508 6233
f 6233 9508 9509
f 6233 9509 6225
f 6225 9509 9510
f 6225 9510 6223
f 6223 9510 6221
f 6221 9510 9511
f 6221 9511 6220
f 6220 9511 9512
f 6220 9512 6218
f 4631 4630 9507
f 9507 4630 4744
f 9507 4744 9513
f 9513 4744 4743
f 9513 4743 9514
f 9514 4743 4741
f 9514 4741 9515
f 9515 4741 4740
f 6218 9512 6211
f 6211 9512 9516
f 6211 9516 6212
f 6212 9516 9517
f 6212 9517 6214
f 4749 9518 4740
f 4740 9518 9519
f 4740 9519 9515
f 6214 9517 6216
f 6216 9517 9520
f 6216 9520 6217
f 6217 9520 9521
f 6217 9521 6200
f 4749 4748 9518
f 9518 4748 4746
f 9518 4746 9522
f 9522 4746 4745
f 9522 4745 9523
f 9523 4745 5023
f 9523 5023 9524
f 9524 5023 4752
f 9525 6206 9526
f 9526 6206 6204
f 9526 6204 9521
f 9521 6204 6202
f 9521 6202 6200
f 4752 4751 9524
f 9524 4751 4750
f 9524 4750 9527
f 9527 4750 9528
f 9528 4750 4628
f 9528 4628 4627
f 9279 9464 9465
f 9465 9464 9476
f 9465 9476 9529
f 9529 9476 9477
f 9529 9477 9530
f 9530 9477 9478
f 9530 9478 9531
f 9531 9478 9479
f 9531 9479 9532
f 9532 9479 9480
f 9532 9480 9533
f 9533 9480 9481
f 9533 9481 9534
f 9534 9481 9494
f 9534 9494 9535
f 9535 9494 9495
f 9535 9495 9536
f 9536 9495 9496
f 9536 9496 9537
f 9537 9496 9497
f 9537 9497 9538
f 9538 9497 9498
f 9538 9498 9539
f 9539 9498 9499
f 9539 9499 9540
f 9540 9499 9500
f 9540 9500 9541
f 9541 9500 9501
f 9541 9501 9542
f 9542 9501 9502
f 9542 9502 9543
f 9543 9502 9503
f 9543 9503 9544
f 9544 9503 9504
f 9544 9504 9545
f 9545 9504 9505
f 9545 9505 9546
f 9546 9505 9506
f 9546 9506 9547
f 9547 9506 9507
f 9547 9507 9548
f 9548 9507 9513
f 9548 9513 9549
f 9549 9513 9514
f 9549 9514 9550
f 9550 9514 9515
f 9550 9515 9551
f 9551 9515 9519
f 9551 9519 9552
f 9552 9519 9518
f 9552 9518 9553
f 9553 9518 9522
f 9553 9522 9554
f 9554 9522 9523
f 9554 9523 9555
f 9555 9523 9524
f 9555 9524 9556
f 9556 9524 9527
f 9556 9527 9557
f 9557 9527 9528
f 9557 9528 9558
f 9270 9466 9467
f 9467 9466 9559
f 9467 9559 9560
f 9560 9559 9561
f 9560 9561 9562
f 9562 9561 9563
f 9562 9563 9564
f 9564 9563 9565
f 9564 9565 9566
f 9566 9565 9567
f 9566 9567 9568
f 9568 9567 9569
f 9568 9569 9570
f 9570 9569 9571
f 9570 9571 9572
f 9572 9571 9573
f 9572 9573 9574
f 9574 9573 9575
f 9574 9575 9576
f 9576 9575 9577
f 9576 9577 9578
f 9578 9577 9579
f 9578 9579 9580
f 9580 9579 9581
f 9580 9581 9582
f 9582 9581 9583
f 9582 9583 9584
f 9584 9583 9585
f 9584 9585 9586
f 9586 9585 9587
f 9586 9587 9588
f 9588 9587 9589
f 9588 9589 9590
f 9590 9589 9591
f 9590 9591 9592
f 9592 9591 9593
f 9592 9593 9594
f 9594 9593 9595
f 9594 9595 9596
f 9596 9595 9597
f 9596 9597 9598
f 9598 9597 9599
f 9598 9599 9600
f 9600 9599 9601
f 9600 9601 9602
f 9602 9601 9603
f 9602 9603 9604
f 9604 9603 9605
f 9604 9605 9606
f 9606 9605 9607
f 9606 9607 9608
f 9608 9607 9609
f 9608 9609 9610
f 9610 9609 9611
f 9610 9611 9612
f 9612 9611 9613
f 9612 9613 9614
f 9614 9613 9615
f 9614 9615 9616
f 9616 9615 9617
f 9616 9617 9618
f 9265 9463 9468
f 9468 9463 9619
f 9468 9619 9620
f 9620 9619 9621
f 9620 9621 9622
f 9622 9621 9623
f 9622 9623 9624
f 9624 9623 9625
f 9624 9625 9626
f 9626 9625 9627
f 9626 9627 9628
f 9628 9627 9629
f 9628 9629 9630
f 9630 9629 9631
f 9630 9631 9632
f 9632 9631 9633
f 9632 9633 9634
f 9634 9633 9635
f 9634 9635 9636
f 9636 9635 9637
f 9636 9637 9638
f 9638 9637 9639
f 9638 9639 9640
f 9640 9639 9641
f 9640 9641 9642
f 9642 9641 9643
f 9642 9643 9644
f 9644 9643 9645
f 9644 9645 9646
f 9646 9645 9647
f 9646 9647 9648
f 9648 9647 9649
f 9648 9649 9650
f 9650 9649 9651
f 9650 9651 9652
f 9652 9651 9653
f 9652 9653 9654
f 9654 9653 9655
f 9654 9655 9656
f 9656 9655 9657
f 9656 9657 9658
f 9658 9657 9659
f 9658 9659 9660
f 9660 9659 9661
f 9660 9661 9662
f 9662 9661 9663
f 9662 9663 9664
f 9664 9663 9665
f 9664 9665 9666
f 9666 9665 9667
f 9666 9667 9668
f 9668 9667 9669
f 9668 9669 9670
f 9670 9669 9671
f 9670 9671 9672
f 9672 9671 9673
f 9672 9673 9674
f 9674 9673 9675
f 9674 9675 9676
f 9676 9675 9677
f 9676 9677 9678
f 9362 9462 9469
f 9469 9462 9679
f 9469 9679 9680
f 9680 9679 9681
f 9680 9681 9682
f 9682 9681 9683
f 9682 9683 9684
f 9684 9683 9685
f 9684 9685 9686
f 9686 9685 9687
f 9686 9687 9688
f 9688 9687 9689
f 9688 9689 9690
f 9690 9689 9691
f 9690 9691 9692
f 9692 9691 9693
f 9692 9693 9694
f 9694 9693 9695
f 9694 9695 9696
f 9696 9695 9697
f 9696 9697 9698
f 9698 9697 9699
f 9698 9699 9700
f 9700 9699 9701
f 9700 9701 9702
f 9702 9701 9703
f 9702 9703 9704
f 9704 9703 9705
f 9704 9705 9706
f 9706 9705 9707
f 9706 9707 9708
f 9708 9707 9709
f 9708 9709 9710
f 9710 9709 9711
f 9710 9711 9712
f 9712 9711 9713
f 9712 9713 9714
f 9714 9713 9715
f 9714 9715 9716
f 9716 9715 9717
f 9716 9717 9718
f 9718 9717 9719
f 9718 9719 9720
f 9720 9719 9721
f 9720 9721 9722
f 9722 9721 9723
f 9722 9723 9724
f 9724 9723 9725
f 9724 9725 9726
f 9726 9725 9727
f 9726 9727 9728
f 9728 9727 9729
f 9728 9729 9730
f 9730 9729 9731
f 9730 9731 9732
f 9732 9731 9733
f 9732 9733 9734
f 9734 9733 9735
f 9734 9735 9736
f 9736 9735 9737
f 9736 9737 9738
f 6190 6196 9739
f 9739 6196 6194
f 9739 6194 9740
f 9740 6194 6193
f 9740 6193 9525
f 9525 6193 6208
f 9525 6208 6206
f 4627 484 9741
f 4627 9741 9528
f 9528 9741 9742
f 9528 9742 9743
f 9743 9744 9528
f 9528 9744 9745
f 9528 9745 9558
f 9558 9745 9746
f 9558 9746 9747
f 9275 9465 9466
f 9466 9465 9529
f 9466 9529 9559
f 9559 9529 9530
f 9559 9530 9561
f 9561 9530 9531
f 9561 9531 9563
f 9563 9531 9532
f 9563 9532 9565
f 9565 9532 9533
f 9565 9533 9567
f 9567 9533 9534
f 9567 9534 9569
f 9569 9534 9535
f 9569 9535 9571
f 9571 9535 9536
f 9571 9536 9573
f 9573 9536 9537
f 9573 9537 9575
f 9575 9537 9538
f 9575 9538 9577
f 9577 9538 9539
f 9577 9539 9579
f 9579 9539 9540
f 9579 9540 9581
f 9581 9540 9541
f 9581 9541 9583
f 9583 9541 9542
f 9583 9542 9585
f 9585 9542 9543
f 9585 9543 9587
f 9587 9543 9544
f 9587 9544 9589
f 9589 9544 9545
f 9589 9545 9591
f 9591 9545 9546
f 9591 9546 9593
f 9593 9546 9547
f 9593 9547 9595
f 9595 9547 9548
f 9595 9548 9597
f 9597 9548 9549
f 9597 9549 9599
f 9599 9549 9550
f 9599 9550 9601
f 9601 9550 9551
f 9601 9551 9603
f 9603 9551 9552
f 9603 9552 9605
f 9605 9552 9553
f 9605 9553 9607
f 9607 9553 9554
f 9607 9554 9609
f 9609 9554 9555
f 9609 9555 9611
f 9611 9555 9556
f 9611 9556 9613
f 9613 9556 9557
f 9613 9557 9615
f 9615 9557 9558
f 9615 9558 9617
f 9617 9558 9747
f 9617 9747 9748
f 9748 9749 9617
f 9617 9749 9750
f 9617 9750 9618
f 9618 9750 9751
f 9618 9751 9752
f 9268 9467 9463
f 9463 9467 9560
f 9463 9560 9619
f 9619 9560 9562
f 9619 9562 9621
f 9621 9562 9564
f 9621 9564 9623
f 9623 9564 9566
f 9623 9566 9625
f 9625 9566 9568
f 9625 9568 9627
f 9627 9568 9570
f 9627 9570 9629
f 9629 9570 9572
f 9629 9572 9631
f 9631 9572 9574
f 9631 9574 9633
f 9633 9574 9576
f 9633 9576 9635
f 9635 9576 9578
f 9635 9578 9637
f 9637 9578 9580
f 9637 9580 9639
f 9639 9580 9582
f 9639 9582 9641
f 9641 9582 9584
f 9641 9584 9643
f 9643 9584 9586
f 9643 9586 9645
f 9645 9586 9588
f 9645 9588 9647
f 9647 9588 9590
f 9647 9590 9649
f 9649 9590 9592
f 9649 9592 9651
f 9651 9592 9594
f 9651 9594 9653
f 9653 9594 9596
f 9653 9596 9655
f 9655 9596 9598
f 9655 9598 9657
f 9657 9598 9600
f 9657 9600 9659
f 9659 9600 9602
f 9659 9602 9661
f 9661 9602 9604
f 9661 9604 9663
f 9663 9604 9606
f 9663 9606 9665
f 9665 9606 9608
f 9665 9608 9667
f 9667 9608 9610
f 9667 9610 9669
f 9669 9610 9612
f 9669 9612 9671
f 9671 9612 9614
f 9671 9614 9673
f 9673 9614 9616
f 9673 9616 9675
f 9675 9616 9618
f 9675 9618 9677
f 9677 9618 9752
f 9677 9752 9753
f 9753 9754 9677
f 9677 9754 9755
f 9677 9755 9678
f 9678 9755 9756
f 9678 9756 9757
f 9757 9737 9678
f 9678 9737 9735
f 9678 9735 9676
f 9676 9735 9733
f 9676 9733 9674
f 9674 9733 9731
f 9674 9731 9672
f 9672 9731 9729
f 9672 9729 9670
f 9670 9729 9727
f 9670 9727 9668
f 9668 9727 9725
f 9668 9725 9666
f 9666 9725 9723
f 9666 9723 9664
f 9664 9723 9721
f 9664 9721 9662
f 9662 9721 9719
f 9662 9719 9660
f 9660 9719 9717
f 9660 9717 9658
f 9658 9717 9715
f 9658 9715 9656
f 9656 9715 9713
f 9656 9713 9654
f 9654 9713 9711
f 9654 9711 9652
f 9652 9711 9709
f 9652 9709 9650
f 9650 9709 9707
f 9650 9707 9648
f 9648 9707 9705
f 9648 9705 9646
f 9646 9705 9703
f 9646 9703 9644
f 9644 9703 9701
f 9644 9701 9642
f 9642 9701 9699
f 9642 9699 9640
f 9640 9699 9697
f 9640 9697 9638
f 9638 9697 9695
f 9638 9695 9636
f 9636 9695 9693
f 9636 9693 9634
f 9634 9693 9691
f 9634 9691 9632
f 9632 9691 9689
f 9632 9689 9630
f 9630 9689 9687
f 9630 9687 9628
f 9628 9687 9685
f 9628 9685 9626
f 9626 9685 9683
f 9626 9683 9624
f 9624 9683 9681
f 9624 9681 9622
f 9622 9681 9679
f 9622 9679 9620
f 9620 9679 9462
f 9620 9462 9468
f 9468 9462 9260
f 9468 9260 9263
f 9757 9758 9737
f 9737 9758 9759
f 9737 9759 9738
f 9738 9759 9760
f 9738 9760 9761
f 9761 9762 9738
f 9738 9762 9763
f 9738 9763 9736
f 9736 9763 9764
f 9736 9764 9734
f 9734 9764 9765
f 9734 9765 9732
f 9732 9765 9766
f 9732 9766 9730
f 9730 9766 9767
f 9730 9767 9728
f 9728 9767 9768
f 9728 9768 9726
f 9726 9768 9769
f 9726 9769 9724
f 9724 9769 9770
f 9724 9770 9722
f 9722 9770 9771
f 9722 9771 9720
f 9720 9771 9772
f 9720 9772 9718
f 9718 9772 9773
f 9718 9773 9716
f 9716 9773 9774
f 9716 9774 9714
f 9714 9774 9775
f 9714 9775 9712
f 9712 9775 9776
f 9712 9776 9710
f 9710 9776 9777
f 9710 9777 9708
f 9708 9777 9778
f 9708 9778 9706
f 9706 9778 9779
f 9706 9779 9704
f 9704 9779 9780
f 9704 9780 9702
f 9702 9780 9781
f 9702 9781 9700
f 9700 9781 9782
f 9700 9782 9698
f 9698 9782 9783
f 9698 9783 9696
f 9696 9783 9784
f 9696 9784 9694
f 9694 9784 9785
f 9694 9785 9692
f 9692 9785 9786
f 9692 9786 9690
f 9690 9786 9787
f 9690 9787 9688
f 9688 9787 9788
f 9688 9788 9686
f 9686 9788 9789
f 9686 9789 9684
f 9684 9789 9790
f 9684 9790 9682
f 9682 9790 9791
f 9682 9791 9680
f 9680 9791 9470
f 9680 9470 9469
f 9469 9470 9258
f 9469 9258 9256
f 9761 9792 9762
f 9762 9792 9793
f 9762 9793 9794
f 9253 9470 9471
f 9471 9470 9791
f 9471 9791 9795
f 9795 9791 9790
f 9795 9790 9796
f 9796 9790 9789
f 9796 9789 9797
f 9797 9789 9788
f 9797 9788 9798
f 9798 9788 9787
f 9798 9787 9799
f 9799 9787 9786
f 9799 9786 9800
f 9800 9786 9785
f 9800 9785 9801
f 9801 9785 9784
f 9801 9784 9802
f 9802 9784 9783
f 9802 9783 9803
f 9803 9783 9782
f 9803 9782 9804
f 9804 9782 9781
f 9804 9781 9805
f 9805 9781 9780
f 9805 9780 9806
f 9806 9780 9779
f 9806 9779 9807
f 9807 9779 9778
f 9807 9778 9808
f 9808 9778 9777
f 9808 9777 9809
f 9809 9777 9776
f 9809 9776 9810
f 9810 9776 9775
f 9810 9775 9811
f 9811 9775 9774
f 9811 9774 9812
f 9812 9774 9773
f 9812 9773 9813
f 9813 9773 9772
f 9813 9772 9814
f 9814 9772 9771
f 9814 9771 9815
f 9815 9771 9770
f 9815 9770 9816
f 9816 9770 9769
f 9816 9769 9817
f 9817 9769 9768
f 9817 9768 9818
f 9818 9768 9767
f 9818 9767 9819
f 9819 9767 9766
f 9819 9766 9820
f 9820 9766 9765
f 9820 9765 9821
f 9821 9765 9764
f 9821 9764 9822
f 9822 9764 9763
f 9822 9763 9823
f 9823 9763 9762
f 9823 9762 9824
f 9824 9762 9794
f 9824 9794 9825
f 9254 9471 9461
f 9461 9471 9795
f 9461 9795 9472
f 9472 9795 9796
f 9472 9796 9473
f 9473 9796 9797
f 9473 9797 9474
f 9474 9797 9798
f 9474 9798 9475
f 9475 9798 9799
f 9475 9799 9460
f 9460 9799 9800
f 9460 9800 9482
f 9482 9800 9801
f 9482 9801 9483
f 9483 9801 9802
f 9483 9802 9484
f 9484 9802 9803
f 9484 9803 9485
f 9485 9803 9804
f 9485 9804 9486
f 9486 9804 9805
f 9486 9805 9487
f 9487 9805 9806
f 9487 9806 9488
f 9488 9806 9807
f 9488 9807 9489
f 9489 9807 9808
f 9489 9808 9490
f 9490 9808 9809
f 9490 9809 9491
f 9491 9809 9810
f 9491 9810 9492
f 9492 9810 9811
f 9492 9811 9493
f 9493 9811 9812
f 9493 9812 9508
f 9508 9812 9813
f 9508 9813 9509
f 9509 9813 9814
f 9509 9814 9510
f 9510 9814 9815
f 9510 9815 9511
f 9511 9815 9816
f 9511 9816 9512
f 9512 9816 9817
f 9512 9817 9516
f 9516 9817 9818
f 9516 9818 9517
f 9517 9818 9819
f 9517 9819 9520
f 9520 9819 9820
f 9520 9820 9521
f 9521 9820 9821
f 9521 9821 9526
f 9526 9821 9822
f 9526 9822 9525
f 9525 9822 9823
f 9525 9823 9740
f 9740 9823 9824
f 9740 9824 9739
f 9739 9824 9825
f 9739 9825 9826
f 6188 6190 9827
f 9827 6190 9739
f 9827 9739 9828
f 9828 9739 9826
f 6189 9829 9830
f 9304 9303 9831
f 9342 9341 9832
f 9341 9340 6267
f 6267 9340 9247
f 6267 9247 6269
f 9335 9334 9833
f 9332 9331 9834
f 9834 9331 9335
f 9334 9336 9833
f 9833 9336 9338
f 9833 9338 9342
f 9328 9326 9835
f 9835 9326 9332
f 9246 9385 9836
f 9836 9385 9328
f 9323 9324 9837
f 9837 9324 9244
f 9837 9244 9246
f 9320 9321 9838
f 9838 9321 9323
f 9316 9314 9839
f 9839 9314 9313
f 9839 9313 9320
f 9303 9311 9840
f 9311 9309 9840
f 9840 9309 9308
f 9840 9308 9316
f 9301 9302 9841
f 9841 9302 9306
f 9841 9306 9304
f 468 9298 9842
f 9842 9298 9299
f 9842 9299 9301
f 9341 6267 9832
f 9832 6267 6266
f 9832 6266 9843
f 6266 6263 9843
f 9843 6263 6262
f 9843 6262 9844
f 9844 6262 6261
f 9844 6261 9845
f 9845 6261 6260
f 9845 6260 9846
f 6260 6256 9846
f 9846 6256 6255
f 9846 6255 9847
f 6255 6252 9847
f 9847 6252 6251
f 9847 6251 9848
f 6251 6248 9848
f 9848 6248 6247
f 9848 6247 9849
f 6247 6244 9849
f 9849 6244 6243
f 9849 6243 9850
f 6243 6187 9850
f 9850 6187 6234
f 9850 6234 9851
f 9851 6234 6228
f 6228 6231 9851
f 9851 6231 6224
f 9851 6224 9852
f 6224 6222 9852
f 9852 6222 6219
f 9852 6219 9853
f 6219 6213 9853
f 9853 6213 6215
f 9853 6215 9854
f 6215 6199 9854
f 9854 6199 6201
f 9854 6201 9855
f 6201 6203 9855
f 9855 6203 6205
f 9855 6205 9856
f 9856 6205 6207
f 6207 6209 9856
f 9856 6209 6210
f 9856 6210 9857
f 9857 6210 6195
f 9857 6195 9858
f 6195 6197 9858
f 9858 6197 6198
f 9858 6198 9859
f 9859 6198 6192
f 9859 6192 9830
f 9830 6192 6191
f 9830 6191 6189
f 9342 9832 9833
f 9833 9832 9843
f 9833 9843 9860
f 9860 9843 9844
f 9860 9844 9861
f 9861 9844 9845
f 9861 9845 9862
f 9862 9845 9846
f 9862 9846 9863
f 9863 9846 9847
f 9863 9847 9864
f 9864 9847 9848
f 9864 9848 9865
f 9865 9848 9849
f 9865 9849 9866
f 9866 9849 9850
f 9866 9850 9867
f 9867 9850 9851
f 9867 9851 9868
f 9868 9851 9852
f 9868 9852 9869
f 9869 9852 9853
f 9869 9853 9870
f 9870 9853 9854
f 9870 9854 9871
f 9871 9854 9855
f 9871 9855 9872
f 9872 9855 9856
f 9872 9856 9873
f 9873 9856 9857
f 9873 9857 9874
f 9874 9857 9858
f 9874 9858 9875
f 9875 9858 9859
f 9875 9859 9876
f 9876 9859 9830
f 9876 9830 9877
f 9877 9830 9829
f 9877 9829 9878
f 9335 9833 9834
f 9834 9833 9860
f 9834 9860 9879
f 9879 9860 9861
f 9879 9861 9880
f 9880 9861 9862
f 9880 9862 9881
f 9881 9862 9863
f 9881 9863 9882
f 9882 9863 9864
f 9882 9864 9883
f 9883 9864 9865
f 9883 9865 9884
f 9884 9865 9866
f 9884 9866 9885
f 9885 9866 9867
f 9885 9867 9886
f 9886 9867 9868
f 9886 9868 9887
f 9887 9868 9869
f 9887 9869 9888
f 9888 9869 9870
f 9888 9870 9889
f 9889 9870 9871
f 9889 9871 9890
f 9890 9871 9872
f 9890 9872 9891
f 9891 9872 9873
f 9891 9873 9892
f 9892 9873 9874
f 9892 9874 9893
f 9893 9874 9875
f 9893 9875 9894
f 9894 9875 9876
f 9894 9876 9895
f 9895 9876 9877
f 9895 9877 9896
f 9896 9877 9878
f 9896 9878 9897
f 9332 9834 9835
f 9835 9834 9879
f 9835 9879 9898
f 9898 9879 9880
f 9898 9880 9899
f 9899 9880 9881
f 9899 9881 9900
f 9900 9881 9882
f 9900 9882 9901
f 9901 9882 9883
f 9901 9883 9902
f 9902 9883 9884
f 9902 9884 9903
f 9903 9884 9885
f 9903 9885 9904
f 9904 9885 9886
f 9904 9886 9905
f 9905 9886 9887
f 9905 9887 9906
f 9906 9887 9888
f 9906 9888 9907
f 9907 9888 9889
f 9907 9889 9908
f 9908 9889 9890
f 9908 9890 9909
f 9909 9890 9891
f 9909 9891 9910
f 9910 9891 9892
f 9910 9892 9911
f 9911 9892 9893
f 9911 9893 9912
f 9912 9893 9894
f 9912 9894 9913
f 9913 9894 9895
f 9913 9895 9914
f 9914 9895 9896
f 9914 9896 9915
f 9915 9896 9897
f 9915 9897 9916
f 9328 9835 9836
f 9836 9835 9898
f 9836 9898 9917
f 9917 9898 9899
f 9917 9899 9918
f 9918 9899 9900
f 9918 9900 9919
f 9919 9900 9901
f 9919 9901 9920
f 9920 9901 9902
f 9920 9902 9921
f 9921 9902 9903
f 9921 9903 9922
f 9922 9903 9904
f 9922 9904 9923
f 9923 9904 9905
f 9923 9905 9924
f 9924 9905 9906
f 9924 9906 9925
f 9925 9906 9907
f 9925 9907 9926
f 9926 9907 9908
f 9926 9908 9927
f 9927 9908 9909
f 9927 9909 9928
f 9928 9909 9910
f 9928 9910 9929
f 9929 9910 9911
f 9929 9911 9930
f 9930 9911 9912
f 9930 9912 9931
f 9931 9912 9913
f 9931 9913 9932
f 9932 9913 9914
f 9932 9914 9933
f 9933 9914 9915
f 9933 9915 9934
f 9934 9915 9916
f 9934 9916 9935
f 9316 9839 9840
f 9840 9839 9936
f 9840 9936 9937
f 9937 9936 9938
f 9937 9938 9939
f 9939 9938 9940
f 9939 9940 9941
f 9941 9940 9942
f 9941 9942 9943
f 9943 9942 9944
f 9943 9944 9945
f 9945 9944 9946
f 9945 9946 9947
f 9947 9946 9948
f 9947 9948 9949
f 9949 9948 9950
f 9949 9950 9951
f 9951 9950 9952
f 9951 9952 9953
f 9953 9952 9954
f 9953 9954 9955
f 9955 9954 9956
f 9955 9956 9957
f 9957 9956 9958
f 9957 9958 9959
f 9959 9958 9960
f 9959 9960 9961
f 9961 9960 9962
f 9961 9962 9963
f 9963 9962 9964
f 9963 9964 9965
f 9965 9964 9966
f 9965 9966 9967
f 9967 9966 9968
f 9967 9968 9969
f 9969 9968 9970
f 9969 9970 9971
f 9971 9970 9972
f 9971 9972 9973
f 9303 9840 9831
f 9831 9840 9937
f 9831 9937 9974
f 9974 9937 9939
f 9974 9939 9975
f 9975 9939 9941
f 9975 9941 9976
f 9976 9941 9943
f 9976 9943 9977
f 9977 9943 9945
f 9977 9945 9978
f 9978 9945 9947
f 9978 9947 9979
f 9979 9947 9949
f 9979 9949 9980
f 9980 9949 9951
f 9980 9951 9981
f 9981 9951 9953
f 9981 9953 9982
f 9982 9953 9955
f 9982 9955 9983
f 9983 9955 9957
f 9983 9957 9984
f 9984 9957 9959
f 9984 9959 9985
f 9985 9959 9961
f 9985 9961 9986
f 9986 9961 9963
f 9986 9963 9987
f 9987 9963 9965
f 9987 9965 9988
f 9988 9965 9967
f 9988 9967 9989
f 9989 9967 9969
f 9989 9969 9990
f 9990 9969 9971
f 9990 9971 9991
f 9991 9971 9973
f 9991 9973 9992
f 6189 6188 9993
f 6189 9993 9829
f 9829 9993 9994
f 9829 9994 9878
f 9878 9994 9995
f 9878 9995 9897
f 9897 9995 9996
f 9897 9996 9916
f 9916 9996 9997
f 9916 9997 9935
f 9935 9997 9998
f 9935 9998 9999
f 9246 9836 9837
f 9837 9836 9917
f 9837 9917 10000
f 10000 9917 9918
f 10000 9918 10001
f 10001 9918 9919
f 10001 9919 10002
f 10002 9919 9920
f 10002 9920 10003
f 10003 9920 9921
f 10003 9921 10004
f 10004 9921 9922
f 10004 9922 10005
f 10005 9922 9923
f 10005 9923 10006
f 10006 9923 9924
f 10006 9924 10007
f 10007 9924 9925
f 10007 9925 10008
f 10008 9925 9926
f 10008 9926 10009
f 10009 9926 9927
f 10009 9927 10010
f 10010 9927 9928
f 10010 9928 10011
f 10011 9928 9929
f 10011 9929 10012
f 10012 9929 9930
f 10012 9930 10013
f 10013 9930 9931
f 10013 9931 10014
f 10014 9931 9932
f 10014 9932 10015
f 10015 9932 9933
f 10015 9933 10016
f 10016 9933 9934
f 10016 9934 10017
f 10017 9934 9935
f 10017 9935 10018
f 10018 9935 9999
f 10018 9999 10019
f 9323 9837 9838
f 9838 9837 10000
f 9838 10000 10020
f 10020 10000 10001
f 10020 10001 10021
f 10021 10001 10002
f 10021 10002 10022
f 10022 10002 10003
f 10022 10003 10023
f 10023 10003 10004
f 10023 10004 10024
f 10024 10004 10005
f 10024 10005 10025
f 10025 10005 10006
f 10025 10006 10026
f 10026 10006 10007
f 10026 10007 10027
f 10027 10007 10008
f 10027 10008 10028
f 10028 10008 10009
f 10028 10009 10029
f 10029 10009 10010
f 10029 10010 10030
f 10030 10010 10011
f 10030 10011 10031
f 10031 10011 10012
f 10031 10012 10032
f 10032 10012 10013
f 10032 10013 10033
f 10033 10013 10014
f 10033 10014 10034
f 10034 10014 10015
f 10034 10015 10035
f 10035 10015 10016
f 10035 10016 10036
f 10036 10016 10017
f 10036 10017 10037
f 10037 10017 10018
f 10037 10018 10038
f 10038 10018 10019
f 10038 10019 10039
f 9320 9838 9839
f 9839 9838 10020
f 9839 10020 9936
f 9936 10020 10021
f 9936 10021 9938
f 9938 10021 10022
f 9938 10022 9940
f 9940 10022 10023
f 9940 10023 9942
f 9942 10023 10024
f 9942 10024 9944
f 9944 10024 10025
f 9944 10025 9946
f 9946 10025 10026
f 9946 10026 9948
f 9948 10026 10027
f 9948 10027 9950
f 9950 10027 10028
f 9950 10028 9952
f 9952 10028 10029
f 9952 10029 9954
f 9954 10029 10030
f 9954 10030 9956
f 9956 10030 10031
f 9956 10031 9958
f 9958 10031 10032
f 9958 10032 9960
f 9960 10032 10033
f 9960 10033 9962
f 9962 10033 10034
f 9962 10034 9964
f 9964 10034 10035
f 9964 10035 9966
f 9966 10035 10036
f 9966 10036 9968
f 9968 10036 10037
f 9968 10037 9970
f 9970 10037 10038
f 9970 10038 9972
f 9972 10038 10039
f 9972 10039 10040
f 10040 10041 9972
f 9972 10041 10042
f 9972 10042 9973
f 9973 10042 10043
f 9973 10043 9992
f 9992 10043 10044
f 9992 10044 10045
f 9304 9831 9841
f 9841 9831 9974
f 9841 9974 10046
f 10046 9974 9975
f 10046 9975 10047
f 10047 9975 9976
f 10047 9976 10048
f 10048 9976 9977
f 10048 9977 10049
f 10049 9977 9978
f 10049 9978 10050
f 10050 9978 9979
f 10050 9979 10051
f 10051 9979 9980
f 10051 9980 10052
f 10052 9980 9981
f 10052 9981 10053
f 10053 9981 9982
f 10053 9982 10054
f 10054 9982 9983
f 10054 9983 10055
f 10055 9983 9984
f 10055 9984 10056
f 10056 9984 9985
f 10056 9985 10057
f 10057 9985 9986
f 10057 9986 10058
f 10058 9986 9987
f 10058 9987 10059
f 10059 9987 9988
f 10059 9988 10060
f 10060 9988 9989
f 10060 9989 10061
f 10061 9989 9990
f 10061 9990 10062
f 10062 9990 9991
f 10062 9991 10063
f 10063 9991 9992
f 10063 9992 10064
f 10064 9992 10045
f 10064 10045 10065
f 9301 9841 9842
f 9842 9841 10046
f 9842 10046 10066
f 10066 10046 10047
f 10066 10047 10067
f 10067 10047 10048
f 10067 10048 10068
f 10068 10048 10049
f 10068 10049 10069
f 10069 10049 10050
f 10069 10050 10070
f 10070 10050 10051
f 10070 10051 10071
f 10071 10051 10052
f 10071 10052 10072
f 10072 10052 10053
f 10072 10053 10073
f 10073 10053 10054
f 10073 10054 10074
f 10074 10054 10055
f 10074 10055 10075
f 10075 10055 10056
f 10075 10056 10076
f 10076 10056 10057
f 10076 10057 10077
f 10077 10057 10058
f 10077 10058 10078
f 10078 10058 10059
f 10078 10059 10079
f 10079 10059 10060
f 10079 10060 10080
f 10080 10060 10061
f 10080 10061 10081
f 10081 10061 10062
f 10081 10062 10082
f 10082 10062 10063
f 10082 10063 10083
f 10083 10063 10064
f 10083 10064 10084
f 10084 10064 10065
f 10084 10065 10085
f 468 9842 5200
f 5200 9842 10066
f 5200 10066 5293
f 5293 10066 10067
f 5293 10067 5292
f 5292 10067 10068
f 5292 10068 5290
f 5290 10068 10069
f 5290 10069 5288
f 5288 10069 10070
f 5288 10070 5242
f 5242 10070 10071
f 5242 10071 5244
f 5244 10071 10072
f 5244 10072 5246
f 5246 10072 10073
f 5246 10073 5264
f 5264 10073 10074
f 5264 10074 5265
f 5265 10074 10075
f 5265 10075 5267
f 5267 10075 10076
f 5267 10076 5268
f 5268 10076 10077
f 5268 10077 5202
f 5202 10077 10078
f 5202 10078 5204
f 5204 10078 10079
f 5204 10079 5321
f 5321 10079 10080
f 5321 10080 5319
f 5319 10080 10081
f 5319 10081 5317
f 5317 10081 10082
f 5317 10082 5269
f 5269 10082 10083
f 5269 10083 5322
f 5322 10083 10084
f 5322 10084 5323
f 5323 10084 10085
f 5323 10085 590
f 481 9741 484
f 481 482 10086
f 587 10087 526
f 554 10088 555
f 9827 9828 10089
f 9995 10089 9996
f 9996 10089 10090
f 9996 10090 9997
f 6188 9827 9993
f 9993 9827 10089
f 9993 10089 9994
f 9994 10089 9995
f 9997 10090 9998
f 9998 10090 10091
f 9998 10091 9999
f 10040 10039 10091
f 10091 10039 10019
f 10091 10019 9999
f 10092 10044 10093
f 10093 10044 10043
f 10093 10043 10042
f 590 10085 10092
f 10085 10065 10092
f 10092 10065 10045
f 10092 10045 10044
f 575 470 10092
f 10092 470 469
f 10092 469 590
f 571 570 10094
f 573 10095 574
f 574 10095 10096
f 574 10096 559
f 555 10088 557
f 557 10088 10097
f 557 10097 558
f 526 10087 527
f 527 10087 10098
f 527 10098 523
f 523 10098 10099
f 523 10099 524
f 529 10100 530
f 530 10100 10101
f 530 10101 531
f 531 10101 10102
f 531 10102 511
f 511 10102 10103
f 511 10103 506
f 506 10103 10104
f 506 10104 507
f 507 10104 10105
f 507 10105 509
f 509 10105 10106
f 509 10106 499
f 499 10106 10107
f 499 10107 500
f 500 10107 10108
f 500 10108 502
f 482 483 10086
f 10086 483 503
f 10086 503 502
f 9741 481 9742
f 9742 481 10086
f 9742 10086 9743
f 502 10108 10086
f 10086 10108 9744
f 10086 9744 9743
f 9745 10109 9746
f 9746 10109 10110
f 10111 9748 10110
f 10110 9748 9747
f 10110 9747 9746
f 10112 9750 10111
f 10111 9750 9749
f 10111 9749 9748
f 10113 9752 9751
f 9752 10113 9753
f 9753 10113 10114
f 9753 10114 9754
f 9755 10115 9756
f 9756 10115 10116
f 9756 10116 9757
f 10117 9759 9758
f 9759 10117 9760
f 9760 10117 10118
f 9760 10118 9761
f 9792 10119 9793
f 9793 10119 10120
f 9793 10120 9794
f 10121 9826 10122
f 10122 9826 9825
f 9828 9826 10089
f 10089 9826 10121
f 10089 10121 10090
f 10090 10121 10123
f 10090 10123 10091
f 10091 10123 10124
f 10091 10124 10040
f 10040 10124 10093
f 10040 10093 10041
f 10041 10093 10042
f 9825 9794 10122
f 10122 9794 10120
f 10122 10120 10121
f 10121 10120 10125
f 10121 10125 10123
f 10123 10125 10126
f 10123 10126 10124
f 10124 10126 10127
f 10124 10127 10093
f 10093 10127 10128
f 10093 10128 10092
f 10092 10128 10094
f 10092 10094 575
f 575 10094 570
f 9792 9761 10119
f 10119 9761 10118
f 10119 10118 10120
f 10120 10118 10129
f 10120 10129 10125
f 10125 10129 10130
f 10125 10130 10126
f 10126 10130 10131
f 10126 10131 10127
f 10127 10131 10132
f 10127 10132 10128
f 10128 10132 10096
f 10128 10096 10094
f 10094 10096 10095
f 10094 10095 571
f 571 10095 573
f 9758 9757 10117
f 10117 9757 10116
f 10117 10116 10118
f 10118 10116 10133
f 10118 10133 10129
f 10129 10133 10134
f 10129 10134 10130
f 10130 10134 10135
f 10130 10135 10131
f 10131 10135 10136
f 10131 10136 10132
f 10132 10136 10137
f 10132 10137 10096
f 10096 10137 10138
f 10096 10138 559
f 559 10138 560
f 9755 9754 10115
f 10115 9754 10114
f 10115 10114 10116
f 10116 10114 10139
f 10116 10139 10133
f 10133 10139 10140
f 10133 10140 10134
f 10134 10140 10141
f 10134 10141 10135
f 10135 10141 10142
f 10135 10142 10136
f 10136 10142 10143
f 10136 10143 10137
f 10137 10143 10097
f 10137 10097 10138
f 10138 10097 10088
f 10138 10088 560
f 560 10088 554
f 9751 9750 10113
f 10113 9750 10112
f 10113 10112 10114
f 10114 10112 10144
f 10114 10144 10139
f 10139 10144 10145
f 10139 10145 10140
f 10140 10145 10146
f 10140 10146 10141
f 10141 10146 10147
f 10141 10147 10142
f 10142 10147 10099
f 10142 10099 10143
f 10143 10099 10098
f 10143 10098 10097
f 10097 10098 10087
f 10097 10087 558
f 558 10087 587
f 9745 9744 10109
f 10109 9744 10108
f 10109 10108 10110
f 10110 10108 10107
f 10110 10107 10111
f 10111 10107 10106
f 10111 10106 10112
f 10112 10106 10105
f 10112 10105 10144
f 10144 10105 10104
f 10144 10104 10145
f 10145 10104 10103
f 10145 10103 10146
f 10146 10103 10102
f 10146 10102 10147
f 10147 10102 10101
f 10147 10101 10099
f 10099 10101 10100
f 10099 10100 524
f 524 10100 529
f 10148 10149 10150
f 10151 10152 10153
f 10154 10155 10156
f 10157 10158 10159
f 10158 10157 10160
f 10161 10162 10163
f 152 10164 10165
f 10166 10167 10168
f 10169 10170 10171
f 10172 10173 10174
f 10175 6354 10176
f 10177 10178 10179
f 10180 10181 10182
f 10174 10173 10183
f 10183 10173 10184
f 10183 10184 10185
f 10186 10187 10188
f 10171 10170 10189
f 10189 10170 10190
f 10189 10190 10191
f 152 151 10164
f 10164 151 10192
f 10164 10192 10193
f 10193 10192 10194
f 10193 10194 10195
f 10196 147 10197
f 10197 147 146
f 10197 146 10165
f 10165 146 170
f 10165 170 152
f 10198 144 10199
f 10199 144 143
f 10199 143 10196
f 10196 143 178
f 10196 178 147
f 10200 141 10201
f 10201 141 140
f 10201 140 10198
f 10198 140 191
f 10198 191 144
f 10202 221 10200
f 10200 221 208
f 10200 208 141
f 219 223 10202
f 10202 223 222
f 10202 222 221
f 138 137 10203
f 10203 137 10204
f 138 10203 237
f 237 10203 10205
f 237 10205 246
f 246 10205 10206
f 246 10206 247
f 10207 10208 10209
f 10209 10208 10210
f 10156 10155 10211
f 10211 10155 10212
f 10211 10212 10213
f 10153 10152 10214
f 10214 10152 10215
f 10214 10215 10216
f 10216 10215 10217
f 10216 10217 10218
f 10150 10219 10220
f 10220 10219 10221
f 10220 10221 10222
f 10222 10221 10223
f 10222 10223 10224
f 10224 10223 10225
f 10224 10225 10226
f 10226 10225 10227
f 10226 10227 10228
f 10228 10227 10229
f 10228 10229 10230
f 10230 10229 10231
f 10230 10231 10232
f 10232 10231 10233
f 10232 10233 10234
f 10234 10233 10235
f 10234 10235 10236
f 10149 10237 10150
f 10150 10237 10238
f 10150 10238 10219
f 10239 10240 10241
f 10241 10240 10148
f 10242 10243 10244
f 10244 10243 10175
f 10244 10175 10241
f 10241 10175 10176
f 10241 10176 10239
f 10195 10166 10193
f 10193 10166 10168
f 10193 10168 10164
f 10164 10168 10245
f 10164 10245 10165
f 10165 10245 10246
f 10165 10246 10197
f 10197 10246 10247
f 10197 10247 10196
f 10196 10247 10248
f 10196 10248 10199
f 10199 10248 10249
f 10199 10249 10198
f 10198 10249 10250
f 10198 10250 10201
f 10201 10250 10251
f 10201 10251 10200
f 10200 10251 10252
f 10200 10252 10202
f 10202 10252 10253
f 10202 10253 219
f 219 10253 10204
f 219 10204 220
f 220 10204 137
f 10167 10191 10168
f 10168 10191 10190
f 10168 10190 10245
f 10245 10190 10254
f 10245 10254 10246
f 10246 10254 10255
f 10246 10255 10247
f 10247 10255 10256
f 10247 10256 10248
f 10248 10256 10257
f 10248 10257 10249
f 10249 10257 10258
f 10249 10258 10250
f 10250 10258 10259
f 10250 10259 10251
f 10251 10259 10260
f 10251 10260 10252
f 10252 10260 10261
f 10252 10261 10253
f 10253 10261 10262
f 10253 10262 10204
f 10204 10262 10263
f 10204 10263 10203
f 10203 10263 10264
f 10203 10264 10205
f 10205 10264 10163
f 10205 10163 10206
f 10206 10163 10162
f 10169 10187 10170
f 10170 10187 10186
f 10170 10186 10190
f 10190 10186 10265
f 10190 10265 10254
f 10254 10265 10266
f 10254 10266 10255
f 10255 10266 10267
f 10255 10267 10256
f 10256 10267 10268
f 10256 10268 10257
f 10257 10268 10269
f 10257 10269 10258
f 10258 10269 10270
f 10258 10270 10259
f 10259 10270 10271
f 10259 10271 10260
f 10260 10271 10272
f 10260 10272 10261
f 10261 10272 10273
f 10261 10273 10262
f 10262 10273 10274
f 10262 10274 10263
f 10263 10274 10275
f 10263 10275 10264
f 10264 10275 10159
f 10264 10159 10163
f 10163 10159 10158
f 10163 10158 10161
f 10161 10158 10160
f 10188 10185 10186
f 10186 10185 10184
f 10186 10184 10265
f 10265 10184 10276
f 10265 10276 10266
f 10266 10276 10277
f 10266 10277 10267
f 10267 10277 10278
f 10267 10278 10268
f 10268 10278 10279
f 10268 10279 10269
f 10269 10279 10280
f 10269 10280 10270
f 10270 10280 10281
f 10270 10281 10271
f 10271 10281 10282
f 10271 10282 10272
f 10272 10282 10283
f 10272 10283 10273
f 10273 10283 10284
f 10273 10284 10274
f 10274 10284 10285
f 10274 10285 10275
f 10275 10285 10286
f 10275 10286 10159
f 10159 10286 10209
f 10159 10209 10157
f 10157 10209 10210
f 10172 10180 10173
f 10173 10180 10182
f 10173 10182 10184
f 10184 10182 10287
f 10184 10287 10276
f 10276 10287 10288
f 10276 10288 10277
f 10277 10288 10289
f 10277 10289 10278
f 10278 10289 10290
f 10278 10290 10279
f 10279 10290 10291
f 10279 10291 10280
f 10280 10291 10292
f 10280 10292 10281
f 10281 10292 10293
f 10281 10293 10282
f 10282 10293 10294
f 10282 10294 10283
f 10283 10294 10295
f 10283 10295 10284
f 10284 10295 10296
f 10284 10296 10285
f 10285 10296 10297
f 10285 10297 10286
f 10286 10297 10212
f 10286 10212 10209
f 10209 10212 10155
f 10209 10155 10207
f 10207 10155 10154
f 10181 10177 10182
f 10182 10177 10179
f 10182 10179 10287
f 10287 10179 10298
f 10287 10298 10288
f 10288 10298 10299
f 10288 10299 10289
f 10289 10299 10300
f 10289 10300 10290
f 10290 10300 10301
f 10290 10301 10291
f 10291 10301 10302
f 10291 10302 10292
f 10292 10302 10303
f 10292 10303 10293
f 10293 10303 10304
f 10293 10304 10294
f 10294 10304 10305
f 10294 10305 10295
f 10295 10305 10306
f 10295 10306 10296
f 10296 10306 10307
f 10296 10307 10297
f 10297 10307 10308
f 10297 10308 10212
f 10212 10308 10309
f 10212 10309 10213
f 10213 10309 10310
f 10179 10311 10298
f 10298 10311 10312
f 10298 10312 10299
f 10299 10312 10313
f 10299 10313 10300
f 10300 10313 10314
f 10300 10314 10301
f 10301 10314 10315
f 10301 10315 10302
f 10302 10315 10316
f 10302 10316 10303
f 10303 10316 10317
f 10303 10317 10304
f 10304 10317 10318
f 10304 10318 10305
f 10305 10318 10319
f 10305 10319 10306
f 10306 10319 10320
f 10306 10320 10307
f 10307 10320 10217
f 10307 10217 10308
f 10308 10217 10215
f 10308 10215 10309
f 10309 10215 10152
f 10309 10152 10310
f 10310 10152 10151
f 10235 10218 10236
f 10236 10218 10217
f 10236 10217 10234
f 10234 10217 10320
f 10234 10320 10232
f 10232 10320 10319
f 10232 10319 10230
f 10230 10319 10318
f 10230 10318 10228
f 10228 10318 10317
f 10228 10317 10226
f 10226 10317 10316
f 10226 10316 10224
f 10224 10316 10315
f 10224 10315 10222
f 10222 10315 10314
f 10222 10314 10220
f 10220 10314 10313
f 10220 10313 10150
f 10150 10313 10312
f 10150 10312 10148
f 10148 10312 10311
f 10148 10311 10241
f 10241 10311 10179
f 10241 10179 10244
f 10244 10179 10178
f 10244 10178 10242
f 10321 6273 6275
f 6331 6334 10322
f 10171 10189 10323
f 10192 151 4636
f 10195 10194 10324
f 10324 10194 10192
f 10167 10166 10325
f 10325 10166 10195
f 10326 10191 10167
f 10191 10326 10189
f 10188 10187 10327
f 10327 10187 10169
f 10327 10169 10171
f 10174 10183 10328
f 10328 10183 10185
f 10181 10180 10329
f 10329 10180 10172
f 10329 10172 10174
f 10242 10178 10330
f 10330 10178 10177
f 10175 10243 10331
f 10331 10243 10242
f 10192 4636 10324
f 10324 4636 4688
f 10324 4688 10332
f 6354 10175 6353
f 6353 10175 10331
f 6353 10331 6350
f 6350 10331 10333
f 6350 10333 6349
f 6349 10333 6344
f 6344 10333 10334
f 6344 10334 6343
f 6343 10334 10335
f 6343 10335 6342
f 10322 6334 10336
f 6334 6335 10336
f 10336 6335 6338
f 10336 6338 10335
f 10335 6338 6339
f 10335 6339 6342
f 4688 4687 10332
f 10332 4687 4686
f 10332 4686 10337
f 10337 4686 4685
f 10337 4685 10338
f 10338 4685 4684
f 10338 4684 10339
f 10339 4684 4683
f 10339 4683 10340
f 10340 4683 4682
f 10340 4682 10341
f 6331 10322 6330
f 6330 10322 10342
f 6330 10342 6325
f 6325 10342 10343
f 6325 10343 6326
f 6326 10343 10344
f 6326 10344 6327
f 6327 10344 10345
f 6327 10345 6270
f 6270 10345 6271
f 6271 10345 10346
f 6271 10346 6320
f 6320 10346 10347
f 6320 10347 6321
f 6321 10347 10348
f 6321 10348 6322
f 6322 10348 6323
f 6323 10348 10349
f 6323 10349 6324
f 6324 10349 10350
f 6324 10350 6311
f 6311 10350 10351
f 6311 10351 6312
f 6312 10351 10352
f 6312 10352 6314
f 6314 10352 10353
f 6314 10353 6315
f 4682 4681 10341
f 10341 4681 4698
f 10341 4698 10354
f 10354 4698 4697
f 10354 4697 10355
f 10355 4697 4696
f 10355 4696 10356
f 10356 4696 4692
f 10356 4692 10357
f 10357 4692 4691
f 10357 4691 10358
f 10358 4691 4690
f 10358 4690 10359
f 10359 4690 4689
f 10359 4689 10360
f 10360 4689 4695
f 10360 4695 10361
f 10361 4695 4694
f 10361 4694 10362
f 10362 4694 4693
f 10362 4693 10363
f 10363 4693 4708
f 10363 4708 10364
f 10364 4708 4707
f 10364 4707 10365
f 6315 10353 6317
f 6317 10353 10366
f 6317 10366 6318
f 6318 10366 10367
f 6318 10367 6310
f 6310 10367 10368
f 6310 10368 6308
f 6308 10368 6306
f 6306 10368 10369
f 6306 10369 6305
f 6305 10369 10370
f 6305 10370 6303
f 4707 4706 10365
f 10365 4706 4705
f 10365 4705 10371
f 10371 4705 4704
f 10371 4704 10372
f 10372 4704 4703
f 10372 4703 10373
f 10373 4703 4701
f 10373 4701 10374
f 10374 4701 4700
f 4714 10375 4700
f 4700 10375 10376
f 4700 10376 10374
f 6303 10370 6296
f 6296 10370 10377
f 6296 10377 6297
f 6297 10377 10378
f 6297 10378 6299
f 6299 10378 6301
f 6301 10378 10379
f 6301 10379 6302
f 6302 10379 10380
f 6302 10380 6285
f 4717 10381 5022
f 5022 10381 10382
f 5022 10382 4709
f 4709 10382 10383
f 4709 10383 4710
f 4710 10383 10384
f 4710 10384 4712
f 4712 10384 10375
f 4712 10375 4713
f 4713 10375 4714
f 10385 6291 10386
f 10386 6291 6289
f 10386 6289 10380
f 10380 6289 6287
f 10380 6287 6285
f 10195 10324 10325
f 10325 10324 10332
f 10325 10332 10387
f 10387 10332 10337
f 10387 10337 10388
f 10388 10337 10338
f 10388 10338 10389
f 10389 10338 10339
f 10389 10339 10390
f 10390 10339 10340
f 10390 10340 10391
f 10391 10340 10341
f 10391 10341 10392
f 10392 10341 10354
f 10392 10354 10393
f 10393 10354 10355
f 10393 10355 10394
f 10394 10355 10356
f 10394 10356 10395
f 10395 10356 10357
f 10395 10357 10396
f 10396 10357 10358
f 10396 10358 10397
f 10397 10358 10359
f 10397 10359 10398
f 10398 10359 10360
f 10398 10360 10399
f 10399 10360 10361
f 10399 10361 10400
f 10400 10361 10362
f 10400 10362 10401
f 10401 10362 10363
f 10401 10363 10402
f 10402 10363 10364
f 10402 10364 10403
f 10403 10364 10365
f 10403 10365 10404
f 10404 10365 10371
f 10404 10371 10405
f 10405 10371 10372
f 10405 10372 10406
f 10406 10372 10373
f 10406 10373 10407
f 10407 10373 10374
f 10407 10374 10408
f 10408 10374 10376
f 10408 10376 10409
f 10409 10376 10375
f 10409 10375 10410
f 10410 10375 10384
f 10410 10384 10411
f 10411 10384 10383
f 10411 10383 10412
f 10412 10383 10382
f 10412 10382 10413
f 10413 10382 10381
f 10413 10381 10414
f 10414 10381 10415
f 10414 10415 10416
f 10416 10415 10417
f 10416 10417 10418
f 10189 10326 10323
f 10323 10326 10419
f 10323 10419 10420
f 10420 10419 10421
f 10420 10421 10422
f 10422 10421 10423
f 10422 10423 10424
f 10424 10423 10425
f 10424 10425 10426
f 10426 10425 10427
f 10426 10427 10428
f 10428 10427 10429
f 10428 10429 10430
f 10430 10429 10431
f 10430 10431 10432
f 10432 10431 10433
f 10432 10433 10434
f 10434 10433 10435
f 10434 10435 10436
f 10436 10435 10437
f 10436 10437 10438
f 10438 10437 10439
f 10438 10439 10440
f 10440 10439 10441
f 10440 10441 10442
f 10442 10441 10443
f 10442 10443 10444
f 10444 10443 10445
f 10444 10445 10446
f 10446 10445 10447
f 10446 10447 10448
f 10448 10447 10449
f 10448 10449 10450
f 10450 10449 10451
f 10450 10451 10452
f 10452 10451 10453
f 10452 10453 10454
f 10454 10453 10455
f 10454 10455 10456
f 10456 10455 10457
f 10456 10457 10458
f 10458 10457 10459
f 10458 10459 10460
f 10460 10459 10461
f 10460 10461 10462
f 10462 10461 10463
f 10462 10463 10464
f 10464 10463 10465
f 10464 10465 10466
f 10466 10465 10467
f 10466 10467 10468
f 10468 10467 10469
f 10468 10469 10470
f 10470 10469 10471
f 10470 10471 10472
f 10472 10471 10473
f 10472 10473 10474
f 10474 10473 10475
f 10474 10475 10476
f 10476 10475 10477
f 10476 10477 10478
f 10188 10327 10479
f 10479 10327 10480
f 10479 10480 10481
f 10481 10480 10482
f 10481 10482 10483
f 10483 10482 10484
f 10483 10484 10485
f 10485 10484 10486
f 10485 10486 10487
f 10487 10486 10488
f 10487 10488 10489
f 10489 10488 10490
f 10489 10490 10491
f 10491 10490 10492
f 10491 10492 10493
f 10493 10492 10494
f 10493 10494 10495
f 10495 10494 10496
f 10495 10496 10497
f 10497 10496 10498
f 10497 10498 10499
f 10499 10498 10500
f 10499 10500 10501
f 10501 10500 10502
f 10501 10502 10503
f 10503 10502 10504
f 10503 10504 10505
f 10505 10504 10506
f 10505 10506 10507
f 10507 10506 10508
f 10507 10508 10509
f 10509 10508 10510
f 10509 10510 10511
f 10511 10510 10512
f 10511 10512 10513
f 10513 10512 10514
f 10513 10514 10515
f 10515 10514 10516
f 10515 10516 10517
f 10517 10516 10518
f 10517 10518 10519
f 10519 10518 10520
f 10519 10520 10521
f 10521 10520 10522
f 10521 10522 10523
f 10523 10522 10524
f 10523 10524 10525
f 10525 10524 10526
f 10525 10526 10527
f 10527 10526 10528
f 10527 10528 10529
f 10529 10528 10530
f 10529 10530 10531
f 10531 10530 10532
f 10531 10532 10533
f 10533 10532 10534
f 10533 10534 10535
f 10535 10534 10536
f 10535 10536 10537
f 10537 10536 10538
f 10537 10538 10539
f 10181 10329 10540
f 10540 10329 10541
f 10540 10541 10542
f 10542 10541 10543
f 10542 10543 10544
f 10544 10543 10545
f 10544 10545 10546
f 10546 10545 10547
f 10546 10547 10548
f 10548 10547 10549
f 10548 10549 10550
f 10550 10549 10551
f 10550 10551 10552
f 10552 10551 10553
f 10552 10553 10554
f 10554 10553 10555
f 10554 10555 10556
f 10556 10555 10557
f 10556 10557 10558
f 10558 10557 10559
f 10558 10559 10560
f 10560 10559 10561
f 10560 10561 10562
f 10562 10561 10563
f 10562 10563 10564
f 10564 10563 10565
f 10564 10565 10566
f 10566 10565 10567
f 10566 10567 10568
f 10568 10567 10569
f 10568 10569 10570
f 10570 10569 10571
f 10570 10571 10572
f 10572 10571 10573
f 10572 10573 10574
f 10574 10573 10575
f 10574 10575 10576
f 10576 10575 10577
f 10576 10577 10578
f 10578 10577 10579
f 10578 10579 10580
f 10580 10579 10581
f 10580 10581 10582
f 10582 10581 10583
f 10582 10583 10584
f 10584 10583 10585
f 10584 10585 10586
f 10586 10585 10587
f 10586 10587 10588
f 10588 10587 10589
f 10588 10589 10590
f 10590 10589 10591
f 10590 10591 10592
f 10592 10591 10593
f 10592 10593 10594
f 10594 10593 10595
f 10594 10595 10596
f 10596 10595 10597
f 10596 10597 10598
f 10598 10597 10599
f 10598 10599 10600
f 10242 10330 10331
f 10331 10330 10601
f 10331 10601 10333
f 10333 10601 10602
f 10333 10602 10334
f 10334 10602 10603
f 10334 10603 10335
f 10335 10603 10604
f 10335 10604 10336
f 10336 10604 10605
f 10336 10605 10322
f 10322 10605 10606
f 10322 10606 10342
f 10342 10606 10607
f 10342 10607 10343
f 10343 10607 10608
f 10343 10608 10344
f 10344 10608 10609
f 10344 10609 10345
f 10345 10609 10610
f 10345 10610 10346
f 10346 10610 10611
f 10346 10611 10347
f 10347 10611 10612
f 10347 10612 10348
f 10348 10612 10613
f 10348 10613 10349
f 10349 10613 10614
f 10349 10614 10350
f 10350 10614 10615
f 10350 10615 10351
f 10351 10615 10616
f 10351 10616 10352
f 10352 10616 10617
f 10352 10617 10353
f 10353 10617 10618
f 10353 10618 10366
f 10366 10618 10619
f 10366 10619 10367
f 10367 10619 10620
f 10367 10620 10368
f 10368 10620 10621
f 10368 10621 10369
f 10369 10621 10622
f 10369 10622 10370
f 10370 10622 10623
f 10370 10623 10377
f 10377 10623 10624
f 10377 10624 10378
f 10378 10624 10625
f 10378 10625 10379
f 10379 10625 10626
f 10379 10626 10380
f 10380 10626 10627
f 10380 10627 10386
f 10386 10627 10628
f 10386 10628 10385
f 10385 10628 10629
f 10385 10629 10630
f 10630 10629 10631
f 10630 10631 10632
f 376 10633 4633
f 4633 10633 10417
f 4633 10417 4634
f 4634 10417 10415
f 4634 10415 4715
f 4715 10415 10381
f 4715 10381 4716
f 4716 10381 4717
f 10633 10634 10417
f 10417 10634 10635
f 10417 10635 10418
f 10418 10635 10636
f 10418 10636 10637
f 10167 10325 10326
f 10326 10325 10387
f 10326 10387 10419
f 10419 10387 10388
f 10419 10388 10421
f 10421 10388 10389
f 10421 10389 10423
f 10423 10389 10390
f 10423 10390 10425
f 10425 10390 10391
f 10425 10391 10427
f 10427 10391 10392
f 10427 10392 10429
f 10429 10392 10393
f 10429 10393 10431
f 10431 10393 10394
f 10431 10394 10433
f 10433 10394 10395
f 10433 10395 10435
f 10435 10395 10396
f 10435 10396 10437
f 10437 10396 10397
f 10437 10397 10439
f 10439 10397 10398
f 10439 10398 10441
f 10441 10398 10399
f 10441 10399 10443
f 10443 10399 10400
f 10443 10400 10445
f 10445 10400 10401
f 10445 10401 10447
f 10447 10401 10402
f 10447 10402 10449
f 10449 10402 10403
f 10449 10403 10451
f 10451 10403 10404
f 10451 10404 10453
f 10453 10404 10405
f 10453 10405 10455
f 10455 10405 10406
f 10455 10406 10457
f 10457 10406 10407
f 10457 10407 10459
f 10459 10407 10408
f 10459 10408 10461
f 10461 10408 10409
f 10461 10409 10463
f 10463 10409 10410
f 10463 10410 10465
f 10465 10410 10411
f 10465 10411 10467
f 10467 10411 10412
f 10467 10412 10469
f 10469 10412 10413
f 10469 10413 10471
f 10471 10413 10414
f 10471 10414 10473
f 10473 10414 10416
f 10473 10416 10475
f 10475 10416 10418
f 10475 10418 10477
f 10477 10418 10637
f 10477 10637 10638
f 10638 10639 10477
f 10477 10639 10640
f 10477 10640 10478
f 10478 10640 10641
f 10478 10641 10642
f 10171 10323 10327
f 10327 10323 10420
f 10327 10420 10480
f 10480 10420 10422
f 10480 10422 10482
f 10482 10422 10424
f 10482 10424 10484
f 10484 10424 10426
f 10484 10426 10486
f 10486 10426 10428
f 10486 10428 10488
f 10488 10428 10430
f 10488 10430 10490
f 10490 10430 10432
f 10490 10432 10492
f 10492 10432 10434
f 10492 10434 10494
f 10494 10434 10436
f 10494 10436 10496
f 10496 10436 10438
f 10496 10438 10498
f 10498 10438 10440
f 10498 10440 10500
f 10500 10440 10442
f 10500 10442 10502
f 10502 10442 10444
f 10502 10444 10504
f 10504 10444 10446
f 10504 10446 10506
f 10506 10446 10448
f 10506 10448 10508
f 10508 10448 10450
f 10508 10450 10510
f 10510 10450 10452
f 10510 10452 10512
f 10512 10452 10454
f 10512 10454 10514
f 10514 10454 10456
f 10514 10456 10516
f 10516 10456 10458
f 10516 10458 10518
f 10518 10458 10460
f 10518 10460 10520
f 10520 10460 10462
f 10520 10462 10522
f 10522 10462 10464
f 10522 10464 10524
f 10524 10464 10466
f 10524 10466 10526
f 10526 10466 10468
f 10526 10468 10528
f 10528 10468 10470
f 10528 10470 10530
f 10530 10470 10472
f 10530 10472 10532
f 10532 10472 10474
f 10532 10474 10534
f 10534 10474 10476
f 10534 10476 10536
f 10536 10476 10478
f 10536 10478 10538
f 10538 10478 10642
f 10538 10642 10643
f 10643 10644 10538
f 10538 10644 10645
f 10538 10645 10539
f 10539 10645 10646
f 10539 10646 10647
f 10647 10648 10539
f 10539 10648 10649
f 10539 10649 10537
f 10537 10649 10650
f 10537 10650 10535
f 10535 10650 10651
f 10535 10651 10533
f 10533 10651 10652
f 10533 10652 10531
f 10531 10652 10653
f 10531 10653 10529
f 10529 10653 10654
f 10529 10654 10527
f 10527 10654 10655
f 10527 10655 10525
f 10525 10655 10656
f 10525 10656 10523
f 10523 10656 10657
f 10523 10657 10521
f 10521 10657 10658
f 10521 10658 10519
f 10519 10658 10659
f 10519 10659 10517
f 10517 10659 10660
f 10517 10660 10515
f 10515 10660 10661
f 10515 10661 10513
f 10513 10661 10662
f 10513 10662 10511
f 10511 10662 10663
f 10511 10663 10509
f 10509 10663 10664
f 10509 10664 10507
f 10507 10664 10665
f 10507 10665 10505
f 10505 10665 10666
f 10505 10666 10503
f 10503 10666 10667
f 10503 10667 10501
f 10501 10667 10668
f 10501 10668 10499
f 10499 10668 10669
f 10499 10669 10497
f 10497 10669 10670
f 10497 10670 10495
f 10495 10670 10671
f 10495 10671 10493
f 10493 10671 10672
f 10493 10672 10491
f 10491 10672 10673
f 10491 10673 10489
f 10489 10673 10674
f 10489 10674 10487
f 10487 10674 10675
f 10487 10675 10485
f 10485 10675 10676
f 10485 10676 10483
f 10483 10676 10677
f 10483 10677 10481
f 10481 10677 10328
f 10481 10328 10479
f 10479 10328 10185
f 10479 10185 10188
f 10647 10678 10648
f 10648 10678 10679
f 10648 10679 10680
f 10174 10328 10329
f 10329 10328 10677
f 10329 10677 10541
f 10541 10677 10676
f 10541 10676 10543
f 10543 10676 10675
f 10543 10675 10545
f 10545 10675 10674
f 10545 10674 10547
f 10547 10674 10673
f 10547 10673 10549
f 10549 10673 10672
f 10549 10672 10551
f 10551 10672 10671
f 10551 10671 10553
f 10553 10671 10670
f 10553 10670 10555
f 10555 10670 10669
f 10555 10669 10557
f 10557 10669 10668
f 10557 10668 10559
f 10559 10668 10667
f 10559 10667 10561
f 10561 10667 10666
f 10561 10666 10563
f 10563 10666 10665
f 10563 10665 10565
f 10565 10665 10664
f 10565 10664 10567
f 10567 10664 10663
f 10567 10663 10569
f 10569 10663 10662
f 10569 10662 10571
f 10571 10662 10661
f 10571 10661 10573
f 10573 10661 10660
f 10573 10660 10575
f 10575 10660 10659
f 10575 10659 10577
f 10577 10659 10658
f 10577 10658 10579
f 10579 10658 10657
f 10579 10657 10581
f 10581 10657 10656
f 10581 10656 10583
f 10583 10656 10655
f 10583 10655 10585
f 10585 10655 10654
f 10585 10654 10587
f 10587 10654 10653
f 10587 10653 10589
f 10589 10653 10652
f 10589 10652 10591
f 10591 10652 10651
f 10591 10651 10593
f 10593 10651 10650
f 10593 10650 10595
f 10595 10650 10649
f 10595 10649 10597
f 10597 10649 10648
f 10597 10648 10599
f 10599 10648 10680
f 10599 10680 10681
f 10681 10682 10599
f 10599 10682 10683
f 10599 10683 10600
f 10600 10683 10684
f 10600 10684 10685
f 10685 10631 10600
f 10600 10631 10629
f 10600 10629 10598
f 10598 10629 10628
f 10598 10628 10596
f 10596 10628 10627
f 10596 10627 10594
f 10594 10627 10626
f 10594 10626 10592
f 10592 10626 10625
f 10592 10625 10590
f 10590 10625 10624
f 10590 10624 10588
f 10588 10624 10623
f 10588 10623 10586
f 10586 10623 10622
f 10586 10622 10584
f 10584 10622 10621
f 10584 10621 10582
f 10582 10621 10620
f 10582 10620 10580
f 10580 10620 10619
f 10580 10619 10578
f 10578 10619 10618
f 10578 10618 10576
f 10576 10618 10617
f 10576 10617 10574
f 10574 10617 10616
f 10574 10616 10572
f 10572 10616 10615
f 10572 10615 10570
f 10570 10615 10614
f 10570 10614 10568
f 10568 10614 10613
f 10568 10613 10566
f 10566 10613 10612
f 10566 10612 10564
f 10564 10612 10611
f 10564 10611 10562
f 10562 10611 10610
f 10562 10610 10560
f 10560 10610 10609
f 10560 10609 10558
f 10558 10609 10608
f 10558 10608 10556
f 10556 10608 10607
f 10556 10607 10554
f 10554 10607 10606
f 10554 10606 10552
f 10552 10606 10605
f 10552 10605 10550
f 10550 10605 10604
f 10550 10604 10548
f 10548 10604 10603
f 10548 10603 10546
f 10546 10603 10602
f 10546 10602 10544
f 10544 10602 10601
f 10544 10601 10542
f 10542 10601 10330
f 10542 10330 10540
f 10540 10330 10177
f 10540 10177 10181
f 6275 6281 10632
f 10632 6281 6279
f 10632 6279 10630
f 10630 6279 6278
f 10630 6278 10385
f 10385 6278 6293
f 10385 6293 6291
f 10685 10686 10631
f 10631 10686 10687
f 10631 10687 10632
f 10632 10687 10688
f 10632 10688 6275
f 6275 10688 10689
f 6275 10689 10321
f 6274 10690 10691
f 10206 10162 10692
f 10208 10207 10693
f 10153 10214 10694
f 10176 6354 6352
f 10240 10239 10695
f 10695 10239 10176
f 10149 10148 10696
f 10696 10148 10240
f 10219 10238 10696
f 10696 10238 10237
f 10696 10237 10149
f 10225 10223 10697
f 10697 10223 10221
f 10697 10221 10219
f 10229 10227 10698
f 10698 10227 10225
f 10233 10231 10699
f 10699 10231 10229
f 10214 10216 10694
f 10694 10216 10218
f 10694 10218 10235
f 10213 10310 10700
f 10700 10310 10151
f 10700 10151 10153
f 10701 10211 10213
f 10207 10154 10701
f 10701 10154 10156
f 10701 10156 10211
f 10157 10210 10702
f 10702 10210 10208
f 10162 10161 10703
f 10703 10161 10160
f 10703 10160 10157
f 5194 247 10206
f 10176 6352 10695
f 10695 6352 6351
f 10695 6351 10704
f 6351 6348 10704
f 10704 6348 6347
f 10704 6347 10705
f 10705 6347 6346
f 10705 6346 10706
f 10706 6346 6345
f 10706 6345 10707
f 6345 6341 10707
f 10707 6341 6340
f 10707 6340 10708
f 6340 6337 10708
f 10708 6337 6336
f 10708 6336 10709
f 6336 6333 10709
f 10709 6333 6332
f 10709 6332 10710
f 6332 6329 10710
f 10710 6329 6328
f 10710 6328 10711
f 6328 6272 10711
f 10711 6272 6319
f 10711 6319 10712
f 10712 6319 6313
f 6313 6316 10712
f 10712 6316 6309
f 10712 6309 10713
f 6309 6307 10713
f 10713 6307 6304
f 10713 6304 10714
f 6304 6298 10714
f 10714 6298 6300
f 10714 6300 10715
f 6300 6284 10715
f 10715 6284 6286
f 10715 6286 10716
f 6286 6288 10716
f 10716 6288 6290
f 10716 6290 10717
f 10717 6290 6292
f 6292 6294 10717
f 10717 6294 6295
f 10717 6295 10718
f 10718 6295 6280
f 10718 6280 10719
f 6280 6282 10719
f 10719 6282 6283
f 10719 6283 10720
f 10720 6283 6277
f 10720 6277 10691
f 10691 6277 6276
f 10691 6276 6274
f 10153 10694 10700
f 10700 10694 10721
f 10700 10721 10722
f 10722 10721 10723
f 10722 10723 10724
f 10724 10723 10725
f 10724 10725 10726
f 10726 10725 10727
f 10726 10727 10728
f 10728 10727 10729
f 10728 10729 10730
f 10730 10729 10731
f 10730 10731 10732
f 10732 10731 10733
f 10732 10733 10734
f 10734 10733 10735
f 10734 10735 10736
f 10736 10735 10737
f 10736 10737 10738
f 10738 10737 10739
f 10738 10739 10740
f 10740 10739 10741
f 10740 10741 10742
f 10742 10741 10743
f 10742 10743 10744
f 10744 10743 10745
f 10744 10745 10746
f 10746 10745 10747
f 10746 10747 10748
f 10748 10747 10749
f 10748 10749 10750
f 10750 10749 10751
f 10750 10751 10752
f 10752 10751 10753
f 10752 10753 10754
f 10754 10753 10755
f 10754 10755 10756
f 10756 10755 10757
f 10756 10757 10758
f 10213 10700 10701
f 10701 10700 10722
f 10701 10722 10759
f 10759 10722 10724
f 10759 10724 10760
f 10760 10724 10726
f 10760 10726 10761
f 10761 10726 10728
f 10761 10728 10762
f 10762 10728 10730
f 10762 10730 10763
f 10763 10730 10732
f 10763 10732 10764
f 10764 10732 10734
f 10764 10734 10765
f 10765 10734 10736
f 10765 10736 10766
f 10766 10736 10738
f 10766 10738 10767
f 10767 10738 10740
f 10767 10740 10768
f 10768 10740 10742
f 10768 10742 10769
f 10769 10742 10744
f 10769 10744 10770
f 10770 10744 10746
f 10770 10746 10771
f 10771 10746 10748
f 10771 10748 10772
f 10772 10748 10750
f 10772 10750 10773
f 10773 10750 10752
f 10773 10752 10774
f 10774 10752 10754
f 10774 10754 10775
f 10775 10754 10756
f 10775 10756 10776
f 10776 10756 10758
f 10776 10758 10777
f 10207 10701 10693
f 10693 10701 10759
f 10693 10759 10778
f 10778 10759 10760
f 10778 10760 10779
f 10779 10760 10761
f 10779 10761 10780
f 10780 10761 10762
f 10780 10762 10781
f 10781 10762 10763
f 10781 10763 10782
f 10782 10763 10764
f 10782 10764 10783
f 10783 10764 10765
f 10783 10765 10784
f 10784 10765 10766
f 10784 10766 10785
f 10785 10766 10767
f 10785 10767 10786
f 10786 10767 10768
f 10786 10768 10787
f 10787 10768 10769
f 10787 10769 10788
f 10788 10769 10770
f 10788 10770 10789
f 10789 10770 10771
f 10789 10771 10790
f 10790 10771 10772
f 10790 10772 10791
f 10791 10772 10773
f 10791 10773 10792
f 10792 10773 10774
f 10792 10774 10793
f 10793 10774 10775
f 10793 10775 10794
f 10794 10775 10776
f 10794 10776 10795
f 10795 10776 10777
f 10795 10777 10796
f 10208 10693 10702
f 10702 10693 10778
f 10702 10778 10797
f 10797 10778 10779
f 10797 10779 10798
f 10798 10779 10780
f 10798 10780 10799
f 10799 10780 10781
f 10799 10781 10800
f 10800 10781 10782
f 10800 10782 10801
f 10801 10782 10783
f 10801 10783 10802
f 10802 10783 10784
f 10802 10784 10803
f 10803 10784 10785
f 10803 10785 10804
f 10804 10785 10786
f 10804 10786 10805
f 10805 10786 10787
f 10805 10787 10806
f 10806 10787 10788
f 10806 10788 10807
f 10807 10788 10789
f 10807 10789 10808
f 10808 10789 10790
f 10808 10790 10809
f 10809 10790 10791
f 10809 10791 10810
f 10810 10791 10792
f 10810 10792 10811
f 10811 10792 10793
f 10811 10793 10812
f 10812 10793 10794
f 10812 10794 10813
f 10813 10794 10795
f 10813 10795 10814
f 10814 10795 10796
f 10814 10796 10815
f 10157 10702 10703
f 10703 10702 10797
f 10703 10797 10816
f 10816 10797 10798
f 10816 10798 10817
f 10817 10798 10799
f 10817 10799 10818
f 10818 10799 10800
f 10818 10800 10819
f 10819 10800 10801
f 10819 10801 10820
f 10820 10801 10802
f 10820 10802 10821
f 10821 10802 10803
f 10821 10803 10822
f 10822 10803 10804
f 10822 10804 10823
f 10823 10804 10805
f 10823 10805 10824
f 10824 10805 10806
f 10824 10806 10825
f 10825 10806 10807
f 10825 10807 10826
f 10826 10807 10808
f 10826 10808 10827
f 10827 10808 10809
f 10827 10809 10828
f 10828 10809 10810
f 10828 10810 10829
f 10829 10810 10811
f 10829 10811 10830
f 10830 10811 10812
f 10830 10812 10831
f 10831 10812 10813
f 10831 10813 10832
f 10832 10813 10814
f 10832 10814 10833
f 10833 10814 10815
f 10833 10815 10834
f 6274 6273 10690
f 10690 6273 10835
f 10690 10835 10836
f 10240 10695 10696
f 10696 10695 10704
f 10696 10704 10837
f 10837 10704 10705
f 10837 10705 10838
f 10838 10705 10706
f 10838 10706 10839
f 10839 10706 10707
f 10839 10707 10840
f 10840 10707 10708
f 10840 10708 10841
f 10841 10708 10709
f 10841 10709 10842
f 10842 10709 10710
f 10842 10710 10843
f 10843 10710 10711
f 10843 10711 10844
f 10844 10711 10712
f 10844 10712 10845
f 10845 10712 10713
f 10845 10713 10846
f 10846 10713 10714
f 10846 10714 10847
f 10847 10714 10715
f 10847 10715 10848
f 10848 10715 10716
f 10848 10716 10849
f 10849 10716 10717
f 10849 10717 10850
f 10850 10717 10718
f 10850 10718 10851
f 10851 10718 10719
f 10851 10719 10852
f 10852 10719 10720
f 10852 10720 10853
f 10853 10720 10691
f 10853 10691 10854
f 10854 10691 10690
f 10854 10690 10855
f 10855 10690 10836
f 10855 10836 10856
f 10219 10696 10697
f 10697 10696 10837
f 10697 10837 10857
f 10857 10837 10838
f 10857 10838 10858
f 10858 10838 10839
f 10858 10839 10859
f 10859 10839 10840
f 10859 10840 10860
f 10860 10840 10841
f 10860 10841 10861
f 10861 10841 10842
f 10861 10842 10862
f 10862 10842 10843
f 10862 10843 10863
f 10863 10843 10844
f 10863 10844 10864
f 10864 10844 10845
f 10864 10845 10865
f 10865 10845 10846
f 10865 10846 10866
f 10866 10846 10847
f 10866 10847 10867
f 10867 10847 10848
f 10867 10848 10868
f 10868 10848 10849
f 10868 10849 10869
f 10869 10849 10850
f 10869 10850 10870
f 10870 10850 10851
f 10870 10851 10871
f 10871 10851 10852
f 10871 10852 10872
f 10872 10852 10853
f 10872 10853 10873
f 10873 10853 10854
f 10873 10854 10874
f 10874 10854 10855
f 10874 10855 10875
f 10875 10855 10856
f 10875 10856 10876
f 10225 10697 10698
f 10698 10697 10857
f 10698 10857 10877
f 10877 10857 10858
f 10877 10858 10878
f 10878 10858 10859
f 10878 10859 10879
f 10879 10859 10860
f 10879 10860 10880
f 10880 10860 10861
f 10880 10861 10881
f 10881 10861 10862
f 10881 10862 10882
f 10882 10862 10863
f 10882 10863 10883
f 10883 10863 10864
f 10883 10864 10884
f 10884 10864 10865
f 10884 10865 10885
f 10885 10865 10866
f 10885 10866 10886
f 10886 10866 10867
f 10886 10867 10887
f 10887 10867 10868
f 10887 10868 10888
f 10888 10868 10869
f 10888 10869 10889
f 10889 10869 10870
f 10889 10870 10890
f 10890 10870 10871
f 10890 10871 10891
f 10891 10871 10872
f 10891 10872 10892
f 10892 10872 10873
f 10892 10873 10893
f 10893 10873 10874
f 10893 10874 10894
f 10894 10874 10875
f 10894 10875 10895
f 10895 10875 10876
f 10895 10876 10896
f 10229 10698 10699
f 10699 10698 10877
f 10699 10877 10897
f 10897 10877 10878
f 10897 10878 10898
f 10898 10878 10879
f 10898 10879 10899
f 10899 10879 10880
f 10899 10880 10900
f 10900 10880 10881
f 10900 10881 10901
f 10901 10881 10882
f 10901 10882 10902
f 10902 10882 10883
f 10902 10883 10903
f 10903 10883 10884
f 10903 10884 10904
f 10904 10884 10885
f 10904 10885 10905
f 10905 10885 10886
f 10905 10886 10906
f 10906 10886 10887
f 10906 10887 10907
f 10907 10887 10888
f 10907 10888 10908
f 10908 10888 10889
f 10908 10889 10909
f 10909 10889 10890
f 10909 10890 10910
f 10910 10890 10891
f 10910 10891 10911
f 10911 10891 10892
f 10911 10892 10912
f 10912 10892 10893
f 10912 10893 10913
f 10913 10893 10894
f 10913 10894 10914
f 10914 10894 10895
f 10914 10895 10915
f 10915 10895 10896
f 10915 10896 10916
f 10916 10757 10915
f 10915 10757 10755
f 10915 10755 10914
f 10914 10755 10753
f 10914 10753 10913
f 10913 10753 10751
f 10913 10751 10912
f 10912 10751 10749
f 10912 10749 10911
f 10911 10749 10747
f 10911 10747 10910
f 10910 10747 10745
f 10910 10745 10909
f 10909 10745 10743
f 10909 10743 10908
f 10908 10743 10741
f 10908 10741 10907
f 10907 10741 10739
f 10907 10739 10906
f 10906 10739 10737
f 10906 10737 10905
f 10905 10737 10735
f 10905 10735 10904
f 10904 10735 10733
f 10904 10733 10903
f 10903 10733 10731
f 10903 10731 10902
f 10902 10731 10729
f 10902 10729 10901
f 10901 10729 10727
f 10901 10727 10900
f 10900 10727 10725
f 10900 10725 10899
f 10899 10725 10723
f 10899 10723 10898
f 10898 10723 10721
f 10898 10721 10897
f 10897 10721 10694
f 10897 10694 10699
f 10699 10694 10235
f 10699 10235 10233
f 10916 10917 10757
f 10757 10917 10918
f 10757 10918 10758
f 10758 10918 10919
f 10758 10919 10777
f 10777 10919 10920
f 10777 10920 10796
f 10796 10920 10921
f 10796 10921 10815
f 10815 10921 10922
f 10815 10922 10834
f 10834 10922 10923
f 10834 10923 10924
f 10162 10703 10692
f 10692 10703 10816
f 10692 10816 10925
f 10925 10816 10817
f 10925 10817 10926
f 10926 10817 10818
f 10926 10818 10927
f 10927 10818 10819
f 10927 10819 10928
f 10928 10819 10820
f 10928 10820 10929
f 10929 10820 10821
f 10929 10821 10930
f 10930 10821 10822
f 10930 10822 10931
f 10931 10822 10823
f 10931 10823 10932
f 10932 10823 10824
f 10932 10824 10933
f 10933 10824 10825
f 10933 10825 10934
f 10934 10825 10826
f 10934 10826 10935
f 10935 10826 10827
f 10935 10827 10936
f 10936 10827 10828
f 10936 10828 10937
f 10937 10828 10829
f 10937 10829 10938
f 10938 10829 10830
f 10938 10830 10939
f 10939 10830 10831
f 10939 10831 10940
f 10940 10831 10832
f 10940 10832 10941
f 10941 10832 10833
f 10941 10833 10942
f 10942 10833 10834
f 10942 10834 10943
f 10943 10834 10924
f 10943 10924 10944
f 10206 10692 5194
f 5194 10692 10925
f 5194 10925 5249
f 5249 10925 10926
f 5249 10926 5250
f 5250 10926 10927
f 5250 10927 5252
f 5252 10927 10928
f 5252 10928 5254
f 5254 10928 10929
f 5254 10929 5219
f 5219 10929 10930
f 5219 10930 5220
f 5220 10930 10931
f 5220 10931 5222
f 5222 10931 10932
f 5222 10932 5224
f 5224 10932 10933
f 5224 10933 5280
f 5280 10933 10934
f 5280 10934 5281
f 5281 10934 10935
f 5281 10935 5283
f 5283 10935 10936
f 5283 10936 5285
f 5285 10936 10937
f 5285 10937 5286
f 5286 10937 10938
f 5286 10938 5287
f 5287 10938 10939
f 5287 10939 5289
f 5289 10939 10940
f 5289 10940 5291
f 5291 10940 10941
f 5291 10941 5258
f 5258 10941 10942
f 5258 10942 5294
f 5294 10942 10943
f 5294 10943 5295
f 5295 10943 10944
f 5295 10944 459
f 10919 10918 10945
f 10916 10896 10946
f 10835 6273 10321
f 10876 10856 10947
f 10947 10856 10836
f 10947 10836 10835
f 10916 10946 10917
f 10922 10921 10948
f 10948 10921 10920
f 10949 10924 10923
f 10924 10949 10944
f 10944 10949 358
f 10944 358 459
f 10950 454 10949
f 10949 454 359
f 10949 359 358
f 455 10951 456
f 456 10951 10952
f 456 10952 442
f 442 10952 427
f 427 10952 10953
f 427 10953 423
f 423 10953 10954
f 423 10954 424
f 424 10954 411
f 411 10954 10955
f 411 10955 407
f 407 10955 10956
f 407 10956 408
f 408 10956 395
f 395 10956 10957
f 395 10957 390
f 390 10957 10958
f 390 10958 391
f 391 10958 393
f 393 10958 10959
f 393 10959 378
f 378 10959 10960
f 378 10960 379
f 379 10960 381
f 381 10960 10961
f 381 10961 375
f 376 375 10633
f 10633 375 10961
f 10633 10961 10634
f 10634 10961 10635
f 10635 10961 10636
f 10636 10961 10960
f 10636 10960 10637
f 10638 10962 10639
f 10639 10962 10963
f 10639 10963 10640
f 10641 10964 10642
f 10642 10964 10965
f 10642 10965 10643
f 10966 10645 10644
f 10645 10966 10646
f 10646 10966 10967
f 10646 10967 10647
f 10678 10968 10679
f 10679 10968 10969
f 10679 10969 10680
f 10681 10970 10682
f 10682 10970 10971
f 10972 10686 10973
f 10973 10686 10685
f 10973 10685 10974
f 10974 10685 10684
f 10974 10684 10971
f 10971 10684 10683
f 10971 10683 10682
f 10835 10321 10947
f 10947 10321 10689
f 10947 10689 10975
f 10975 10689 10688
f 10975 10688 10972
f 10972 10688 10687
f 10972 10687 10686
f 10681 10680 10970
f 10970 10680 10969
f 10970 10969 10971
f 10971 10969 10976
f 10971 10976 10974
f 10974 10976 10977
f 10974 10977 10973
f 10973 10977 10978
f 10973 10978 10972
f 10972 10978 10979
f 10972 10979 10975
f 10975 10979 10980
f 10975 10980 10947
f 10947 10980 10946
f 10947 10946 10876
f 10876 10946 10896
f 10678 10647 10968
f 10968 10647 10967
f 10968 10967 10969
f 10969 10967 10981
f 10969 10981 10976
f 10976 10981 10982
f 10976 10982 10977
f 10977 10982 10983
f 10977 10983 10978
f 10978 10983 10984
f 10978 10984 10979
f 10979 10984 10985
f 10979 10985 10980
f 10980 10985 10986
f 10980 10986 10946
f 10946 10986 10945
f 10946 10945 10917
f 10917 10945 10918
f 10644 10643 10966
f 10966 10643 10965
f 10966 10965 10967
f 10967 10965 10987
f 10967 10987 10981
f 10981 10987 10988
f 10981 10988 10982
f 10982 10988 10989
f 10982 10989 10983
f 10983 10989 10990
f 10983 10990 10984
f 10984 10990 10991
f 10984 10991 10985
f 10985 10991 10992
f 10985 10992 10986
f 10986 10992 10993
f 10986 10993 10945
f 10945 10993 10948
f 10945 10948 10919
f 10919 10948 10920
f 10641 10640 10964
f 10964 10640 10963
f 10964 10963 10965
f 10965 10963 10994
f 10965 10994 10987
f 10987 10994 10995
f 10987 10995 10988
f 10988 10995 10996
f 10988 10996 10989
f 10989 10996 10997
f 10989 10997 10990
f 10990 10997 10998
f 10990 10998 10991
f 10991 10998 10999
f 10991 10999 10992
f 10992 10999 11000
f 10992 11000 10993
f 10993 11000 10950
f 10993 10950 10948
f 10948 10950 10949
f 10948 10949 10922
f 10922 10949 10923
f 10638 10637 10962
f 10962 10637 10960
f 10962 10960 10963
f 10963 10960 10959
f 10963 10959 10994
f 10994 10959 10958
f 10994 10958 10995
f 10995 10958 10957
f 10995 10957 10996
f 10996 10957 10956
f 10996 10956 10997
f 10997 10956 10955
f 10997 10955 10998
f 10998 10955 10954
f 10998 10954 10999
f 10999 10954 10953
f 10999 10953 11000
f 11000 10953 10952
f 11000 10952 10950
f 10950 10952 10951
f 10950 10951 454
f 454 10951 455
f 11001 11002 11003
f 130 129 11004
f 128 112 11005
f 110 95 11006
f 94 93 11007
f 83 82 11008
f 70 69 11009
f 11010 11011 11012
f 11013 11014 11015
f 11016 11017 11018
f 11019 11020 11021
f 11022 11023 11024
f 11025 11026 11027
f 11027 11026 11028
f 11027 11028 6439
f 11016 11018 11029
f 11030 11031 11032
f 11032 11031 11033
f 11032 11033 11034
f 11034 11033 11035
f 25 24 11036
f 11036 24 23
f 25 11036 26
f 26 11036 11037
f 26 11037 27
f 11009 66 11038
f 11038 66 51
f 11038 51 11039
f 11039 51 50
f 11039 50 11040
f 11040 50 49
f 11040 49 11041
f 11041 49 48
f 11041 48 11042
f 11042 48 36
f 11042 36 11043
f 11043 36 33
f 11043 33 11044
f 11044 33 32
f 11044 32 11045
f 11045 32 31
f 11045 31 11046
f 11046 31 28
f 11046 28 11047
f 69 68 11009
f 11009 68 67
f 11009 67 66
f 82 81 11008
f 11008 81 71
f 11008 71 70
f 92 80 11048
f 11048 80 79
f 11048 79 11049
f 132 131 11050
f 11050 131 11051
f 11050 11051 11052
f 11052 11051 11053
f 11052 11053 11054
f 11055 11056 11053
f 11053 11056 11057
f 11053 11057 11054
f 11001 11003 11058
f 11003 11059 11058
f 11058 11059 11060
f 11058 11060 11061
f 11062 11063 11060
f 11060 11063 11064
f 11060 11064 11061
f 11065 11066 11067
f 11067 11066 11068
f 11067 11068 11062
f 11062 11068 11069
f 11062 11069 11063
f 11070 11071 11065
f 11065 11071 11072
f 11065 11072 11066
f 11073 11074 11070
f 11070 11074 11075
f 11070 11075 11071
f 11076 11077 11073
f 11073 11077 11078
f 11073 11078 11074
f 11079 11080 11076
f 11076 11080 11081
f 11076 11081 11077
f 6439 11082 11027
f 11027 11082 11083
f 11027 11083 11079
f 11079 11083 11084
f 11079 11084 11080
f 28 27 11047
f 11047 27 11037
f 11047 11037 11046
f 11046 11037 11085
f 11046 11085 11045
f 11045 11085 11086
f 11045 11086 11044
f 11044 11086 11087
f 11044 11087 11043
f 11043 11087 11088
f 11043 11088 11042
f 11042 11088 11089
f 11042 11089 11041
f 11041 11089 11090
f 11041 11090 11040
f 11040 11090 11091
f 11040 11091 11039
f 11039 11091 11092
f 11039 11092 11038
f 11038 11092 11093
f 11038 11093 11009
f 11009 11093 11094
f 11009 11094 70
f 70 11094 11095
f 70 11095 11008
f 23 11030 11036
f 11036 11030 11032
f 11036 11032 11037
f 11037 11032 11034
f 11037 11034 11085
f 11085 11034 11096
f 11085 11096 11086
f 11086 11096 11097
f 11086 11097 11087
f 11087 11097 11098
f 11087 11098 11088
f 11088 11098 11099
f 11088 11099 11089
f 11089 11099 11100
f 11089 11100 11090
f 11090 11100 11101
f 11090 11101 11091
f 11091 11101 11102
f 11091 11102 11092
f 11092 11102 11103
f 11092 11103 11093
f 11093 11103 11104
f 11093 11104 11094
f 11094 11104 11105
f 11094 11105 11095
f 11095 11105 11106
f 11095 11106 11008
f 11008 11106 11049
f 11008 11049 83
f 83 11049 79
f 11035 11010 11034
f 11034 11010 11012
f 11034 11012 11096
f 11096 11012 11107
f 11096 11107 11097
f 11097 11107 11108
f 11097 11108 11098
f 11098 11108 11109
f 11098 11109 11099
f 11099 11109 11110
f 11099 11110 11100
f 11100 11110 11111
f 11100 11111 11101
f 11101 11111 11112
f 11101 11112 11102
f 11102 11112 11113
f 11102 11113 11103
f 11103 11113 11114
f 11103 11114 11104
f 11104 11114 11115
f 11104 11115 11105
f 11105 11115 11116
f 11105 11116 11106
f 11106 11116 11117
f 11106 11117 11049
f 11049 11117 11118
f 11049 11118 11048
f 11048 11118 11007
f 11048 11007 92
f 92 11007 93
f 11011 11013 11012
f 11012 11013 11015
f 11012 11015 11107
f 11107 11015 11119
f 11107 11119 11108
f 11108 11119 11120
f 11108 11120 11109
f 11109 11120 11121
f 11109 11121 11110
f 11110 11121 11122
f 11110 11122 11111
f 11111 11122 11123
f 11111 11123 11112
f 11112 11123 11124
f 11112 11124 11113
f 11113 11124 11125
f 11113 11125 11114
f 11114 11125 11126
f 11114 11126 11115
f 11115 11126 11127
f 11115 11127 11116
f 11116 11127 11128
f 11116 11128 11117
f 11117 11128 11129
f 11117 11129 11118
f 11118 11129 11130
f 11118 11130 11007
f 11007 11130 11006
f 11007 11006 94
f 94 11006 95
f 11014 11131 11015
f 11015 11131 11029
f 11015 11029 11119
f 11119 11029 11018
f 11119 11018 11120
f 11120 11018 11132
f 11120 11132 11121
f 11121 11132 11133
f 11121 11133 11122
f 11122 11133 11134
f 11122 11134 11123
f 11123 11134 11135
f 11123 11135 11124
f 11124 11135 11136
f 11124 11136 11125
f 11125 11136 11137
f 11125 11137 11126
f 11126 11137 11138
f 11126 11138 11127
f 11127 11138 11139
f 11127 11139 11128
f 11128 11139 11140
f 11128 11140 11129
f 11129 11140 11141
f 11129 11141 11130
f 11130 11141 11142
f 11130 11142 11006
f 11006 11142 11143
f 11006 11143 110
f 110 11143 11005
f 110 11005 111
f 111 11005 112
f 11017 11019 11018
f 11018 11019 11021
f 11018 11021 11132
f 11132 11021 11144
f 11132 11144 11133
f 11133 11144 11145
f 11133 11145 11134
f 11134 11145 11146
f 11134 11146 11135
f 11135 11146 11147
f 11135 11147 11136
f 11136 11147 11148
f 11136 11148 11137
f 11137 11148 11149
f 11137 11149 11138
f 11138 11149 11150
f 11138 11150 11139
f 11139 11150 11151
f 11139 11151 11140
f 11140 11151 11152
f 11140 11152 11141
f 11141 11152 11153
f 11141 11153 11142
f 11142 11153 11154
f 11142 11154 11143
f 11143 11154 11155
f 11143 11155 11005
f 11005 11155 11004
f 11005 11004 128
f 128 11004 129
f 11020 11022 11021
f 11021 11022 11024
f 11021 11024 11144
f 11144 11024 11156
f 11144 11156 11145
f 11145 11156 11157
f 11145 11157 11146
f 11146 11157 11158
f 11146 11158 11147
f 11147 11158 11159
f 11147 11159 11148
f 11148 11159 11160
f 11148 11160 11149
f 11149 11160 11161
f 11149 11161 11150
f 11150 11161 11162
f 11150 11162 11151
f 11151 11162 11163
f 11151 11163 11152
f 11152 11163 11164
f 11152 11164 11153
f 11153 11164 11165
f 11153 11165 11154
f 11154 11165 11055
f 11154 11055 11155
f 11155 11055 11053
f 11155 11053 11004
f 11004 11053 11051
f 11004 11051 130
f 130 11051 131
f 11023 11166 11024
f 11024 11166 11025
f 11024 11025 11156
f 11156 11025 11027
f 11156 11027 11157
f 11157 11027 11079
f 11157 11079 11158
f 11158 11079 11076
f 11158 11076 11159
f 11159 11076 11073
f 11159 11073 11160
f 11160 11073 11070
f 11160 11070 11161
f 11161 11070 11065
f 11161 11065 11162
f 11162 11065 11067
f 11162 11067 11163
f 11163 11067 11062
f 11163 11062 11164
f 11164 11062 11060
f 11164 11060 11165
f 11165 11060 11059
f 11165 11059 11055
f 11055 11059 11003
f 11055 11003 11056
f 11056 11003 11002
f 6416 6419 11167
f 11023 11022 11168
f 11011 11010 11169
f 11031 11030 11170
f 11030 23 4642
f 11031 11170 11033
f 11171 11035 11033
f 11014 11013 11172
f 11172 11013 11011
f 11029 11131 11173
f 11173 11131 11014
f 11017 11016 11174
f 11174 11016 11029
f 11175 11019 11017
f 11022 11020 11176
f 11177 11166 11023
f 11028 11026 11178
f 11178 11026 11025
f 6439 11028 6438
f 6438 11028 11178
f 6438 11178 6435
f 6435 11178 11179
f 6435 11179 6434
f 11030 4642 11170
f 11170 4642 4641
f 11170 4641 11180
f 11180 4641 4640
f 11180 4640 11181
f 6434 11179 6429
f 6429 11179 11182
f 6429 11182 6428
f 6428 11182 11183
f 6428 11183 6427
f 11167 6419 11184
f 6419 6420 11184
f 11184 6420 6423
f 11184 6423 11183
f 11183 6423 6424
f 11183 6424 6427
f 4640 4647 11181
f 11181 4647 4648
f 11181 4648 11185
f 11185 4648 4649
f 11185 4649 11186
f 11186 4649 4646
f 11186 4646 11187
f 11187 4646 4644
f 11187 4644 11188
f 6416 11167 6415
f 6415 11167 11189
f 6415 11189 6410
f 6410 11189 11190
f 6410 11190 6411
f 6411 11190 11191
f 6411 11191 6412
f 6412 11191 11192
f 6412 11192 6355
f 6355 11192 6356
f 6356 11192 11193
f 6356 11193 6405
f 6405 11193 11194
f 6405 11194 6406
f 6406 11194 11195
f 6406 11195 6407
f 4644 4643 11188
f 11188 4643 4659
f 11188 4659 11196
f 11196 4659 4658
f 11196 4658 11197
f 11197 4658 4657
f 11197 4657 11198
f 11198 4657 4651
f 11198 4651 11199
f 11199 4651 4650
f 11199 4650 11200
f 11200 4650 4653
f 11200 4653 11201
f 11201 4653 4656
f 4655 11202 4656
f 4656 11202 11203
f 4656 11203 11201
f 6407 11195 6408
f 6408 11195 11204
f 6408 11204 6409
f 6409 11204 11205
f 6409 11205 6396
f 6396 11205 11206
f 6396 11206 6397
f 6397 11206 11207
f 6397 11207 6399
f 6399 11207 11208
f 6399 11208 6400
f 6400 11208 6402
f 6402 11208 11209
f 6402 11209 6403
f 6403 11209 11210
f 6403 11210 6395
f 6395 11210 11211
f 6395 11211 6393
f 6393 11211 6391
f 6391 11211 11212
f 6391 11212 6390
f 6390 11212 11213
f 6390 11213 6388
f 4655 4668 11202
f 11202 4668 4667
f 11202 4667 11214
f 11214 4667 4666
f 11214 4666 11215
f 11215 4666 4670
f 11215 4670 11216
f 11216 4670 4669
f 11216 4669 11217
f 11217 4669 4665
f 11217 4665 11218
f 11218 4665 4664
f 11218 4664 11219
f 11219 4664 4663
f 11219 4663 11220
f 11220 4663 4661
f 11220 4661 11221
f 11221 4661 4660
f 11221 4660 11222
f 11222 4660 4676
f 11222 4676 11223
f 6388 11213 6381
f 6381 11213 11224
f 6381 11224 6382
f 6382 11224 11225
f 6382 11225 6384
f 6384 11225 6386
f 6386 11225 11226
f 6386 11226 6387
f 6387 11226 11227
f 6387 11227 6370
f 4676 4675 11223
f 11223 4675 4674
f 11223 4674 11228
f 11228 4674 4672
f 11228 4672 11229
f 11229 4672 4671
f 11229 4671 11230
f 11230 4671 5021
f 11230 5021 11231
f 11231 5021 4679
f 11232 6376 11233
f 11233 6376 6374
f 11233 6374 11227
f 11227 6374 6372
f 11227 6372 6370
f 4637 11234 4638
f 4638 11234 11235
f 4638 11235 4677
f 4677 11235 11231
f 4677 11231 4678
f 4678 11231 4679
f 11033 11170 11171
f 11171 11170 11180
f 11171 11180 11236
f 11236 11180 11181
f 11236 11181 11237
f 11237 11181 11185
f 11237 11185 11238
f 11238 11185 11186
f 11238 11186 11239
f 11239 11186 11187
f 11239 11187 11240
f 11240 11187 11188
f 11240 11188 11241
f 11241 11188 11196
f 11241 11196 11242
f 11242 11196 11197
f 11242 11197 11243
f 11243 11197 11198
f 11243 11198 11244
f 11244 11198 11199
f 11244 11199 11245
f 11245 11199 11200
f 11245 11200 11246
f 11246 11200 11201
f 11246 11201 11247
f 11247 11201 11203
f 11247 11203 11248
f 11248 11203 11202
f 11248 11202 11249
f 11249 11202 11214
f 11249 11214 11250
f 11250 11214 11215
f 11250 11215 11251
f 11251 11215 11216
f 11251 11216 11252
f 11252 11216 11217
f 11252 11217 11253
f 11253 11217 11218
f 11253 11218 11254
f 11254 11218 11219
f 11254 11219 11255
f 11255 11219 11220
f 11255 11220 11256
f 11256 11220 11221
f 11256 11221 11257
f 11257 11221 11222
f 11257 11222 11258
f 11258 11222 11223
f 11258 11223 11259
f 11259 11223 11228
f 11259 11228 11260
f 11260 11228 11229
f 11260 11229 11261
f 11261 11229 11230
f 11261 11230 11262
f 11262 11230 11231
f 11262 11231 11263
f 11263 11231 11235
f 11263 11235 11264
f 11264 11235 11234
f 11264 11234 11265
f 11011 11169 11172
f 11172 11169 11266
f 11172 11266 11267
f 11267 11266 11268
f 11267 11268 11269
f 11269 11268 11270
f 11269 11270 11271
f 11271 11270 11272
f 11271 11272 11273
f 11273 11272 11274
f 11273 11274 11275
f 11275 11274 11276
f 11275 11276 11277
f 11277 11276 11278
f 11277 11278 11279
f 11279 11278 11280
f 11279 11280 11281
f 11281 11280 11282
f 11281 11282 11283
f 11283 11282 11284
f 11283 11284 11285
f 11285 11284 11286
f 11285 11286 11287
f 11287 11286 11288
f 11287 11288 11289
f 11289 11288 11290
f 11289 11290 11291
f 11291 11290 11292
f 11291 11292 11293
f 11293 11292 11294
f 11293 11294 11295
f 11295 11294 11296
f 11295 11296 11297
f 11297 11296 11298
f 11297 11298 11299
f 11299 11298 11300
f 11299 11300 11301
f 11301 11300 11302
f 11301 11302 11303
f 11303 11302 11304
f 11303 11304 11305
f 11305 11304 11306
f 11305 11306 11307
f 11307 11306 11308
f 11307 11308 11309
f 11309 11308 11310
f 11309 11310 11311
f 11311 11310 11312
f 11311 11312 11313
f 11313 11312 11314
f 11313 11314 11315
f 11315 11314 11316
f 11315 11316 11317
f 11317 11316 11318
f 11317 11318 11319
f 11319 11318 11320
f 11319 11320 11321
f 11321 11320 11322
f 11321 11322 11323
f 11323 11322 11324
f 11323 11324 11325
f 11014 11172 11173
f 11173 11172 11267
f 11173 11267 11326
f 11326 11267 11269
f 11326 11269 11327
f 11327 11269 11271
f 11327 11271 11328
f 11328 11271 11273
f 11328 11273 11329
f 11329 11273 11275
f 11329 11275 11330
f 11330 11275 11277
f 11330 11277 11331
f 11331 11277 11279
f 11331 11279 11332
f 11332 11279 11281
f 11332 11281 11333
f 11333 11281 11283
f 11333 11283 11334
f 11334 11283 11285
f 11334 11285 11335
f 11335 11285 11287
f 11335 11287 11336
f 11336 11287 11289
f 11336 11289 11337
f 11337 11289 11291
f 11337 11291 11338
f 11338 11291 11293
f 11338 11293 11339
f 11339 11293 11295
f 11339 11295 11340
f 11340 11295 11297
f 11340 11297 11341
f 11341 11297 11299
f 11341 11299 11342
f 11342 11299 11301
f 11342 11301 11343
f 11343 11301 11303
f 11343 11303 11344
f 11344 11303 11305
f 11344 11305 11345
f 11345 11305 11307
f 11345 11307 11346
f 11346 11307 11309
f 11346 11309 11347
f 11347 11309 11311
f 11347 11311 11348
f 11348 11311 11313
f 11348 11313 11349
f 11349 11313 11315
f 11349 11315 11350
f 11350 11315 11317
f 11350 11317 11351
f 11351 11317 11319
f 11351 11319 11352
f 11352 11319 11321
f 11352 11321 11353
f 11353 11321 11323
f 11353 11323 11354
f 11354 11323 11325
f 11354 11325 11355
f 11022 11176 11168
f 11168 11176 11356
f 11168 11356 11357
f 11357 11356 11358
f 11357 11358 11359
f 11359 11358 11360
f 11359 11360 11361
f 11361 11360 11362
f 11361 11362 11363
f 11363 11362 11364
f 11363 11364 11365
f 11365 11364 11366
f 11365 11366 11367
f 11367 11366 11368
f 11367 11368 11369
f 11369 11368 11370
f 11369 11370 11371
f 11371 11370 11372
f 11371 11372 11373
f 11373 11372 11374
f 11373 11374 11375
f 11375 11374 11376
f 11375 11376 11377
f 11377 11376 11378
f 11377 11378 11379
f 11379 11378 11380
f 11379 11380 11381
f 11381 11380 11382
f 11381 11382 11383
f 11383 11382 11384
f 11383 11384 11385
f 11385 11384 11386
f 11385 11386 11387
f 11387 11386 11388
f 11387 11388 11389
f 11389 11388 11390
f 11389 11390 11391
f 11391 11390 11392
f 11391 11392 11393
f 11393 11392 11394
f 11393 11394 11395
f 11395 11394 11396
f 11395 11396 11397
f 11397 11396 11398
f 11397 11398 11399
f 11399 11398 11400
f 11399 11400 11401
f 11401 11400 11402
f 11401 11402 11403
f 11403 11402 11404
f 11403 11404 11405
f 11405 11404 11406
f 11405 11406 11407
f 11407 11406 11408
f 11407 11408 11409
f 11409 11408 11410
f 11409 11410 11411
f 11411 11410 11412
f 11411 11412 11413
f 11413 11412 11414
f 11413 11414 11415
f 6360 6366 11416
f 11416 6366 6364
f 11416 6364 11417
f 11417 6364 6363
f 11417 6363 11232
f 11232 6363 6378
f 11232 6378 6376
f 4637 159 11418
f 4637 11418 11234
f 11234 11418 11419
f 11234 11419 11265
f 11265 11419 11420
f 11265 11420 11421
f 11421 11324 11265
f 11265 11324 11322
f 11265 11322 11264
f 11264 11322 11320
f 11264 11320 11263
f 11263 11320 11318
f 11263 11318 11262
f 11262 11318 11316
f 11262 11316 11261
f 11261 11316 11314
f 11261 11314 11260
f 11260 11314 11312
f 11260 11312 11259
f 11259 11312 11310
f 11259 11310 11258
f 11258 11310 11308
f 11258 11308 11257
f 11257 11308 11306
f 11257 11306 11256
f 11256 11306 11304
f 11256 11304 11255
f 11255 11304 11302
f 11255 11302 11254
f 11254 11302 11300
f 11254 11300 11253
f 11253 11300 11298
f 11253 11298 11252
f 11252 11298 11296
f 11252 11296 11251
f 11251 11296 11294
f 11251 11294 11250
f 11250 11294 11292
f 11250 11292 11249
f 11249 11292 11290
f 11249 11290 11248
f 11248 11290 11288
f 11248 11288 11247
f 11247 11288 11286
f 11247 11286 11246
f 11246 11286 11284
f 11246 11284 11245
f 11245 11284 11282
f 11245 11282 11244
f 11244 11282 11280
f 11244 11280 11243
f 11243 11280 11278
f 11243 11278 11242
f 11242 11278 11276
f 11242 11276 11241
f 11241 11276 11274
f 11241 11274 11240
f 11240 11274 11272
f 11240 11272 11239
f 11239 11272 11270
f 11239 11270 11238
f 11238 11270 11268
f 11238 11268 11237
f 11237 11268 11266
f 11237 11266 11236
f 11236 11266 11169
f 11236 11169 11171
f 11171 11169 11010
f 11171 11010 11035
f 11422 11423 11355
f 11421 11424 11324
f 11324 11424 11425
f 11324 11425 11325
f 11325 11425 11426
f 11325 11426 11355
f 11355 11426 11427
f 11355 11427 11422
f 11423 11428 11355
f 11355 11428 11429
f 11355 11429 11430
f 11430 11431 11355
f 11355 11431 11432
f 11355 11432 11433
f 11433 11434 11355
f 11355 11434 11435
f 11355 11435 11436
f 11029 11173 11174
f 11174 11173 11326
f 11174 11326 11437
f 11437 11326 11327
f 11437 11327 11438
f 11438 11327 11328
f 11438 11328 11439
f 11439 11328 11329
f 11439 11329 11440
f 11440 11329 11330
f 11440 11330 11441
f 11441 11330 11331
f 11441 11331 11442
f 11442 11331 11332
f 11442 11332 11443
f 11443 11332 11333
f 11443 11333 11444
f 11444 11333 11334
f 11444 11334 11445
f 11445 11334 11335
f 11445 11335 11446
f 11446 11335 11336
f 11446 11336 11447
f 11447 11336 11337
f 11447 11337 11448
f 11448 11337 11338
f 11448 11338 11449
f 11449 11338 11339
f 11449 11339 11450
f 11450 11339 11340
f 11450 11340 11451
f 11451 11340 11341
f 11451 11341 11452
f 11452 11341 11342
f 11452 11342 11453
f 11453 11342 11343
f 11453 11343 11454
f 11454 11343 11344
f 11454 11344 11455
f 11455 11344 11345
f 11455 11345 11456
f 11456 11345 11346
f 11456 11346 11457
f 11457 11346 11347
f 11457 11347 11458
f 11458 11347 11348
f 11458 11348 11459
f 11459 11348 11349
f 11459 11349 11460
f 11460 11349 11350
f 11460 11350 11461
f 11461 11350 11351
f 11461 11351 11462
f 11462 11351 11352
f 11462 11352 11463
f 11463 11352 11353
f 11463 11353 11464
f 11464 11353 11354
f 11464 11354 11465
f 11465 11354 11355
f 11465 11355 11466
f 11466 11355 11436
f 11466 11436 11467
f 11467 11468 11466
f 11466 11468 11469
f 11466 11469 11470
f 11017 11174 11175
f 11175 11174 11437
f 11175 11437 11471
f 11471 11437 11438
f 11471 11438 11472
f 11472 11438 11439
f 11472 11439 11473
f 11473 11439 11440
f 11473 11440 11474
f 11474 11440 11441
f 11474 11441 11475
f 11475 11441 11442
f 11475 11442 11476
f 11476 11442 11443
f 11476 11443 11477
f 11477 11443 11444
f 11477 11444 11478
f 11478 11444 11445
f 11478 11445 11479
f 11479 11445 11446
f 11479 11446 11480
f 11480 11446 11447
f 11480 11447 11481
f 11481 11447 11448
f 11481 11448 11482
f 11482 11448 11449
f 11482 11449 11483
f 11483 11449 11450
f 11483 11450 11484
f 11484 11450 11451
f 11484 11451 11485
f 11485 11451 11452
f 11485 11452 11486
f 11486 11452 11453
f 11486 11453 11487
f 11487 11453 11454
f 11487 11454 11488
f 11488 11454 11455
f 11488 11455 11489
f 11489 11455 11456
f 11489 11456 11490
f 11490 11456 11457
f 11490 11457 11491
f 11491 11457 11458
f 11491 11458 11492
f 11492 11458 11459
f 11492 11459 11493
f 11493 11459 11460
f 11493 11460 11494
f 11494 11460 11461
f 11494 11461 11495
f 11495 11461 11462
f 11495 11462 11496
f 11496 11462 11463
f 11496 11463 11497
f 11497 11463 11464
f 11497 11464 11498
f 11498 11464 11465
f 11498 11465 11499
f 11499 11465 11466
f 11499 11466 11500
f 11500 11466 11470
f 11500 11470 11501
f 11501 11502 11500
f 11500 11502 11503
f 11500 11503 11504
f 11504 11414 11500
f 11500 11414 11412
f 11500 11412 11499
f 11499 11412 11410
f 11499 11410 11498
f 11498 11410 11408
f 11498 11408 11497
f 11497 11408 11406
f 11497 11406 11496
f 11496 11406 11404
f 11496 11404 11495
f 11495 11404 11402
f 11495 11402 11494
f 11494 11402 11400
f 11494 11400 11493
f 11493 11400 11398
f 11493 11398 11492
f 11492 11398 11396
f 11492 11396 11491
f 11491 11396 11394
f 11491 11394 11490
f 11490 11394 11392
f 11490 11392 11489
f 11489 11392 11390
f 11489 11390 11488
f 11488 11390 11388
f 11488 11388 11487
f 11487 11388 11386
f 11487 11386 11486
f 11486 11386 11384
f 11486 11384 11485
f 11485 11384 11382
f 11485 11382 11484
f 11484 11382 11380
f 11484 11380 11483
f 11483 11380 11378
f 11483 11378 11482
f 11482 11378 11376
f 11482 11376 11481
f 11481 11376 11374
f 11481 11374 11480
f 11480 11374 11372
f 11480 11372 11479
f 11479 11372 11370
f 11479 11370 11478
f 11478 11370 11368
f 11478 11368 11477
f 11477 11368 11366
f 11477 11366 11476
f 11476 11366 11364
f 11476 11364 11475
f 11475 11364 11362
f 11475 11362 11474
f 11474 11362 11360
f 11474 11360 11473
f 11473 11360 11358
f 11473 11358 11472
f 11472 11358 11356
f 11472 11356 11471
f 11471 11356 11176
f 11471 11176 11175
f 11175 11176 11020
f 11175 11020 11019
f 11504 11505 11414
f 11414 11505 11506
f 11414 11506 11415
f 11415 11506 11507
f 11415 11507 11508
f 11023 11168 11177
f 11177 11168 11357
f 11177 11357 11509
f 11509 11357 11359
f 11509 11359 11510
f 11510 11359 11361
f 11510 11361 11511
f 11511 11361 11363
f 11511 11363 11512
f 11512 11363 11365
f 11512 11365 11513
f 11513 11365 11367
f 11513 11367 11514
f 11514 11367 11369
f 11514 11369 11515
f 11515 11369 11371
f 11515 11371 11516
f 11516 11371 11373
f 11516 11373 11517
f 11517 11373 11375
f 11517 11375 11518
f 11518 11375 11377
f 11518 11377 11519
f 11519 11377 11379
f 11519 11379 11520
f 11520 11379 11381
f 11520 11381 11521
f 11521 11381 11383
f 11521 11383 11522
f 11522 11383 11385
f 11522 11385 11523
f 11523 11385 11387
f 11523 11387 11524
f 11524 11387 11389
f 11524 11389 11525
f 11525 11389 11391
f 11525 11391 11526
f 11526 11391 11393
f 11526 11393 11527
f 11527 11393 11395
f 11527 11395 11528
f 11528 11395 11397
f 11528 11397 11529
f 11529 11397 11399
f 11529 11399 11530
f 11530 11399 11401
f 11530 11401 11531
f 11531 11401 11403
f 11531 11403 11532
f 11532 11403 11405
f 11532 11405 11533
f 11533 11405 11407
f 11533 11407 11534
f 11534 11407 11409
f 11534 11409 11535
f 11535 11409 11411
f 11535 11411 11536
f 11536 11411 11413
f 11536 11413 11537
f 11537 11413 11415
f 11537 11415 11538
f 11538 11415 11508
f 11538 11508 11539
f 11539 11416 11538
f 11538 11416 11417
f 11538 11417 11537
f 11537 11417 11232
f 11537 11232 11536
f 11536 11232 11233
f 11536 11233 11535
f 11535 11233 11227
f 11535 11227 11534
f 11534 11227 11226
f 11534 11226 11533
f 11533 11226 11225
f 11533 11225 11532
f 11532 11225 11224
f 11532 11224 11531
f 11531 11224 11213
f 11531 11213 11530
f 11530 11213 11212
f 11530 11212 11529
f 11529 11212 11211
f 11529 11211 11528
f 11528 11211 11210
f 11528 11210 11527
f 11527 11210 11209
f 11527 11209 11526
f 11526 11209 11208
f 11526 11208 11525
f 11525 11208 11207
f 11525 11207 11524
f 11524 11207 11206
f 11524 11206 11523
f 11523 11206 11205
f 11523 11205 11522
f 11522 11205 11204
f 11522 11204 11521
f 11521 11204 11195
f 11521 11195 11520
f 11520 11195 11194
f 11520 11194 11519
f 11519 11194 11193
f 11519 11193 11518
f 11518 11193 11192
f 11518 11192 11517
f 11517 11192 11191
f 11517 11191 11516
f 11516 11191 11190
f 11516 11190 11515
f 11515 11190 11189
f 11515 11189 11514
f 11514 11189 11167
f 11514 11167 11513
f 11513 11167 11184
f 11513 11184 11512
f 11512 11184 11183
f 11512 11183 11511
f 11511 11183 11182
f 11511 11182 11510
f 11510 11182 11179
f 11510 11179 11509
f 11509 11179 11178
f 11509 11178 11177
f 11177 11178 11025
f 11177 11025 11166
f 6358 6360 11540
f 11540 6360 11416
f 11540 11416 11541
f 11541 11416 11539
f 11002 11001 11542
f 11082 6439 6437
f 11543 11083 11082
f 11081 11080 11544
f 11544 11080 11084
f 11078 11077 11545
f 11545 11077 11081
f 11546 11074 11078
f 11072 11071 11547
f 11547 11071 11075
f 11068 11066 11548
f 11548 11066 11072
f 11063 11069 11549
f 11549 11069 11068
f 11550 11064 11063
f 11551 11058 11061
f 11058 11551 11001
f 11054 11057 11552
f 11552 11057 11056
f 11552 11056 11002
f 11050 11052 11553
f 11553 11052 11054
f 5176 132 11050
f 11082 6437 11543
f 11543 6437 6436
f 11543 6436 11554
f 6436 6433 11554
f 11554 6433 6432
f 11554 6432 11555
f 11555 6432 6431
f 11555 6431 11556
f 11556 6431 6430
f 11556 6430 11557
f 6430 6426 11557
f 11557 6426 6425
f 11557 6425 11558
f 6425 6422 11558
f 11558 6422 6421
f 11558 6421 11559
f 6421 6418 11559
f 11559 6418 6417
f 11559 6417 11560
f 6417 6414 11560
f 11560 6414 6413
f 11560 6413 11561
f 6413 6357 11561
f 11561 6357 6404
f 11561 6404 11562
f 11562 6404 6398
f 6398 6401 11562
f 11562 6401 6394
f 11562 6394 11563
f 6394 6392 11563
f 11563 6392 6389
f 11563 6389 11564
f 6389 6383 11564
f 11564 6383 6385
f 11564 6385 11565
f 6385 6369 11565
f 11565 6369 6371
f 11565 6371 11566
f 6371 6373 11566
f 11566 6373 6375
f 11566 6375 11567
f 11567 6375 6377
f 6377 6379 11567
f 11567 6379 6380
f 11567 6380 11568
f 11568 6380 6365
f 11568 6365 11569
f 6365 6367 11569
f 11569 6367 6368
f 11569 6368 11570
f 11570 6368 6362
f 11570 6362 11571
f 11081 11544 11545
f 11545 11544 11572
f 11545 11572 11573
f 11573 11572 11574
f 11573 11574 11575
f 11575 11574 11576
f 11575 11576 11577
f 11577 11576 11578
f 11577 11578 11579
f 11579 11578 11580
f 11579 11580 11581
f 11581 11580 11582
f 11581 11582 11583
f 11583 11582 11584
f 11583 11584 11585
f 11585 11584 11586
f 11585 11586 11587
f 11587 11586 11588
f 11587 11588 11589
f 11589 11588 11590
f 11589 11590 11591
f 11591 11590 11592
f 11591 11592 11593
f 11593 11592 11594
f 11593 11594 11595
f 11595 11594 11596
f 11595 11596 11597
f 11597 11596 11598
f 11597 11598 11599
f 11599 11598 11600
f 11599 11600 11601
f 11601 11600 11602
f 11601 11602 11603
f 11603 11602 11604
f 11603 11604 11605
f 11605 11604 11606
f 11605 11606 11607
f 11607 11606 11608
f 11607 11608 11609
f 11078 11545 11546
f 11546 11545 11573
f 11546 11573 11610
f 11610 11573 11575
f 11610 11575 11611
f 11611 11575 11577
f 11611 11577 11612
f 11612 11577 11579
f 11612 11579 11613
f 11613 11579 11581
f 11613 11581 11614
f 11614 11581 11583
f 11614 11583 11615
f 11615 11583 11585
f 11615 11585 11616
f 11616 11585 11587
f 11616 11587 11617
f 11617 11587 11589
f 11617 11589 11618
f 11618 11589 11591
f 11618 11591 11619
f 11619 11591 11593
f 11619 11593 11620
f 11620 11593 11595
f 11620 11595 11621
f 11621 11595 11597
f 11621 11597 11622
f 11622 11597 11599
f 11622 11599 11623
f 11623 11599 11601
f 11623 11601 11624
f 11624 11601 11603
f 11624 11603 11625
f 11625 11603 11605
f 11625 11605 11626
f 11626 11605 11607
f 11626 11607 11627
f 11627 11607 11609
f 11627 11609 11628
f 11072 11547 11548
f 11548 11547 11629
f 11548 11629 11630
f 11630 11629 11631
f 11630 11631 11632
f 11632 11631 11633
f 11632 11633 11634
f 11634 11633 11635
f 11634 11635 11636
f 11636 11635 11637
f 11636 11637 11638
f 11638 11637 11639
f 11638 11639 11640
f 11640 11639 11641
f 11640 11641 11642
f 11642 11641 11643
f 11642 11643 11644
f 11644 11643 11645
f 11644 11645 11646
f 11646 11645 11647
f 11646 11647 11648
f 11648 11647 11649
f 11648 11649 11650
f 11650 11649 11651
f 11650 11651 11652
f 11652 11651 11653
f 11652 11653 11654
f 11654 11653 11655
f 11654 11655 11656
f 11656 11655 11657
f 11656 11657 11658
f 11658 11657 11659
f 11658 11659 11660
f 11660 11659 11661
f 11660 11661 11662
f 11662 11661 11663
f 11662 11663 11664
f 11664 11663 11665
f 11664 11665 11666
f 11068 11548 11549
f 11549 11548 11630
f 11549 11630 11667
f 11667 11630 11632
f 11667 11632 11668
f 11668 11632 11634
f 11668 11634 11669
f 11669 11634 11636
f 11669 11636 11670
f 11670 11636 11638
f 11670 11638 11671
f 11671 11638 11640
f 11671 11640 11672
f 11672 11640 11642
f 11672 11642 11673
f 11673 11642 11644
f 11673 11644 11674
f 11674 11644 11646
f 11674 11646 11675
f 11675 11646 11648
f 11675 11648 11676
f 11676 11648 11650
f 11676 11650 11677
f 11677 11650 11652
f 11677 11652 11678
f 11678 11652 11654
f 11678 11654 11679
f 11679 11654 11656
f 11679 11656 11680
f 11680 11656 11658
f 11680 11658 11681
f 11681 11658 11660
f 11681 11660 11682
f 11682 11660 11662
f 11682 11662 11683
f 11683 11662 11664
f 11683 11664 11684
f 11684 11664 11666
f 11684 11666 11685
f 11063 11549 11550
f 11550 11549 11667
f 11550 11667 11686
f 11686 11667 11668
f 11686 11668 11687
f 11687 11668 11669
f 11687 11669 11688
f 11688 11669 11670
f 11688 11670 11689
f 11689 11670 11671
f 11689 11671 11690
f 11690 11671 11672
f 11690 11672 11691
f 11691 11672 11673
f 11691 11673 11692
f 11692 11673 11674
f 11692 11674 11693
f 11693 11674 11675
f 11693 11675 11694
f 11694 11675 11676
f 11694 11676 11695
f 11695 11676 11677
f 11695 11677 11696
f 11696 11677 11678
f 11696 11678 11697
f 11697 11678 11679
f 11697 11679 11698
f 11698 11679 11680
f 11698 11680 11699
f 11699 11680 11681
f 11699 11681 11700
f 11700 11681 11682
f 11700 11682 11701
f 11701 11682 11683
f 11701 11683 11702
f 11702 11683 11684
f 11702 11684 11703
f 11703 11684 11685
f 11703 11685 11704
f 11001 11551 11542
f 11542 11551 11705
f 11542 11705 11706
f 11706 11705 11707
f 11706 11707 11708
f 11708 11707 11709
f 11708 11709 11710
f 11710 11709 11711
f 11710 11711 11712
f 11712 11711 11713
f 11712 11713 11714
f 11714 11713 11715
f 11714 11715 11716
f 11716 11715 11717
f 11716 11717 11718
f 11718 11717 11719
f 11718 11719 11720
f 11720 11719 11721
f 11720 11721 11722
f 11722 11721 11723
f 11722 11723 11724
f 11724 11723 11725
f 11724 11725 11726
f 11726 11725 11727
f 11726 11727 11728
f 11728 11727 11729
f 11728 11729 11730
f 11730 11729 11731
f 11730 11731 11732
f 11732 11731 11733
f 11732 11733 11734
f 11734 11733 11735
f 11734 11735 11736
f 11736 11735 11737
f 11736 11737 11738
f 11738 11737 11739
f 11738 11739 11740
f 11740 11739 11741
f 11740 11741 11742
f 11002 11542 11552
f 11552 11542 11706
f 11552 11706 11743
f 11743 11706 11708
f 11743 11708 11744
f 11744 11708 11710
f 11744 11710 11745
f 11745 11710 11712
f 11745 11712 11746
f 11746 11712 11714
f 11746 11714 11747
f 11747 11714 11716
f 11747 11716 11748
f 11748 11716 11718
f 11748 11718 11749
f 11749 11718 11720
f 11749 11720 11750
f 11750 11720 11722
f 11750 11722 11751
f 11751 11722 11724
f 11751 11724 11752
f 11752 11724 11726
f 11752 11726 11753
f 11753 11726 11728
f 11753 11728 11754
f 11754 11728 11730
f 11754 11730 11755
f 11755 11730 11732
f 11755 11732 11756
f 11756 11732 11734
f 11756 11734 11757
f 11757 11734 11736
f 11757 11736 11758
f 11758 11736 11738
f 11758 11738 11759
f 11759 11738 11740
f 11759 11740 11760
f 11760 11740 11742
f 11760 11742 11761
f 6362 6361 11571
f 11571 6361 6359
f 11571 6359 11762
f 11762 6359 6358
f 11762 6358 11763
f 11763 11608 11762
f 11762 11608 11606
f 11762 11606 11571
f 11571 11606 11604
f 11571 11604 11570
f 11570 11604 11602
f 11570 11602 11569
f 11569 11602 11600
f 11569 11600 11568
f 11568 11600 11598
f 11568 11598 11567
f 11567 11598 11596
f 11567 11596 11566
f 11566 11596 11594
f 11566 11594 11565
f 11565 11594 11592
f 11565 11592 11564
f 11564 11592 11590
f 11564 11590 11563
f 11563 11590 11588
f 11563 11588 11562
f 11562 11588 11586
f 11562 11586 11561
f 11561 11586 11584
f 11561 11584 11560
f 11560 11584 11582
f 11560 11582 11559
f 11559 11582 11580
f 11559 11580 11558
f 11558 11580 11578
f 11558 11578 11557
f 11557 11578 11576
f 11557 11576 11556
f 11556 11576 11574
f 11556 11574 11555
f 11555 11574 11572
f 11555 11572 11554
f 11554 11572 11544
f 11554 11544 11543
f 11543 11544 11084
f 11543 11084 11083
f 11763 11764 11608
f 11608 11764 11765
f 11608 11765 11609
f 11609 11765 11766
f 11609 11766 11628
f 11628 11766 11767
f 11628 11767 11768
f 11768 11665 11628
f 11628 11665 11663
f 11628 11663 11627
f 11627 11663 11661
f 11627 11661 11626
f 11626 11661 11659
f 11626 11659 11625
f 11625 11659 11657
f 11625 11657 11624
f 11624 11657 11655
f 11624 11655 11623
f 11623 11655 11653
f 11623 11653 11622
f 11622 11653 11651
f 11622 11651 11621
f 11621 11651 11649
f 11621 11649 11620
f 11620 11649 11647
f 11620 11647 11619
f 11619 11647 11645
f 11619 11645 11618
f 11618 11645 11643
f 11618 11643 11617
f 11617 11643 11641
f 11617 11641 11616
f 11616 11641 11639
f 11616 11639 11615
f 11615 11639 11637
f 11615 11637 11614
f 11614 11637 11635
f 11614 11635 11613
f 11613 11635 11633
f 11613 11633 11612
f 11612 11633 11631
f 11612 11631 11611
f 11611 11631 11629
f 11611 11629 11610
f 11610 11629 11547
f 11610 11547 11546
f 11546 11547 11075
f 11546 11075 11074
f 11768 11769 11665
f 11665 11769 11770
f 11665 11770 11666
f 11666 11770 11771
f 11666 11771 11685
f 11685 11771 11772
f 11685 11772 11704
f 11704 11772 11773
f 11704 11773 11774
f 11774 11741 11704
f 11704 11741 11739
f 11704 11739 11703
f 11703 11739 11737
f 11703 11737 11702
f 11702 11737 11735
f 11702 11735 11701
f 11701 11735 11733
f 11701 11733 11700
f 11700 11733 11731
f 11700 11731 11699
f 11699 11731 11729
f 11699 11729 11698
f 11698 11729 11727
f 11698 11727 11697
f 11697 11727 11725
f 11697 11725 11696
f 11696 11725 11723
f 11696 11723 11695
f 11695 11723 11721
f 11695 11721 11694
f 11694 11721 11719
f 11694 11719 11693
f 11693 11719 11717
f 11693 11717 11692
f 11692 11717 11715
f 11692 11715 11691
f 11691 11715 11713
f 11691 11713 11690
f 11690 11713 11711
f 11690 11711 11689
f 11689 11711 11709
f 11689 11709 11688
f 11688 11709 11707
f 11688 11707 11687
f 11687 11707 11705
f 11687 11705 11686
f 11686 11705 11551
f 11686 11551 11550
f 11550 11551 11061
f 11550 11061 11064
f 11774 11775 11741
f 11741 11775 11776
f 11741 11776 11742
f 11742 11776 11777
f 11742 11777 11761
f 11761 11777 11778
f 11761 11778 11779
f 11054 11552 11553
f 11553 11552 11743
f 11553 11743 11780
f 11780 11743 11744
f 11780 11744 11781
f 11781 11744 11745
f 11781 11745 11782
f 11782 11745 11746
f 11782 11746 11783
f 11783 11746 11747
f 11783 11747 11784
f 11784 11747 11748
f 11784 11748 11785
f 11785 11748 11749
f 11785 11749 11786
f 11786 11749 11750
f 11786 11750 11787
f 11787 11750 11751
f 11787 11751 11788
f 11788 11751 11752
f 11788 11752 11789
f 11789 11752 11753
f 11789 11753 11790
f 11790 11753 11754
f 11790 11754 11791
f 11791 11754 11755
f 11791 11755 11792
f 11792 11755 11756
f 11792 11756 11793
f 11793 11756 11757
f 11793 11757 11794
f 11794 11757 11758
f 11794 11758 11795
f 11795 11758 11759
f 11795 11759 11796
f 11796 11759 11760
f 11796 11760 11797
f 11797 11760 11761
f 11797 11761 11798
f 11798 11761 11779
f 11798 11779 11799
f 11050 11553 5176
f 5176 11553 11780
f 5176 11780 5178
f 5178 11780 11781
f 5178 11781 5179
f 5179 11781 11782
f 5179 11782 5180
f 5180 11782 11783
f 5180 11783 5181
f 5181 11783 11784
f 5181 11784 5183
f 5183 11784 11785
f 5183 11785 5185
f 5185 11785 11786
f 5185 11786 5206
f 5206 11786 11787
f 5206 11787 5207
f 5207 11787 11788
f 5207 11788 5209
f 5209 11788 11789
f 5209 11789 5210
f 5210 11789 11790
f 5210 11790 5188
f 5188 11790 11791
f 5188 11791 5190
f 5190 11791 11792
f 5190 11792 5192
f 5192 11792 11793
f 5192 11793 5255
f 5255 11793 11794
f 5255 11794 5253
f 5253 11794 11795
f 5253 11795 5251
f 5251 11795 11796
f 5251 11796 5218
f 5218 11796 11797
f 5218 11797 5256
f 5256 11797 11798
f 5256 11798 5257
f 5257 11798 11799
f 5257 11799 245
f 11429 11800 11801
f 11425 11802 11803
f 161 162 11804
f 168 167 11805
f 11805 167 172
f 215 218 11806
f 227 11807 228
f 11799 11779 11808
f 11775 11774 11809
f 11771 11770 11810
f 11763 6358 11540
f 11766 11765 11811
f 11811 11765 11764
f 11811 11764 11763
f 11770 11769 11810
f 11810 11769 11768
f 11810 11768 11812
f 11812 11768 11767
f 11812 11767 11766
f 11774 11773 11809
f 11809 11773 11772
f 11809 11772 11771
f 11808 11776 11813
f 11813 11776 11775
f 11779 11778 11808
f 11808 11778 11777
f 11808 11777 11776
f 245 11799 11814
f 230 134 11814
f 11814 134 133
f 11814 133 245
f 230 11814 226
f 226 11814 11815
f 226 11815 227
f 228 11807 229
f 229 11807 11816
f 229 11816 218
f 215 11806 209
f 209 11806 11817
f 209 11817 210
f 194 213 11818
f 11818 213 212
f 11818 212 210
f 186 196 11819
f 11819 196 195
f 173 184 11820
f 11820 184 182
f 11820 182 11821
f 11821 182 181
f 11821 181 187
f 11820 11822 173
f 173 11822 11823
f 173 11823 174
f 11824 11418 160
f 160 11418 159
f 11803 11802 11825
f 11825 11802 11420
f 11825 11420 11419
f 11425 11424 11802
f 11802 11424 11421
f 11802 11421 11420
f 11422 11427 11826
f 11826 11427 11426
f 11423 11422 11827
f 11827 11422 11826
f 11827 11826 11803
f 11803 11826 11426
f 11803 11426 11425
f 11828 11431 11430
f 11829 11470 11469
f 11502 11830 11503
f 11503 11830 11504
f 11504 11830 11505
f 11505 11830 11831
f 11505 11831 11506
f 11763 11540 11811
f 11811 11540 11541
f 11811 11541 11832
f 11832 11541 11539
f 11832 11539 11833
f 11833 11539 11508
f 11833 11508 11831
f 11831 11508 11507
f 11831 11507 11506
f 11834 11801 11835
f 11835 11801 11800
f 11835 11800 11836
f 11820 11834 11822
f 11822 11834 11835
f 11822 11835 11823
f 11823 11835 11836
f 11823 11836 11837
f 11428 11423 11838
f 11838 11423 11827
f 11838 11827 11839
f 11839 11827 11803
f 11839 11803 11840
f 11840 11803 11825
f 11840 11825 11824
f 11824 11825 11419
f 11824 11419 11418
f 194 11841 195
f 195 11841 11842
f 195 11842 11819
f 11819 11842 11843
f 11819 11843 11844
f 11844 11843 11845
f 11844 11845 11846
f 11846 11845 11847
f 11846 11847 11848
f 11848 11847 11432
f 11848 11432 11431
f 11431 11828 11848
f 11848 11828 11849
f 11848 11849 11846
f 11846 11849 11850
f 11846 11850 11844
f 11844 11850 11851
f 11844 11851 11819
f 186 11819 187
f 187 11819 11851
f 187 11851 11821
f 11821 11851 11850
f 11821 11850 11820
f 11820 11850 11849
f 11820 11849 11834
f 11834 11849 11828
f 11834 11828 11801
f 11801 11828 11430
f 11801 11430 11429
f 162 168 11804
f 11804 168 11805
f 11804 11805 11837
f 11837 11805 172
f 11837 172 11823
f 11823 172 175
f 11823 175 174
f 11429 11428 11800
f 11800 11428 11838
f 11800 11838 11836
f 11836 11838 11839
f 11836 11839 11837
f 11837 11839 11840
f 11837 11840 11804
f 11804 11840 11824
f 11804 11824 161
f 161 11824 160
f 210 11817 11818
f 11818 11817 11852
f 11818 11852 11853
f 11853 11852 11854
f 11853 11854 11855
f 11855 11854 11856
f 11855 11856 11857
f 11857 11856 11858
f 11857 11858 11859
f 11859 11858 11434
f 11859 11434 11433
f 194 11818 11841
f 11841 11818 11853
f 11841 11853 11842
f 11842 11853 11855
f 11842 11855 11843
f 11843 11855 11857
f 11843 11857 11845
f 11845 11857 11859
f 11845 11859 11847
f 11847 11859 11433
f 11847 11433 11432
f 11766 11811 11812
f 11812 11811 11832
f 11812 11832 11860
f 11860 11832 11833
f 11860 11833 11861
f 11861 11833 11831
f 11861 11831 11862
f 11862 11831 11830
f 11862 11830 11863
f 11863 11830 11502
f 11863 11502 11829
f 11829 11502 11501
f 11829 11501 11470
f 218 11816 11806
f 11806 11816 11864
f 11806 11864 11817
f 11817 11864 11865
f 11817 11865 11852
f 11852 11865 11866
f 11852 11866 11854
f 11854 11866 11867
f 11854 11867 11856
f 11856 11867 11868
f 11856 11868 11858
f 11858 11868 11435
f 11858 11435 11434
f 11771 11810 11809
f 11809 11810 11812
f 11809 11812 11869
f 11869 11812 11860
f 11869 11860 11870
f 11870 11860 11861
f 11870 11861 11871
f 11871 11861 11862
f 11871 11862 11872
f 11872 11862 11863
f 11872 11863 11873
f 11873 11863 11829
f 11873 11829 11874
f 11874 11829 11469
f 11874 11469 11468
f 11775 11809 11813
f 11813 11809 11869
f 11813 11869 11875
f 11875 11869 11870
f 11875 11870 11876
f 11876 11870 11871
f 11876 11871 11877
f 11877 11871 11872
f 11877 11872 11878
f 11878 11872 11873
f 11878 11873 11879
f 11879 11873 11874
f 11879 11874 11880
f 11880 11874 11468
f 11880 11468 11467
f 227 11815 11807
f 11807 11815 11881
f 11807 11881 11816
f 11816 11881 11882
f 11816 11882 11864
f 11864 11882 11883
f 11864 11883 11865
f 11865 11883 11884
f 11865 11884 11866
f 11866 11884 11885
f 11866 11885 11867
f 11867 11885 11886
f 11867 11886 11868
f 11868 11886 11436
f 11868 11436 11435
f 11799 11808 11814
f 11814 11808 11813
f 11814 11813 11815
f 11815 11813 11875
f 11815 11875 11881
f 11881 11875 11876
f 11881 11876 11882
f 11882 11876 11877
f 11882 11877 11883
f 11883 11877 11878
f 11883 11878 11884
f 11884 11878 11879
f 11884 11879 11885
f 11885 11879 11880
f 11885 11880 11886
f 11886 11880 11467
f 11886 11467 11436

