# https://github.com/mikedh/trimesh
v 15.99999905 45.00000000 7.06274509
v 15.99999905 48.00000000 7.06274509
v 16.34978104 48.00000000 7.12715292
v 7.06274509 45.00000000 13.99999905
v 7.06274509 48.00000000 13.99999905
v 7.18864870 48.00000000 13.31623936
v 7.20773077 40.74034119 13.32063675
v 7.06479597 40.74034119 13.98385715
v 7.00720787 45.00000000 14.66047001
v 7.03600216 40.74034119 14.66169262
v 7.06274509 45.00000000 15.99999905
v 7.00720787 40.74034119 15.33952904
v 7.09338284 40.74034119 16.01248169
v 13.99999905 45.00000000 22.93725395
v 12.99143791 40.74034119 22.71397400
v 13.64799309 40.74034119 22.88492775
v 14.32155228 45.00000000 22.97117996
v 14.32399654 40.74034119 22.94246292
v 15.00000000 40.74034119 23.00000000
v 15.67844677 45.00000000 22.97117996
v 16.89276123 48.00000000 22.77286720
v 15.99999905 48.00000000 22.93725395
v 15.99999905 45.00000000 22.93725395
v 15.67600250 40.74034119 22.94246292
v 16.35200500 40.74034119 22.88492775
v 17.00856209 40.74034119 22.71397400
v 22.93725395 45.00000000 15.99999905
v 22.93725395 48.00000000 15.99999905
v 22.93431091 48.00000000 16.01597786
v 22.79226875 40.74034119 13.32063675
v 22.93725395 45.00000000 13.99999905
v 22.93520355 40.74034119 13.98385715
v 22.99279213 45.00000000 14.66047001
v 13.65286350 40.74034119 7.14347792
v 13.99999905 45.00000000 7.06274509
v 14.32155228 40.74034119 7.02882004
v 15.00000000 45.00000000 6.99999905
v 11.11249542 40.74034119 8.04104614
v 11.29324150 48.00000000 7.91057491
v 11.70478916 40.74034119 7.71017170
v 12.17946339 48.00000000 7.51370716
v 12.34448242 40.74034119 7.48415375
v 12.33734035 48.00000000 7.46494150
v 12.98417568 40.74034119 7.25813627
v 13.10723972 48.00000000 7.22713280
v 13.65021706 48.00000000 7.12715292
v 13.99999905 48.00000000 7.06274509
v 9.99234486 40.74034119 8.79813766
v 9.98274803 48.00000000 8.78658772
v 10.52020073 40.74034119 8.37192345
v 10.46162987 48.00000000 8.41188812
v 11.10379887 48.00000000 8.02477551
v 7.22713280 48.00000000 13.10723972
v 7.35066605 40.74034119 12.65741730
v 7.51370716 48.00000000 12.17946339
v 7.60362959 40.74034119 12.02789307
v 7.58480692 48.00000000 12.02069378
v 7.85659266 40.74034119 11.39836979
v 7.91057491 48.00000000 11.29324150
v 8.21230793 40.74034119 10.82065105
v 8.20009232 48.00000000 10.81297207
v 8.56802273 40.74034119 10.24293423
v 8.41188812 48.00000000 10.46162987
v 9.01625538 40.74034119 9.73364258
v 8.99572277 48.00000000 9.71546364
v 9.46448898 40.74034119 9.22435188
v 9.01026249 48.00000000 9.69688225
v 9.69688225 48.00000000 9.01026249
v 8.59119415 40.74034119 19.73992729
v 8.41188812 48.00000000 19.53836823
v 8.18776703 40.74034119 19.19445801
v 7.91057491 48.00000000 18.70675850
v 7.88232708 40.74034119 18.58865547
v 7.86234236 48.00000000 18.59905434
v 7.57688761 40.74034119 17.98285103
v 7.51370716 48.00000000 17.82053566
v 7.37822247 40.74034119 17.33414268
v 7.36473322 48.00000000 17.33823586
v 7.17955732 40.74034119 16.68543434
v 7.22713280 48.00000000 16.89276123
v 7.06568813 48.00000000 16.01597786
v 7.06274509 48.00000000 15.99999905
v 10.53633976 40.74034119 21.60419846
v 10.52226162 48.00000000 21.62466049
v 10.46162987 48.00000000 21.58811188
v 9.97423935 40.74034119 21.22428703
v 9.69688225 48.00000000 20.98973656
v 9.48443031 40.74034119 20.75484276
v 9.47364140 48.00000000 20.76649666
v 8.99462128 40.74034119 20.28539848
v 9.01026249 48.00000000 20.30311775
v 8.57731724 48.00000000 19.74979210
v 11.29324150 48.00000000 22.08942604
v 11.09844017 40.74034119 21.98411179
v 11.71079636 48.00000000 22.27641487
v 11.71666145 40.74034119 22.26356697
v 12.17946339 48.00000000 22.48629189
v 12.33488178 40.74034119 22.54301834
v 12.98615170 48.00000000 22.73546600
v 13.10723972 48.00000000 22.77286720
v 13.99999905 48.00000000 22.93725395
v 20.51556778 40.74034119 20.75484276
v 20.30311775 48.00000000 20.98973656
v 20.02576065 40.74034119 21.22428703
v 19.53836823 48.00000000 21.58811188
v 19.46365738 40.74034119 21.60419846
v 19.47773743 48.00000000 21.62466049
v 18.90155792 40.74034119 21.98411179
v 18.70675850 48.00000000 22.08942604
v 18.28333855 40.74034119 22.26356697
v 18.28920364 48.00000000 22.27641487
v 17.66511726 40.74034119 22.54301834
v 17.82053566 48.00000000 22.48629189
v 17.01384735 48.00000000 22.73546600
v 22.11767197 40.74034119 18.58865547
v 22.13765717 48.00000000 18.59905434
v 22.08942604 48.00000000 18.70675850
v 21.81223297 40.74034119 19.19445801
v 21.58811188 48.00000000 19.53836823
v 21.40880585 40.74034119 19.73992729
v 21.42268181 48.00000000 19.74979210
v 21.00537682 40.74034119 20.28539848
v 20.98973656 48.00000000 20.30311775
v 20.52635765 48.00000000 20.76649666
v 22.48629189 48.00000000 17.82053566
v 22.42311096 40.74034119 17.98285103
v 22.63526535 48.00000000 17.33823586
v 22.62177658 40.74034119 17.33414268
v 22.77286720 48.00000000 16.89276123
v 22.82044220 40.74034119 16.68543434
v 22.90661621 40.74034119 16.01248169
v 22.99279213 40.74034119 15.33952904
v 22.96399689 40.74034119 14.66169262
v 22.39636993 40.74034119 12.02789307
v 22.48629189 48.00000000 12.17946339
v 22.64933205 40.74034119 12.65741730
v 22.77286720 48.00000000 13.10723972
v 22.81134987 48.00000000 13.31623936
v 22.93725395 48.00000000 13.99999905
v 20.53550911 40.74034119 9.22435188
v 20.98973656 48.00000000 9.69688225
v 20.98374367 40.74034119 9.73364258
v 21.00427628 48.00000000 9.71546364
v 21.43197632 40.74034119 10.24293423
v 21.58811188 48.00000000 10.46162987
v 21.78769112 40.74034119 10.82065105
v 21.79990768 48.00000000 10.81297207
v 22.14340591 40.74034119 11.39836979
v 22.08942604 48.00000000 11.29324150
v 22.41519356 48.00000000 12.02069378
v 17.65551758 40.74034119 7.48415375
v 17.66265869 48.00000000 7.46494150
v 17.82053566 48.00000000 7.51370716
v 18.29520988 40.74034119 7.71017170
v 18.70675850 48.00000000 7.91057491
v 18.88750267 40.74034119 8.04104614
v 18.89620209 48.00000000 8.02477551
v 19.47979736 40.74034119 8.37192345
v 19.53836823 48.00000000 8.41188812
v 20.00765419 40.74034119 8.79813766
v 20.01725197 48.00000000 8.78658772
v 20.30311775 48.00000000 9.01026249
v 16.89276123 48.00000000 7.22713280
v 17.01582336 40.74034119 7.25813627
v 16.34713554 40.74034119 7.14347792
v 15.67844677 40.74034119 7.02882004
v 15.00000000 40.74034119 6.99999905
v 13.99999905 48.16251755 22.92385292
v 13.99999905 48.31369781 22.88637543
v 13.11881828 48.30901718 22.72531128
v 13.99999905 48.33340836 22.87957954
v 13.99999905 48.45325851 22.82573318
v 13.13302708 48.45399094 22.66696930
v 13.99999905 48.62427139 22.71668243
v 13.99999905 48.70527267 22.63998222
v 13.17653656 48.70710373 22.48828888
v 13.99999905 48.84628296 22.46606064
v 13.99999905 48.88821411 22.38512039
v 13.23642254 48.89100647 22.24235916
v 13.99999905 48.97467422 22.15408134
v 13.99999905 48.98461151 22.08574867
v 13.30682278 48.98768616 21.95325089
v 13.99999905 48.99780655 21.99506760
v 13.99999905 49.00000000 21.92820168
v 13.34383392 49.00000000 21.80125809
v 7.37758780 48.72596741 15.99999905
v 7.35935688 48.70593643 15.99999905
v 7.51171017 48.70710373 16.82346344
v 7.27185917 48.60978317 15.99999905
v 7.25707006 48.59022903 15.99999905
v 7.41269350 48.58778381 16.84757423
v 7.17418432 48.45703888 15.99999905
v 7.17269611 48.45394897 15.99999905
v 7.33303165 48.45399094 16.86697197
v 7.14951086 48.40588760 15.99999905
v 7.11476040 48.30807877 15.99999905
v 7.27468681 48.30901718 16.88118172
v 7.06622267 48.08299637 15.99999905
v 7.06819344 48.10382843 15.99999905
v 7.07785511 48.15594101 15.99999905
v 7.23909473 48.15643311 16.88984871
v 7.09656715 48.25687408 15.99999905
v 7.61473799 48.88856506 15.99999905
v 7.52248096 48.83902740 15.99999905
v 7.62764406 48.80901718 16.79523277
v 7.50243807 48.82580566 15.99999905
v 7.47960186 48.80754089 15.99999905
v 7.91378975 48.98753738 15.99999905
v 7.91185427 48.98738480 15.99999905
v 7.89849854 48.95105743 16.72927666
v 7.81439257 48.96697617 15.99999905
v 7.76070499 48.94829941 15.99999905
v 13.99999905 48.92046356 22.32286453
v 13.99999905 48.94813156 22.23928452
v 13.27072239 48.95105743 22.10150146
v 13.99999905 48.97050095 22.17171478
v 13.99999905 48.74037933 22.60673904
v 13.99999905 48.80693817 22.51997185
v 13.20476723 48.80901718 22.37235641
v 13.99999905 48.83647156 22.48147011
v 13.99999905 48.47818375 22.81453896
v 13.99999905 48.58684540 22.74326324
v 13.15242386 48.58778381 22.58730698
v 13.99999905 48.60912704 22.72864723
v 13.99999905 48.15639496 22.92437553
v 13.11015129 48.15643311 22.76090622
v 13.99999905 48.00504303 22.93724251
v 7.52522850 48.15643311 17.81619453
v 7.92148542 48.15643311 18.70105171
v 8.42202759 48.15643311 19.53138351
v 9.01948071 48.15643311 20.29495621
v 9.70504379 48.15643311 20.98051834
v 10.46861553 48.15643311 21.57797241
v 11.29894638 48.15643311 22.07851410
v 12.18380451 48.15643311 22.47477150
v 12.19672012 48.30901718 22.44049072
v 11.31591988 48.30901718 22.04605103
v 10.48939705 48.30901718 21.54780579
v 9.72932625 48.30901718 20.95309258
v 9.04690742 48.30901718 20.27067375
v 8.45219421 48.30901718 19.51060295
v 7.95394754 48.30901718 18.68408012
v 7.55950785 48.30901718 17.80327988
v 12.21789074 48.45399094 22.38429642
v 11.34374332 48.45399094 21.99283600
v 10.52346230 48.45399094 21.49835205
v 9.76913261 48.45399094 20.90813255
v 9.09186840 48.45399094 20.23086739
v 8.50164604 48.45399094 19.47653580
v 8.00716209 48.45399094 18.65625572
v 7.61570168 48.45399094 17.78210831
v 12.24679756 48.58778381 22.30757332
v 11.38173199 48.58778381 21.92017937
v 10.56997490 48.58778381 21.43083382
v 9.82348251 48.58778381 20.84674263
v 9.15325546 48.58778381 20.17651749
v 8.56916618 48.58778381 19.43002510
v 8.07981968 48.58778381 18.61826706
v 7.69242668 48.58778381 17.75320244
v 12.28272820 48.70710373 22.21220779
v 11.42895222 48.70710373 21.82987022
v 10.62778759 48.70710373 21.34690857
v 9.89103889 48.70710373 20.77044106
v 9.22955799 48.70710373 20.10896111
v 8.65309048 48.70710373 19.37221146
v 8.17012978 48.70710373 18.57104683
v 7.78779268 48.70710373 17.71727180
v 12.32479668 48.80901718 22.10054779
v 11.48423958 48.80901718 21.72412872
v 10.69547844 48.80901718 21.24864578
v 9.97013474 48.80901718 20.68110275
v 9.31889534 48.80901718 20.02986526
v 8.75135326 48.80901718 19.30452156
v 8.27587032 48.80901718 18.51576042
v 7.89945221 48.80901718 17.67520142
v 12.37196827 48.89100647 21.97534370
v 11.54623318 48.89100647 21.60556221
v 10.77137947 48.89100647 21.13846588
v 10.05882549 48.89100647 20.58092880
v 9.41906929 48.89100647 19.94117355
v 8.86153412 48.89100647 19.22861862
v 8.39443684 48.89100647 18.45376778
v 8.02465534 48.89100647 17.62803078
v 7.75764036 48.89100647 16.76357651
v 7.66210222 48.91399765 15.99999905
v 12.42308140 48.95105743 21.83967972
v 11.61340523 48.95105743 21.47709084
v 10.85362339 48.95105743 21.01907730
v 10.15492725 48.95105743 20.47238541
v 9.52761459 48.95105743 19.84507179
v 8.98092270 48.95105743 19.14637566
v 8.52290916 48.95105743 18.38659477
v 8.16031933 48.95105743 17.57691765
v 12.47687626 48.98768616 21.69689560
v 11.68410397 48.98768616 21.34187508
v 10.94018269 48.98768616 20.89342308
v 10.25607204 48.98768616 20.35814476
v 9.64185524 48.98768616 19.74392700
v 9.10657692 48.98768616 19.05981636
v 8.65812397 48.98768616 18.31589699
v 8.30310440 48.98768616 17.52312279
v 8.04674816 48.98768616 16.69317627
v 12.53203011 49.00000000 21.55050659
v 11.75658703 49.00000000 21.20324516
v 11.02892685 49.00000000 20.76459694
v 10.35977173 49.00000000 20.24101830
v 9.75897980 49.00000000 19.64022827
v 9.23540211 49.00000000 18.97107315
v 8.79675293 49.00000000 18.24341393
v 8.44949436 49.00000000 17.46796799
v 8.19874191 49.00000000 16.65616608
v 8.07179737 49.00000000 15.99999905
v 15.99999905 48.98714066 22.08969307
v 15.99999905 48.94963837 22.24465370
v 16.72927666 48.95105743 22.10150146
v 15.99999905 48.94350052 22.26284981
v 15.99999905 48.88939667 22.38587952
v 16.76357651 48.89100647 22.24235916
v 22.86182785 48.37955093 15.99999905
v 22.82455635 48.45257187 15.99999905
v 22.66696930 48.45399094 16.86697197
v 22.68463898 48.66208267 15.99999905
v 22.63983727 48.70493698 15.99999905
v 22.48828888 48.70710373 16.82346344
v 22.42309761 48.87163544 15.99999905
v 22.38556290 48.88878632 15.99999905
v 22.24235916 48.89100647 16.76357651
v 22.10475349 48.98460770 15.99999905
v 22.08608437 48.98623276 15.99999905
v 21.95325089 48.98768616 16.69317627
v 22.27624512 48.93873596 15.99999905
v 22.23965645 48.94887161 15.99999905
v 22.10150146 48.95105743 16.72927666
v 22.12264824 48.98129654 15.99999905
v 22.56893730 48.77274704 15.99999905
v 22.51991653 48.80663681 15.99999905
v 22.37235641 48.80901718 16.79523277
v 22.43889809 48.86264420 15.99999905
v 22.78960037 48.52104568 15.99999905
v 22.74222374 48.58599472 15.99999905
v 22.58730698 48.58778381 16.84757423
v 22.69721222 48.64769363 15.99999905
v 22.91451263 48.21122742 15.99999905
v 22.88525200 48.30822372 15.99999905
v 22.72531128 48.30901718 16.88118172
v 22.86950302 48.36043167 15.99999905
v 22.76090622 48.15643311 16.88984871
v 22.92199326 48.15605164 15.99999905
v 22.93575096 48.05456543 15.99999905
v 15.99999905 48.30807495 22.88501167
v 15.99999905 48.23539352 22.90892982
v 16.88984871 48.15643311 22.76090622
v 15.99999905 48.21249390 22.91423416
v 15.99999905 48.15604782 22.92201233
v 15.99999905 48.05760193 22.93558121
v 15.99999905 48.58613205 22.74254799
v 15.99999905 48.54489136 22.77445793
v 16.86697197 48.45399094 22.66696930
v 15.99999905 48.52428436 22.78760147
v 15.99999905 48.45256424 22.82457352
v 15.99999905 48.80755997 22.52063942
v 15.99999905 48.79308319 22.54311371
v 16.82346344 48.70710373 22.48828888
v 15.99999905 48.77815628 22.56223679
v 15.99999905 48.70507812 22.64000893
v 18.70105171 48.15643311 22.07851410
v 17.81619453 48.15643311 22.47477150
v 19.53138351 48.15643311 21.57797241
v 20.29495621 48.15643311 20.98051834
v 20.98051834 48.15643311 20.29495621
v 21.57797241 48.15643311 19.53138351
v 22.07851410 48.15643311 18.70105171
v 22.47477150 48.15643311 17.81619453
v 22.44049072 48.30901718 17.80327988
v 22.04605103 48.30901718 18.68408012
v 21.54780579 48.30901718 19.51060295
v 20.95309258 48.30901718 20.27067375
v 20.27067375 48.30901718 20.95309258
v 19.51060295 48.30901718 21.54780579
v 18.68408012 48.30901718 22.04605103
v 17.80327988 48.30901718 22.44049072
v 16.88118172 48.30901718 22.72531128
v 15.99999905 48.38343811 22.86021042
v 22.38429642 48.45399094 17.78210831
v 21.99283600 48.45399094 18.65625572
v 21.49835205 48.45399094 19.47653580
v 20.90813255 48.45399094 20.23086739
v 20.23086739 48.45399094 20.90813255
v 19.47653580 48.45399094 21.49835205
v 18.65625572 48.45399094 21.99283600
v 17.78210831 48.45399094 22.38429642
v 22.30757332 48.58778381 17.75320244
v 21.92017937 48.58778381 18.61826706
v 21.43083382 48.58778381 19.43002510
v 20.84674263 48.58778381 20.17651749
v 20.17651749 48.58778381 20.84674263
v 19.43002510 48.58778381 21.43083382
v 18.61826706 48.58778381 21.92017937
v 17.75320244 48.58778381 22.30757332
v 16.84757423 48.58778381 22.58730698
v 15.99999905 48.66890335 22.67850494
v 22.21220779 48.70710373 17.71727180
v 21.82987022 48.70710373 18.57104683
v 21.34690857 48.70710373 19.37221146
v 20.77044106 48.70710373 20.10896111
v 20.10896111 48.70710373 20.77044106
v 19.37221146 48.70710373 21.34690857
v 18.57104683 48.70710373 21.82987022
v 17.71727180 48.70710373 22.21220779
v 22.10054779 48.80901718 17.67520142
v 21.72412872 48.80901718 18.51576042
v 21.24864578 48.80901718 19.30452156
v 20.68110275 48.80901718 20.02986526
v 20.02986526 48.80901718 20.68110275
v 19.30452156 48.80901718 21.24864578
v 18.51576042 48.80901718 21.72412872
v 17.67520142 48.80901718 22.10054779
v 16.79523277 48.80901718 22.37235641
v 15.99999905 48.87872314 22.41016197
v 21.97534370 48.89100647 17.62803078
v 21.60556221 48.89100647 18.45376778
v 21.13846588 48.89100647 19.22861862
v 20.58092880 48.89100647 19.94117355
v 19.94117355 48.89100647 20.58092880
v 19.22861862 48.89100647 21.13846588
v 18.45376778 48.89100647 21.60556221
v 17.62803078 48.89100647 21.97534370
v 21.83967972 48.95105743 17.57691765
v 21.47709084 48.95105743 18.38659477
v 21.01907730 48.95105743 19.14637566
v 20.47238541 48.95105743 19.84507179
v 19.84507179 48.95105743 20.47238541
v 19.14637566 48.95105743 21.01907730
v 18.38659477 48.95105743 21.47709084
v 17.57691765 48.95105743 21.83967972
v 21.69689560 48.98768616 17.52312279
v 21.34187508 48.98768616 18.31589699
v 20.89342308 48.98768616 19.05981636
v 20.35814476 48.98768616 19.74392700
v 19.74392700 48.98768616 20.35814476
v 19.05981636 48.98768616 20.89342308
v 18.31589699 48.98768616 21.34187508
v 17.52312279 48.98768616 21.69689560
v 16.69317627 48.98768616 21.95325089
v 15.99999905 48.98741531 22.08619881
v 21.92820168 49.00000000 15.99999905
v 21.80125809 49.00000000 16.65616608
v 21.55050659 49.00000000 17.46796799
v 21.20324516 49.00000000 18.24341393
v 20.76459694 49.00000000 18.97107315
v 20.24101830 49.00000000 19.64022827
v 19.64022827 49.00000000 20.24101830
v 18.97107315 49.00000000 20.76459694
v 18.24341393 49.00000000 21.20324516
v 17.46796799 49.00000000 21.55050659
v 16.65616608 49.00000000 21.80125809
v 15.99999905 49.00000000 21.92820168
v 13.99999905 48.81779480 7.49078083
v 13.99999905 48.80896378 7.47843838
v 13.20476723 48.80901718 7.62764406
v 13.99999905 48.80374527 7.47114897
v 13.99999905 48.69933701 7.35029507
v 13.17653656 48.70710373 7.51171017
v 13.99999905 48.22052383 7.08755875
v 13.99999905 48.15600967 7.07809925
v 13.11015129 48.15643311 7.23909473
v 7.14951086 48.40588760 13.99999905
v 7.17510557 48.45264816 13.99999905
v 7.33303165 48.45399094 13.13302708
v 7.33657980 48.68516159 13.99999905
v 7.35938263 48.70565033 13.99999905
v 7.51171017 48.70710373 13.17653656
v 7.45579338 48.79225159 13.99999905
v 7.47940016 48.80750275 13.99999905
v 7.62764406 48.80901718 13.20476723
v 7.58869457 48.87810898 13.99999905
v 7.60534954 48.88690186 13.99999905
v 7.75764036 48.89100647 13.23642254
v 7.75437593 48.94932175 13.99999905
v 7.75981903 48.95064545 13.99999905
v 7.89849854 48.95105743 13.27072239
v 7.90935564 48.98698807 13.99999905
v 7.91378117 48.98765564 13.99999905
v 8.04674816 48.98768616 13.30682278
v 7.92740488 48.98973083 13.99999905
v 8.07179737 49.00000000 13.99999905
v 8.19874191 49.00000000 13.34383392
v 7.22585773 48.54537201 13.99999905
v 7.25744009 48.58613968 13.99999905
v 7.41269350 48.58778381 13.15242386
v 7.32193422 48.66939163 13.99999905
v 7.08546305 48.21111679 13.99999905
v 7.11476517 48.30821991 13.99999905
v 7.27468681 48.30901718 13.11881828
v 7.13060617 48.36071396 13.99999905
v 7.23909473 48.15643311 13.11015129
v 7.07497549 48.15530396 13.99999905
v 7.07518673 48.15642929 13.99999905
v 13.99999905 48.06655121 7.06498051
v 13.99999905 48.04563904 7.06379604
v 13.99999905 48.45295715 7.17445564
v 13.99999905 48.42310715 7.15741777
v 13.11881828 48.30901718 7.27468681
v 13.99999905 48.37137604 7.13483334
v 13.99999905 48.30811691 7.11500835
v 13.99999905 48.57932663 7.24914742
v 13.99999905 48.55924988 7.23512745
v 13.13302708 48.45399094 7.33303165
v 13.99999905 48.98748779 7.91379452
v 13.99999905 48.98728943 7.91124058
v 13.27072239 48.95105743 7.89849854
v 13.99999905 48.95656204 7.77736998
v 13.99999905 48.94984818 7.76020002
v 12.18380451 48.15643311 7.52522850
v 11.29894638 48.15643311 7.92148542
v 10.46861553 48.15643311 8.42202759
v 9.70504379 48.15643311 9.01948071
v 9.01948071 48.15643311 9.70504379
v 8.42202759 48.15643311 10.46861553
v 7.92148542 48.15643311 11.29894638
v 7.52522850 48.15643311 12.18380451
v 7.55950785 48.30901718 12.19672012
v 7.95394754 48.30901718 11.31591988
v 8.45219421 48.30901718 10.48939705
v 9.04690742 48.30901718 9.72932625
v 9.72932625 48.30901718 9.04690742
v 10.48939705 48.30901718 8.45219421
v 11.31591988 48.30901718 7.95394754
v 12.19672012 48.30901718 7.55950785
v 7.61570168 48.45399094 12.21789074
v 8.00716209 48.45399094 11.34374332
v 8.50164604 48.45399094 10.52346230
v 9.09186840 48.45399094 9.76913261
v 9.76913261 48.45399094 9.09186840
v 10.52346230 48.45399094 8.50164604
v 11.34374332 48.45399094 8.00716209
v 12.21789074 48.45399094 7.61570168
v 7.69242668 48.58778381 12.24679756
v 8.07981968 48.58778381 11.38173199
v 8.56916618 48.58778381 10.56997490
v 9.15325546 48.58778381 9.82348251
v 9.82348251 48.58778381 9.15325546
v 10.56997490 48.58778381 8.56916618
v 11.38173199 48.58778381 8.07981968
v 12.24679756 48.58778381 7.69242668
v 13.15242386 48.58778381 7.41269350
v 13.99999905 48.58729553 7.25586510
v 7.78779268 48.70710373 12.28272820
v 8.17012978 48.70710373 11.42895222
v 8.65309048 48.70710373 10.62778759
v 9.22955799 48.70710373 9.89103889
v 9.89103889 48.70710373 9.22955799
v 10.62778759 48.70710373 8.65309048
v 11.42895222 48.70710373 8.17012978
v 12.28272820 48.70710373 7.78779268
v 7.89945221 48.80901718 12.32479668
v 8.27587032 48.80901718 11.48423958
v 8.75135326 48.80901718 10.69547844
v 9.31889534 48.80901718 9.97013474
v 9.97013474 48.80901718 9.31889534
v 10.69547844 48.80901718 8.75135326
v 11.48423958 48.80901718 8.27587032
v 12.32479668 48.80901718 7.89945221
v 8.02465534 48.89100647 12.37196827
v 8.39443684 48.89100647 11.54623318
v 8.86153412 48.89100647 10.77137947
v 9.41906929 48.89100647 10.05882549
v 10.05882549 48.89100647 9.41906929
v 10.77137947 48.89100647 8.86153412
v 11.54623318 48.89100647 8.39443684
v 12.37196827 48.89100647 8.02465534
v 13.23642254 48.89100647 7.75764036
v 13.99999905 48.89791107 7.62733126
v 8.16031933 48.95105743 12.42308140
v 8.52290916 48.95105743 11.61340523
v 8.98092270 48.95105743 10.85362339
v 9.52761459 48.95105743 10.15492725
v 10.15492725 48.95105743 9.52761459
v 10.85362339 48.95105743 8.98092270
v 11.61340523 48.95105743 8.52290916
v 12.42308140 48.95105743 8.16031933
v 8.30310440 48.98768616 12.47687626
v 8.65812397 48.98768616 11.68410397
v 9.10657692 48.98768616 10.94018269
v 9.64185524 48.98768616 10.25607204
v 10.25607204 48.98768616 9.64185524
v 10.94018269 48.98768616 9.10657692
v 11.68410397 48.98768616 8.65812397
v 12.47687626 48.98768616 8.30310440
v 13.30682278 48.98768616 8.04674816
v 8.44949436 49.00000000 12.53203011
v 8.79675293 49.00000000 11.75658703
v 9.23540211 49.00000000 11.02892685
v 9.75897980 49.00000000 10.35977173
v 10.35977173 49.00000000 9.75897980
v 11.02892685 49.00000000 9.23540211
v 11.75658703 49.00000000 8.79675293
v 12.53203011 49.00000000 8.44949436
v 13.34383392 49.00000000 8.19874191
v 13.99999905 49.00000000 8.07179737
v 15.99999905 48.37137604 7.13483334
v 15.99999905 48.45261765 7.17540264
v 16.86697197 48.45399094 7.33303165
v 15.99999905 48.65726471 7.31109476
v 15.99999905 48.70487976 7.36024380
v 16.82346344 48.70710373 7.51171017
v 15.99999905 48.86880875 7.57185888
v 15.99999905 48.88860321 7.61453819
v 16.76357651 48.89100647 7.75764036
v 15.99999905 48.98358154 7.88950157
v 15.99999905 48.98605728 7.91395473
v 16.69317627 48.98768616 8.04674816
v 15.99999905 48.99974060 8.04884243
v 15.99999905 49.00000000 8.07179737
v 16.65616608 49.00000000 8.19874191
v 22.36458778 48.90179443 13.99999905
v 22.38578415 48.88960648 13.99999905
v 22.24235916 48.89100647 13.23642254
v 22.50187492 48.82286835 13.99999905
v 22.52160835 48.80900955 13.99999905
v 22.37235641 48.80901718 13.20476723
v 22.64341164 48.70565796 13.99999905
v 22.74564362 48.58652878 13.99999905
v 22.58730698 48.58778381 13.15242386
v 22.75984573 48.56657028 13.99999905
v 22.82582283 48.45309448 13.99999905
v 22.66696930 48.45399094 13.13302708
v 22.93147850 48.10689545 13.99999905
v 22.90226173 48.26120377 13.99999905
v 22.92219162 48.15594101 13.99999905
v 22.76090622 48.15643311 13.11015129
v 22.83955765 48.42947006 13.99999905
v 22.88632011 48.30841064 13.99999905
v 22.72531128 48.30901718 13.11881828
v 22.89575386 48.28398895 13.99999905
v 22.08620644 48.98750305 13.99999905
v 22.08859444 48.98731232 13.99999905
v 22.10150146 48.95105743 13.27072239
v 22.21400261 48.95912552 13.99999905
v 22.23962402 48.94937134 13.99999905
v 15.99999905 48.93673706 7.71830606
v 15.99999905 48.94866562 7.76041746
v 16.72927666 48.95105743 7.89849854
v 15.99999905 48.98016739 7.87164068
v 15.99999905 48.76866150 7.42607498
v 15.99999905 48.80656433 7.48015785
v 16.79523277 48.80901718 7.62764406
v 15.99999905 48.85937500 7.55551672
v 15.99999905 48.51352310 7.20581436
v 15.99999905 48.58604813 7.25774574
v 16.84757423 48.58778381 7.41269350
v 15.99999905 48.64096832 7.29707003
v 15.99999905 48.17412567 7.07814264
v 15.99999905 48.30871964 7.11324072
v 16.88118172 48.30901718 7.27468681
v 15.99999905 48.32526398 7.11755466
v 22.47477150 48.15643311 12.18380451
v 22.07851410 48.15643311 11.29894638
v 21.57797241 48.15643311 10.46861553
v 20.98051834 48.15643311 9.70504379
v 20.29495621 48.15643311 9.01948071
v 19.53138351 48.15643311 8.42202759
v 18.70105171 48.15643311 7.92148542
v 17.81619453 48.15643311 7.52522850
v 15.99999905 48.15509796 7.07494259
v 15.99999905 48.15643311 7.07516718
v 16.88984871 48.15643311 7.23909473
v 17.80327988 48.30901718 7.55950785
v 18.68408012 48.30901718 7.95394754
v 19.51060295 48.30901718 8.45219421
v 20.27067375 48.30901718 9.04690742
v 20.95309258 48.30901718 9.72932625
v 21.54780579 48.30901718 10.48939705
v 22.04605103 48.30901718 11.31591988
v 22.44049072 48.30901718 12.19672012
v 17.78210831 48.45399094 7.61570168
v 18.65625572 48.45399094 8.00716209
v 19.47653580 48.45399094 8.50164604
v 20.23086739 48.45399094 9.09186840
v 20.90813255 48.45399094 9.76913261
v 21.49835205 48.45399094 10.52346230
v 21.99283600 48.45399094 11.34374332
v 22.38429642 48.45399094 12.21789074
v 17.75320244 48.58778381 7.69242668
v 18.61826706 48.58778381 8.07981968
v 19.43002510 48.58778381 8.56916618
v 20.17651749 48.58778381 9.15325546
v 20.84674263 48.58778381 9.82348251
v 21.43083382 48.58778381 10.56997490
v 21.92017937 48.58778381 11.38173199
v 22.30757332 48.58778381 12.24679756
v 17.71727180 48.70710373 7.78779268
v 18.57104683 48.70710373 8.17012978
v 19.37221146 48.70710373 8.65309048
v 20.10896111 48.70710373 9.22955799
v 20.77044106 48.70710373 9.89103889
v 21.34690857 48.70710373 10.62778759
v 21.82987022 48.70710373 11.42895222
v 22.21220779 48.70710373 12.28272820
v 22.48828888 48.70710373 13.17653656
v 22.64185143 48.70698547 13.99999905
v 17.67520142 48.80901718 7.89945221
v 18.51576042 48.80901718 8.27587032
v 19.30452156 48.80901718 8.75135326
v 20.02986526 48.80901718 9.31889534
v 20.68110275 48.80901718 9.97013474
v 21.24864578 48.80901718 10.69547844
v 21.72412872 48.80901718 11.48423958
v 22.10054779 48.80901718 12.32479668
v 17.62803078 48.89100647 8.02465534
v 18.45376778 48.89100647 8.39443684
v 19.22861862 48.89100647 8.86153412
v 19.94117355 48.89100647 9.41906929
v 20.58092880 48.89100647 10.05882549
v 21.13846588 48.89100647 10.77137947
v 21.60556221 48.89100647 11.54623318
v 21.97534370 48.89100647 12.37196827
v 17.57691765 48.95105743 8.16031933
v 18.38659477 48.95105743 8.52290916
v 19.14637566 48.95105743 8.98092270
v 19.84507179 48.95105743 9.52761459
v 20.47238541 48.95105743 10.15492725
v 21.01907730 48.95105743 10.85362339
v 21.47709084 48.95105743 11.61340523
v 21.83967972 48.95105743 12.42308140
v 17.52312279 48.98768616 8.30310440
v 18.31589699 48.98768616 8.65812397
v 19.05981636 48.98768616 9.10657692
v 19.74392700 48.98768616 9.64185524
v 20.35814476 48.98768616 10.25607204
v 20.89342308 48.98768616 10.94018269
v 21.34187508 48.98768616 11.68410397
v 21.69689560 48.98768616 12.47687626
v 21.95325089 48.98768616 13.30682278
v 17.46796799 49.00000000 8.44949436
v 18.24341393 49.00000000 8.79675293
v 18.97107315 49.00000000 9.23540211
v 19.64022827 49.00000000 9.75897980
v 20.24101830 49.00000000 10.35977173
v 20.76459694 49.00000000 11.02892685
v 21.20324516 49.00000000 11.75658703
v 21.55050659 49.00000000 12.53203011
v 21.80125809 49.00000000 13.34383392
v 21.92820168 49.00000000 13.99999905
v 13.99999905 49.00000000 20.40832710
v 13.37884617 49.00000000 20.25564957
v 10.23685932 49.00000000 17.74999809
v 10.69992638 49.00000000 18.42919350
v 11.25904942 49.00000000 19.03178596
v 11.90173912 49.00000000 19.54431343
v 12.61363888 49.00000000 19.95532990
v 9.59167290 49.00000000 15.99999905
v 9.63789558 49.00000000 16.22386551
v 9.88019466 49.00000000 17.00937653
v 15.99999905 49.00000000 20.40832710
v 16.62115288 49.00000000 20.25564957
v 17.38636017 49.00000000 19.95532990
v 18.09825897 49.00000000 19.54431343
v 18.74094963 49.00000000 19.03178596
v 19.30007362 49.00000000 18.42919350
v 20.40832710 49.00000000 15.99999905
v 20.36210251 49.00000000 16.22386551
v 20.11980438 49.00000000 17.00937653
v 19.76313972 49.00000000 17.74999809
v 13.99999905 49.00000000 9.59167290
v 9.59167290 49.00000000 13.99999905
v 9.63789558 49.00000000 13.77613449
v 9.88019466 49.00000000 12.99062347
v 10.23685932 49.00000000 12.25000000
v 10.69992638 49.00000000 11.57080555
v 13.37884617 49.00000000 9.74434948
v 12.61363888 49.00000000 10.04467106
v 11.90173912 49.00000000 10.45568657
v 11.25904942 49.00000000 10.96821404
v 15.99999905 49.00000000 9.59167290
v 16.62115288 49.00000000 9.74434948
v 19.76313972 49.00000000 12.25000000
v 19.30007362 49.00000000 11.57080555
v 18.74094963 49.00000000 10.96821404
v 18.09825897 49.00000000 10.45568657
v 17.38636017 49.00000000 10.04467106
v 20.40832710 49.00000000 13.99999905
v 20.36210251 49.00000000 13.77613449
v 20.11980438 49.00000000 12.99062347
v 15.23071384 43.55598068 14.25204277
v 15.11666012 43.55598068 14.22601032
v 15.00000000 43.50000000 15.00000000
v 15.33961391 43.55598068 14.29478264
v 15.44092751 43.55598068 14.35327625
v 15.53239250 43.55598068 14.42621613
v 15.61196423 43.55598068 14.51197433
v 15.67786598 43.55598068 14.60863400
v 15.72862434 43.55598068 14.71403599
v 15.76310539 43.55598068 14.82582569
v 15.78054237 43.55598068 14.94150639
v 15.78054237 43.55598068 15.05849361
v 15.76310539 43.55598068 15.17417336
v 15.72862434 43.55598068 15.28596306
v 15.67786598 43.55598068 15.39136600
v 15.61196423 43.55598068 15.48802471
v 15.53239250 43.55598068 15.57378292
v 15.44092751 43.55598068 15.64672184
v 15.33961391 43.55598068 15.70521641
v 15.23071384 43.55598068 15.74795723
v 15.11666012 43.55598068 15.77398968
v 15.00000000 43.55598068 15.78273106
v 14.88333893 43.55598068 15.77398968
v 14.76928616 43.55598068 15.74795723
v 14.66038513 43.55598068 15.70521641
v 14.55907154 43.55598068 15.64672184
v 14.46760750 43.55598068 15.57378292
v 14.38803482 43.55598068 15.48802471
v 14.32213402 43.55598068 15.39136600
v 14.27137566 43.55598068 15.28596306
v 14.23689270 43.55598068 15.17417336
v 14.21945667 43.55598068 15.05849361
v 14.21945667 43.55598068 14.94150639
v 14.23689270 43.55598068 14.82582569
v 14.27137566 43.55598068 14.71403599
v 14.32213402 43.55598068 14.60863400
v 14.38803482 43.55598068 14.51197433
v 14.46760750 43.55598068 14.42621613
v 14.55907154 43.55598068 14.35327625
v 14.66038513 43.55598068 14.29478264
v 14.76928616 43.55598068 14.25204277
v 14.88333893 43.55598068 14.22601032
v 15.00000000 43.55598068 14.21726799
v 13.99999905 48.10369492 20.33353806
v 13.99999905 47.45384979 20.16778564
v 13.44451427 47.45046997 20.04275894
v 13.99999905 47.23217773 20.11124229
v 13.99999905 46.72202301 19.88572121
v 13.52534676 46.71521759 19.78070641
v 13.99999905 46.40954971 19.74758530
v 13.99999905 46.03615570 19.50148773
v 13.63619900 46.02647400 19.42133522
v 13.99999905 45.65856934 19.25262833
v 13.99999905 45.40922928 19.02070045
v 13.77481365 45.39826584 18.97195625
v 15.99999905 45.65856934 19.25262833
v 15.99999905 46.03615570 19.50148773
v 16.36380196 46.02647400 19.42133522
v 15.99999905 46.40954971 19.74758530
v 15.99999905 46.72202301 19.88572121
v 16.47465324 46.71521759 19.78070641
v 15.99999905 47.23217773 20.11124229
v 15.99999905 47.45384979 20.16778564
v 16.55548477 47.45046997 20.04275894
v 15.99999905 48.10369492 20.33353806
v 15.99999905 48.21793747 20.34307098
v 16.60465240 48.21726608 20.20215607
v 20.33353806 48.10369492 15.99999905
v 20.16778564 47.45384979 15.99999905
v 20.14489937 47.45046997 16.17428970
v 20.11124229 47.23217773 15.99999905
v 19.88572121 46.72202301 15.99999905
v 19.87754059 46.71521759 16.11326599
v 20.11124229 47.23217773 13.99999905
v 20.16778564 47.45384979 13.99999905
v 20.14489937 47.45046997 13.82571030
v 20.33353806 48.10369492 13.99999905
v 20.34307098 48.21793747 13.99999905
v 20.30752373 48.21726608 13.78859234
v 15.99999905 48.10369492 9.66646194
v 15.99999905 47.45384979 9.83221436
v 16.55548477 47.45046997 9.95724010
v 15.99999905 47.23217773 9.88875675
v 15.99999905 46.72202301 10.11427879
v 16.47465324 46.71521759 10.21929169
v 15.99999905 46.40954971 10.25241375
v 15.99999905 46.03615570 10.49851227
v 16.36380196 46.02647400 10.57866478
v 15.99999905 45.65856934 10.74737263
v 15.99999905 45.40922928 10.97929859
v 16.22518539 45.39826584 11.02804375
v 13.99999905 45.65856934 10.74737263
v 13.99999905 46.03615570 10.49851227
v 13.63619900 46.02647400 10.57866478
v 13.99999905 46.40954971 10.25241375
v 13.99999905 46.72202301 10.11427879
v 13.52534676 46.71521759 10.21929169
v 13.99999905 47.23217773 9.88875675
v 13.99999905 47.45384979 9.83221436
v 13.44451427 47.45046997 9.95724010
v 13.99999905 48.10369492 9.66646194
v 13.99999905 48.21793747 9.65692806
v 13.39534664 48.21726608 9.79784393
v 9.66646194 48.10369492 13.99999905
v 9.83221436 47.45384979 13.99999905
v 9.85509872 47.45046997 13.82571030
v 9.88875675 47.23217773 13.99999905
v 10.11427879 46.72202301 13.99999905
v 10.12245941 46.71521759 13.88673306
v 9.88875675 47.23217773 15.99999905
v 9.83221436 47.45384979 15.99999905
v 9.85509872 47.45046997 16.17428970
v 9.66646194 48.10369492 15.99999905
v 9.65692806 48.21793747 15.99999905
v 9.69247532 48.21726608 16.21140671
v 10.11427879 46.72202301 15.99999905
v 10.97929859 45.40922928 15.99999905
v 10.74737263 45.65856934 15.99999905
v 10.69294453 46.02647400 16.69039345
v 10.60865784 45.86903381 15.99999905
v 10.50768566 46.03655243 16.02969551
v 10.49851227 46.03615570 15.99999905
v 11.64724064 44.84337616 16.31586075
v 11.48856926 44.84337616 15.80146122
v 11.31972790 45.00000000 15.83999729
v 11.40833664 44.84337616 15.26915741
v 11.23563766 45.00000000 15.28209877
v 11.40833664 44.84337616 14.73084164
v 11.23563766 45.00000000 14.71790028
v 11.48856926 44.84337616 14.19853878
v 11.31972790 45.00000000 14.16000175
v 11.35994530 45.00000000 13.99999905
v 11.64724064 44.84337616 13.68413830
v 10.97929859 45.40922928 13.99999905
v 10.25241375 46.40954971 13.99999905
v 10.49851227 46.03615570 13.99999905
v 10.50768566 46.03655243 13.97030449
v 10.60865784 45.86903381 13.99999905
v 10.69294453 46.02647400 13.30960560
v 13.99999905 45.40922928 10.97929859
v 15.53680992 44.84337616 11.43849468
v 15.00000000 45.00000000 11.22508240
v 15.00000000 44.84337616 11.39826488
v 14.43737793 45.00000000 11.26724434
v 14.46318913 44.84337616 11.43849468
v 13.93836975 44.84337616 11.55827999
v 16.06163025 44.84337616 11.55827999
v 15.99999905 45.00000000 11.35994530
v 15.56262207 45.00000000 11.26724434
v 19.88572121 46.72202301 13.99999905
v 19.02070045 45.40922928 13.99999905
v 19.25262833 45.65856934 13.99999905
v 19.30705452 46.02647400 13.30960560
v 19.39134026 45.86903381 13.99999905
v 19.49231339 46.03655243 13.97030449
v 19.50148773 46.03615570 13.99999905
v 18.35276031 44.84337616 13.68413830
v 18.51143074 44.84337616 14.19853878
v 18.68027306 45.00000000 14.16000175
v 18.59166336 44.84337616 14.73084164
v 18.76436234 45.00000000 14.71790028
v 18.59166336 44.84337616 15.26915741
v 18.76436234 45.00000000 15.28209877
v 18.51143074 44.84337616 15.80146122
v 18.68027306 45.00000000 15.83999729
v 18.64005470 45.00000000 15.99999905
v 18.35276031 44.84337616 16.31586075
v 19.02070045 45.40922928 15.99999905
v 19.74758530 46.40954971 15.99999905
v 19.50148773 46.03615570 15.99999905
v 19.49231339 46.03655243 16.02969551
v 19.39134026 45.86903381 15.99999905
v 19.30705452 46.02647400 16.69039345
v 15.99999905 45.40922928 19.02070045
v 14.46318913 44.84337616 18.56150436
v 15.00000000 45.00000000 18.77491760
v 15.00000000 44.84337616 18.60173416
v 15.56262207 45.00000000 18.73275375
v 15.53680992 44.84337616 18.56150436
v 16.06163025 44.84337616 18.44171715
v 13.93836975 44.84337616 18.44171715
v 13.99999905 45.00000000 18.64005470
v 14.43737793 45.00000000 18.73275375
v 9.65692806 48.21793747 13.99999905
v 9.69247532 48.21726608 13.78859234
v 9.93230534 48.21726608 13.01107693
v 10.28534222 48.21726608 12.27799034
v 10.74369431 48.21726608 11.60571003
v 11.29712677 48.21726608 11.00925159
v 11.93327522 48.21726608 10.50194073
v 12.63792896 48.21726608 10.09510803
v 13.99999905 48.21793747 20.34307098
v 13.39534664 48.21726608 20.20215607
v 12.63792896 48.21726608 19.90489197
v 11.93327522 48.21726608 19.49805832
v 11.29712677 48.21726608 18.99074745
v 10.74369431 48.21726608 18.39428902
v 10.28534222 48.21726608 17.72200966
v 9.93230534 48.21726608 16.98892212
v 20.34307098 48.21793747 15.99999905
v 20.30752373 48.21726608 16.21140671
v 20.06769371 48.21726608 16.98892212
v 19.71465683 48.21726608 17.72200966
v 19.25630569 48.21726608 18.39428902
v 18.70287132 48.21726608 18.99074745
v 18.06672478 48.21726608 19.49805832
v 17.36207199 48.21726608 19.90489197
v 15.99999905 48.21793747 9.65692806
v 16.60465240 48.21726608 9.79784393
v 17.36207199 48.21726608 10.09510803
v 18.06672478 48.21726608 10.50194073
v 18.70287132 48.21726608 11.00925159
v 19.25630569 48.21726608 11.60571003
v 19.71465683 48.21726608 12.27799034
v 20.06769371 48.21726608 13.01107693
v 10.08758259 47.45046997 13.07201767
v 10.42980003 47.45046997 12.36139393
v 10.87410927 47.45046997 11.70971203
v 11.41058445 47.45046997 11.13152981
v 12.02724075 47.45046997 10.63976288
v 12.71030331 47.45046997 10.24539661
v 12.71030331 47.45046997 19.75460434
v 12.02724075 47.45046997 19.36023712
v 11.41058445 47.45046997 18.86846924
v 10.87410927 47.45046997 18.29028702
v 10.42980003 47.45046997 17.63860512
v 10.08758259 47.45046997 16.92798233
v 19.91241837 47.45046997 16.92798233
v 19.57019806 47.45046997 17.63860512
v 19.12589073 47.45046997 18.29028702
v 18.58941460 47.45046997 18.86846924
v 17.97275734 47.45046997 19.36023712
v 17.28969574 47.45046997 19.75460434
v 17.28969574 47.45046997 10.24539661
v 17.97275734 47.45046997 10.63976288
v 18.58941460 47.45046997 11.13152981
v 19.12589073 47.45046997 11.70971203
v 19.57019806 47.45046997 12.36139393
v 19.91241837 47.45046997 13.07201767
v 10.34286022 46.71521759 13.17220783
v 10.66729546 46.71521759 12.49851227
v 11.08851528 46.71521759 11.88069534
v 11.59711170 46.71521759 11.33255863
v 12.18172359 46.71521759 10.86634636
v 12.82928944 46.71521759 10.49247360
v 12.82928944 46.71521759 19.50752640
v 12.18172359 46.71521759 19.13365364
v 11.59711170 46.71521759 18.66744041
v 11.08851528 46.71521759 18.11930275
v 10.66729546 46.71521759 17.50148773
v 10.34286022 46.71521759 16.82779121
v 10.12245941 46.71521759 16.11326599
v 10.25241375 46.40954971 15.99999905
v 19.65713882 46.71521759 16.82779121
v 19.33270264 46.71521759 17.50148773
v 18.91148376 46.71521759 18.11930275
v 18.40288734 46.71521759 18.66744041
v 17.81827545 46.71521759 19.13365364
v 17.17070770 46.71521759 19.50752640
v 17.17070770 46.71521759 10.49247360
v 17.81827545 46.71521759 10.86634636
v 18.40288734 46.71521759 11.33255863
v 18.91148376 46.71521759 11.88069534
v 19.33270264 46.71521759 12.49851227
v 19.65713882 46.71521759 13.17220783
v 19.87754059 46.71521759 13.88673306
v 19.74758530 46.40954971 13.99999905
v 10.99299145 46.02647400 12.68655205
v 11.38254833 46.02647400 12.11517906
v 11.85291290 46.02647400 11.60824585
v 12.39357662 46.02647400 11.17708015
v 12.99246597 46.02647400 10.83131123
v 12.99246597 46.02647400 19.16868782
v 12.39357662 46.02647400 18.82291985
v 11.85291290 46.02647400 18.39175224
v 11.38254833 46.02647400 17.88482094
v 10.99299145 46.02647400 17.31344604
v 19.00700760 46.02647400 17.31344604
v 18.61745071 46.02647400 17.88482094
v 18.14708710 46.02647400 18.39175224
v 17.60642242 46.02647400 18.82291985
v 17.00753403 46.02647400 19.16868782
v 17.00753403 46.02647400 10.83131123
v 17.60642242 46.02647400 11.17708015
v 18.14708710 46.02647400 11.60824585
v 18.61745071 46.02647400 12.11517906
v 19.00700760 46.02647400 12.68655205
v 10.74737263 45.65856934 13.99999905
v 11.13070965 45.39826584 13.48141479
v 11.40025902 45.39826584 12.92168808
v 11.75022125 45.39826584 12.40838814
v 12.17277813 45.39826584 11.95297909
v 12.65849113 45.39826584 11.56563663
v 13.19650841 45.39826584 11.25501156
v 13.77481365 45.39826584 11.02804375
v 13.99999905 45.00000000 11.35994530
v 13.19650841 45.39826584 18.74498558
v 12.65849113 45.39826584 18.43436241
v 12.17277813 45.39826584 18.04701996
v 11.75022125 45.39826584 17.59160995
v 11.40025902 45.39826584 17.07831001
v 11.13070965 45.39826584 16.51858521
v 11.35994530 45.00000000 15.99999905
v 19.25262833 45.65856934 15.99999905
v 18.86928940 45.39826584 16.51858521
v 18.59974098 45.39826584 17.07831001
v 18.24977875 45.39826584 17.59160995
v 17.82722092 45.39826584 18.04701996
v 17.34150887 45.39826584 18.43436241
v 16.80348969 45.39826584 18.74498558
v 16.22518539 45.39826584 18.97195625
v 15.99999905 45.00000000 18.64005470
v 16.80348969 45.39826584 11.25501156
v 17.34150887 45.39826584 11.56563663
v 17.82722092 45.39826584 11.95297909
v 18.24977875 45.39826584 12.40838814
v 18.59974098 45.39826584 12.92168808
v 18.86928940 45.39826584 13.48141479
v 18.64005470 45.00000000 13.99999905
v 11.88080692 44.84337616 13.19913292
v 12.18405056 44.84337616 12.75435543
v 12.55019855 44.84337616 12.35974216
v 12.97107029 44.84337616 12.02410698
v 13.43726540 44.84337616 11.75494957
v 13.43726540 44.84337616 18.24505043
v 12.97107029 44.84337616 17.97589302
v 12.55019855 44.84337616 17.64025688
v 12.18405056 44.84337616 17.24564552
v 11.88080692 44.84337616 16.80086708
v 18.11919403 44.84337616 16.80086708
v 17.81594849 44.84337616 17.24564552
v 17.44980049 44.84337616 17.64025688
v 17.02892685 44.84337616 17.97589302
v 16.56273460 44.84337616 18.24505043
v 16.56273460 44.84337616 11.75494957
v 17.02892685 44.84337616 12.02410698
v 17.44980049 44.84337616 12.35974216
v 17.81594849 44.84337616 12.75435543
v 18.11919403 44.84337616 13.19913292
v 15.44318104 44.37310791 12.05968666
v 15.87646103 44.37310791 12.15857983
v 16.29016304 44.37310791 12.32094669
v 16.67504501 44.37310791 12.54315853
v 17.02250862 44.37310791 12.82025242
v 17.32479477 44.37310791 13.14603710
v 17.57514572 44.37310791 13.51323700
v 17.76797485 44.37310791 13.91364956
v 17.89897156 44.37310791 14.33832836
v 17.96520805 44.37310791 14.77778816
v 17.96520805 44.37310791 15.22221184
v 17.89897156 44.37310791 15.66167164
v 17.76797485 44.37310791 16.08635139
v 17.57514572 44.37310791 16.48676300
v 17.32479477 44.37310791 16.85396194
v 17.02250862 44.37310791 17.17974854
v 16.67504501 44.37310791 17.45684052
v 16.29016304 44.37310791 17.67905235
v 15.87646103 44.37310791 17.84141922
v 15.44318104 44.37310791 17.94031334
v 15.00000000 44.37310791 17.97352409
v 14.55681896 44.37310791 17.94031334
v 14.12353802 44.37310791 17.84141922
v 13.70983601 44.37310791 17.67905235
v 13.32495403 44.37310791 17.45684052
v 12.97748947 44.37310791 17.17974854
v 12.67520428 44.37310791 16.85396194
v 12.42485142 44.37310791 16.48676300
v 12.23202419 44.37310791 16.08635139
v 12.10102844 44.37310791 15.66167164
v 12.03479004 44.37310791 15.22221184
v 12.03479004 44.37310791 14.77778816
v 12.10102844 44.37310791 14.33832836
v 12.23202419 44.37310791 13.91364956
v 12.42485142 44.37310791 13.51323700
v 12.67520428 44.37310791 13.14603710
v 12.97748947 44.37310791 12.82025242
v 13.32495403 44.37310791 12.54315853
v 13.70983601 44.37310791 12.32094669
v 14.12353802 44.37310791 12.15857983
v 14.55681896 44.37310791 12.05968666
v 15.00000000 44.37310791 12.02647591
v 15.34052849 43.99702454 12.74073601
v 15.67345142 43.99702454 12.81672382
v 15.99133015 43.99702454 12.94148159
v 16.28706360 43.99702454 13.11222363
v 16.55404663 43.99702454 13.32513523
v 16.78631401 43.99702454 13.57546043
v 16.97867966 43.99702454 13.85760880
v 17.12684250 43.99702454 14.16527462
v 17.22749710 43.99702454 14.49158764
v 17.27839279 43.99702454 14.82925797
v 17.27839279 43.99702454 15.17074203
v 17.22749710 43.99702454 15.50841141
v 17.12684250 43.99702454 15.83472443
v 16.97867966 43.99702454 16.14239120
v 16.78631401 43.99702454 16.42453766
v 16.55404663 43.99702454 16.67486382
v 16.28706360 43.99702454 16.88777733
v 15.99133015 43.99702454 17.05851746
v 15.67345142 43.99702454 17.18327522
v 15.34052849 43.99702454 17.25926208
v 15.00000000 43.99702454 17.28478241
v 14.65947056 43.99702454 17.25926208
v 14.32654858 43.99702454 17.18327522
v 14.00866890 43.99702454 17.05851746
v 13.71293640 43.99702454 16.88777733
v 13.44595337 43.99702454 16.67486382
v 13.21368504 43.99702454 16.42453766
v 13.02132034 43.99702454 16.14239120
v 12.87315559 43.99702454 15.83472443
v 12.77250099 43.99702454 15.50841141
v 12.72160530 43.99702454 15.17074203
v 12.72160530 43.99702454 14.82925797
v 12.77250099 43.99702454 14.49158764
v 12.87315559 43.99702454 14.16527462
v 13.02132034 43.99702454 13.85760880
v 13.21368504 43.99702454 13.57546043
v 13.44595337 43.99702454 13.32513523
v 13.71293640 43.99702454 13.11222363
v 14.00866890 43.99702454 12.94148159
v 14.32654858 43.99702454 12.81672382
v 14.65947056 43.99702454 12.74073601
v 15.00000000 43.99702454 12.71521664
v 15.23094559 43.72278976 13.46777725
v 15.45673180 43.72278976 13.51931095
v 15.67231464 43.72278976 13.60392189
v 15.87288094 43.72278976 13.71971893
v 16.05394745 43.72278976 13.86411476
v 16.21146965 43.72278976 14.03388405
v 16.34193230 43.72278976 14.22523499
v 16.44241714 43.72278976 14.43389320
v 16.51067924 43.72278976 14.65519714
v 16.54519463 43.72278976 14.88420391
v 16.54519463 43.72278976 15.11579609
v 16.51067924 43.72278976 15.34480190
v 16.44241714 43.72278976 15.56610584
v 16.34193230 43.72278976 15.77476406
v 16.21146965 43.72278976 15.96611595
v 16.05394745 43.72278976 16.13588524
v 15.87288094 43.72278976 16.28028107
v 15.67231464 43.72278976 16.39607811
v 15.45673180 43.72278976 16.48068810
v 15.23094559 43.72278976 16.53222275
v 15.00000000 43.72278976 16.54953003
v 14.76905441 43.72278976 16.53222275
v 14.54326820 43.72278976 16.48068810
v 14.32768440 43.72278976 16.39607811
v 14.12711811 43.72278976 16.28028107
v 13.94605255 43.72278976 16.13588524
v 13.78852844 43.72278976 15.96611595
v 13.65806770 43.72278976 15.77476406
v 13.55758381 43.72278976 15.56610584
v 13.48932076 43.72278976 15.34480190
v 13.45480347 43.72278976 15.11579609
v 13.45480347 43.72278976 14.88420391
v 13.48932076 43.72278976 14.65519714
v 13.55758381 43.72278976 14.43389320
v 13.65806770 43.72278976 14.22523499
v 13.78852844 43.72278976 14.03388405
v 13.94605255 43.72278976 13.86411476
v 14.12711811 43.72278976 13.71971893
v 14.32768440 43.72278976 13.60392189
v 14.54326820 43.72278976 13.51931095
v 14.76905441 43.72278976 13.46777725
v 15.00000000 43.72278976 13.45047092
v 18.80481911 0.00000000 0.49057695
v 0.00770669 0.00000000 14.51922607
v 16.91815567 0.00000000 0.12314972
v 15.00000000 0.00000000 0.00000000
v 8.49174309 0.00000000 28.51453209
v 10.27337646 0.00000000 29.23583603
v 20.62900352 0.00000000 1.09624863
v 22.36076164 0.00000000 1.93021917
v 23.97165871 0.00000000 2.97879529
v 25.43523979 0.00000000 4.22475958
v 26.72747231 0.00000000 5.64765263
v 27.82714081 0.00000000 7.22411156
v 28.71618843 0.00000000 8.92824936
v 29.62391853 0.00000000 18.33781433
v 29.93068695 0.00000000 16.44034576
v 29.99229431 0.00000000 14.51922607
v 6.81697559 0.00000000 27.57131958
v 5.27657366 0.00000000 26.42168808
v 3.89582944 0.00000000 25.08451462
v 0.19227248 0.00000000 12.60600185
v 11.19518089 0.00000000 0.49057695
v 13.08184242 0.00000000 0.12314972
v 29.38001823 0.00000000 10.73208618
v 29.80772781 0.00000000 12.60600185
v 27.30258369 0.00000000 23.58175087
v 26.10417175 0.00000000 25.08451462
v 24.72342491 0.00000000 26.42168808
v 23.18302345 0.00000000 27.57131958
v 2.69741559 0.00000000 23.58175087
v 1.70101035 0.00000000 21.93807411
v 0.92297328 0.00000000 20.18047523
v 0.61998141 0.00000000 10.73208618
v 1.28381050 0.00000000 8.92824936
v 9.37099457 0.00000000 1.09624863
v 2.17285848 0.00000000 7.22411156
v 3.27252793 0.00000000 5.64765263
v 29.07702637 0.00000000 20.18047523
v 28.29898834 0.00000000 21.93807411
v 0.37608111 0.00000000 18.33781433
v 0.06931275 0.00000000 16.44034576
v 4.56476116 0.00000000 4.22475958
v 6.02834225 0.00000000 2.97879529
v 7.63923645 0.00000000 1.93021917
v 21.50825691 0.00000000 28.51453209
v 19.72662354 0.00000000 29.23583603
v 17.86737823 0.00000000 29.72338676
v 15.96105289 0.00000000 29.96918106
v 14.03894615 0.00000000 29.96918106
v 12.13262081 0.00000000 29.72338676
v 16.91815567 3.00000000 0.12314972
v 15.00000000 3.00000000 0.00000000
v 13.08184242 3.00000000 0.12314972
v 11.19518089 3.00000000 0.49057695
v 9.37099457 3.00000000 1.09624863
v 7.63923645 3.00000000 1.93021917
v 6.02834225 3.00000000 2.97879529
v 4.56476116 3.00000000 4.22475958
v 3.27252793 3.00000000 5.64765263
v 2.17285848 3.00000000 7.22411156
v 1.28381050 3.00000000 8.92824936
v 0.61998141 3.00000000 10.73208618
v 0.19227248 3.00000000 12.60600185
v 0.00770669 3.00000000 14.51922607
v 0.06931275 3.00000000 16.44034576
v 0.37608111 3.00000000 18.33781433
v 0.92297328 3.00000000 20.18047523
v 1.70101035 3.00000000 21.93807411
v 2.69741559 3.00000000 23.58175087
v 3.89582944 3.00000000 25.08451462
v 5.27657366 3.00000000 26.42168808
v 6.81697559 3.00000000 27.57131958
v 8.49174309 3.00000000 28.51453209
v 10.27337646 3.00000000 29.23583603
v 12.13262081 3.00000000 29.72338676
v 14.03894615 3.00000000 29.96918106
v 15.96105289 3.00000000 29.96918106
v 17.86737823 3.00000000 29.72338676
v 19.72662354 3.00000000 29.23583603
v 21.50825691 3.00000000 28.51453209
v 23.18302345 3.00000000 27.57131958
v 24.72342491 3.00000000 26.42168808
v 26.10417175 3.00000000 25.08451462
v 27.30258369 3.00000000 23.58175087
v 28.29898834 3.00000000 21.93807411
v 29.07702637 3.00000000 20.18047523
v 29.62391853 3.00000000 18.33781433
v 29.93068695 3.00000000 16.44034576
v 29.99229431 3.00000000 14.51922607
v 29.80772781 3.00000000 12.60600185
v 29.38001823 3.00000000 10.73208618
v 28.71618843 3.00000000 8.92824936
v 27.82714081 3.00000000 7.22411156
v 26.72747231 3.00000000 5.64765263
v 25.43523979 3.00000000 4.22475958
v 23.97165871 3.00000000 2.97879529
v 22.36076164 3.00000000 1.93021917
v 20.62900352 3.00000000 1.09624863
v 18.80481911 3.00000000 0.49057695
v 23.33178711 4.00000000 3.74916387
v 23.37211418 4.00000000 3.78197145
v 28.39136887 4.00000000 10.91695690
v 28.41713524 4.00000000 11.01769161
v 28.19165230 4.00000000 19.68831444
v 28.13278389 4.00000000 19.83275604
v 22.81107521 4.00000000 26.61839485
v 22.63336945 4.00000000 26.72645950
v 10.61318398 4.00000000 28.29495430
v 10.58889771 4.00000000 28.28569794
v 3.56242156 4.00000000 23.07352448
v 3.52039742 4.00000000 23.00783539
v 1.00362766 4.00000000 14.68131542
v 1.01249754 4.00000000 14.55164051
v 3.94173717 4.00000000 6.41426516
v 4.05976725 4.00000000 6.27575064
v 12.46437263 4.00000000 1.23153627
v 11.45079899 4.00000000 1.46634781
v 11.22284508 4.00000000 1.51915753
v 10.01261520 4.00000000 1.91848636
v 9.75028610 4.00000000 2.03243184
v 8.84371376 4.00000000 2.42621183
v 8.13642979 4.00000000 2.81336808
v 6.62788582 4.00000000 3.78197145
v 6.66821098 4.00000000 3.74916387
v 7.72582436 4.00000000 3.03812790
v 5.67963791 4.00000000 4.55342770
v 5.27048016 4.00000000 4.95337582
v 4.76829624 4.00000000 5.44425583
v 3.20681095 4.00000000 7.45541859
v 3.03779721 4.00000000 7.74815941
v 2.56960654 4.00000000 8.55908871
v 2.20980954 4.00000000 9.33838272
v 1.58286464 4.00000000 11.01769161
v 1.60863066 4.00000000 10.91695690
v 2.03540444 4.00000000 9.71613121
v 1.29282284 4.00000000 12.15161610
v 1.19377398 4.00000000 12.76790237
v 1.09059644 4.00000000 13.40987682
v 1.03263652 4.00000000 15.95539379
v 1.07693946 4.00000000 16.34292030
v 1.86721611 4.00000000 19.83275604
v 1.80834723 4.00000000 19.68831444
v 1.43667030 4.00000000 18.46930885
v 1.36260414 4.00000000 18.11288261
v 1.17738450 4.00000000 17.22155571
v 2.28933334 4.00000000 20.86847115
v 2.60044265 4.00000000 21.46888542
v 2.87564373 4.00000000 22.00000000
v 4.34397364 4.00000000 24.08015060
v 4.64571714 4.00000000 24.40323639
v 7.36662960 4.00000000 26.72645950
v 7.18892336 4.00000000 26.61839485
v 6.16476870 4.00000000 25.85995674
v 5.93194628 4.00000000 25.65223503
v 5.21382523 4.00000000 25.01153183
v 8.27780247 4.00000000 27.28055573
v 8.93187714 4.00000000 27.60079956
v 9.42238426 4.00000000 27.84095764
v 11.84033394 4.00000000 28.63878822
v 12.32627392 4.00000000 28.72827911
v 15.89612484 4.00000000 28.96184921
v 15.63720417 4.00000000 28.98549080
v 14.36279488 4.00000000 28.98549080
v 14.10387325 4.00000000 28.96184921
v 13.09366608 4.00000000 28.86960220
v 16.90633202 4.00000000 28.86960220
v 17.67372513 4.00000000 28.72827911
v 19.41110229 4.00000000 28.28569794
v 19.38681412 4.00000000 28.29495430
v 18.15966606 4.00000000 28.63878822
v 20.57761574 4.00000000 27.84095764
v 21.06812286 4.00000000 27.60079956
v 21.72219849 4.00000000 27.28055573
v 23.83522987 4.00000000 25.85995674
v 24.06805420 4.00000000 25.65223503
v 24.78617477 4.00000000 25.01153183
v 25.35428047 4.00000000 24.40323639
v 26.47960281 4.00000000 23.00783539
v 26.43757629 4.00000000 23.07352448
v 25.65602493 4.00000000 24.08015060
v 27.12435722 4.00000000 22.00000000
v 27.39955711 4.00000000 21.46888542
v 27.71066475 4.00000000 20.86847115
v 28.56332779 4.00000000 18.46930885
v 28.63739395 4.00000000 18.11288261
v 28.82261658 4.00000000 17.22155571
v 28.92306137 4.00000000 16.34292030
v 28.98750114 4.00000000 14.55164051
v 28.99637032 4.00000000 14.68131542
v 28.96736145 4.00000000 15.95539379
v 28.90940475 4.00000000 13.40987682
v 28.80622482 4.00000000 12.76790237
v 28.70717621 4.00000000 12.15161610
v 27.96459579 4.00000000 9.71613121
v 27.79018784 4.00000000 9.33838272
v 25.94023132 4.00000000 6.27575064
v 26.05826187 4.00000000 6.41426516
v 26.79319000 4.00000000 7.45541859
v 26.96220207 4.00000000 7.74815941
v 27.43039322 4.00000000 8.55908871
v 25.23170471 4.00000000 5.44425583
v 24.72952080 4.00000000 4.95337582
v 24.32036018 4.00000000 4.55342770
v 22.27417564 4.00000000 3.03812790
v 21.86356926 4.00000000 2.81336808
v 18.54920006 4.00000000 1.46634781
v 18.77715492 4.00000000 1.51915753
v 19.98738480 4.00000000 1.91848636
v 20.24971390 4.00000000 2.03243184
v 21.15628433 4.00000000 2.42621183
v 17.53562737 4.00000000 1.23153627
v 16.78837013 4.00000000 1.12882817
v 13.21162796 4.00000000 1.12882817
v 13.72691154 4.00000000 1.05800390
v 15.00000000 4.00000000 0.99999923
v 16.27308655 4.00000000 1.05800390
v 23.05916977 9.73597813 5.17987442
v 23.44737625 9.73597813 5.53172445
v 23.80839729 9.49147797 5.12725592
v 23.98290062 9.73597813 6.01709747
v 24.27406311 9.73597813 6.33834505
v 24.66967964 9.49147797 5.96915007
v 24.82012558 9.73597813 6.94083071
v 25.02457047 9.73597813 7.21649218
v 25.45083237 9.49147797 6.88587666
v 25.56277466 9.73597813 7.94217920
v 25.69276810 9.73597813 8.15905952
v 26.14539146 9.49147797 7.86984062
v 26.20369911 9.73597813 9.01149750
v 26.27318954 9.73597813 9.15841961
v 26.74759483 9.49147797 8.91288662
v 26.73672676 9.73597813 10.13848782
v 26.76105881 9.73597813 10.20648861
v 27.25245476 9.49147797 10.00637150
v 26.73672676 9.73597813 19.86151123
v 26.52044678 9.73597813 20.31879807
v 27.01247215 9.49147797 20.54611778
v 26.20369911 9.73597813 20.98850250
v 25.99009705 9.73597813 21.34487724
v 26.45836830 9.49147797 21.61549187
v 25.56277466 9.73597813 22.05781937
v 25.36909676 9.73597813 22.31896591
v 25.80931473 9.49147797 22.63004684
v 24.82012558 9.73597813 23.05916977
v 24.66245270 9.73597813 23.23313522
v 25.07069397 9.49147797 23.58137894
v 23.98290062 9.73597813 23.98290062
v 23.87586021 9.73597813 24.07991791
v 24.24862289 9.49147797 24.46160126
v 23.05916977 9.73597813 24.82012558
v 23.01566315 9.73597813 24.85239220
v 23.34991455 9.49147797 25.26342392
v 15.00000000 9.73597813 27.70374107
v 14.42254066 9.73597813 27.67537308
v 14.39779758 9.49147797 28.21727180
v 13.75481510 9.73597813 27.64257050
v 13.27231216 9.73597813 27.57099724
v 13.19838142 9.49147797 28.10774994
v 12.52162266 9.73597813 27.45964432
v 12.13611794 9.73597813 27.36307907
v 12.01389313 9.49147797 27.88961220
v 11.31229877 9.73597813 27.15672112
v 11.02318668 9.73597813 27.05327797
v 10.85415077 9.49147797 27.56466675
v 10.13848782 9.73597813 26.73672676
v 9.94257450 9.73597813 26.64406586
v 9.72876167 9.49147797 27.13560677
v 9.01149750 9.73597813 26.20369911
v 8.90307808 9.73597813 26.13871574
v 8.64705086 9.49147797 26.60598946
v 7.94217920 9.73597813 25.56277466
v 7.91317606 9.73597813 25.54126549
v 7.61798334 9.49147797 25.98019791
v 2.84327650 9.73597813 18.68770027
v 2.70718813 9.73597813 18.14440727
v 2.18170047 9.49147797 18.27873993
v 2.54035640 9.73597813 17.47837639
v 2.47143579 9.73597813 17.01375198
v 1.93665731 9.49147797 17.09952545
v 2.35742974 9.73597813 16.24518394
v 2.33881640 9.73597813 15.86629868
v 1.79986000 9.49147797 15.90291405
v 2.29625773 9.73597813 15.00000000
v 2.31043720 9.73597813 14.71135712
v 1.77244377 9.49147797 14.69882011
v 2.35742974 9.73597813 13.75481510
v 2.38657832 9.73597813 13.55830956
v 1.85463572 9.49147797 13.49722195
v 2.54035640 9.73597813 12.52162266
v 2.56668115 9.73597813 12.41652775
v 2.04575443 9.49147797 12.30807590
v 2.84327650 9.73597813 11.31229877
v 2.84935808 9.73597813 11.29529858
v 2.34421539 9.49147797 11.14123726
v 7.94217920 9.73597813 4.43722391
v 8.40707207 9.73597813 4.15857792
v 8.12539291 9.49147797 3.69518995
v 9.01149750 9.73597813 3.79629898
v 9.41976929 9.73597813 3.60320044
v 9.18187714 9.49147797 3.11688614
v 10.13848782 9.73597813 3.26327229
v 10.47864151 9.73597813 3.14156342
v 10.28657150 9.49147797 2.63705015
v 11.31229877 9.73597813 2.84327650
v 11.57510090 9.73597813 2.77744794
v 11.43032265 9.49147797 2.25965691
v 12.52162266 9.73597813 2.54035640
v 12.70025921 9.73597813 2.51385856
v 12.60365391 9.49147797 1.98783350
v 13.75481510 9.73597813 2.35742974
v 13.84498787 9.73597813 2.35299945
v 13.79684162 9.49147797 1.82383418
v 15.00000000 4.44746065 0.62913263
v 16.30681229 4.44746065 0.68867302
v 17.60279846 4.44746065 0.86680150
v 20.11950302 4.44746065 1.57194960
v 23.55250168 4.44746065 3.45112371
v 25.50274467 4.44746065 5.19111824
v 27.10559654 4.44746065 7.25555897
v 27.75967979 4.44746065 8.38846588
v 28.74611282 4.44746065 10.80879498
v 29.27787018 4.44746065 13.36775303
v 29.33736610 4.44746065 15.98070145
v 29.18878174 4.44746065 17.28040504
v 28.54110718 4.44746065 19.81250954
v 25.93831062 4.44746065 24.32068825
v 25.04541397 4.44746065 25.27674294
v 23.01799583 4.44746065 26.92617035
v 18.24336624 4.44746065 29.00008392
v 16.95683289 4.44746065 29.23701668
v 14.34591484 4.44746065 29.35597229
v 10.49697495 4.44746065 28.64714622
v 8.09972763 4.44746065 27.60587502
v 5.93071795 4.44746065 26.14764404
v 3.25943351 4.44746065 23.28739738
v 1.95262110 4.44746065 21.02392960
v 1.07737076 4.44746065 18.56121254
v 0.81121641 4.44746065 17.28040504
v 0.63285601 4.44746065 14.67287254
v 1.69196534 4.44746065 9.57615852
v 2.24031878 4.44746065 8.38846588
v 3.64879799 4.44746065 6.18682432
v 7.53312731 4.44746065 2.72125196
v 8.68063068 4.44746065 2.09312510
v 11.12278557 4.44746065 1.16204286
v 13.69318676 4.44746065 0.68867302
v 12.39720249 4.44746065 0.86680150
v 9.88049698 4.44746065 1.57194960
v 6.44749784 4.44746065 3.45112371
v 5.43273687 4.44746065 4.27669287
v 4.49725342 4.44746065 5.19111824
v 2.89440346 4.44746065 7.25555897
v 1.25388610 4.44746065 10.80879498
v 0.92971230 4.44746065 12.07615948
v 0.72212887 4.44746065 13.36775303
v 0.66263413 4.44746065 15.98070145
v 1.45889258 4.44746065 19.81250954
v 2.55446315 4.44746065 22.18543434
v 4.06168938 4.44746065 24.32068825
v 4.95458508 4.44746065 25.27674294
v 6.98200321 4.44746065 26.92617035
v 9.27462959 4.44746065 28.18111992
v 11.75663376 4.44746065 29.00008392
v 13.04316711 4.44746065 29.23701668
v 15.65408325 4.44746065 29.35597229
v 19.50302315 4.44746065 28.64714622
v 20.72536850 4.44746065 28.18111992
v 21.90027237 4.44746065 27.60587502
v 24.06928062 4.44746065 26.14764404
v 26.74056625 4.44746065 23.28739738
v 27.44553566 4.44746065 22.18543434
v 28.04737854 4.44746065 21.02392960
v 28.92262840 4.44746065 18.56121254
v 29.36714363 4.44746065 14.67287254
v 29.07028770 4.44746065 12.07615948
v 28.30803299 4.44746065 9.57615852
v 26.35120201 4.44746065 6.18682432
v 24.56726074 4.44746065 4.27669287
v 22.46687126 4.44746065 2.72125196
v 21.31936836 4.44746065 2.09312510
v 18.87721443 4.44746065 1.16204286
v 13.66666031 4.95012236 0.39817113
v 15.00000000 4.95012236 0.33742189
v 13.64806271 5.49412584 0.19450858
v 15.00000000 5.49412584 0.13291183
v 13.63790894 6.06447077 0.08330029
v 15.00000000 6.06447077 0.02124161
v 13.63647556 6.64543152 0.06761309
v 15.00000000 6.64543152 0.00548828
v 13.64380455 7.22099018 0.14787912
v 15.00000000 7.22099018 0.08608866
v 13.65969467 7.77527618 0.32188559
v 15.00000000 7.77527618 0.26081875
v 13.68370438 8.29300690 0.58483517
v 15.00000000 8.29300690 0.52486175
v 13.71517467 8.75990772 0.92947578
v 15.00000000 8.75990772 0.87093657
v 13.75323677 9.16310310 1.34630692
v 15.00000000 9.16310310 1.28950179
v 15.00000000 9.49147797 1.76901555
v 15.00000000 9.73597813 2.29625773
v 12.34436989 4.95012236 0.57991594
v 12.30732918 5.49412584 0.37878844
v 12.28710365 6.06447077 0.26896411
v 12.28425121 6.64543152 0.25347248
v 12.29884815 7.22099018 0.33273920
v 12.33049488 7.77527618 0.50458032
v 12.37831688 8.29300690 0.76425636
v 12.44099712 8.75990772 1.10460722
v 12.51680565 9.16310310 1.51625001
v 11.04408360 4.95012236 0.88115036
v 10.98890781 5.49412584 0.68422407
v 10.95877934 6.06447077 0.57669449
v 10.95452881 6.64543152 0.56152606
v 10.97627449 7.22099018 0.63913691
v 11.02341652 7.77527618 0.80738777
v 11.09465408 8.29300690 1.06163979
v 11.18802452 8.75990772 1.39488089
v 11.30095100 9.16310310 1.79792476
v 9.77657700 4.95012236 1.29937756
v 9.70372295 5.49412584 1.10828412
v 9.66394138 6.06447077 1.00393963
v 9.65832901 6.64543152 0.98922104
v 9.68704224 7.22099018 1.06453335
v 9.74928856 7.77527618 1.22779977
v 9.84335136 8.29300690 1.47452021
v 9.96663761 8.75990772 1.79789031
v 10.11574841 9.16310310 2.18899465
v 8.55235577 4.95012236 1.83113194
v 8.46242523 5.49412584 1.64745653
v 8.41331959 6.06447077 1.54716146
v 8.40639305 6.64543152 1.53301382
v 8.44183540 7.22099018 1.60540271
v 8.51867008 7.77527618 1.76233327
v 8.63477993 8.29300690 1.99947786
v 8.78695965 8.75990772 2.31029654
v 8.97101784 9.16310310 2.68622208
v 7.38155985 4.95012236 2.47200847
v 7.27529955 5.49412584 2.29727101
v 7.21727753 6.06447077 2.20185804
v 7.20909214 6.64543152 2.18839860
v 7.25097132 7.22099018 2.25726509
v 7.34175777 7.77527618 2.40655804
v 7.47895050 8.29300690 2.63216066
v 7.65876579 8.75990772 2.92785454
v 7.87624550 9.16310310 3.28548431
v 6.27389288 4.95012236 3.21669602
v 6.15218353 5.49412584 3.05234551
v 6.08572435 6.06447077 2.96260333
v 6.07634974 6.64543152 2.94994378
v 6.12431765 7.22099018 3.01471734
v 6.22830439 7.77527618 3.15513563
v 6.38544369 8.29300690 3.36732912
v 6.59140205 8.75990772 3.64544511
v 6.84050179 9.16310310 3.98181653
v 7.12587404 9.49147797 4.36716890
v 7.44876385 9.73597813 4.80316591
v 6.19160271 9.49147797 5.12725592
v 6.55262375 9.73597813 5.53172445
v 6.94083071 9.73597813 5.17987442
v 5.23853302 4.95012236 4.05902338
v 5.10238314 5.49412584 3.90642142
v 5.02803898 6.06447077 3.82309413
v 5.01755238 6.64543152 3.81133986
v 5.07121086 7.22099018 3.87148285
v 5.18753576 7.77527618 4.00186348
v 5.36331987 8.29300690 4.19888830
v 5.59371614 8.75990772 4.45712376
v 5.87237167 9.16310310 4.76945019
v 5.33032036 9.49147797 5.96915007
v 5.72593594 9.73597813 6.33834505
v 6.01709747 9.73597813 6.01709747
v 4.28406048 4.95012236 4.99201107
v 4.13459730 5.49412584 4.85242271
v 4.05298471 6.06447077 4.77620125
v 4.04147148 6.64543152 4.76544905
v 4.10037756 7.22099018 4.82046318
v 4.22807693 7.77527618 4.93972540
v 4.42104864 8.29300690 5.11994886
v 4.67397261 8.75990772 5.35616350
v 4.97987509 9.16310310 5.64185619
v 4.54916525 9.49147797 6.88587666
v 4.97542953 9.73597813 7.21649218
v 5.17987442 9.73597813 6.94083071
v 3.41838312 4.95012236 6.00792837
v 3.25684619 5.49412584 5.88250923
v 3.16863966 6.06447077 5.81402540
v 3.15619731 6.64543152 5.80436468
v 3.21986151 7.22099018 5.85379362
v 3.35787702 7.77527618 5.96095085
v 3.56643748 8.29300690 6.12287855
v 3.83979368 8.75990772 6.33511496
v 4.17040825 9.16310310 6.59180689
v 3.85460734 9.49147797 7.86984062
v 4.30723095 9.73597813 8.15905952
v 4.43722391 9.73597813 7.94217920
v 2.64867496 4.95012236 7.09835625
v 2.47640157 5.49412584 6.98814631
v 2.38233328 6.06447077 6.92796707
v 2.36906385 6.64543152 6.91947794
v 2.43695927 7.22099018 6.96291304
v 2.58414721 7.77527618 7.05707550
v 2.80656862 8.29300690 7.19936752
v 3.09809208 8.75990772 7.38586712
v 3.45067954 9.16310310 7.61143112
v 3.25240469 9.49147797 8.91288662
v 3.72681022 9.73597813 9.15841961
v 3.79629898 9.73597813 9.01149750
v 1.98131335 4.95012236 8.25426006
v 1.79973245 5.49412584 8.16017246
v 1.70058107 6.06447077 8.10879612
v 1.68659544 6.64543152 8.10154915
v 1.75815821 7.22099018 8.13863087
v 1.91329885 7.77527618 8.21901894
v 2.14773893 8.29300690 8.34049511
v 2.45501375 8.75990772 8.49971199
v 2.82665157 9.16310310 8.69227982
v 2.74754596 9.49147797 10.00637150
v 3.23894072 9.73597813 10.20648861
v 3.26327229 9.73597813 10.13848782
v 1.42182875 4.95012236 9.46606159
v 1.23244429 5.49412584 9.38887501
v 1.12903214 6.06447077 9.34672928
v 1.11444485 6.64543152 9.34078312
v 1.18908381 7.22099018 9.37120342
v 1.35089183 7.77527618 9.43714905
v 1.59540677 8.29300690 9.53680420
v 1.91588700 8.75990772 9.66742039
v 2.30349588 9.16310310 9.82539463
v 0.97485816 4.95012236 10.72371864
v 0.77923852 5.49412584 10.66407394
v 0.67242235 6.06447077 10.63150501
v 0.65735447 6.64543152 10.62691212
v 0.73445123 7.22099018 10.65041828
v 0.90158546 7.77527618 10.70137691
v 1.15414894 8.29300690 10.77838421
v 1.48517919 8.75990772 10.87931538
v 1.88554728 9.16310310 11.00138855
v 0.64410269 4.95012236 12.01681042
v 0.44387019 5.49412584 11.97520065
v 0.33453572 6.06447077 11.95248127
v 0.31911302 6.64543152 11.94927692
v 0.39802676 7.22099018 11.96567535
v 0.56910235 7.77527618 12.00122452
v 0.82762259 8.29300690 12.05494595
v 1.16645920 8.75990772 12.12535667
v 1.57626903 9.16310310 12.21051598
v 0.43230596 4.95012236 13.33462143
v 0.22911933 5.49412584 13.31139374
v 0.11817086 6.06447077 13.29870987
v 0.10252092 6.64543152 13.29692078
v 0.18259883 7.22099018 13.30607510
v 0.35619920 7.77527618 13.32592010
v 0.61853325 8.29300690 13.35591125
v 0.96236819 8.75990772 13.39521790
v 1.37822521 9.16310310 13.44275856
v 0.34122077 4.95012236 14.66623211
v 0.13676378 5.49412584 14.66157722
v 0.02512243 6.06447077 14.65903473
v 0.00937376 6.64543152 14.65867615
v 0.08995365 7.22099018 14.66051102
v 0.26463810 7.77527618 14.66448879
v 0.52861309 8.29300690 14.67049980
v 0.87459755 8.75990772 14.67837715
v 1.29305482 9.16310310 14.68790531
v 0.37160423 4.95012236 16.00061035
v 0.16757101 5.49412584 16.01456451
v 0.05616061 6.06447077 16.02218628
v 0.04044455 6.64543152 16.02326202
v 0.12085680 7.22099018 16.01776123
v 0.29517990 7.77527618 16.00583649
v 0.55860728 8.29300690 15.98781681
v 0.90387464 8.75990772 15.96420097
v 1.32146382 9.16310310 15.93563747
v 0.52320212 4.95012236 17.32669449
v 0.32128301 5.49412584 17.35914612
v 0.21102744 6.06447077 17.37686539
v 0.19547436 6.64543152 17.37936592
v 0.27505308 7.22099018 17.36657715
v 0.44756943 7.77527618 17.33885002
v 0.70826709 8.29300690 17.29695129
v 1.04995728 8.75990772 17.24203491
v 1.46321857 9.16310310 17.17561722
v 0.79475904 4.95012236 18.63349915
v 0.59662759 5.49412584 18.68418121
v 0.48844051 6.06447077 18.71185112
v 0.47317892 6.64543152 18.71575546
v 0.55126566 7.22099018 18.69578362
v 0.72054565 7.77527618 18.65248299
v 0.97635293 8.29300690 18.58705139
v 1.31163371 8.75990772 18.50129128
v 1.71714282 9.16310310 18.39756775
v 1.18402576 4.95012236 19.91019821
v 0.99132395 5.49412584 19.97868347
v 0.88610125 6.06447077 20.01608086
v 0.87125784 6.64543152 20.02135658
v 0.94720441 7.22099018 19.99436378
v 1.11184549 7.77527618 19.93585014
v 1.36064267 8.29300690 19.84742928
v 1.68673599 8.75990772 19.73153496
v 2.08113337 9.16310310 19.59136581
v 2.53296089 9.49147797 19.43078613
v 3.04414058 9.73597813 19.24907875
v 2.98752642 9.49147797 20.54611778
v 3.47955346 9.73597813 20.31879807
v 3.26327229 9.73597813 19.86151123
v 1.68777537 4.95012236 21.14620781
v 1.50210035 5.49412584 21.23193359
v 1.40071380 6.06447077 21.27874184
v 1.38641143 6.64543152 21.28534698
v 1.45958924 7.22099018 21.25156021
v 1.61822796 7.77527618 21.17831802
v 1.85795319 8.29300690 21.06763840
v 2.17215633 8.75990772 20.92257118
v 2.55217314 9.16310310 20.74711800
v 3.54163170 9.49147797 21.61549187
v 4.00990248 9.73597813 21.34487724
v 3.79629898 9.73597813 20.98850250
v 2.30183458 4.95012236 22.33128738
v 2.12472391 5.49412584 22.43354416
v 2.02801442 6.06447077 22.48937798
v 2.01437259 6.64543152 22.49725533
v 2.08417416 7.22099018 22.45695496
v 2.23549461 7.77527618 22.36958885
v 2.46416306 8.29300690 22.23756981
v 2.76387215 8.75990772 22.06453133
v 3.12636042 9.16310310 21.85524750
v 4.19068432 9.49147797 22.63004684
v 4.63090372 9.73597813 22.31896591
v 4.43722391 9.73597813 22.05781937
v 3.02111554 4.95012236 23.45561981
v 2.85403609 5.49412584 23.57355690
v 2.76280475 6.06447077 23.63795471
v 2.74993563 6.64543152 23.64703941
v 2.81578398 7.22099018 23.60055923
v 2.95853329 7.77527618 23.49979401
v 3.17424822 8.29300690 23.34752655
v 3.45698094 8.75990772 23.14795113
v 3.79893565 9.16310310 22.90657616
v 4.92930603 9.49147797 23.58137894
v 5.33754730 9.73597813 23.23313522
v 5.17987442 9.73597813 23.05916977
v 3.83965588 4.95012236 24.50988388
v 3.68399453 5.49412584 24.64252663
v 3.59899640 6.06447077 24.71495438
v 3.58700657 6.64543152 24.72517014
v 3.64835548 7.22099018 24.67289543
v 3.78135037 7.77527618 24.55956841
v 3.98232508 8.29300690 24.38831520
v 4.24573851 8.75990772 24.16385651
v 4.56432724 9.16310310 23.89238358
v 5.75137711 9.49147797 24.46160126
v 6.12413883 9.73597813 24.07991791
v 6.01709747 9.73597813 23.98290062
v 4.75067568 4.95012236 25.48534775
v 4.60772038 5.49412584 25.63159561
v 4.52966166 6.06447077 25.71145248
v 4.51864958 6.64543152 25.72271538
v 4.57498980 7.22099018 25.66507912
v 4.69712925 7.77527618 25.54012871
v 4.88169861 8.29300690 25.35130882
v 5.12360859 8.75990772 25.10382652
v 5.41619110 9.16310310 24.80450630
v 6.65008545 9.49147797 25.26342392
v 6.98433733 9.73597813 24.85239220
v 6.94083071 9.73597813 24.82012558
v 5.74662352 4.95012236 26.37392616
v 5.61755991 5.49412584 26.53256798
v 5.54708576 6.06447077 26.61919212
v 5.53714466 6.64543152 26.63141060
v 5.58800983 7.22099018 26.56888962
v 5.69828033 7.77527618 26.43334961
v 5.86491442 8.29300690 26.22852898
v 6.08331919 8.75990772 25.96007347
v 6.34746981 9.16310310 25.63538742
v 6.81924820 4.95012236 27.16825676
v 6.70514536 5.49412584 27.33797646
v 6.64283991 6.06447077 27.43065071
v 6.63405180 6.64543152 27.44372368
v 6.67902088 7.22099018 27.37683487
v 6.77650881 7.77527618 27.23182869
v 6.92382717 8.29300690 27.01270485
v 7.11691475 8.75990772 26.72550011
v 7.35044622 9.16310310 26.37813950
v 7.95966101 4.95012236 27.86175919
v 7.86146450 5.49412584 28.04115105
v 7.80784464 6.06447077 28.13910675
v 7.80028105 6.64543152 28.15292358
v 7.83898211 7.22099018 28.08222198
v 7.92288017 7.77527618 27.92895126
v 8.04966164 8.29300690 27.69734001
v 8.21583176 8.75990772 27.39376831
v 8.41680908 9.16310310 27.02660942
v 9.15841293 4.95012236 28.44868279
v 9.07693577 5.49412584 28.63626099
v 9.03244591 6.06447077 28.73868561
v 9.02616978 6.64543152 28.75313568
v 9.05828190 7.22099018 28.67920685
v 9.12789440 7.77527618 28.51894188
v 9.23308945 8.29300690 28.27676010
v 9.37096596 8.75990772 27.95933533
v 9.53772259 9.16310310 27.57542229
v 10.40556908 4.95012236 28.92416573
v 10.34148788 5.49412584 29.11837769
v 10.30649662 6.06447077 29.22442436
v 10.30156040 6.64543152 29.23938179
v 10.32681561 7.22099018 29.16284370
v 10.38156605 7.77527618 28.99691010
v 10.46430302 8.29300690 28.74616623
v 10.57274246 8.75990772 28.41751862
v 10.70389843 9.16310310 28.02003098
v 11.69079685 4.95012236 29.28426933
v 11.64464092 5.49412584 29.48350334
v 11.61943722 6.06447077 29.59229279
v 11.61588287 6.64543152 29.60763931
v 11.63407326 7.22099018 29.52911758
v 11.67350864 7.77527618 29.35889626
v 11.73309994 8.29300690 29.10166550
v 11.81120586 8.75990772 28.76452065
v 11.90567207 9.16310310 28.35675240
v 13.00344658 4.95012236 29.52601051
v 12.97559738 5.49412584 29.72861290
v 12.96039200 6.06447077 29.83924484
v 12.95824718 6.64543152 29.85485077
v 12.96922207 7.22099018 29.77500153
v 12.99301529 7.77527618 29.60189819
v 13.02896786 8.29300690 29.34031487
v 13.07609272 8.75990772 28.99746132
v 13.13308716 9.16310310 28.58279610
v 14.33263779 4.95012236 29.64738274
v 14.32333088 5.49412584 29.85168076
v 14.31824780 6.06447077 29.96323586
v 14.31753063 6.64543152 29.97897148
v 14.32119846 7.22099018 29.89845276
v 14.32915211 7.77527618 29.72390556
v 14.34117031 8.29300690 29.46013641
v 14.35692120 8.75990772 29.11442184
v 14.37597179 9.16310310 28.69628906
v 15.66736031 4.95012236 29.64738274
v 15.67667007 5.49412584 29.85168076
v 15.68175125 6.06447077 29.96323586
v 15.68246841 6.64543152 29.97897148
v 15.67880058 7.22099018 29.89845276
v 15.67084694 7.77527618 29.72390556
v 15.65882969 8.29300690 29.46013641
v 15.64307880 8.75990772 29.11442184
v 15.62402725 9.16310310 28.69628906
v 15.60220242 9.49147797 28.21727180
v 15.57745838 9.73597813 27.67537308
v 16.80161858 9.49147797 28.10774994
v 16.72768593 9.73597813 27.57099724
v 16.24518394 9.73597813 27.64257050
v 16.99655342 4.95012236 29.52601051
v 17.02440071 5.49412584 29.72861290
v 17.03960609 6.06447077 29.83924484
v 17.04175186 6.64543152 29.85485077
v 17.03077698 7.22099018 29.77500153
v 17.00698471 7.77527618 29.60189819
v 16.97103119 8.29300690 29.34031487
v 16.92390633 8.75990772 28.99746132
v 16.86691284 9.16310310 28.58279610
v 17.98610497 9.49147797 27.88961220
v 17.86388206 9.73597813 27.36307907
v 17.47837639 9.73597813 27.45964432
v 18.30920219 4.95012236 29.28426933
v 18.35535812 5.49412584 29.48350334
v 18.38056183 6.06447077 29.59229279
v 18.38411522 6.64543152 29.60763931
v 18.36592484 7.22099018 29.52911758
v 18.32649040 7.77527618 29.35889626
v 18.26689911 8.29300690 29.10166550
v 18.18879318 8.75990772 28.76452065
v 18.09432793 9.16310310 28.35675240
v 19.14584732 9.49147797 27.56466675
v 18.97681046 9.73597813 27.05327797
v 18.68770027 9.73597813 27.15672112
v 19.59443092 4.95012236 28.92416573
v 19.65851212 5.49412584 29.11837769
v 19.69350243 6.06447077 29.22442436
v 19.69843864 6.64543152 29.23938179
v 19.67318344 7.22099018 29.16284370
v 19.61843300 7.77527618 28.99691010
v 19.53569603 8.29300690 28.74616623
v 19.42725754 8.75990772 28.41751862
v 19.29610252 9.16310310 28.02003098
v 20.27123833 9.49147797 27.13560677
v 20.05742455 9.73597813 26.64406586
v 19.86151123 9.73597813 26.73672676
v 20.84158707 4.95012236 28.44868279
v 20.92306328 5.49412584 28.63626099
v 20.96755409 6.06447077 28.73868561
v 20.97382927 6.64543152 28.75313568
v 20.94171715 7.22099018 28.67920685
v 20.87210464 7.77527618 28.51894188
v 20.76691055 8.29300690 28.27676010
v 20.62903404 8.75990772 27.95933533
v 20.46227646 9.16310310 27.57542229
v 21.35294914 9.49147797 26.60598946
v 21.09692192 9.73597813 26.13871574
v 20.98850250 9.73597813 26.20369911
v 22.04033661 4.95012236 27.86175919
v 22.13853645 5.49412584 28.04115105
v 22.19215393 6.06447077 28.13910675
v 22.19971848 6.64543152 28.15292358
v 22.16101837 7.22099018 28.08222198
v 22.07711983 7.77527618 27.92895126
v 21.95033836 8.29300690 27.69734001
v 21.78416824 8.75990772 27.39376831
v 21.58319092 9.16310310 27.02660942
v 22.38201523 9.49147797 25.98019791
v 22.08682251 9.73597813 25.54126549
v 22.05781937 9.73597813 25.56277466
v 23.18075180 4.95012236 27.16825676
v 23.29485512 5.49412584 27.33797646
v 23.35716057 6.06447077 27.43065071
v 23.36594772 6.64543152 27.44372368
v 23.32097816 7.22099018 27.37683487
v 23.22348976 7.77527618 27.23182869
v 23.07617378 8.29300690 27.01270485
v 22.88308334 8.75990772 26.72550011
v 22.64955330 9.16310310 26.37813950
v 24.25337601 4.95012236 26.37392616
v 24.38243866 5.49412584 26.53256798
v 24.45291328 6.06447077 26.61919212
v 24.46285439 6.64543152 26.63141060
v 24.41198921 7.22099018 26.56888962
v 24.30171967 7.77527618 26.43334961
v 24.13508415 8.29300690 26.22852898
v 23.91668129 8.75990772 25.96007347
v 23.65252876 9.16310310 25.63538742
v 25.24932480 4.95012236 25.48534775
v 25.39227867 5.49412584 25.63159561
v 25.47033882 6.06447077 25.71145248
v 25.48134995 6.64543152 25.72271538
v 25.42500877 7.22099018 25.66507912
v 25.30286980 7.77527618 25.54012871
v 25.11830139 8.29300690 25.35130882
v 24.87639046 8.75990772 25.10382652
v 24.58380890 9.16310310 24.80450630
v 26.16034508 4.95012236 24.50988388
v 26.31600571 5.49412584 24.64252663
v 26.40100288 6.06447077 24.71495438
v 26.41299438 6.64543152 24.72517014
v 26.35164452 7.22099018 24.67289543
v 26.21864891 7.77527618 24.55956841
v 26.01767349 8.29300690 24.38831520
v 25.75426102 8.75990772 24.16385651
v 25.43567085 9.16310310 23.89238358
v 26.97888374 4.95012236 23.45561981
v 27.14596367 5.49412584 23.57355690
v 27.23719597 6.06447077 23.63795471
v 27.25006294 6.64543152 23.64703941
v 27.18421364 7.22099018 23.60055923
v 27.04146576 7.77527618 23.49979401
v 26.82575226 8.29300690 23.34752655
v 26.54301834 8.75990772 23.14795113
v 26.20106316 9.16310310 22.90657616
v 27.69816399 4.95012236 22.33128738
v 27.87527466 5.49412584 22.43354416
v 27.97198486 6.06447077 22.48937798
v 27.98562622 6.64543152 22.49725533
v 27.91582489 7.22099018 22.45695496
v 27.76450539 7.77527618 22.36958885
v 27.53583717 8.29300690 22.23756981
v 27.23612595 8.75990772 22.06453133
v 26.87363815 9.16310310 21.85524750
v 28.31222534 4.95012236 21.14620781
v 28.49789810 5.49412584 21.23193359
v 28.59928513 6.06447077 21.27874184
v 28.61358833 6.64543152 21.28534698
v 28.54041100 7.22099018 21.25156021
v 28.38177299 7.77527618 21.17831802
v 28.14204597 8.29300690 21.06763840
v 27.82784462 8.75990772 20.92257118
v 27.44782639 9.16310310 20.74711800
v 28.81597328 4.95012236 19.91019821
v 29.00867462 5.49412584 19.97868347
v 29.11389732 6.06447077 20.01608086
v 29.12874222 6.64543152 20.02135658
v 29.05279350 7.22099018 19.99436378
v 28.88815498 7.77527618 19.93585014
v 28.63935661 8.29300690 19.84742928
v 28.31326485 8.75990772 19.73153496
v 27.91886520 9.16310310 19.59136581
v 27.46703911 9.49147797 19.43078613
v 26.95585823 9.73597813 19.24907875
v 27.81830025 9.49147797 18.27873993
v 27.29281044 9.73597813 18.14440727
v 27.15672112 9.73597813 18.68770027
v 29.20524025 4.95012236 18.63349915
v 29.40337181 5.49412584 18.68418121
v 29.51156044 6.06447077 18.71185112
v 29.52682114 6.64543152 18.71575546
v 29.44873238 7.22099018 18.69578362
v 29.27945328 7.77527618 18.65248299
v 29.02364731 8.29300690 18.58705139
v 28.68836594 8.75990772 18.50129128
v 28.28285599 9.16310310 18.39756775
v 28.06334114 9.49147797 17.09952545
v 27.52856445 9.73597813 17.01375198
v 27.45964432 9.73597813 17.47837639
v 29.47679710 4.95012236 17.32669449
v 29.67871666 5.49412584 17.35914612
v 29.78897095 6.06447077 17.37686539
v 29.80452347 6.64543152 17.37936592
v 29.72494698 7.22099018 17.36657715
v 29.55242920 7.77527618 17.33885002
v 29.29173279 8.29300690 17.29695129
v 28.95004272 8.75990772 17.24203491
v 28.53678131 9.16310310 17.17561722
v 28.20013809 9.49147797 15.90291405
v 27.66118240 9.73597813 15.86629868
v 27.64257050 9.73597813 16.24518394
v 29.62839508 4.95012236 16.00061035
v 29.83242798 5.49412584 16.01456451
v 29.94383812 6.06447077 16.02218628
v 29.95955658 6.64543152 16.02326202
v 29.87914085 7.22099018 16.01776123
v 29.70482063 7.77527618 16.00583649
v 29.44139290 8.29300690 15.98781681
v 29.09612465 8.75990772 15.96420097
v 28.67853546 9.16310310 15.93563747
v 28.22755623 9.49147797 14.69882011
v 27.68956184 9.73597813 14.71135712
v 27.70374107 9.73597813 15.00000000
v 29.65877914 4.95012236 14.66623211
v 29.86323547 5.49412584 14.66157722
v 29.97487831 6.06447077 14.65903473
v 29.99062538 6.64543152 14.65867615
v 29.91004753 7.22099018 14.66051102
v 29.73536110 7.77527618 14.66448879
v 29.47138596 8.29300690 14.67049980
v 29.12540245 8.75990772 14.67837715
v 28.70694542 9.16310310 14.68790531
v 28.14536285 9.49147797 13.49722195
v 27.61342049 9.73597813 13.55830956
v 27.64257050 9.73597813 13.75481510
v 29.56769180 4.95012236 13.33462143
v 29.77088165 5.49412584 13.31139374
v 29.88182831 6.06447077 13.29870987
v 29.89747810 6.64543152 13.29692078
v 29.81739998 7.22099018 13.30607510
v 29.64380074 7.77527618 13.32592010
v 29.38146591 8.29300690 13.35591125
v 29.03763199 8.75990772 13.39521790
v 28.62177467 9.16310310 13.44275856
v 27.95424461 9.49147797 12.30807590
v 27.43331718 9.73597813 12.41652775
v 27.45964432 9.73597813 12.52162266
v 29.35589600 4.95012236 12.01681042
v 29.55612946 5.49412584 11.97520065
v 29.66546249 6.06447077 11.95248127
v 29.68088531 6.64543152 11.94927692
v 29.60197258 7.22099018 11.96567535
v 29.43089676 7.77527618 12.00122452
v 29.17237663 8.29300690 12.05494595
v 28.83353996 8.75990772 12.12535667
v 28.42373085 9.16310310 12.21051598
v 27.65578461 9.49147797 11.14123726
v 27.15064240 9.73597813 11.29529858
v 27.15672112 9.73597813 11.31229877
v 29.02514076 4.95012236 10.72371864
v 29.22076035 5.49412584 10.66407394
v 29.32757759 6.06447077 10.63150501
v 29.34264374 6.64543152 10.62691212
v 29.26554871 7.22099018 10.65041828
v 29.09841347 7.77527618 10.70137691
v 28.84584999 8.29300690 10.77838421
v 28.51482201 8.75990772 10.87931538
v 28.11445236 9.16310310 11.00138855
v 28.57816887 4.95012236 9.46606159
v 28.76755524 5.49412584 9.38887501
v 28.87096596 6.06447077 9.34672928
v 28.88555527 6.64543152 9.34078312
v 28.81091499 7.22099018 9.37120342
v 28.64910698 7.77527618 9.43714905
v 28.40459442 8.29300690 9.53680420
v 28.08411217 8.75990772 9.66742039
v 27.69650269 9.16310310 9.82539463
v 28.01868629 4.95012236 8.25426006
v 28.20026779 5.49412584 8.16017246
v 28.29941750 6.06447077 8.10879612
v 28.31340408 6.64543152 8.10154915
v 28.24184036 7.22099018 8.13863087
v 28.08670044 7.77527618 8.21901894
v 27.85225868 8.29300690 8.34049511
v 27.54498672 8.75990772 8.49971199
v 27.17334747 9.16310310 8.69227982
v 27.35132408 4.95012236 7.09835625
v 27.52359772 5.49412584 6.98814631
v 27.61766624 6.06447077 6.92796707
v 27.63093567 6.64543152 6.91947794
v 27.56303978 7.22099018 6.96291304
v 27.41585350 7.77527618 7.05707550
v 27.19342995 8.29300690 7.19936752
v 26.90190887 8.75990772 7.38586712
v 26.54932022 9.16310310 7.61143112
v 26.58161545 4.95012236 6.00792837
v 26.74315262 5.49412584 5.88250923
v 26.83135796 6.06447077 5.81402540
v 26.84380150 6.64543152 5.80436468
v 26.78013802 7.22099018 5.85379362
v 26.64212227 7.77527618 5.96095085
v 26.43356133 8.29300690 6.12287855
v 26.16020584 8.75990772 6.33511496
v 25.82959175 9.16310310 6.59180689
v 25.71594048 4.95012236 4.99201107
v 25.86540222 5.49412584 4.85242271
v 25.94701576 6.06447077 4.77620125
v 25.95852661 6.64543152 4.76544905
v 25.89962196 7.22099018 4.82046318
v 25.77192307 7.77527618 4.93972540
v 25.57894897 8.29300690 5.11994886
v 25.32602692 8.75990772 5.35616350
v 25.02012444 9.16310310 5.64185619
v 24.76146698 4.95012236 4.05902338
v 24.89761543 5.49412584 3.90642142
v 24.97196007 6.06447077 3.82309413
v 24.98244667 6.64543152 3.81133986
v 24.92878914 7.22099018 3.87148285
v 24.81246376 7.77527618 4.00186348
v 24.63667870 8.29300690 4.19888830
v 24.40628433 8.75990772 4.45712376
v 24.12762833 9.16310310 4.76945019
v 23.72610474 4.95012236 3.21669602
v 23.84781456 5.49412584 3.05234551
v 23.91427422 6.06447077 2.96260333
v 23.92365074 6.64543152 2.94994378
v 23.87568092 7.22099018 3.01471734
v 23.77169609 7.77527618 3.15513563
v 23.61455536 8.29300690 3.36732912
v 23.40859795 8.75990772 3.64544511
v 23.15949631 9.16310310 3.98181653
v 22.87412453 9.49147797 4.36716890
v 22.55123520 9.73597813 4.80316591
v 21.87460709 9.49147797 3.69518995
v 21.59292603 9.73597813 4.15857792
v 22.05781937 9.73597813 4.43722391
v 22.61843872 4.95012236 2.47200847
v 22.72469902 5.49412584 2.29727101
v 22.78272247 6.06447077 2.20185804
v 22.79090691 6.64543152 2.18839860
v 22.74902916 7.22099018 2.25726509
v 22.65824127 7.77527618 2.40655804
v 22.52104950 8.29300690 2.63216066
v 22.34123230 8.75990772 2.92785454
v 22.12375450 9.16310310 3.28548431
v 20.81812096 9.49147797 3.11688614
v 20.58023071 9.73597813 3.60320044
v 20.98850250 9.73597813 3.79629898
v 21.44764328 4.95012236 1.83113194
v 21.53757477 5.49412584 1.64745653
v 21.58667946 6.06447077 1.54716146
v 21.59360695 6.64543152 1.53301382
v 21.55816460 7.22099018 1.60540271
v 21.48132896 7.77527618 1.76233327
v 21.36521912 8.29300690 1.99947786
v 21.21303940 8.75990772 2.31029654
v 21.02898026 9.16310310 2.68622208
v 19.71342850 9.49147797 2.63705015
v 19.52135658 9.73597813 3.14156342
v 19.86151123 9.73597813 3.26327229
v 20.22342110 4.95012236 1.29937756
v 20.29627609 5.49412584 1.10828412
v 20.33605766 6.06447077 1.00393963
v 20.34167099 6.64543152 0.98922104
v 20.31295776 7.22099018 1.06453335
v 20.25071144 7.77527618 1.22779977
v 20.15664864 8.29300690 1.47452021
v 20.03336143 8.75990772 1.79789031
v 19.88425064 9.16310310 2.18899465
v 18.56967545 9.49147797 2.25965691
v 18.42489815 9.73597813 2.77744794
v 18.68770027 9.73597813 2.84327650
v 18.95591545 4.95012236 0.88115036
v 19.01109123 5.49412584 0.68422407
v 19.04121971 6.06447077 0.57669449
v 19.04547119 6.64543152 0.56152606
v 19.02372360 7.22099018 0.63913691
v 18.97658348 7.77527618 0.80738777
v 18.90534592 8.29300690 1.06163979
v 18.81197548 8.75990772 1.39488089
v 18.69904900 9.16310310 1.79792476
v 17.39634514 9.49147797 1.98783350
v 17.29973984 9.73597813 2.51385856
v 17.47837639 9.73597813 2.54035640
v 17.65563011 4.95012236 0.57991594
v 17.69267082 5.49412584 0.37878844
v 17.71289444 6.06447077 0.26896411
v 17.71574783 6.64543152 0.25347248
v 17.70115089 7.22099018 0.33273920
v 17.66950417 7.77527618 0.50458032
v 17.62168121 8.29300690 0.76425636
v 17.55900192 8.75990772 1.10460722
v 17.48319435 9.16310310 1.51625001
v 16.20315742 9.49147797 1.82383418
v 16.15501022 9.73597813 2.35299945
v 16.24518394 9.73597813 2.35742974
v 16.33333969 4.95012236 0.39817113
v 16.35193634 5.49412584 0.19450858
v 16.36209106 6.06447077 0.08330029
v 16.36352348 6.64543152 0.06761309
v 16.35619354 7.22099018 0.14787912
v 16.34030342 7.77527618 0.32188559
v 16.31629562 8.29300690 0.58483517
v 16.28482437 8.75990772 0.92947578
v 16.24676132 9.16310310 1.34630692
v 26.62913895 14.70375824 15.58976269
v 26.57320595 14.70375824 16.13981247
v 26.25896072 14.32314205 16.10891151
v 26.50980949 14.70375824 16.76323891
v 26.40593719 14.70375824 17.26868820
v 26.09605408 14.32314205 17.20714188
v 26.27237129 14.70375824 17.91861916
v 26.12893677 14.70375824 18.37578201
v 25.82628632 14.32314205 18.28411865
v 25.91926575 14.70375824 19.04405212
v 25.74485588 14.70375824 19.45047188
v 25.45225525 14.32314205 19.32946587
v 25.45411110 14.70375824 20.12798691
v 25.25737572 14.70375824 20.48243904
v 24.97756195 14.32314205 20.33311844
v 24.88168716 14.70375824 21.15930176
v 24.67116165 14.70375824 21.46176910
v 24.40678024 14.32314205 21.28540993
v 24.20786095 14.70375824 22.12741470
v 23.99183083 14.70375824 22.37905693
v 23.74540710 14.32314205 22.17716980
v 23.43954849 14.70375824 23.02238846
v 23.22588921 14.70375824 23.22548866
v 22.99980736 14.32314205 22.99980736
v 22.58463669 14.70375824 23.83504486
v 22.38067627 14.70375824 23.99292183
v 22.17716980 14.32314205 23.74540710
v 21.65189552 14.70375824 24.55703926
v 21.46429062 14.70375824 24.67397690
v 21.28540993 14.32314205 24.40678024
v 20.65089798 14.70375824 25.18096542
v 20.48551369 14.70375824 25.26209068
v 20.33311844 14.32314205 24.97756195
v 19.59191322 14.70375824 25.70042419
v 19.45372581 14.70375824 25.75160217
v 19.32946587 14.32314205 25.45225525
v 18.48580933 14.70375824 26.11007881
v 18.37882614 14.70375824 26.13777924
v 18.28411865 14.32314205 25.82628632
v 17.34393692 14.70375824 26.40572929
v 17.27111816 14.70375824 26.41688728
v 17.20714188 14.32314205 26.09605408
v 12.65606308 14.70375824 26.40572929
v 11.62117386 14.70375824 26.13777924
v 11.71588135 14.32314205 25.82628632
v 11.51418972 14.70375824 26.11007881
v 10.54627132 14.70375824 25.75160217
v 10.67053318 14.32314205 25.45225525
v 10.40808678 14.70375824 25.70042419
v 9.51448631 14.70375824 25.26209068
v 9.66688156 14.32314205 24.97756195
v 9.34910202 14.70375824 25.18096542
v 8.53570938 14.70375824 24.67397690
v 8.71459007 14.32314205 24.40678024
v 8.34810352 14.70375824 24.55703926
v 7.61932325 14.70375824 23.99292183
v 7.82283020 14.32314205 23.74540710
v 7.41536283 14.70375824 23.83504486
v 6.77410984 14.70375824 23.22548866
v 7.00019026 14.32314205 22.99980736
v 6.56045055 14.70375824 23.02238846
v 6.00816870 14.70375824 22.37905693
v 6.25459290 14.32314205 22.17716980
v 5.79213905 14.70375824 22.12741470
v 5.32883787 14.70375824 21.46176910
v 5.59321880 14.32314205 21.28540993
v 5.11831331 14.70375824 21.15930176
v 4.74262428 14.70375824 20.48243904
v 5.02243710 14.32314205 20.33311844
v 4.54588699 14.70375824 20.12798691
v 4.25514317 14.70375824 19.45047188
v 4.54774475 14.32314205 19.32946587
v 4.08073330 14.70375824 19.04405212
v 3.87106276 14.70375824 18.37578201
v 4.17371368 14.32314205 18.28411865
v 3.72762704 14.70375824 17.91861916
v 3.59406233 14.70375824 17.26868820
v 3.90394497 14.32314205 17.20714188
v 3.49019003 14.70375824 16.76323891
v 3.42679405 14.70375824 16.13981247
v 3.74103808 14.32314205 16.10891151
v 3.72762704 14.70375824 12.08137989
v 3.87106276 14.70375824 11.62421703
v 4.17371368 14.32314205 11.71588135
v 4.08073330 14.70375824 10.95594788
v 4.25514317 14.70375824 10.54952621
v 4.54774475 14.32314205 10.67053318
v 4.54588699 14.70375824 9.87201214
v 4.74262428 14.70375824 9.51756001
v 5.02243710 14.32314205 9.66688156
v 5.11831331 14.70375824 8.84069729
v 5.32883787 14.70375824 8.53822899
v 5.59321880 14.32314205 8.71459007
v 5.79213905 14.70375824 7.87258530
v 6.00816870 14.70375824 7.62094116
v 6.25459290 14.32314205 7.82283020
v 6.56045055 14.70375824 6.97761011
v 6.77410984 14.70375824 6.77451134
v 7.00019026 14.32314205 7.00019026
v 7.41536283 14.70375824 6.16495514
v 7.61932325 14.70375824 6.00707817
v 7.82283020 14.32314205 6.25459290
v 8.34810352 14.70375824 5.44296026
v 8.53570938 14.70375824 5.32602406
v 8.71459007 14.32314205 5.59321880
v 9.34910202 14.70375824 4.81903267
v 9.51448631 14.70375824 4.73790789
v 9.66688156 14.32314205 5.02243710
v 10.40808678 14.70375824 4.29957628
v 10.54627132 14.70375824 4.24839830
v 10.67053318 14.32314205 4.54774475
v 11.51418972 14.70375824 3.88992023
v 11.62117386 14.70375824 3.86222076
v 11.71588135 14.32314205 4.17371368
v 13.79962635 9.94854641 27.18759727
v 15.00000000 9.94854641 27.24656677
v 15.00000000 10.23467255 26.83144379
v 15.00000000 9.94854641 2.75343275
v 22.76913834 9.94854641 5.53327608
v 23.65962982 9.94854641 6.34036970
v 24.46672249 9.94854641 7.23086023
v 25.18264771 9.94854641 8.19617176
v 26.31435204 9.94854641 19.68655777
v 25.80050659 9.94854641 20.77299118
v 25.18264771 9.94854641 21.80382729
v 10.31344223 9.94854641 26.31435204
v 9.22700787 9.94854641 25.80050659
v 8.19617176 9.94854641 25.18264771
v 7.23086023 9.94854641 24.46672249
v 6.34036970 9.94854641 23.65962982
v 5.53327608 9.94854641 22.76913834
v 4.81735182 9.94854641 21.80382729
v 4.19949198 9.94854641 20.77299118
v 3.68564773 9.94854641 19.68655777
v 3.28076625 9.94854641 18.55498886
v 2.81240320 9.94854641 13.79962635
v 2.98874736 9.94854641 12.61081314
v 3.28076625 9.94854641 11.44500923
v 3.68564773 9.94854641 10.31344223
v 4.19949198 9.94854641 9.22700787
v 4.81735182 9.94854641 8.19617176
v 5.53327608 9.94854641 7.23086023
v 6.34036970 9.94854641 6.34036970
v 7.23086023 9.94854641 5.53327608
v 8.19617176 9.94854641 4.81735182
v 12.61081314 9.94854641 2.98874736
v 13.79962635 9.94854641 2.81240320
v 10.31344223 9.94854641 3.68564773
v 9.22700787 9.94854641 4.19949198
v 2.81240320 9.94854641 16.20037270
v 2.98874736 9.94854641 17.38918495
v 12.61081314 9.94854641 27.01125336
v 16.20037270 9.94854641 27.18759727
v 17.38918495 9.94854641 27.01125336
v 18.55498886 9.94854641 26.71923256
v 19.68655777 9.94854641 26.31435204
v 20.77299118 9.94854641 25.80050659
v 21.80382729 9.94854641 25.18264771
v 22.76913834 9.94854641 24.46672249
v 23.65962982 9.94854641 23.65962982
v 26.71923256 9.94854641 18.55498886
v 27.01125336 9.94854641 17.38918495
v 27.18759727 9.94854641 16.20037270
v 27.24656677 9.94854641 15.00000000
v 27.18759727 9.94854641 13.79962635
v 27.01125336 9.94854641 12.61081314
v 26.71923256 9.94854641 11.44500923
v 26.31435204 9.94854641 10.31344223
v 25.80050659 9.94854641 9.22700787
v 21.80382729 9.94854641 4.81735182
v 20.77299118 9.94854641 4.19949198
v 19.68655777 9.94854641 3.68564773
v 18.55498886 9.94854641 3.28076625
v 17.38918495 9.94854641 2.98874736
v 16.20037270 9.94854641 2.81240320
v 13.84031487 10.23467255 3.22552681
v 15.00000000 10.23467255 3.16855502
v 16.12426758 10.58627701 26.41486931
v 16.15968323 10.23467255 26.77447319
v 17.17969322 10.99342823 25.95806122
v 17.23770523 10.58627701 26.24970627
v 17.30819893 10.23467255 26.60410690
v 18.17796707 11.44462776 25.47635841
v 18.24327469 10.99342823 25.69164658
v 18.32959366 10.58627701 25.97620392
v 18.43448639 10.23467255 26.32198715
v 9.42269516 10.23467255 4.56559658
v 8.42680168 10.23467255 5.16251278
v 8.62755299 10.58627701 5.46295834
v 7.72344446 10.58627701 6.13349104
v 7.91208744 10.99342823 6.36335278
v 7.09967804 10.99342823 7.09967804
v 7.25876045 11.44462776 7.25876045
v 6.53726244 11.44462776 8.05481052
v 6.65030718 11.92712975 8.14758396
v 19.13356400 11.92712975 24.97930908
v 19.18952942 11.44462776 25.11441803
v 19.27562332 10.99342823 25.32226753
v 19.38941765 10.58627701 25.59699059
v 19.52769852 10.23467255 25.93083000
v 11.44500923 9.94854641 3.28076625
v 10.47230148 10.23467255 4.06917000
v 9.59303093 10.58627701 4.88427353
v 8.79275608 10.99342823 5.71020412
v 8.05481052 11.44462776 6.53726244
v 7.36216736 11.92712975 7.36216736
v 6.69929457 12.42730808 8.18778706
v 20.06192970 12.42730808 24.47020721
v 20.09180450 11.92712975 24.52609444
v 20.16073990 11.44462776 24.65506554
v 20.26679420 10.99342823 24.85347939
v 20.40696907 10.58627701 25.11572456
v 20.57730484 10.23467255 25.43440247
v 11.56551170 10.23467255 3.67801261
v 10.61058235 10.58627701 4.40300798
v 9.73320580 10.99342823 5.14652109
v 8.91774750 11.44462776 5.89726496
v 8.14758396 11.92712975 6.65030718
v 7.40697813 12.42730808 7.40697813
v 6.68284130 12.93103600 8.17428303
v 20.97762299 12.93103600 23.94614792
v 20.96579742 12.42730808 23.92844772
v 21.00100517 11.92712975 23.98114014
v 21.08225250 11.44462776 24.10273361
v 21.20724297 10.99342823 24.28979492
v 21.37244606 10.58627701 24.53704262
v 21.57319641 10.23467255 24.83748627
v 12.69179916 10.23467255 3.39589262
v 11.67040539 10.58627701 4.02379704
v 10.72437668 10.99342823 4.67773151
v 9.83925915 11.44462776 5.34493208
v 8.99899387 11.92712975 6.01885843
v 8.18778706 12.42730808 6.69929457
v 7.39192724 12.93103600 7.39192724
v 6.60141087 13.42408562 8.10745525
v 21.89254379 13.42408562 23.39859009
v 21.82571602 12.93103600 23.31715775
v 21.81221199 12.42730808 23.30070305
v 21.85241508 11.92712975 23.34969139
v 21.94519043 11.44462776 23.46273613
v 22.08791351 10.99342823 23.63664627
v 22.27655411 10.58627701 23.86650848
v 22.50578880 10.23467255 24.14583015
v 12.76229382 10.58627701 3.75029349
v 11.75672340 10.99342823 4.30835247
v 10.81047153 11.44462776 4.88558340
v 9.90819550 11.92712975 5.47390413
v 9.03420162 12.42730808 6.07155085
v 8.17428303 12.93103600 6.68284130
v 7.31744003 13.42408562 7.31744003
v 6.45730543 13.89253139 7.98919153
v 22.81437874 13.89253139 22.81437874
v 22.68255806 13.42408562 22.68255806
v 22.60807228 12.93103600 22.60807228
v 22.59302139 12.42730808 22.59302139
v 22.63783264 11.92712975 22.63783264
v 22.74123955 11.44462776 22.74123955
v 22.90032005 10.99342823 22.90032005
v 23.11058807 10.58627701 23.11058807
v 23.36609268 10.23467255 23.36609268
v 13.91679192 13.89253139 4.00201225
v 15.00000000 13.89253139 3.94879746
v 15.00000000 13.42408562 4.13521957
v 13.87573338 10.58627701 3.58512998
v 12.82030487 10.99342823 4.04193926
v 11.82203102 11.44462776 4.52364159
v 10.86643410 11.92712975 5.02069092
v 9.93806839 12.42730808 5.52979279
v 9.02237511 12.93103600 6.05385303
v 8.10745525 13.42408562 6.60141087
v 7.18562031 13.89253139 7.18562031
v 23.54269409 13.89253139 22.01080704
v 23.39859009 13.42408562 21.89254379
v 23.31715775 12.93103600 21.82571602
v 23.30070305 12.42730808 21.81221199
v 23.34969139 11.92712975 21.85241508
v 23.46273613 11.44462776 21.94519043
v 23.63664627 10.99342823 22.08791351
v 23.86650848 10.58627701 22.27655411
v 24.14583015 10.23467255 22.50578880
v 24.46672249 9.94854641 22.76913834
v 15.00000000 14.32314205 3.68656039
v 13.89108849 14.32314205 3.74103808
v 12.79285717 14.32314205 3.90394497
v 3.74103808 14.32314205 13.89108849
v 3.90394497 14.32314205 12.79285717
v 4.16114378 13.89253139 12.84401703
v 4.56559658 10.23467255 20.57730484
v 5.16251278 10.23467255 21.57319641
v 5.46295834 10.58627701 21.37244606
v 6.13349104 10.58627701 22.27655411
v 6.36335278 10.99342823 22.08791351
v 7.09967804 10.99342823 22.90032005
v 7.25876045 11.44462776 22.74123955
v 8.05481052 11.44462776 23.46273613
v 8.14758396 11.92712975 23.34969139
v 8.99899387 11.92712975 23.98114014
v 9.03420162 12.42730808 23.92844772
v 9.93806839 12.42730808 24.47020721
v 9.92803478 12.93103600 24.48897743
v 10.88254070 12.93103600 24.94042587
v 10.84222794 13.42408562 25.03774643
v 11.84612083 13.42408562 25.39694595
v 11.79200459 13.89253139 25.57534027
v 12.84401703 13.89253139 25.83885574
v 12.79285717 14.32314205 26.09605408
v 13.89108849 14.32314205 26.25896072
v 5.85416889 10.23467255 22.50578880
v 6.63390493 10.23467255 23.36609268
v 6.88941288 10.58627701 23.11058807
v 7.72344446 10.58627701 23.86650848
v 7.91208744 10.99342823 23.63664627
v 8.79275608 10.99342823 24.28979492
v 8.91774750 11.44462776 24.10273361
v 9.83925915 11.44462776 24.65506554
v 9.90819550 11.92712975 24.52609444
v 10.86643410 11.92712975 24.97930908
v 10.89068604 12.42730808 24.92076111
v 11.88287830 12.42730808 25.27577209
v 11.87669945 12.93103600 25.29614067
v 12.90093708 12.93103600 25.55270004
v 12.88038635 13.42408562 25.65601540
v 13.93506527 13.42408562 25.81246185
v 13.91679192 13.89253139 25.99798775
v 15.00000000 13.89253139 26.05120087
v 15.00000000 14.32314205 26.31343842
v 16.10891151 14.32314205 26.25896072
v 16.14122772 14.70375824 26.58620834
v 16.17801285 14.70375824 26.58434296
v 15.00000000 14.70375824 3.35591388
v 13.85877132 14.70375824 3.41379094
v 13.82198715 14.70375824 3.41565633
v 12.72888088 14.70375824 3.58311367
v 12.65606308 14.70375824 3.59426904
v 12.84401703 13.89253139 4.16114378
v 13.93506527 13.42408562 4.18753624
v 15.00000000 12.93103600 4.24056053
v 11.79200459 13.89253139 4.42465878
v 12.88038635 13.42408562 4.34398365
v 13.94539070 12.93103600 4.29236984
v 15.00000000 12.42730808 4.26184559
v 10.77088737 13.89253139 4.79001999
v 11.84612083 13.42408562 4.60305357
v 12.90093708 12.93103600 4.44729996
v 13.94747639 12.42730808 4.31355286
v 15.00000000 11.92712975 4.19847393
v 9.79049873 13.89253139 5.25370979
v 10.84222794 13.42408562 4.96225166
v 11.87669945 12.93103600 4.70385885
v 12.90508938 12.42730808 4.46817636
v 13.94126511 11.92712975 4.25048542
v 15.00000000 11.44462776 4.05223370
v 8.86028099 13.89253139 5.81126118
v 9.87837791 13.42408562 5.41811895
v 10.88254070 12.93103600 5.05957365
v 11.88287830 12.42730808 4.72422695
v 12.89272690 11.92712975 4.40602207
v 13.92693043 11.44462776 4.10495043
v 15.00000000 10.99342823 3.82725716
v 7.98919153 13.89253139 6.45730543
v 8.96385098 13.42408562 5.96626472
v 9.92803478 12.93103600 5.51102114
v 10.89068604 12.42730808 5.07923889
v 11.86448288 11.92712975 4.66358376
v 12.86419678 11.44462776 4.26259279
v 13.90487957 10.99342823 3.88105774
v 15.00000000 10.58627701 3.52989793
v 6.01885843 11.92712975 8.99899387
v 6.07155085 12.42730808 9.03420162
v 6.05385303 12.93103600 9.02237511
v 5.96626472 13.42408562 8.96385098
v 5.81126118 13.89253139 8.86028099
v 5.52979279 12.42730808 9.93806839
v 5.51102114 12.93103600 9.92803478
v 5.41811895 13.42408562 9.87837791
v 5.25370979 13.89253139 9.79049873
v 5.05957365 12.93103600 10.88254070
v 4.96225166 13.42408562 10.84222794
v 4.79001999 13.89253139 10.77088737
v 4.60305357 13.42408562 11.84612083
v 4.42465878 13.89253139 11.79200459
v 3.59406233 14.70375824 12.73131275
v 3.37085962 14.70375824 15.58976269
v 3.37085962 14.70375824 15.00000000
v 3.68656039 14.32314205 15.00000000
v 4.00201225 13.89253139 13.91679192
v 4.34398365 13.42408562 12.88038635
v 4.70385885 12.93103600 11.87669945
v 5.07923889 12.42730808 10.89068604
v 5.47390413 11.92712975 9.90819550
v 5.89726496 11.44462776 8.91774750
v 6.36335278 10.99342823 7.91208744
v 6.88941288 10.58627701 6.88941288
v 7.49421072 10.23467255 5.85416889
v 3.37085962 14.70375824 14.41023731
v 3.42679405 14.70375824 13.86018562
v 3.49019003 14.70375824 13.23676205
v 3.94879746 13.89253139 15.00000000
v 4.18753624 13.42408562 13.93506527
v 4.44729996 12.93103600 12.90093708
v 4.72422695 12.42730808 11.88287830
v 5.02069092 11.92712975 10.86643410
v 5.34493208 11.44462776 9.83925915
v 5.71020412 10.99342823 8.79275608
v 6.13349104 10.58627701 7.72344446
v 6.63390493 10.23467255 6.63390493
v 4.00201225 13.89253139 16.08320618
v 4.13521957 13.42408562 15.00000000
v 4.29236984 12.93103600 13.94539070
v 4.46817636 12.42730808 12.90508938
v 4.66358376 11.92712975 11.86448288
v 4.88558340 11.44462776 10.81047153
v 5.14652109 10.99342823 9.73320580
v 5.46295834 10.58627701 8.62755299
v 5.85416889 10.23467255 7.49421072
v 4.16114378 13.89253139 17.15598297
v 4.18753624 13.42408562 16.06493378
v 4.24056053 12.93103600 15.00000000
v 4.31355286 12.42730808 13.94747639
v 4.40602207 11.92712975 12.89272690
v 4.52364159 11.44462776 11.82203102
v 4.67773151 10.99342823 10.72437668
v 4.88427353 10.58627701 9.59303093
v 5.16251278 10.23467255 8.42680168
v 4.42465878 13.89253139 18.20799255
v 4.34398365 13.42408562 17.11961174
v 4.29236984 12.93103600 16.05460930
v 4.26184559 12.42730808 15.00000000
v 4.25048542 11.92712975 13.94126511
v 4.26259279 11.44462776 12.86419678
v 4.30835247 10.99342823 11.75672340
v 4.40300798 10.58627701 10.61058235
v 4.56559658 10.23467255 9.42269516
v 4.79001999 13.89253139 19.22911263
v 4.60305357 13.42408562 18.15387917
v 4.44729996 12.93103600 17.09906197
v 4.31355286 12.42730808 16.05252457
v 4.19847393 11.92712975 15.00000000
v 4.10495043 11.44462776 13.92693043
v 4.04193926 10.99342823 12.82030487
v 4.02379704 10.58627701 11.67040539
v 4.06917000 10.23467255 10.47230148
v 5.25370979 13.89253139 20.20950127
v 4.96225166 13.42408562 19.15777016
v 4.70385885 12.93103600 18.12330055
v 4.46817636 12.42730808 17.09490967
v 4.25048542 11.92712975 16.05873299
v 4.05223370 11.44462776 15.00000000
v 3.88105774 10.99342823 13.90487957
v 3.75029349 10.58627701 12.76229382
v 3.67801261 10.23467255 11.56551170
v 5.81126118 13.89253139 21.13971901
v 5.41811895 13.42408562 20.12162018
v 5.05957365 12.93103600 19.11746025
v 4.72422695 12.42730808 18.11712074
v 4.40602207 11.92712975 17.10727310
v 4.10495043 11.44462776 16.07306862
v 3.82725716 10.99342823 15.00000000
v 3.58512998 10.58627701 13.87573338
v 3.39589262 10.23467255 12.69179916
v 6.45730543 13.89253139 22.01080704
v 5.96626472 13.42408562 21.03614807
v 5.51102114 12.93103600 20.07196426
v 5.07923889 12.42730808 19.10931206
v 4.66358376 11.92712975 18.13551712
v 4.26259279 11.44462776 17.13580322
v 3.88105774 10.99342823 16.09512138
v 3.52989793 10.58627701 15.00000000
v 3.22552681 10.23467255 13.84031487
v 7.18562031 13.89253139 22.81437874
v 6.60141087 13.42408562 21.89254379
v 6.05385303 12.93103600 20.97762299
v 5.52979279 12.42730808 20.06192970
v 5.02069092 11.92712975 19.13356400
v 4.52364159 11.44462776 18.17796707
v 4.04193926 10.99342823 17.17969322
v 3.58512998 10.58627701 16.12426758
v 3.16855502 10.23467255 15.00000000
v 7.98919153 13.89253139 23.54269409
v 7.31744003 13.42408562 22.68255806
v 6.68284130 12.93103600 21.82571602
v 6.07155085 12.42730808 20.96579742
v 5.47390413 11.92712975 20.09180450
v 4.88558340 11.44462776 19.18952942
v 4.30835247 10.99342823 18.24327469
v 3.75029349 10.58627701 17.23770523
v 3.22552681 10.23467255 16.15968323
v 2.75343275 9.94854641 15.00000000
v 8.86028099 13.89253139 24.18873787
v 8.10745525 13.42408562 23.39859009
v 7.39192724 12.93103600 22.60807228
v 6.69929457 12.42730808 21.81221199
v 6.01885843 11.92712975 21.00100517
v 5.34493208 11.44462776 20.16073990
v 4.67773151 10.99342823 19.27562332
v 4.02379704 10.58627701 18.32959366
v 3.39589262 10.23467255 17.30819893
v 9.79049873 13.89253139 24.74629021
v 8.96385098 13.42408562 24.03373528
v 8.17428303 12.93103600 23.31715775
v 7.40697813 12.42730808 22.59302139
v 6.65030718 11.92712975 21.85241508
v 5.89726496 11.44462776 21.08225250
v 5.14652109 10.99342823 20.26679420
v 4.40300798 10.58627701 19.38941765
v 3.67801261 10.23467255 18.43448639
v 10.77088737 13.89253139 25.20997810
v 9.87837791 13.42408562 24.58187866
v 9.02237511 12.93103600 23.94614792
v 8.18778706 12.42730808 23.30070305
v 7.36216736 11.92712975 22.63783264
v 6.53726244 11.44462776 21.94519043
v 5.71020412 10.99342823 21.20724297
v 4.88427353 10.58627701 20.40696907
v 4.06917000 10.23467255 19.52769852
v 15.00000000 14.70375824 26.64408493
v 13.85877132 14.70375824 26.58620834
v 13.82198715 14.70375824 26.58434296
v 12.72888088 14.70375824 26.41688728
v 16.08320618 13.89253139 25.99798775
v 15.00000000 13.42408562 25.86478043
v 13.94539070 12.93103600 25.70762825
v 12.90508938 12.42730808 25.53182220
v 11.86448288 11.92712975 25.33641434
v 10.81047153 11.44462776 25.11441803
v 9.73320580 10.99342823 24.85347939
v 8.62755299 10.58627701 24.53704262
v 7.49421072 10.23467255 24.14583015
v 17.15598297 13.89253139 25.83885574
v 16.06493378 13.42408562 25.81246185
v 15.00000000 12.93103600 25.75943947
v 13.94747639 12.42730808 25.68644714
v 12.89272690 11.92712975 25.59397697
v 11.82203102 11.44462776 25.47635841
v 10.72437668 10.99342823 25.32226753
v 9.59303093 10.58627701 25.11572456
v 8.42680168 10.23467255 24.83748627
v 18.20799255 13.89253139 25.57534027
v 17.11961174 13.42408562 25.65601540
v 16.05460930 12.93103600 25.70762825
v 15.00000000 12.42730808 25.73815346
v 13.94126511 11.92712975 25.74951363
v 12.86419678 11.44462776 25.73740578
v 11.75672340 10.99342823 25.69164658
v 10.61058235 10.58627701 25.59699059
v 9.42269516 10.23467255 25.43440247
v 19.22911263 13.89253139 25.20997810
v 18.15387917 13.42408562 25.39694595
v 17.09906197 12.93103600 25.55270004
v 16.05252457 12.42730808 25.68644714
v 15.00000000 11.92712975 25.80152512
v 13.92693043 11.44462776 25.89504814
v 12.82030487 10.99342823 25.95806122
v 11.67040539 10.58627701 25.97620392
v 10.47230148 10.23467255 25.93083000
v 20.20950127 13.89253139 24.74629021
v 19.15777016 13.42408562 25.03774643
v 18.12330055 12.93103600 25.29614067
v 17.09490967 12.42730808 25.53182220
v 16.05873299 11.92712975 25.74951363
v 15.00000000 11.44462776 25.94776535
v 13.90487957 10.99342823 26.11894226
v 12.76229382 10.58627701 26.24970627
v 11.56551170 10.23467255 26.32198715
v 21.13971901 13.89253139 24.18873787
v 20.12162018 13.42408562 24.58187866
v 19.11746025 12.93103600 24.94042587
v 18.11712074 12.42730808 25.27577209
v 17.10727310 11.92712975 25.59397697
v 16.07306862 11.44462776 25.89504814
v 15.00000000 10.99342823 26.17274284
v 13.87573338 10.58627701 26.41486931
v 12.69179916 10.23467255 26.60410690
v 11.44500923 9.94854641 26.71923256
v 22.01080704 13.89253139 23.54269409
v 21.03614807 13.42408562 24.03373528
v 20.07196426 12.93103600 24.48897743
v 19.10931206 12.42730808 24.92076111
v 18.13551712 11.92712975 25.33641434
v 17.13580322 11.44462776 25.73740578
v 16.09512138 10.99342823 26.11894226
v 15.00000000 10.58627701 26.47010231
v 13.84031487 10.23467255 26.77447319
v 24.83748627 10.23467255 21.57319641
v 24.53704262 10.58627701 21.37244606
v 24.28979492 10.99342823 21.20724297
v 24.10273361 11.44462776 21.08225250
v 23.98114014 11.92712975 21.00100517
v 23.92844772 12.42730808 20.96579742
v 23.94614792 12.93103600 20.97762299
v 24.03373528 13.42408562 21.03614807
v 24.18873787 13.89253139 21.13971901
v 25.43440247 10.23467255 20.57730484
v 25.11572456 10.58627701 20.40696907
v 24.85347939 10.99342823 20.26679420
v 24.65506554 11.44462776 20.16073990
v 24.52609444 11.92712975 20.09180450
v 24.47020721 12.42730808 20.06192970
v 24.48897743 12.93103600 20.07196426
v 24.58187866 13.42408562 20.12162018
v 24.74629021 13.89253139 20.20950127
v 25.93083000 10.23467255 19.52769852
v 25.59699059 10.58627701 19.38941765
v 25.32226753 10.99342823 19.27562332
v 25.11441803 11.44462776 19.18952942
v 24.97930908 11.92712975 19.13356400
v 24.92076111 12.42730808 19.10931206
v 24.94042587 12.93103600 19.11746025
v 25.03774643 13.42408562 19.15777016
v 25.20997810 13.89253139 19.22911263
v 26.32198715 10.23467255 18.43448639
v 25.97620392 10.58627701 18.32959366
v 25.69164658 10.99342823 18.24327469
v 25.47635841 11.44462776 18.17796707
v 25.33641434 11.92712975 18.13551712
v 25.27577209 12.42730808 18.11712074
v 25.29614067 12.93103600 18.12330055
v 25.39694595 13.42408562 18.15387917
v 25.57534027 13.89253139 18.20799255
v 26.60410690 10.23467255 17.30819893
v 26.24970627 10.58627701 17.23770523
v 25.95806122 10.99342823 17.17969322
v 25.73740578 11.44462776 17.13580322
v 25.59397697 11.92712975 17.10727310
v 25.53182220 12.42730808 17.09490967
v 25.55270004 12.93103600 17.09906197
v 25.65601540 13.42408562 17.11961174
v 25.83885574 13.89253139 17.15598297
v 26.77447319 10.23467255 16.15968323
v 26.41486931 10.58627701 16.12426758
v 26.11894226 10.99342823 16.09512138
v 25.89504814 11.44462776 16.07306862
v 25.74951363 11.92712975 16.05873299
v 25.68644714 12.42730808 16.05252457
v 25.70762825 12.93103600 16.05460930
v 25.81246185 13.42408562 16.06493378
v 25.99798775 13.89253139 16.08320618
v 26.83144379 10.23467255 15.00000000
v 26.47010231 10.58627701 15.00000000
v 26.17274284 10.99342823 15.00000000
v 25.94776535 11.44462776 15.00000000
v 25.80152512 11.92712975 15.00000000
v 25.73815346 12.42730808 15.00000000
v 25.75943947 12.93103600 15.00000000
v 25.86478043 13.42408562 15.00000000
v 26.05120087 13.89253139 15.00000000
v 26.31343842 14.32314205 15.00000000
v 26.62913895 14.70375824 15.00000000
v 26.25896072 14.32314205 13.89108849
v 26.57320595 14.70375824 13.86018562
v 26.62913895 14.70375824 14.41023731
v 26.77447319 10.23467255 13.84031487
v 26.41486931 10.58627701 13.87573338
v 26.11894226 10.99342823 13.90487957
v 25.89504814 11.44462776 13.92693043
v 25.74951363 11.92712975 13.94126511
v 25.68644714 12.42730808 13.94747639
v 25.70762825 12.93103600 13.94539070
v 25.81246185 13.42408562 13.93506527
v 25.99798775 13.89253139 13.91679192
v 26.09605408 14.32314205 12.79285717
v 26.40593719 14.70375824 12.73131275
v 26.50980949 14.70375824 13.23676205
v 26.60410690 10.23467255 12.69179916
v 26.24970627 10.58627701 12.76229382
v 25.95806122 10.99342823 12.82030487
v 25.73740578 11.44462776 12.86419678
v 25.59397697 11.92712975 12.89272690
v 25.53182220 12.42730808 12.90508938
v 25.55270004 12.93103600 12.90093708
v 25.65601540 13.42408562 12.88038635
v 25.83885574 13.89253139 12.84401703
v 25.82628632 14.32314205 11.71588135
v 26.12893677 14.70375824 11.62421703
v 26.27237129 14.70375824 12.08137989
v 26.32198715 10.23467255 11.56551170
v 25.97620392 10.58627701 11.67040539
v 25.69164658 10.99342823 11.75672340
v 25.47635841 11.44462776 11.82203102
v 25.33641434 11.92712975 11.86448288
v 25.27577209 12.42730808 11.88287830
v 25.29614067 12.93103600 11.87669945
v 25.39694595 13.42408562 11.84612083
v 25.57534027 13.89253139 11.79200459
v 25.45225525 14.32314205 10.67053318
v 25.74485588 14.70375824 10.54952621
v 25.91926575 14.70375824 10.95594788
v 25.93083000 10.23467255 10.47230148
v 25.59699059 10.58627701 10.61058235
v 25.32226753 10.99342823 10.72437668
v 25.11441803 11.44462776 10.81047153
v 24.97930908 11.92712975 10.86643410
v 24.92076111 12.42730808 10.89068604
v 24.94042587 12.93103600 10.88254070
v 25.03774643 13.42408562 10.84222794
v 25.20997810 13.89253139 10.77088737
v 24.97756195 14.32314205 9.66688156
v 25.25737572 14.70375824 9.51756001
v 25.45411110 14.70375824 9.87201214
v 25.43440247 10.23467255 9.42269516
v 25.11572456 10.58627701 9.59303093
v 24.85347939 10.99342823 9.73320580
v 24.65506554 11.44462776 9.83925915
v 24.52609444 11.92712975 9.90819550
v 24.47020721 12.42730808 9.93806839
v 24.48897743 12.93103600 9.92803478
v 24.58187866 13.42408562 9.87837791
v 24.74629021 13.89253139 9.79049873
v 24.40678024 14.32314205 8.71459007
v 24.67116165 14.70375824 8.53822899
v 24.88168716 14.70375824 8.84069729
v 24.83748627 10.23467255 8.42680168
v 24.53704262 10.58627701 8.62755299
v 24.28979492 10.99342823 8.79275608
v 24.10273361 11.44462776 8.91774750
v 23.98114014 11.92712975 8.99899387
v 23.92844772 12.42730808 9.03420162
v 23.94614792 12.93103600 9.02237511
v 24.03373528 13.42408562 8.96385098
v 24.18873787 13.89253139 8.86028099
v 23.74540710 14.32314205 7.82283020
v 23.99183083 14.70375824 7.62094116
v 24.20786095 14.70375824 7.87258530
v 24.14583015 10.23467255 7.49421072
v 23.86650848 10.58627701 7.72344446
v 23.63664627 10.99342823 7.91208744
v 23.46273613 11.44462776 8.05481052
v 23.34969139 11.92712975 8.14758396
v 23.30070305 12.42730808 8.18778706
v 23.31715775 12.93103600 8.17428303
v 23.39859009 13.42408562 8.10745525
v 23.54269409 13.89253139 7.98919153
v 22.99980736 14.32314205 7.00019026
v 23.22588921 14.70375824 6.77451134
v 23.43954849 14.70375824 6.97761011
v 23.36609268 10.23467255 6.63390493
v 23.11058807 10.58627701 6.88941288
v 22.90032005 10.99342823 7.09967804
v 22.74123955 11.44462776 7.25876045
v 22.63783264 11.92712975 7.36216736
v 22.59302139 12.42730808 7.40697813
v 22.60807228 12.93103600 7.39192724
v 22.68255806 13.42408562 7.31744003
v 22.81437874 13.89253139 7.18562031
v 22.17716980 14.32314205 6.25459290
v 22.38067627 14.70375824 6.00707817
v 22.58463669 14.70375824 6.16495514
v 22.50578880 10.23467255 5.85416889
v 22.27655411 10.58627701 6.13349104
v 22.08791351 10.99342823 6.36335278
v 21.94519043 11.44462776 6.53726244
v 21.85241508 11.92712975 6.65030718
v 21.81221199 12.42730808 6.69929457
v 21.82571602 12.93103600 6.68284130
v 21.89254379 13.42408562 6.60141087
v 22.01080704 13.89253139 6.45730543
v 21.28540993 14.32314205 5.59321880
v 21.46429062 14.70375824 5.32602406
v 21.65189552 14.70375824 5.44296026
v 21.57319641 10.23467255 5.16251278
v 21.37244606 10.58627701 5.46295834
v 21.20724297 10.99342823 5.71020412
v 21.08225250 11.44462776 5.89726496
v 21.00100517 11.92712975 6.01885843
v 20.96579742 12.42730808 6.07155085
v 20.97762299 12.93103600 6.05385303
v 21.03614807 13.42408562 5.96626472
v 21.13971901 13.89253139 5.81126118
v 20.33311844 14.32314205 5.02243710
v 20.48551369 14.70375824 4.73790789
v 20.65089798 14.70375824 4.81903267
v 20.57730484 10.23467255 4.56559658
v 20.40696907 10.58627701 4.88427353
v 20.26679420 10.99342823 5.14652109
v 20.16073990 11.44462776 5.34493208
v 20.09180450 11.92712975 5.47390413
v 20.06192970 12.42730808 5.52979279
v 20.07196426 12.93103600 5.51102114
v 20.12162018 13.42408562 5.41811895
v 20.20950127 13.89253139 5.25370979
v 19.32946587 14.32314205 4.54774475
v 19.45372581 14.70375824 4.24839830
v 19.59191322 14.70375824 4.29957628
v 19.52769852 10.23467255 4.06917000
v 19.38941765 10.58627701 4.40300798
v 19.27562332 10.99342823 4.67773151
v 19.18952942 11.44462776 4.88558340
v 19.13356400 11.92712975 5.02069092
v 19.10931206 12.42730808 5.07923889
v 19.11746025 12.93103600 5.05957365
v 19.15777016 13.42408562 4.96225166
v 19.22911263 13.89253139 4.79001999
v 18.28411865 14.32314205 4.17371368
v 18.37882614 14.70375824 3.86222076
v 18.48580933 14.70375824 3.88992023
v 18.43448639 10.23467255 3.67801261
v 18.32959366 10.58627701 4.02379704
v 18.24327469 10.99342823 4.30835247
v 18.17796707 11.44462776 4.52364159
v 18.13551712 11.92712975 4.66358376
v 18.11712074 12.42730808 4.72422695
v 18.12330055 12.93103600 4.70385885
v 18.15387917 13.42408562 4.60305357
v 18.20799255 13.89253139 4.42465878
v 17.20714188 14.32314205 3.90394497
v 17.27111816 14.70375824 3.58311367
v 17.34393692 14.70375824 3.59426904
v 17.30819893 10.23467255 3.39589262
v 17.23770523 10.58627701 3.75029349
v 17.17969322 10.99342823 4.04193926
v 17.13580322 11.44462776 4.26259279
v 17.10727310 11.92712975 4.40602207
v 17.09490967 12.42730808 4.46817636
v 17.09906197 12.93103600 4.44729996
v 17.11961174 13.42408562 4.34398365
v 17.15598297 13.89253139 4.16114378
v 16.10891151 14.32314205 3.74103808
v 16.14122772 14.70375824 3.41379094
v 16.17801285 14.70375824 3.41565633
v 16.15968323 10.23467255 3.22552681
v 16.12426758 10.58627701 3.58512998
v 16.09512138 10.99342823 3.88105774
v 16.07306862 11.44462776 4.10495043
v 16.05873299 11.92712975 4.25048542
v 16.05252457 12.42730808 4.31355286
v 16.05460930 12.93103600 4.29236984
v 16.06493378 13.42408562 4.18753624
v 16.08320618 13.89253139 4.00201225
v 14.39865398 15.38012314 26.66595078
v 13.81979847 15.38012314 26.60611534
v 13.81344604 15.31225109 26.66833305
v 13.20233536 15.38012314 26.54228783
v 12.65169907 15.38012314 26.42722130
v 12.63906765 15.31225109 26.48842430
v 12.02507401 15.38012314 26.29627609
v 11.50767326 15.38012314 26.13110352
v 11.48891640 15.31225109 26.19063187
v 10.87934685 15.38012314 25.93052101
v 10.39945507 15.38012314 25.72079468
v 10.37479401 15.31225109 25.77800560
v 9.77729988 15.38012314 25.44889641
v 9.33840466 15.38012314 25.20049667
v 9.30813122 15.31225109 25.25478172
v 8.73061562 15.38012314 24.85651207
v 8.33540249 15.38012314 24.57554626
v 8.29987526 15.31225109 24.62633133
v 7.75038767 15.38012314 24.15964699
v 7.40073490 15.38012314 23.85234642
v 7.36037111 15.31225109 23.89910126
v 6.84700727 15.38012314 23.36568832
v 6.54398632 15.38012314 23.03830528
v 6.49926090 15.31225109 23.08055305
v 6.03005123 15.38012314 22.48305130
v 5.77394485 15.38012314 22.14176559
v 5.72537899 15.31225109 22.17908859
v 5.30817842 15.38012314 21.52108955
v 5.09850979 15.38012314 21.17191696
v 5.04666758 15.31225109 21.20395851
v 4.68904066 15.38012314 20.49000549
v 4.52461195 15.38012314 20.13869858
v 4.47009039 15.31225109 20.16516495
v 4.17920208 15.38012314 19.40072250
v 4.05814123 15.38012314 19.05270004
v 4.00156546 15.31225109 19.07337189
v 3.78406692 15.38012314 18.26479530
v 3.70388842 15.38012314 17.92505074
v 3.64589787 15.31225109 17.93977928
v 3.50782371 15.38012314 17.09425545
v 3.46549416 15.38012314 16.76731110
v 3.40673971 15.31225109 16.77602196
v 3.35340023 15.38012314 15.90152073
v 3.34541130 15.38012314 15.59134960
v 3.28654432 15.31225109 15.59403896
v 3.32243276 15.38012314 14.69922733
v 3.34488130 15.38012314 14.40922165
v 3.28654432 15.31225109 14.40596008
v 3.41525126 15.38012314 13.50012207
v 3.46392107 15.38012314 13.23304653
v 3.40673971 15.31225109 13.22397804
v 3.63087106 15.38012314 12.31691647
v 3.70132184 15.38012314 12.07488632
v 3.64589787 15.31225109 12.06021976
v 5.65672588 15.38012314 7.98863268
v 5.76850319 15.38012314 7.85464525
v 5.72537899 15.31225109 7.82090902
v 6.42716217 15.38012314 7.06510878
v 6.53823566 15.38012314 6.95686054
v 6.49926090 15.31225109 6.91944456
v 7.28847265 15.38012314 6.22569752
v 7.39488173 15.38012314 6.14147711
v 7.36037111 15.31225109 6.10089779
v 8.23152733 15.38012314 5.47929573
v 8.32967091 15.38012314 5.41687012
v 8.29987526 15.31225109 5.37366772
v 9.24632931 15.38012314 4.83381557
v 9.33302784 15.38012314 4.79048014
v 9.30813122 15.31225109 4.74521685
v 10.32212162 15.38012314 4.29609871
v 10.39467335 15.38012314 4.26874781
v 10.37479401 15.31225109 4.22199440
v 11.44750023 15.38012314 3.87184691
v 11.50373363 15.38012314 3.85703802
v 11.48891640 15.31225109 3.80936813
v 12.61053658 15.38012314 3.56555629
v 12.64884090 15.38012314 3.55959034
v 12.63906765 15.31225109 3.51157403
v 13.79890251 15.38012314 3.38047361
v 13.81825829 15.38012314 3.37947536
v 13.81344604 15.31225109 3.33166599
v 7.38002062 14.76603413 23.87621307
v 8.31710815 14.76603413 24.60157204
v 8.29239178 14.83639240 24.63708115
v 20.67722702 14.76603413 25.22840691
v 19.61330986 14.76603413 25.75028229
v 18.50205231 14.76603413 26.16184807
v 17.35485840 14.76603413 26.45887756
v 16.18350029 14.76603413 26.63832092
v 6.52112532 14.76603413 23.05977058
v 5.74923420 14.76603413 22.16062546
v 5.07226753 14.76603413 21.18800163
v 4.49717426 14.76603413 20.15188217
v 4.02985334 14.76603413 19.06289482
v 3.67510128 14.76603413 17.93221855
v 3.43655801 14.76603413 16.77145386
v 3.31667161 14.76603413 15.59251118
v 3.31667161 14.76603413 14.40748882
v 3.43655801 14.76603413 13.22854614
v 3.67510128 14.76603413 12.06777954
v 4.02985334 14.76603413 10.93710423
v 4.49717426 14.76603413 9.84811783
v 5.07226753 14.76603413 8.81199741
v 5.74923420 14.76603413 7.83937407
v 6.52112532 14.76603413 6.94022799
v 7.38002062 14.76603413 6.12378693
v 8.31710815 14.76603413 5.39842701
v 11.49794769 14.76603413 3.83815169
v 12.64514065 14.76603413 3.54112220
v 13.81649780 14.76603413 3.36167693
v 15.00000000 14.76603413 3.30165672
v 10.38668919 14.76603413 4.24971628
v 9.32277107 14.76603413 4.77159309
v 9.32277107 14.76603413 25.22840691
v 10.38668919 14.76603413 25.75028229
v 11.49794769 14.76603413 26.16184807
v 12.64514065 14.76603413 26.45887756
v 13.81649780 14.76603413 26.63832092
v 15.00000000 14.76603413 26.69834328
v 21.68289185 14.76603413 24.60157204
v 22.61997795 14.76603413 23.87621307
v 23.47887230 14.76603413 23.05977058
v 24.25076485 14.76603413 22.16062546
v 24.92773247 14.76603413 21.18800163
v 25.50282478 14.76603413 20.15188217
v 25.97014618 14.76603413 19.06289482
v 26.32489777 14.76603413 17.93221855
v 26.56344223 14.76603413 16.77145386
v 26.68332672 14.76603413 15.59251118
v 26.68332672 14.76603413 14.40748882
v 26.56344223 14.76603413 13.22854614
v 26.32489777 14.76603413 12.06777954
v 25.97014618 14.76603413 10.93710423
v 25.50282478 14.76603413 9.84811783
v 24.92773247 14.76603413 8.81199741
v 24.25076485 14.76603413 7.83937407
v 23.47887230 14.76603413 6.94022799
v 22.61997795 14.76603413 6.12378693
v 21.68289185 14.76603413 5.39842701
v 20.67722702 14.76603413 4.77159309
v 19.61330986 14.76603413 4.24971628
v 18.50205231 14.76603413 3.83815169
v 17.35485840 14.76603413 3.54112220
v 16.18350029 14.76603413 3.36167693
v 9.28668499 14.91291332 25.29341888
v 9.30177402 14.83639240 25.26623344
v 10.35024071 14.99350929 25.83522034
v 10.35736656 14.91291332 25.81861305
v 10.36962795 14.83639240 25.79004288
v 11.46891499 15.07598114 26.25438118
v 11.47027874 14.99350929 26.25003433
v 11.47568798 14.91291332 26.23279381
v 11.48499584 14.83639240 26.20312881
v 12.62744713 15.15807629 26.54497337
v 12.62561893 15.07598114 26.55387306
v 12.62653542 14.99350929 26.54940987
v 12.63017273 14.91291332 26.53171158
v 12.63643169 14.83639240 26.50125694
v 13.80987930 15.23755550 26.70340538
v 13.80760574 15.15807629 26.72576714
v 13.80668640 15.07598114 26.73480415
v 13.80714798 14.99350929 26.73027229
v 13.80897522 14.91291332 26.71229935
v 13.81212139 14.83639240 26.68136597
v 15.00000000 15.31225109 26.72850990
v 15.00000000 15.23755550 26.76376343
v 15.00000000 15.15807629 26.78623772
v 15.00000000 15.07598114 26.79532433
v 15.00000000 14.99350929 26.79076767
v 15.00000000 14.91291332 26.77269936
v 15.00000000 14.83639240 26.74160767
v 4.47009039 15.31225109 9.83483315
v 5.04666758 15.31225109 8.79603958
v 5.01674986 15.23755550 8.77739334
v 13.81212139 14.83639240 3.31863379
v 15.00000000 14.83639240 3.25839233
v 13.80897522 14.91291332 3.28770185
v 15.00000000 14.91291332 3.22729993
v 13.80714798 14.99350929 3.26972556
v 15.00000000 14.99350929 3.20923042
v 13.80668640 15.07598114 3.26519465
v 15.00000000 15.07598114 3.20467639
v 13.80760574 15.15807629 3.27423215
v 15.00000000 15.15807629 3.21376038
v 13.80987930 15.23755550 3.29659224
v 15.00000000 15.23755550 3.23623705
v 15.00000000 15.31225109 3.27149034
v 15.00000000 15.38012314 3.31856036
v 12.63643169 14.83639240 3.49874330
v 12.63017273 14.91291332 3.46828818
v 12.62653542 14.99350929 3.45058823
v 12.62561893 15.07598114 3.44612718
v 12.62744713 15.15807629 3.45502615
v 12.63197136 15.23755550 3.47704172
v 11.48499584 14.83639240 3.79687071
v 11.47568798 14.91291332 3.76720548
v 11.47027874 14.99350929 3.74996376
v 11.46891499 15.07598114 3.74561834
v 11.47163486 15.15807629 3.75428605
v 11.47836304 15.23755550 3.77573156
v 10.36962795 14.83639240 4.20995712
v 10.35736656 14.91291332 4.18138599
v 10.35024071 14.99350929 4.16478062
v 10.34844494 15.07598114 4.16059494
v 10.35202694 15.15807629 4.16894341
v 10.36089134 15.23755550 4.18959761
v 9.30177402 14.83639240 4.73376465
v 9.28668499 14.91291332 4.70658016
v 9.27791691 14.99350929 4.69078112
v 9.27570629 15.07598114 4.68679905
v 9.28011513 15.15807629 4.69474125
v 9.29102325 15.23755550 4.71439314
v 8.27463055 14.91291332 5.33739853
v 8.26430893 14.99350929 5.32256699
v 8.26170635 15.07598114 5.31883001
v 8.26689625 15.15807629 5.32628584
v 8.27973557 15.23755550 5.34473276
v 7.31981754 14.99350929 6.05365801
v 7.31685066 15.07598114 6.05020189
v 7.32276773 15.15807629 6.05709457
v 7.33740807 15.23755550 6.07414913
v 6.45083475 15.07598114 6.87341213
v 6.45741892 15.15807629 6.87967062
v 6.47370911 15.23755550 6.89515543
v 5.67972755 15.15807629 7.78557205
v 5.69750071 15.23755550 7.79932976
v 5.09356594 15.38012314 8.82561684
v 3.96700573 15.38012314 11.16215134
v 4.05466175 15.38012314 10.94661617
v 4.00156546 15.31225109 10.92662621
v 4.43843937 15.23755550 9.81930733
v 4.99767542 15.15807629 8.76550388
v 5.67254448 15.07598114 7.78001165
v 6.45413542 14.99350929 6.87654972
v 7.33158731 14.91291332 6.06736803
v 8.29239178 14.83639240 5.36291790
v 4.42009306 15.38012314 10.04806900
v 4.52033043 15.38012314 9.85981178
v 4.98533058 15.38012314 8.98647881
v 7.35183954 14.83639240 6.09095955
v 6.46723270 14.91291332 6.88899946
v 5.67614555 14.99350929 7.78279972
v 4.98996592 15.07598114 8.76069832
v 4.41826057 15.15807629 9.80940819
v 3.96850610 15.23755550 10.91438389
v 6.48976660 14.83639240 6.91041994
v 5.69043493 14.91291332 7.79385996
v 4.99383163 14.99350929 8.76310730
v 4.41010475 15.07598114 9.80540848
v 3.94742942 15.15807629 10.90657711
v 3.61176944 15.23755550 12.05138302
v 5.71502113 14.83639240 7.81289101
v 5.00916576 14.91291332 8.77266598
v 4.41419411 14.99350929 9.80741310
v 3.93890953 15.07598114 10.90342140
v 3.59001112 15.15807629 12.04574871
v 3.37189245 15.23755550 13.21863937
v 5.03555107 14.83639240 8.78911209
v 4.43041706 14.91291332 9.81537151
v 3.94318056 14.99350929 10.90500355
v 3.58121657 15.07598114 12.04347229
v 3.34967589 15.15807629 13.21523571
v 3.25133562 15.23755550 14.40417480
v 4.45833063 14.83639240 9.82906437
v 3.96012616 14.91291332 10.91127968
v 3.58562636 14.99350929 12.04461288
v 3.34069610 15.07598114 13.21385956
v 3.22888803 15.15807629 14.40303707
v 3.25133562 15.23755550 15.59582424
v 3.98928213 14.83639240 10.92207813
v 3.60311842 14.91291332 12.04914188
v 3.34519792 14.99350929 13.21455002
v 3.21981502 15.07598114 14.40257645
v 3.22888803 15.15807629 15.59696293
v 3.37189245 15.23755550 16.78136063
v 3.63321781 14.83639240 12.05693531
v 3.36305881 14.91291332 13.21728611
v 3.22436452 14.99350929 14.40280724
v 3.21981502 15.07598114 15.59742260
v 3.34967589 15.15807629 16.78476334
v 3.61176944 15.23755550 17.94861603
v 3.39379263 14.83639240 13.22199440
v 3.24241066 14.91291332 14.40372181
v 3.22436452 14.99350929 15.59719276
v 3.34069610 15.07598114 16.78613853
v 3.59001112 15.15807629 17.95425034
v 3.96850610 15.23755550 19.08561516
v 3.27346206 14.83639240 14.40529728
v 3.24241066 14.91291332 15.59627724
v 3.34519792 14.99350929 16.78544998
v 3.58121657 15.07598114 17.95652771
v 3.94742942 15.15807629 19.09342194
v 4.43843937 15.23755550 20.18069077
v 3.27346206 14.83639240 15.59470177
v 3.36305881 14.91291332 16.78271484
v 3.58562636 14.99350929 17.95538521
v 3.93890953 15.07598114 19.09657669
v 4.41826057 15.15807629 20.19059181
v 5.01674986 15.23755550 21.22260666
v 3.39379263 14.83639240 16.77800560
v 3.60311842 14.91291332 17.95085716
v 3.94318056 14.99350929 19.09499550
v 4.41010475 15.07598114 20.19458961
v 4.99767542 15.15807629 21.23449516
v 5.69750071 15.23755550 22.20067024
v 3.63321781 14.83639240 17.94306374
v 3.96012616 14.91291332 19.08871841
v 4.41419411 14.99350929 20.19258499
v 4.98996592 15.07598114 21.23930168
v 5.67972755 15.15807629 22.21442795
v 6.47370911 15.23755550 23.10484314
v 3.98928213 14.83639240 19.07792091
v 4.43041706 14.91291332 20.18462944
v 4.99383163 14.99350929 21.23689270
v 5.67254448 15.07598114 22.21998787
v 6.45741892 15.15807629 23.12032890
v 7.33740807 15.23755550 23.92584991
v 4.45833063 14.83639240 20.17093468
v 5.00916576 14.91291332 21.22733307
v 5.67614555 14.99350929 22.21719933
v 6.45083475 15.07598114 23.12658691
v 7.32276773 15.15807629 23.94290543
v 8.27973557 15.23755550 24.65526772
v 5.03555107 14.83639240 21.21088600
v 5.69043493 14.91291332 22.20613861
v 6.45413542 14.99350929 23.12345123
v 7.31685066 15.07598114 23.94979858
v 8.26689625 15.15807629 24.67371368
v 9.29102325 15.23755550 25.28560448
v 5.71502113 14.83639240 22.18710899
v 6.46723270 14.91291332 23.11100006
v 7.31981754 14.99350929 23.94634056
v 8.26170635 15.07598114 24.68116951
v 9.28011513 15.15807629 25.30525780
v 10.36089134 15.23755550 25.81040192
v 6.48976660 14.83639240 23.08958054
v 7.33158731 14.91291332 23.93263245
v 8.26430893 14.99350929 24.67743301
v 9.27570629 15.07598114 25.31320000
v 10.35202694 15.15807629 25.83105469
v 11.47836304 15.23755550 26.22426605
v 7.35183954 14.83639240 23.90904045
v 8.27463055 14.91291332 24.66260147
v 9.27791691 14.99350929 25.30921745
v 10.34844494 15.07598114 25.83940315
v 11.47163486 15.15807629 26.24571228
v 12.63197136 15.23755550 26.52295685
v 15.00000000 15.38012314 26.66595078
v 16.18655396 15.31225109 26.66833305
v 16.18020058 15.38012314 26.60611534
v 15.60134506 15.38012314 26.66595078
v 16.18787766 14.83639240 26.68136597
v 16.19102478 14.91291332 26.71229935
v 16.19285202 14.99350929 26.73027229
v 16.19331360 15.07598114 26.73480415
v 16.19239426 15.15807629 26.72576714
v 16.19011879 15.23755550 26.70340538
v 17.36093140 15.31225109 26.48842430
v 17.34830093 15.38012314 26.42722130
v 16.79766273 15.38012314 26.54228783
v 17.36356735 14.83639240 26.50125694
v 17.36982727 14.91291332 26.53171158
v 17.37346458 14.99350929 26.54940987
v 17.37438202 15.07598114 26.55387306
v 17.37255287 15.15807629 26.54497337
v 17.36802864 15.23755550 26.52295685
v 18.51108360 15.31225109 26.19063187
v 18.49232674 15.38012314 26.13110352
v 17.97492409 15.38012314 26.29627609
v 18.51500320 14.83639240 26.20312881
v 18.52431107 14.91291332 26.23279381
v 18.52972031 14.99350929 26.25003433
v 18.53108406 15.07598114 26.25438118
v 18.52836418 15.15807629 26.24571228
v 18.52163696 15.23755550 26.22426605
v 19.62520599 15.31225109 25.77800560
v 19.60054398 15.38012314 25.72079468
v 19.12065315 15.38012314 25.93052101
v 19.63037300 14.83639240 25.79004288
v 19.64263153 14.91291332 25.81861305
v 19.64975929 14.99350929 25.83522034
v 19.65155411 15.07598114 25.83940315
v 19.64797211 15.15807629 25.83105469
v 19.63910866 15.23755550 25.81040192
v 20.69186783 15.31225109 25.25478172
v 20.66159439 15.38012314 25.20049667
v 20.22270012 15.38012314 25.44889641
v 20.69822502 14.83639240 25.26623344
v 20.71331406 14.91291332 25.29341888
v 20.72208405 14.99350929 25.30921745
v 20.72429276 15.07598114 25.31320000
v 20.71988487 15.15807629 25.30525780
v 20.70897675 15.23755550 25.28560448
v 21.70012474 15.31225109 24.62633133
v 21.66459656 15.38012314 24.57554626
v 21.26938438 15.38012314 24.85651207
v 21.70760727 14.83639240 24.63708115
v 21.72536850 14.91291332 24.66260147
v 21.73569107 14.99350929 24.67743301
v 21.73829269 15.07598114 24.68116951
v 21.73310280 15.15807629 24.67371368
v 21.72026443 15.23755550 24.65526772
v 22.63962936 15.31225109 23.89910126
v 22.59926414 15.38012314 23.85234642
v 22.24961090 15.38012314 24.15964699
v 22.64815903 14.83639240 23.90904045
v 22.66841125 14.91291332 23.93263245
v 22.68018150 14.99350929 23.94634056
v 22.68314934 15.07598114 23.94979858
v 22.67723083 15.15807629 23.94290543
v 22.66259193 15.23755550 23.92584991
v 23.50073814 15.31225109 23.08055305
v 23.45601273 15.38012314 23.03830528
v 23.15299225 15.38012314 23.36568832
v 23.51023293 14.83639240 23.08958054
v 23.53276634 14.91291332 23.11100006
v 23.54586411 14.99350929 23.12345123
v 23.54916573 15.07598114 23.12658691
v 23.54257965 15.15807629 23.12032890
v 23.52629089 15.23755550 23.10484314
v 24.27462196 15.31225109 22.17908859
v 24.22605515 15.38012314 22.14176559
v 23.96994781 15.38012314 22.48305130
v 24.28497696 14.83639240 22.18710899
v 24.30956459 14.91291332 22.20613861
v 24.32385445 14.99350929 22.21719933
v 24.32745552 15.07598114 22.21998787
v 24.32027054 15.15807629 22.21442795
v 24.30249786 15.23755550 22.20067024
v 24.95333099 15.31225109 21.20395851
v 24.90149117 15.38012314 21.17191696
v 24.69182014 15.38012314 21.52108955
v 24.96444893 14.83639240 21.21088600
v 24.99083519 14.91291332 21.22733307
v 25.00616837 14.99350929 21.23689270
v 25.01003456 15.07598114 21.23930168
v 25.00232315 15.15807629 21.23449516
v 24.98324966 15.23755550 21.22260666
v 25.52990913 15.31225109 20.16516495
v 25.47538567 15.38012314 20.13869858
v 25.31095886 15.38012314 20.49000549
v 25.54166794 14.83639240 20.17093468
v 25.56958199 14.91291332 20.18462944
v 25.58580399 14.99350929 20.19258499
v 25.58989525 15.07598114 20.19458961
v 25.58173943 15.15807629 20.19059181
v 25.56155968 15.23755550 20.18069077
v 25.99843407 15.31225109 19.07337189
v 25.94185829 15.38012314 19.05270004
v 25.82079697 15.38012314 19.40072250
v 26.01071739 14.83639240 19.07792091
v 26.03987312 14.91291332 19.08871841
v 26.05681801 14.99350929 19.09499550
v 26.06109047 15.07598114 19.09657669
v 26.05257034 15.15807629 19.09342194
v 26.03149414 15.23755550 19.08561516
v 26.35410118 15.31225109 17.93977928
v 26.29611015 15.38012314 17.92505074
v 26.21593285 15.38012314 18.26479530
v 26.36678123 14.83639240 17.94306374
v 26.39688110 14.91291332 17.95085716
v 26.41437149 14.99350929 17.95538521
v 26.41878319 15.07598114 17.95652771
v 26.40998650 15.15807629 17.95425034
v 26.38822937 15.23755550 17.94861603
v 26.59325981 15.31225109 16.77602196
v 26.53450584 15.38012314 16.76731110
v 26.49217415 15.38012314 17.09425545
v 26.60620499 14.83639240 16.77800560
v 26.63694000 14.91291332 16.78271484
v 26.65480232 14.99350929 16.78544998
v 26.65930176 15.07598114 16.78613853
v 26.65032387 15.15807629 16.78476334
v 26.62810707 15.23755550 16.78136063
v 26.71345520 15.31225109 15.59403896
v 26.65458870 15.38012314 15.59134960
v 26.64659882 15.38012314 15.90152073
v 26.72653580 14.83639240 15.59470177
v 26.75758934 14.91291332 15.59627724
v 26.77563667 14.99350929 15.59719276
v 26.78018379 15.07598114 15.59742260
v 26.77111053 15.15807629 15.59696293
v 26.74866486 15.23755550 15.59582424
v 26.71345520 15.31225109 14.40596008
v 26.65511894 15.38012314 14.40922165
v 26.67756844 15.38012314 14.69922733
v 26.72653580 14.83639240 14.40529728
v 26.75758934 14.91291332 14.40372181
v 26.77563667 14.99350929 14.40280724
v 26.78018379 15.07598114 14.40257645
v 26.77111053 15.15807629 14.40303707
v 26.74866486 15.23755550 14.40417480
v 26.59325981 15.31225109 13.22397804
v 26.53607750 15.38012314 13.23304653
v 26.58474731 15.38012314 13.50012207
v 26.60620499 14.83639240 13.22199440
v 26.63694000 14.91291332 13.21728611
v 26.65480232 14.99350929 13.21455002
v 26.65930176 15.07598114 13.21385956
v 26.65032387 15.15807629 13.21523571
v 26.62810707 15.23755550 13.21863937
v 26.35410118 15.31225109 12.06021976
v 26.29867744 15.38012314 12.07488632
v 26.36912918 15.38012314 12.31691647
v 26.36678123 14.83639240 12.05693531
v 26.39688110 14.91291332 12.04914188
v 26.41437149 14.99350929 12.04461288
v 26.41878319 15.07598114 12.04347229
v 26.40998650 15.15807629 12.04574871
v 26.38822937 15.23755550 12.05138302
v 25.99843407 15.31225109 10.92662621
v 25.94533730 15.38012314 10.94661617
v 26.03299332 15.38012314 11.16215134
v 26.01071739 14.83639240 10.92207813
v 26.03987312 14.91291332 10.91127968
v 26.05681801 14.99350929 10.90500355
v 26.06109047 15.07598114 10.90342140
v 26.05257034 15.15807629 10.90657711
v 26.03149414 15.23755550 10.91438389
v 25.52990913 15.31225109 9.83483315
v 25.47966957 15.38012314 9.85981178
v 25.57990646 15.38012314 10.04806900
v 25.54166794 14.83639240 9.82906437
v 25.56958199 14.91291332 9.81537151
v 25.58580399 14.99350929 9.80741310
v 25.58989525 15.07598114 9.80540848
v 25.58173943 15.15807629 9.80940819
v 25.56155968 15.23755550 9.81930733
v 24.95333099 15.31225109 8.79603958
v 24.90643501 15.38012314 8.82561684
v 25.01466942 15.38012314 8.98647881
v 24.96444893 14.83639240 8.78911209
v 24.99083519 14.91291332 8.77266598
v 25.00616837 14.99350929 8.76310730
v 25.01003456 15.07598114 8.76069832
v 25.00232315 15.15807629 8.76550388
v 24.98324966 15.23755550 8.77739334
v 24.27462196 15.31225109 7.82090902
v 24.23149681 15.38012314 7.85464525
v 24.34327507 15.38012314 7.98863268
v 24.28497696 14.83639240 7.81289101
v 24.30956459 14.91291332 7.79385996
v 24.32385445 14.99350929 7.78279972
v 24.32745552 15.07598114 7.78001165
v 24.32027054 15.15807629 7.78557205
v 24.30249786 15.23755550 7.79932976
v 23.50073814 15.31225109 6.91944456
v 23.46176338 15.38012314 6.95686054
v 23.57283592 15.38012314 7.06510878
v 23.51023293 14.83639240 6.91041994
v 23.53276634 14.91291332 6.88899946
v 23.54586411 14.99350929 6.87654972
v 23.54916573 15.07598114 6.87341213
v 23.54257965 15.15807629 6.87967062
v 23.52629089 15.23755550 6.89515543
v 22.63962936 15.31225109 6.10089779
v 22.60511780 15.38012314 6.14147711
v 22.71152687 15.38012314 6.22569752
v 22.64815903 14.83639240 6.09095955
v 22.66841125 14.91291332 6.06736803
v 22.68018150 14.99350929 6.05365801
v 22.68314934 15.07598114 6.05020189
v 22.67723083 15.15807629 6.05709457
v 22.66259193 15.23755550 6.07414913
v 21.70012474 15.31225109 5.37366772
v 21.67032814 15.38012314 5.41687012
v 21.76847267 15.38012314 5.47929573
v 21.70760727 14.83639240 5.36291790
v 21.72536850 14.91291332 5.33739853
v 21.73569107 14.99350929 5.32256699
v 21.73829269 15.07598114 5.31883001
v 21.73310280 15.15807629 5.32628584
v 21.72026443 15.23755550 5.34473276
v 20.69186783 15.31225109 4.74521685
v 20.66697121 15.38012314 4.79048014
v 20.75366974 15.38012314 4.83381557
v 20.69822502 14.83639240 4.73376465
v 20.71331406 14.91291332 4.70658016
v 20.72208405 14.99350929 4.69078112
v 20.72429276 15.07598114 4.68679905
v 20.71988487 15.15807629 4.69474125
v 20.70897675 15.23755550 4.71439314
v 19.62520599 15.31225109 4.22199440
v 19.60532570 15.38012314 4.26874781
v 19.67787743 15.38012314 4.29609871
v 19.63037300 14.83639240 4.20995712
v 19.64263153 14.91291332 4.18138599
v 19.64975929 14.99350929 4.16478062
v 19.65155411 15.07598114 4.16059494
v 19.64797211 15.15807629 4.16894341
v 19.63910866 15.23755550 4.18959761
v 18.51108360 15.31225109 3.80936813
v 18.49626541 15.38012314 3.85703802
v 18.55249977 15.38012314 3.87184691
v 18.51500320 14.83639240 3.79687071
v 18.52431107 14.91291332 3.76720548
v 18.52972031 14.99350929 3.74996376
v 18.53108406 15.07598114 3.74561834
v 18.52836418 15.15807629 3.75428605
v 18.52163696 15.23755550 3.77573156
v 17.36093140 15.31225109 3.51157403
v 17.35115814 15.38012314 3.55959034
v 17.38946152 15.38012314 3.56555629
v 17.36356735 14.83639240 3.49874330
v 17.36982727 14.91291332 3.46828818
v 17.37346458 14.99350929 3.45058823
v 17.37438202 15.07598114 3.44612718
v 17.37255287 15.15807629 3.45502615
v 17.36802864 15.23755550 3.47704172
v 16.18655396 15.31225109 3.33166599
v 16.18174171 15.38012314 3.37947536
v 16.20109749 15.38012314 3.38047361
v 16.18787766 14.83639240 3.31863379
v 16.19102478 14.91291332 3.28770185
v 16.19285202 14.99350929 3.26972556
v 16.19331360 15.07598114 3.26519465
v 16.19239426 15.15807629 3.27423215
v 16.19011879 15.23755550 3.29659224
v 17.05824089 34.00000000 10.44639111
v 17.46273994 34.00000000 10.64857292
v 17.49103165 32.16672516 10.59858704
v 19.01860046 34.00000000 12.02776623
v 19.28657341 34.00000000 12.42603588
v 19.33581352 32.16672516 12.39646816
v 18.74964714 34.00000000 18.29993629
v 18.48971939 34.00000000 18.58076096
v 18.52980804 32.16672516 18.62189484
v 16.66439438 34.00000000 19.71030426
v 16.27335548 34.00000000 19.83513832
v 16.28798294 32.16672516 19.89068031
v 14.15568256 34.00000000 19.92479515
v 13.72664452 34.00000000 19.83513832
v 13.71201706 32.16672516 19.89068031
v 11.86039829 34.00000000 18.88847351
v 11.51027870 34.00000000 18.58076096
v 11.47019100 32.16672516 18.62189484
v 10.36152840 34.00000000 16.86394310
v 10.19925022 34.00000000 16.39742851
v 10.14410114 32.16672516 16.41348076
v 10.54012775 34.00000000 12.75151443
v 10.71342659 34.00000000 12.42603588
v 10.66418457 32.16672516 12.39646816
v 12.20264339 34.00000000 10.86141109
v 12.53726006 34.00000000 10.64857292
v 12.50896835 32.16672516 10.59858704
v 14.57616806 34.00000000 10.02184677
v 15.00000000 34.00000000 10.00000000
v 15.00000000 32.16672516 9.94256210
v 15.00000000 16.83165932 4.43982220
v 16.08580780 16.83165932 4.49579287
v 17.16010666 16.83165932 4.66311073
v 18.21150589 16.83165932 4.94000149
v 19.22886467 16.83165932 5.32353115
v 20.20139503 16.83165932 5.80963326
v 21.11878967 16.83165932 6.39315605
v 21.97132301 16.83165932 7.06791306
v 22.74995804 16.83165932 7.82675314
v 23.44644356 16.83165932 8.66163063
v 24.05339432 16.83165932 9.56369686
v 24.56437683 16.83165932 10.52338791
v 24.97397423 16.83165932 11.53053379
v 25.27784348 16.83165932 12.57445621
v 25.47276688 16.83165932 13.64408970
v 25.55667686 16.83165932 14.72809696
v 25.52868080 16.83165932 15.81498623
v 25.38907814 16.83165932 16.89323616
v 25.13935280 16.83165932 17.95141792
v 24.78214264 16.83165932 18.97831345
v 24.32124329 16.83165932 19.96303749
v 23.76153755 16.83165932 20.89515305
v 23.10895157 16.83165932 21.76477814
v 22.37041283 16.83165932 22.56269455
v 21.55374527 16.83165932 23.28044319
v 20.66760635 16.83165932 23.91041756
v 19.72138977 16.83165932 24.44594193
v 18.72512245 16.83165932 24.88133430
v 17.68937111 16.83165932 25.21198273
v 16.62511253 16.83165932 25.43438148
v 15.54362488 16.83165932 25.54617500
v 14.45637417 16.83165932 25.54617500
v 13.37488842 16.83165932 25.43438148
v 12.31062794 16.83165932 25.21198273
v 11.27487469 16.83165932 24.88133430
v 10.27861023 16.83165932 24.44594193
v 9.33239269 16.83165932 23.91041756
v 8.44625378 16.83165932 23.28044319
v 7.62958574 16.83165932 22.56269455
v 6.89104652 16.83165932 21.76477814
v 6.23846340 16.83165932 20.89515305
v 5.67875528 16.83165932 19.96303749
v 5.21785498 16.83165932 18.97831345
v 4.86064720 16.83165932 17.95141792
v 4.61091948 16.83165932 16.89323616
v 4.47131777 16.83165932 15.81498623
v 4.44332409 16.83165932 14.72809696
v 4.52723265 16.83165932 13.64408970
v 4.72215557 16.83165932 12.57445621
v 5.02602673 16.83165932 11.53053379
v 5.43562317 16.83165932 10.52338791
v 5.94660568 16.83165932 9.56369686
v 6.55355597 16.83165932 8.66163063
v 7.25004053 16.83165932 7.82675314
v 8.02867699 16.83165932 7.06791306
v 8.88121033 16.83165932 6.39315605
v 9.79860497 16.83165932 5.80963326
v 10.77113533 16.83165932 5.32353115
v 11.78849316 16.83165932 4.94000149
v 12.83989334 16.83165932 4.66311073
v 13.91419220 16.83165932 4.49579287
v 21.29255676 18.35053825 7.84022570
v 20.52303123 18.35053825 7.23116636
v 19.98353004 19.93080330 7.99003983
v 19.23634529 19.93080330 7.51478195
v 18.82735825 21.56625557 8.23742294
v 18.11173820 21.56625557 7.87973213
v 17.82087326 23.25047874 8.54529381
v 17.14224052 23.25047874 8.28945923
v 16.95384598 24.97686958 8.87960339
v 16.31418419 24.97686958 8.71114635
v 16.20982170 26.73865318 9.21055984
v 15.60813427 26.73865318 9.11684895
v 15.56711769 28.52891922 9.51364803
v 15.00000000 28.52891922 9.48441505
v 15.00000000 30.34064674 9.77047539
v 14.46229458 30.34064674 9.79819298
v 14.47998905 32.16672516 9.96936703
v 13.96549034 32.16672516 10.04949760
v 19.69495773 18.35053825 6.70445919
v 18.44425583 19.93080330 7.11886883
v 17.36313248 21.56625557 7.59751892
v 16.44090271 23.25047874 8.10475826
v 15.66059303 24.97686958 8.60935307
v 15.00000000 26.73865318 9.08550167
v 14.43288231 28.52891922 9.51364803
v 13.93029022 30.34064674 9.88105011
v 13.46195793 32.16672516 10.18210602
v 18.81711769 18.35053825 6.26568604
v 17.61565399 19.93080330 6.80649853
v 16.58947754 21.56625557 7.39377356
v 15.72428989 23.25047874 7.99314880
v 15.00000000 24.97686958 8.57530022
v 14.39186478 26.73865318 9.11684895
v 13.87177467 28.52891922 9.60103798
v 13.40962410 30.34064674 10.01816940
v 12.97472858 32.16672516 10.36578369
v 12.99772930 34.00000000 10.41841507
v 12.94176006 34.00000000 10.44639111
v 16.94978523 18.35053825 5.66956758
v 15.98008728 18.35053825 5.51854181
v 15.88435078 19.93080330 6.44470644
v 15.00000000 19.93080330 6.39912128
v 15.00000000 21.56625557 7.22947121
v 14.20102596 21.56625557 7.27065563
v 14.27570915 23.25047874 7.99314880
v 13.55909729 23.25047874 8.10475826
v 13.68581390 24.97686958 8.71114635
v 13.04615307 24.97686958 8.87960339
v 13.20131302 26.73865318 9.36563969
v 12.63151550 26.73865318 9.58044434
v 12.79126167 28.52891922 9.94597530
v 12.28330803 28.52891922 10.19986725
v 12.42420864 30.34064674 10.44882298
v 11.96990395 30.34064674 10.73779011
v 12.06961346 32.16672516 10.87804508
v 11.66132164 32.16672516 11.20119762
v 15.00000000 18.35053825 5.46802044
v 14.11564827 19.93080330 6.44470644
v 13.41052151 21.56625557 7.39377356
v 12.85775852 23.25047874 8.28945923
v 12.42720318 24.97686958 9.11293888
v 12.08682537 26.73865318 9.85269928
v 11.80415344 28.52891922 10.50464153
v 11.54771805 30.34064674 11.07193756
v 11.28842068 32.16672516 11.56461716
v 14.01991177 18.35053825 5.51854181
v 13.24067211 19.93080330 6.58098030
v 12.63686657 21.56625557 7.59751892
v 12.17912769 23.25047874 8.54529381
v 11.83552647 24.97686958 9.40867901
v 11.57301521 26.73865318 10.17951584
v 11.35887527 28.52891922 10.85706806
v 11.16212845 30.34064674 11.44772434
v 10.95486259 32.16672516 11.96445370
v 11.00080395 34.00000000 11.99892807
v 10.98139954 34.00000000 12.02776623
v 12.10118389 18.35053825 5.91949940
v 11.18288231 18.35053825 6.26568604
v 11.55574417 19.93080330 7.11886883
v 10.76365376 19.93080330 7.51478195
v 11.17264080 21.56625557 8.23742294
v 10.49759102 21.56625557 8.66679859
v 10.91844940 23.25047874 9.25878811
v 10.34976578 23.25047874 9.70888710
v 10.75872135 24.97686958 10.17420387
v 10.28500652 24.97686958 10.63587284
v 10.65943623 26.73865318 10.98243904
v 10.26935101 26.73865318 11.45003319
v 10.58841896 28.52891922 11.68946743
v 10.27140808 28.52891922 12.16061592
v 10.51665306 30.34064674 12.30787849
v 10.26360798 30.34064674 12.78312874
v 10.41946793 32.16672516 12.85607910
v 10.22330475 32.16672516 13.33841705
v 10.30504131 18.35053825 6.70445919
v 10.01646900 19.93080330 7.99003983
v 9.87026882 21.56625557 9.16330719
v 9.83037472 23.25047874 10.21507168
v 9.86127377 24.97686958 11.14380360
v 9.92941380 26.73865318 11.95525837
v 10.00452232 28.52891922 12.66186428
v 10.06077003 30.34064674 13.28187943
v 10.07777596 32.16672516 13.83836842
v 9.47696972 18.35053825 7.23116636
v 9.32211018 19.93080330 8.53960514
v 9.29732227 21.56625557 9.72168732
v 9.36578369 23.25047874 10.77197838
v 9.49201202 24.97686958 11.69261169
v 9.64322472 26.73865318 12.49275875
v 9.79058933 28.52891922 13.18789673
v 9.91028976 30.34064674 13.79884243
v 9.98442459 32.16672516 14.35063267
v 10.04138565 34.00000000 14.35800838
v 10.04084969 34.00000000 14.36493778
v 8.70744324 18.35053825 7.84022570
v 8.00461960 18.35053825 8.52518082
v 8.68794060 19.93080330 9.15765190
v 8.12067890 19.93080330 9.83762932
v 8.78482628 21.56625557 10.33601761
v 8.33821106 21.56625557 10.99978733
v 8.96091557 23.25047874 11.37370300
v 8.62006474 23.25047874 12.01386738
v 9.18113518 24.97686958 12.27647686
v 8.93194008 24.97686958 12.88921356
v 9.41381931 26.73865318 13.05683613
v 9.24362946 26.73865318 13.64151192
v 9.63187790 28.52891922 13.73313713
v 9.53006935 28.52891922 14.29180813
v 9.81376266 30.34064674 14.32853794
v 9.77220917 30.34064674 14.86534977
v 9.94423962 32.16672516 14.86978149
v 9.95764637 32.16672516 15.39030933
v 7.37594843 18.35053825 9.27876949
v 7.62634039 19.93080330 10.57232952
v 7.96221399 21.56625557 11.70596123
v 8.34684277 23.25047874 12.68568611
v 8.74706936 24.97686958 13.52432537
v 9.13445854 26.73865318 14.24058819
v 9.48624325 28.52891922 14.85798550
v 9.78607273 30.34064674 15.40359020
v 10.02450275 32.16672516 15.90670109
v 10.08100986 34.00000000 15.89640427
v 10.11775208 34.00000000 16.05209160
v 6.36686468 18.35053825 10.95925617
v 5.99714851 18.35053825 11.86834049
v 6.87656164 19.93080330 12.17424679
v 6.62907028 19.93080330 13.02448273
v 7.43722057 21.56625557 13.21520424
v 7.29379034 21.56625557 14.00227642
v 8.01412106 23.25047874 14.09553719
v 7.95814943 23.25047874 14.81862640
v 8.57743073 24.97686958 14.83457756
v 8.59446239 24.97686958 15.49582863
v 9.10314178 26.73865318 15.45645428
v 9.18132782 26.73865318 16.06035614
v 9.57377815 28.52891922 15.98883820
v 9.70421219 28.52891922 16.54152489
v 9.97887230 30.34064674 16.46157646
v 10.15576649 30.34064674 16.97010803
v 10.31517410 32.16672516 16.90527725
v 10.53590679 32.16672516 17.37687683
v 5.72286367 18.35053825 12.81062126
v 6.47031307 19.93080330 13.89566040
v 7.23204708 21.56625557 14.79992485
v 7.97682238 23.25047874 15.54363823
v 8.67939377 24.97686958 16.15182495
v 9.32119465 26.73865318 16.65301704
v 9.89078140 28.52891922 17.07787514
v 10.38401031 30.34064674 17.45775414
v 10.80395985 32.16672516 17.82328224
v 5.54691982 18.35053825 13.77610970
v 6.40197182 19.93080330 14.77854538
v 7.25264597 21.56625557 15.59969425
v 8.06994343 23.25047874 16.26288795
v 8.83132553 24.97686958 16.79561043
v 9.52125835 26.73865318 17.22815704
v 10.13150978 28.52891922 17.59219551
v 10.66118431 30.34064674 17.91934776
v 11.11649227 32.16672516 18.23975945
v 11.16059685 34.00000000 18.20296669
v 11.25035191 34.00000000 18.29993629
v 5.49644995 18.35053825 15.73563385
v 5.62245750 18.35053825 16.70889854
v 6.53847313 19.93080330 16.54197121
v 6.74186659 19.93080330 17.40382195
v 7.53912735 21.56625557 17.17175102
v 7.80197287 21.56625557 17.92737389
v 8.47480202 23.25047874 17.65374184
v 8.78224659 23.25047874 18.31060219
v 9.32905483 24.97686958 18.01945877
v 9.66957474 24.97686958 18.58654785
v 10.09287643 26.73865318 18.30173111
v 10.45837212 26.73865318 18.78878593
v 10.76469040 28.52891922 18.53324509
v 11.15042877 28.52891922 18.94999886
v 11.35008430 30.34064674 18.74513626
v 11.75450706 30.34064674 19.10057259
v 11.86130524 32.16672516 18.96563530
v 12.28569221 32.16672516 19.26734161
v 5.84787130 18.35053825 17.66405106
v 7.03279972 19.93080330 18.24019051
v 8.14111900 21.56625557 18.65196800
v 9.15560150 23.25047874 18.93237305
v 10.06659889 24.97686958 19.11561775
v 10.87201023 26.73865318 19.23567963
v 11.57697582 28.52891922 19.32488060
v 12.19333458 30.34064674 19.41254425
v 12.73885059 32.16672516 19.52381325
v 6.17029905 18.35053825 18.59096336
v 7.40818644 19.93080330 19.04221344
v 8.55296993 21.56625557 19.33784866
v 9.59090710 23.25047874 19.51245499
v 10.51591873 24.97686958 19.60106277
v 11.32940578 26.73865318 19.63767433
v 12.03980637 28.52891922 19.65391541
v 12.66191196 30.34064674 19.67774200
v 13.21597767 32.16672516 19.73232841
v 13.23623943 34.00000000 19.67858315
v 13.33560467 34.00000000 19.71030426
v 7.09153605 18.35053825 20.32116890
v 7.68057919 18.35053825 21.10612106
v 8.39555264 19.93080330 20.50966454
v 8.99706554 19.93080330 21.15953636
v 9.57660484 21.56625557 20.56488037
v 10.17753601 21.56625557 21.09302521
v 10.62831116 23.25047874 20.52348518
v 11.21941185 23.25047874 20.94371223
v 11.55188847 24.97686958 20.42100334
v 12.12755680 24.97686958 20.74681091
v 12.35566521 26.73865318 20.29044151
v 12.91364765 26.73865318 20.53429604
v 13.05436516 28.52891922 20.16102600
v 13.59533978 28.52891922 20.33372307
v 13.66819096 30.34064674 20.05709267
v 14.19522476 30.34064674 20.16723061
v 14.22170734 32.16672516 19.99719238
v 14.73964977 32.16672516 20.05072975
v 8.34721088 18.35053825 21.82634735
v 9.66221237 19.93080330 21.74411964
v 10.82958698 21.56625557 21.55658150
v 11.85058784 23.25047874 21.30093193
v 12.73367405 24.97686958 21.01169968
v 13.49374771 26.73865318 20.71948433
v 14.15120316 28.52891922 20.44988251
v 14.73079109 30.34064674 20.22258949
v 15.26035023 32.16672516 20.05072975
v 9.08436298 18.35053825 22.47421265
v 10.38394165 19.93080330 22.25720978
v 11.52584457 21.56625557 21.95063782
v 12.51514816 23.25047874 21.59136200
v 13.36381435 24.97686958 21.21286011
v 14.08981419 26.73865318 20.84404373
v 14.71606445 28.52891922 20.50827026
v 15.26920891 30.34064674 20.22258949
v 15.77829170 32.16672516 19.99719238
v 15.76945210 34.00000000 19.94043922
v 15.84431744 34.00000000 19.92479515
v 10.73831177 18.35053825 23.52623177
v 11.63757420 18.35053825 23.91923141
v 11.96602154 19.93080330 23.04798698
v 12.80960464 19.93080330 23.31728935
v 13.02107048 21.56625557 22.51431656
v 13.80418777 21.56625557 22.67796516
v 13.91596603 23.25047874 21.96027374
v 14.63737297 23.25047874 22.03484535
v 14.66926384 24.97686958 21.41617966
v 15.33073521 24.97686958 21.41617966
v 15.30447006 26.73865318 20.90665436
v 15.91018581 26.73865318 20.84404373
v 15.84879684 28.52891922 20.44988251
v 16.40466118 28.52891922 20.33372307
v 16.33180809 30.34064674 20.05709267
v 16.84472466 30.34064674 19.89335442
v 16.78402138 32.16672516 19.73232841
v 17.26114655 32.16672516 19.52381325
v 12.57248020 18.35053825 24.21768761
v 13.67640495 19.93080330 23.49842262
v 14.59998226 21.56625557 22.76022530
v 15.36262608 23.25047874 22.03484535
v 15.98869991 24.97686958 21.34816742
v 16.50625038 26.73865318 20.71948433
v 16.94563484 28.52891922 20.16102600
v 17.33808708 30.34064674 19.67774200
v 17.71430588 32.16672516 19.26734161
v 13.53311825 18.35053825 24.41843224
v 14.55723667 19.93080330 23.58947372
v 15.40001678 21.56625557 22.76022530
v 16.08403397 23.25047874 21.96027374
v 16.63618469 24.97686958 21.21286011
v 17.08635139 26.73865318 20.53429604
v 17.46598244 28.52891922 19.93361855
v 17.80666542 30.34064674 19.41254425
v 18.13869286 32.16672516 18.96563530
v 18.10304642 34.00000000 18.92059898
v 18.13960075 34.00000000 18.88847351
v 15.49069405 18.35053825 24.51933861
v 16.46688271 18.35053825 24.41843224
v 16.32359505 19.93080330 23.49842262
v 17.19039536 19.93080330 23.31728935
v 16.97892952 21.56625557 22.51431656
v 17.74106979 21.56625557 22.27101517
v 17.48485184 23.25047874 21.59136200
v 18.14941216 23.25047874 21.30093193
v 17.87244415 24.97686958 20.74681091
v 18.44811058 24.97686958 20.42100334
v 18.17428970 26.73865318 19.99050713
v 18.67059326 26.73865318 19.63767433
v 18.42302513 28.52891922 19.32488060
v 18.84957123 28.52891922 18.94999886
v 18.64991570 30.34064674 18.74513626
v 19.01564980 30.34064674 18.34999847
v 18.88350677 32.16672516 18.23975945
v 19.19603920 32.16672516 17.82328224
v 17.42751884 18.35053825 24.21768761
v 18.03397751 19.93080330 23.04798698
v 18.47415352 21.56625557 21.95063782
v 18.78058815 23.25047874 20.94371223
v 18.98722839 24.97686958 20.03773308
v 19.12798882 26.73865318 19.23567963
v 19.23530960 28.52891922 18.53324509
v 19.33881569 30.34064674 17.91934776
v 19.46409225 32.16672516 17.37687683
v 18.36242485 18.35053825 23.91923141
v 18.84539986 19.93080330 22.69337463
v 19.17041206 21.56625557 21.55658150
v 19.37168884 23.25047874 20.52348518
v 19.48408127 24.97686958 19.60106277
v 19.54162598 26.73865318 18.78878593
v 19.57615471 28.52891922 18.07904053
v 19.61598969 30.34064674 17.45775414
v 19.68482590 32.16672516 16.90527725
v 19.63162041 34.00000000 16.88364029
v 19.63847160 34.00000000 16.86394310
v 19.26168823 18.35053825 23.52623177
v 20.11577606 18.35053825 23.04285049
v 19.61605835 19.93080330 22.25720978
v 20.33778572 19.93080330 21.74411964
v 19.82246399 21.56625557 21.09302521
v 20.42339325 21.56625557 20.56488037
v 19.91644859 23.25047874 20.04470825
v 20.40909195 23.25047874 19.51245499
v 19.93340111 24.97686958 19.11561775
v 20.33042526 24.97686958 18.58654785
v 19.90712166 26.73865318 18.30173111
v 20.22060204 26.73865318 17.77967644
v 19.86849022 28.52891922 17.59219551
v 20.10921669 28.52891922 17.07787514
v 19.84423447 30.34064674 16.97010803
v 20.02112579 30.34064674 16.46157646
v 19.85589790 32.16672516 16.41348076
v 19.97549629 32.16672516 15.90670109
v 20.91563606 18.35053825 22.47421265
v 21.00293350 19.93080330 21.15953636
v 20.96683693 21.56625557 19.97774887
v 20.84439850 23.25047874 18.93237305
v 20.67094421 24.97686958 18.01945877
v 20.47874069 26.73865318 17.22815704
v 20.29578781 28.52891922 16.54152489
v 20.14479446 30.34064674 15.93755150
v 20.04235268 32.16672516 15.39030933
v 19.98508644 34.00000000 15.38587761
v 19.98956490 34.00000000 15.21205235
v 21.65278816 18.35053825 21.82634735
v 22.31942177 18.35053825 21.10612106
v 21.60444641 19.93080330 20.50966454
v 22.13595009 19.93080330 19.80138588
v 21.44702911 21.56625557 19.33784866
v 21.85888100 21.56625557 18.65196800
v 21.21775246 23.25047874 18.31060219
v 21.52519608 23.25047874 17.65374184
v 20.95135307 24.97686958 17.42036247
v 21.16867256 24.97686958 16.79561043
v 20.67880249 26.73865318 16.65301704
v 20.81867027 26.73865318 16.06035614
v 20.42622185 28.52891922 15.98883820
v 20.49913406 28.52891922 15.42566681
v 20.21392632 30.34064674 15.40359020
v 20.22779083 30.34064674 14.86534977
v 20.05575943 32.16672516 14.86978149
v 20.01557541 32.16672516 14.35063267
v 22.90846443 18.35053825 20.32116890
v 22.59181213 19.93080330 19.04221344
v 22.19802666 21.56625557 17.92737389
v 21.76347351 23.25047874 16.96874809
v 21.32060623 24.97686958 16.15182495
v 20.89685822 26.73865318 15.45645428
v 20.51375580 28.52891922 14.85798550
v 20.18623734 30.34064674 14.32853794
v 19.92222214 32.16672516 13.83836842
v 23.41367722 18.35053825 19.47980690
v 22.96720123 19.93080330 18.24019051
v 22.46087265 21.56625557 17.17175102
v 21.93005562 23.25047874 16.26288795
v 21.40553665 24.97686958 15.49582863
v 20.91253662 26.73865318 14.84771347
v 20.46993065 28.52891922 14.29180813
v 20.08970833 30.34064674 13.79884243
v 19.77669525 32.16672516 13.33841705
v 23.82970047 18.35053825 18.59096336
v 23.25813293 19.93080330 17.40382195
v 22.64463043 21.56625557 16.39310646
v 22.02317619 23.25047874 15.54363823
v 21.42256927 24.97686958 14.83457756
v 20.86554146 26.73865318 14.24058819
v 20.36812210 28.52891922 13.73313713
v 19.93922806 30.34064674 13.28187943
v 19.58053207 32.16672516 12.85607910
v 19.52851105 34.00000000 12.88042736
v 19.45987129 34.00000000 12.75151443
v 24.37754250 18.35053825 16.70889854
v 24.50354958 18.35053825 15.73563385
v 23.57522774 19.93080330 15.66377640
v 23.59802628 19.93080330 14.77854538
v 22.76795197 21.56625557 14.79992485
v 22.70620918 21.56625557 14.00227642
v 21.98587799 23.25047874 14.09553719
v 21.85585403 23.25047874 13.38203621
v 21.25292969 24.97686958 13.52432537
v 21.06805801 24.97686958 12.88921356
v 20.58617973 26.73865318 13.05683613
v 20.35677338 26.73865318 12.49275875
v 19.99547768 28.52891922 12.66186428
v 19.72859192 28.52891922 12.16061592
v 19.48334694 30.34064674 12.30787849
v 19.18277931 30.34064674 11.86116409
v 19.04513741 32.16672516 11.96445370
v 18.71157837 32.16672516 11.56461716
v 24.52881813 18.35053825 14.75457096
v 23.52968597 19.93080330 13.89566040
v 22.56278038 21.56625557 13.21520424
v 21.65315628 23.25047874 12.68568611
v 20.81886292 24.97686958 12.27647686
v 20.07058716 26.73865318 11.95525837
v 19.41158104 28.52891922 11.68946743
v 18.83787155 30.34064674 11.44772434
v 18.33867836 32.16672516 11.20119762
v 24.45307922 18.35053825 13.77610970
v 23.37092972 19.93080330 13.02448273
v 22.33917999 21.56625557 12.44705200
v 21.37993431 23.25047874 12.01386738
v 20.50798798 24.97686958 11.69261169
v 19.73064804 26.73865318 11.45003319
v 19.04780579 28.52891922 11.25341034
v 18.45228195 30.34064674 11.07193756
v 17.93038559 32.16672516 10.87804508
v 17.89710426 34.00000000 10.92485809
v 17.79735374 34.00000000 10.86141109
v 24.00284958 18.35053825 11.86834049
v 23.63313293 18.35053825 10.95925617
v 22.78983688 19.93080330 11.35396290
v 22.37365913 19.93080330 10.57232952
v 21.66178894 21.56625557 10.99978733
v 21.21517372 21.56625557 10.33601761
v 20.63421440 23.25047874 10.77197838
v 20.16962433 23.25047874 10.21507168
v 19.71499252 24.97686958 10.63587284
v 19.24127769 24.97686958 10.17420387
v 18.90446854 26.73865318 10.55743217
v 18.42698479 26.73865318 10.17951584
v 18.19584465 28.52891922 10.50464153
v 17.71669006 28.52891922 10.19986725
v 17.57579041 30.34064674 10.44882298
v 17.09418297 30.34064674 10.20809841
v 17.02527046 32.16672516 10.36578369
v 16.53804016 32.16672516 10.18210602
v 23.17190552 18.35053825 10.09300518
v 21.87931824 19.93080330 9.83762932
v 20.70267677 21.56625557 9.72168732
v 19.65023422 23.25047874 9.70888710
v 18.72260475 24.97686958 9.76368809
v 17.91317368 26.73865318 9.85269928
v 17.20873642 28.52891922 9.94597530
v 16.59037590 30.34064674 10.01816940
v 16.03450775 32.16672516 10.04949760
v 22.62405205 18.35053825 9.27876949
v 21.31205750 19.93080330 9.15765190
v 20.12973022 21.56625557 9.16330719
v 19.08155060 23.25047874 9.25878811
v 18.16447258 24.97686958 9.40867901
v 17.36848450 26.73865318 9.58044434
v 16.67737007 28.52891922 9.74565792
v 16.06970978 30.34064674 9.88105011
v 15.52000999 32.16672516 9.96936703
v 15.51410484 34.00000000 10.02649975
v 15.42383194 34.00000000 10.02184677
v 21.99538040 18.35053825 8.52518082
v 20.67788887 19.93080330 8.53960514
v 19.50240898 21.56625557 8.66679859
v 18.46960068 23.25047874 8.86954880
v 17.57279587 24.97686958 9.11293888
v 16.79868698 26.73865318 9.36563969
v 16.12822342 28.52891922 9.60103798
v 15.53770447 30.34064674 9.79819298
v 13.47942543 34.00000000 10.23682213
v 13.74179268 34.00000000 10.16772747
v 13.97723866 34.00000000 10.10572147
v 14.48589516 34.00000000 10.02649975
v 12.90581608 30.34064674 10.20809841
v 13.32262802 28.52891922 9.74565792
v 13.79017735 26.73865318 9.21055984
v 14.33940601 24.97686958 8.60935307
v 15.00000000 23.25047874 7.95581388
v 15.79897308 21.56625557 7.27065563
v 16.75932693 19.93080330 6.58098030
v 17.89881706 18.35053825 5.91949940
v 11.33057308 34.00000000 11.60363293
v 11.54481030 34.00000000 11.39484119
v 11.69923878 34.00000000 11.24433994
v 12.10289478 34.00000000 10.92485809
v 10.81722164 30.34064674 11.86116409
v 10.95219326 28.52891922 11.25341034
v 11.09553146 26.73865318 10.55743217
v 11.27739334 24.97686958 9.76368809
v 11.53039932 23.25047874 8.86954880
v 11.88826084 21.56625557 7.87973213
v 12.38434505 19.93080330 6.80649853
v 13.05021381 18.35053825 5.66956758
v 10.13367844 34.00000000 13.85156059
v 10.22506714 34.00000000 13.53760338
v 10.27755356 34.00000000 13.35728741
v 10.47148800 34.00000000 12.88042736
v 10.01491165 34.00000000 15.38587761
v 10.01043415 34.00000000 15.21205235
v 10.00165749 34.00000000 14.87125969
v 9.85520554 30.34064674 15.93755150
v 9.50086498 28.52891922 15.42566681
v 9.08746243 26.73865318 14.84771347
v 8.62847996 24.97686958 14.17507839
v 8.14414501 23.25047874 13.38203621
v 7.66081858 21.56625557 12.44705200
v 7.21016455 19.93080330 11.35396290
v 6.82809496 18.35053825 10.09300518
v 10.85161400 34.00000000 17.79121971
v 10.74777126 34.00000000 17.61828423
v 10.58660603 34.00000000 17.34988403
v 10.36837959 34.00000000 16.88364029
v 10.98435020 30.34064674 18.34999847
v 10.42384529 28.52891922 18.07904053
v 9.77939701 26.73865318 17.77967644
v 9.04864693 24.97686958 17.42036247
v 8.23652554 23.25047874 16.96874809
v 7.35536957 21.56625557 16.39310646
v 6.42477274 19.93080330 15.66377640
v 5.47118092 18.35053825 14.75457096
v 12.76453018 34.00000000 19.47243500
v 12.56475258 34.00000000 19.35936928
v 12.31651878 34.00000000 19.21887779
v 11.89695168 34.00000000 18.92059898
v 13.15527439 30.34064674 19.89335442
v 12.53401566 28.52891922 19.93361855
v 11.82571030 26.73865318 19.99050713
v 11.01277065 24.97686958 20.03773308
v 10.08355141 23.25047874 20.04470825
v 9.03316212 21.56625557 19.97774887
v 7.86404848 19.93080330 19.80138588
v 6.58632326 18.35053825 19.47980690
v 15.25739288 34.00000000 19.99337006
v 15.00000000 34.00000000 19.99337006
v 14.74260616 34.00000000 19.99337006
v 14.23054695 34.00000000 19.94043922
v 15.80477524 30.34064674 20.16723061
v 15.28393459 28.52891922 20.50827026
v 14.69552898 26.73865318 20.90665436
v 14.01129913 24.97686958 21.34816742
v 13.20604897 23.25047874 21.81192207
v 12.25892925 21.56625557 22.27101517
v 11.15460014 19.93080330 22.69337463
v 9.88422298 18.35053825 23.04285049
v 17.68347931 34.00000000 19.21887779
v 17.43524742 34.00000000 19.35936928
v 17.23546982 34.00000000 19.47243500
v 16.76375961 34.00000000 19.67858315
v 18.24549294 30.34064674 19.10057259
v 17.96019173 28.52891922 19.65391541
v 17.64433479 26.73865318 20.29044151
v 17.26632500 24.97686958 21.01169968
v 16.79394913 23.25047874 21.81192207
v 16.19581223 21.56625557 22.67796516
v 15.44276237 19.93080330 23.58947372
v 14.50930500 18.35053825 24.51933861
v 19.41339302 34.00000000 17.34988403
v 19.25222778 34.00000000 17.61828423
v 19.14838600 34.00000000 17.79121971
v 18.83940125 34.00000000 18.20296669
v 19.91898918 34.00000000 15.89640427
v 19.88224602 34.00000000 16.05209160
v 19.80074883 34.00000000 16.39742851
v 19.99834251 34.00000000 14.87125969
v 19.72244644 34.00000000 13.35728741
v 19.77493286 34.00000000 13.53760338
v 19.86632156 34.00000000 13.85156059
v 19.95861435 34.00000000 14.35800838
v 19.95915031 34.00000000 14.36493778
v 19.73639107 30.34064674 12.78312874
v 20.20940971 28.52891922 13.18789673
v 20.75636864 26.73865318 13.64151192
v 21.37151909 24.97686958 14.17507839
v 22.04184914 23.25047874 14.81862640
v 22.74735260 21.56625557 15.59969425
v 23.46152687 19.93080330 16.54197121
v 24.15212822 18.35053825 17.66405106
v 18.30076027 34.00000000 11.24433994
v 18.45518875 34.00000000 11.39484119
v 18.66942596 34.00000000 11.60363293
v 18.99919701 34.00000000 11.99892807
v 18.03009605 30.34064674 10.73779011
v 18.64112473 28.52891922 10.85706806
v 19.34056282 26.73865318 10.98243904
v 20.13872528 24.97686958 11.14380360
v 21.03908348 23.25047874 11.37370300
v 22.03778458 21.56625557 11.70596123
v 23.12343788 19.93080330 12.17424679
v 24.27713585 18.35053825 12.81062126
v 16.02276039 34.00000000 10.10572147
v 16.25820541 34.00000000 10.16772747
v 16.52057457 34.00000000 10.23682213
v 17.00226974 34.00000000 10.41841507
v 10.12509060 34.26448822 19.29082680
v 10.18819237 34.26448822 19.36995697
v 10.78651428 34.26448822 19.94939804
v 10.92173386 34.26448822 20.05031395
v 11.45402241 34.26448822 20.44757271
v 11.83651638 34.26448822 20.66298866
v 12.17975521 34.26448822 20.85629654
v 12.83712769 34.26448822 21.12243652
v 8.65040588 34.26448822 16.36868477
v 8.66296864 34.26448822 16.44638634
v 8.89995480 34.26448822 17.24487114
v 8.97736359 34.26448822 17.41974068
v 9.23710442 34.26448822 18.00649834
v 9.47634697 34.26448822 18.40115547
v 9.66888046 34.26448822 18.71875954
v 8.78807354 34.26448822 13.09781361
v 8.76865864 34.26448822 13.15056992
v 8.58331871 34.26448822 13.96260071
v 8.56279278 34.26448822 14.17536259
v 8.50333881 34.26448822 14.79166508
v 8.51885319 34.26448822 15.27545071
v 8.53003597 34.26448822 15.62414932
v 10.50374413 34.26448822 10.30886745
v 10.47806263 34.26448822 10.33072948
v 9.91809559 34.26448822 10.94731617
v 9.78292370 34.26448822 11.14109516
v 9.44157124 34.26448822 11.63044739
v 9.20726871 34.26448822 12.07956409
v 9.05631733 34.26448822 12.36890793
v 14.44952679 34.26448822 8.53534126
v 14.16879845 34.26448822 8.55336571
v 13.36227798 34.26448822 8.71043491
v 13.35124493 34.26448822 8.71258354
v 12.56076431 34.26448822 8.97504044
v 12.32760620 34.26448822 9.08732414
v 11.81033516 34.26448822 9.33642864
v 11.36691666 34.26448822 9.62506199
v 11.11228085 34.26448822 9.79081154
v 16.63772011 34.26448822 8.71043491
v 15.83120060 34.26448822 8.55336571
v 15.55047321 34.26448822 8.53534126
v 15.00000000 34.26448822 8.50000000
v 16.64875412 34.26448822 8.71258354
v 17.43923569 34.26448822 8.97504044
v 17.67239380 34.26448822 9.08732414
v 18.18966293 34.26448822 9.33642864
v 18.63308334 34.26448822 9.62506199
v 18.88771820 34.26448822 9.79081154
v 19.49625397 34.26448822 10.30886745
v 20.21707535 34.26448822 11.14109516
v 20.08190346 34.26448822 10.94731617
v 19.52193642 34.26448822 10.33072948
v 21.21192551 34.26448822 13.09781361
v 20.94368172 34.26448822 12.36890793
v 20.79273033 34.26448822 12.07956409
v 20.55842781 34.26448822 11.63044739
v 21.23134041 34.26448822 13.15056992
v 21.41668129 34.26448822 13.96260071
v 21.43720627 34.26448822 14.17536259
v 21.49666023 34.26448822 14.79166508
v 21.48114586 34.26448822 15.27545071
v 21.46996307 34.26448822 15.62414932
v 21.34959412 34.26448822 16.36868477
v 21.02263641 34.26448822 17.41974068
v 21.10004425 34.26448822 17.24487114
v 21.33703041 34.26448822 16.44638634
v 19.87490845 34.26448822 19.29082680
v 20.33111763 34.26448822 18.71875954
v 20.52365303 34.26448822 18.40115547
v 20.76289368 34.26448822 18.00649834
v 19.81180763 34.26448822 19.36995697
v 19.21348381 34.26448822 19.94939804
v 19.07826614 34.26448822 20.05031395
v 18.54597664 34.26448822 20.44757271
v 18.16348267 34.26448822 20.66298866
v 17.82024384 34.26448822 20.85629654
v 17.16287231 34.26448822 21.12243652
v 16.09751511 34.26448822 21.39883041
v 16.24253082 34.26448822 21.38013458
v 17.04820251 34.26448822 21.16886139
v 12.95179558 34.26448822 21.16886139
v 13.75746822 34.26448822 21.38013458
v 13.90248394 34.26448822 21.39883041
v 14.58354282 34.26448822 21.48664284
v 15.00000000 34.26448822 21.48664284
v 15.41645622 34.26448822 21.48664284
v 15.89733696 35.86603546 7.75328016
v 15.93336868 35.86603546 7.76001549
v 15.90402794 35.66223907 7.98853111
v 16.78107262 35.86603546 7.91847897
v 16.85094261 35.86603546 7.94070578
v 16.79321289 35.66223907 8.16169930
v 17.63780975 35.86603546 8.19102669
v 17.73773766 35.86603546 8.23699951
v 17.65295219 35.66223907 8.44715309
v 18.45455933 35.86603546 8.56679153
v 18.57926750 35.86603546 8.64400673
v 18.46913338 35.66223907 8.84020329
v 21.08701897 35.86603546 10.96659470
v 21.23375702 35.86603546 11.22075367
v 21.04543877 35.66223907 11.33521843
v 21.53654099 35.86603546 11.74518871
v 21.66524506 35.86603546 12.04926300
v 21.46444893 35.66223907 12.13838005
v 21.88697433 35.86603546 12.57312298
v 21.98738480 35.86603546 12.92602253
v 21.77731133 35.66223907 12.98852921
v 22.13300896 35.86603546 13.43784714
v 22.19492149 35.86603546 13.83669281
v 21.97889137 35.66223907 13.87170696
v 14.55047798 35.86603546 22.28821564
v 14.53229046 35.86603546 22.28596497
v 14.54705429 35.66223907 22.05498505
v 13.65824890 35.86603546 22.17773438
v 13.60492325 35.86603546 22.16432190
v 13.64860249 35.66223907 21.93914223
v 12.78635883 35.86603546 21.95844460
v 12.70089245 35.86603546 21.92533302
v 12.77233982 35.66223907 21.70935822
v 11.94802570 35.86603546 21.63367271
v 11.83495998 35.86603546 21.57295799
v 11.93265438 35.66223907 21.36940765
v 11.15595722 35.86603546 21.20833969
v 11.02126694 35.86603546 21.11299515
v 11.14333630 35.66223907 20.92487144
v 8.67622566 35.86603546 18.65103340
v 8.53722954 35.86603546 18.37188911
v 8.73217773 35.66223907 18.26991844
v 8.27548695 35.86603546 17.84624100
v 8.15964508 35.86603546 17.51750755
v 8.36548805 35.66223907 17.44156075
v 7.97668552 35.86603546 16.99830437
v 7.89426470 35.86603546 16.62195969
v 8.10773754 35.66223907 16.57311440
v 7.78435040 35.86603546 16.12007523
v 7.74541473 35.86603546 15.69989300
v 7.96315813 35.66223907 15.67883587
v 18.20139313 34.57278442 9.31559944
v 17.44820595 34.57278442 8.95288372
v 17.47490311 34.87371063 8.88694191
v 18.90201569 34.57278442 9.77165413
v 19.53856659 34.57278442 10.31355762
v 20.96553802 34.57278442 12.35923195
v 21.25425720 34.57278442 13.14376831
v 21.44027901 34.57278442 13.95878601
v 21.52055168 34.57278442 14.79089832
v 21.12247849 34.57278442 17.25312805
v 20.78408813 34.57278442 18.01755524
v 19.22897911 34.57278442 19.96759987
v 16.24710083 34.57278442 21.40359688
v 10.77101898 34.57278442 19.96759987
v 9.64927483 34.57278442 18.73243332
v 8.87752151 34.57278442 17.25312805
v 8.47944736 34.57278442 14.79089832
v 8.74574280 34.57278442 13.14376831
v 9.42113018 34.57278442 11.61805630
v 10.46143246 34.57278442 10.31355762
v 11.79860497 34.57278442 9.31559944
v 13.34518242 34.57278442 8.68946171
v 14.16574097 34.57278442 8.52965641
v 12.55179405 34.57278442 8.95288372
v 11.09798431 34.57278442 9.77165413
v 9.89940548 34.57278442 10.93241215
v 9.03445911 34.57278442 12.35923195
v 8.55972099 34.57278442 13.95878601
v 8.50624180 34.57278442 15.62644577
v 11.44098186 34.57278442 20.46760559
v 12.16938305 34.57278442 20.87783432
v 12.13851643 34.87371063 20.94193077
v 13.75289917 34.57278442 21.40359688
v 14.58201218 34.57278442 21.51049995
v 15.41798782 34.57278442 21.51049995
v 17.05573463 34.57278442 21.19154930
v 17.83061600 34.57278442 20.87783432
v 18.55901718 34.57278442 20.46760559
v 19.82950211 34.57278442 19.38602638
v 20.35072517 34.57278442 18.73243332
v 21.36033630 34.57278442 16.45170593
v 21.49375725 34.57278442 15.62644577
v 20.10059357 34.57278442 10.93241215
v 16.65481758 34.57278442 8.68946171
v 15.83425903 34.57278442 8.52965641
v 12.88508034 35.16007233 21.36980057
v 12.92184639 34.87371063 21.25906563
v 12.94426441 34.57278442 21.19154930
v 16.70245743 35.16007233 8.50778484
v 16.67286301 34.87371063 8.62064552
v 13.68651962 35.42502594 21.74443817
v 13.71699524 35.16007233 21.58795357
v 13.73929977 34.87371063 21.47342682
v 15.87866211 35.42502594 8.18526363
v 15.85827541 35.16007233 8.34337997
v 15.84335613 34.87371063 8.45909977
v 14.55976391 35.42502594 21.85703087
v 14.56997776 35.16007233 21.69793320
v 14.57745361 34.87371063 21.58149529
v 15.00000000 35.66223907 7.93049002
v 15.00000000 35.42502594 8.12885189
v 15.00000000 35.16007233 8.28827667
v 15.00000000 34.87371063 8.40495396
v 15.00000000 34.57278442 8.47609520
v 9.76659775 35.66223907 19.75283813
v 9.20178413 35.66223907 19.04458427
v 9.36447430 35.42502594 18.93109894
v 19.91813469 35.66223907 9.92162132
v 20.52716446 35.66223907 10.59223270
v 20.37207985 35.42502594 10.71590900
v 14.09597015 35.66223907 7.98853111
v 14.06663132 35.86603546 7.76001549
v 14.10266113 35.86603546 7.75328016
v 14.15664387 34.87371063 8.45909977
v 14.14172363 35.16007233 8.34337997
v 14.12133694 35.42502594 8.18526363
v 15.00000000 35.86603546 7.69793367
v 13.20678616 35.66223907 8.16169930
v 13.14905548 35.86603546 7.94070578
v 13.21892548 35.86603546 7.91847897
v 13.32713699 34.87371063 8.62064552
v 13.29753971 35.16007233 8.50778484
v 13.25710106 35.42502594 8.35357285
v 12.34704590 35.66223907 8.44715309
v 12.26226234 35.86603546 8.23699951
v 12.36218929 35.86603546 8.19102669
v 12.52509689 34.87371063 8.88694191
v 12.48131180 35.16007233 8.77879047
v 12.42148495 35.42502594 8.63101673
v 11.53086662 35.66223907 8.84020329
v 11.42073154 35.86603546 8.64400673
v 11.54543972 35.86603546 8.56679153
v 11.76369572 34.87371063 9.25361347
v 11.70643997 35.16007233 9.15195084
v 11.62820721 35.42502594 9.01303959
v 10.77165222 35.66223907 9.33439827
v 10.63819790 35.86603546 9.15503502
v 10.78105736 35.86603546 9.04007626
v 11.05543423 34.87371063 9.71464062
v 10.98564720 35.16007233 9.62113380
v 10.89029408 35.42502594 9.49336815
v 10.08186531 35.66223907 9.92162132
v 9.92743397 35.86603546 9.76169682
v 10.08063030 35.86603546 9.60370827
v 10.41194153 34.87371063 10.26245308
v 10.33077145 35.16007233 10.17863750
v 10.21986198 35.42502594 10.06411457
v 9.47283363 35.66223907 10.59223270
v 9.30003643 35.86603546 10.45404911
v 9.45477581 35.86603546 10.24914169
v 9.84378529 34.87371063 10.88805580
v 9.75256348 35.16007233 10.81530952
v 9.62791920 35.42502594 10.71590900
v 8.95456028 35.66223907 11.33521843
v 8.76624107 35.86603546 11.22075367
v 8.91298103 35.86603546 10.96659470
v 9.36029434 34.87371063 11.58117676
v 9.26051807 35.16007233 11.52069187
v 9.12418747 35.42502594 11.43804741
v 8.53555107 35.66223907 12.13838005
v 8.33475494 35.86603546 12.04926300
v 8.46345901 35.86603546 11.74518871
v 8.96940708 34.87371063 12.33043480
v 8.86271477 35.16007233 12.28320599
v 8.71693516 35.42502594 12.21867371
v 8.22268772 35.66223907 12.98852921
v 8.01261520 35.86603546 12.92602253
v 8.11302471 35.86603546 12.57312298
v 8.67754173 34.87371063 13.12352753
v 8.56568623 35.16007233 13.09032917
v 8.41285133 35.42502594 13.04496861
v 8.02110863 35.66223907 13.87170696
v 7.80507660 35.86603546 13.83669281
v 7.86698961 35.86603546 13.43784714
v 8.48949146 34.87371063 13.94743061
v 8.37430954 35.16007233 13.92880917
v 8.21692657 35.42502594 13.90336514
v 7.70139742 35.86603546 15.22486782
v 7.71552277 35.86603546 14.76638317
v 7.93412256 35.66223907 14.77341080
v 7.72908306 35.86603546 14.32625008
v 8.40834236 34.87371063 14.78861809
v 8.29172516 35.16007233 14.78487778
v 8.13238144 35.42502594 14.77976894
v 8.43542862 34.87371063 15.63327599
v 8.31929016 35.16007233 15.64447975
v 8.16060257 35.42502594 15.65978909
v 8.63966370 34.57278442 16.45170593
v 8.57030582 34.87371063 16.46753502
v 8.45655346 35.16007233 16.49349976
v 8.30112553 35.42502594 16.52897263
v 8.81075764 34.87371063 17.27769661
v 8.70125961 35.16007233 17.31799316
v 8.55164433 35.42502594 17.37305260
v 9.04939079 35.16007233 18.10442924
v 8.90804482 35.42502594 18.17816925
v 9.02085686 35.86603546 19.17113304
v 10.42216110 35.86603546 20.68889618
v 10.27308941 35.86603546 20.55299950
v 10.41734219 35.66223907 20.38304901
v 9.91343975 35.42502594 19.61948013
v 9.49523067 35.16007233 18.83988762
v 9.15283680 34.87371063 18.05046082
v 9.75775909 35.86603546 20.08321571
v 9.60264111 35.86603546 19.90216064
v 9.17282486 35.86603546 19.40047836
v 10.54592609 35.42502594 20.23200607
v 10.03145885 35.16007233 19.51229668
v 9.59092617 34.87371063 18.77313423
v 9.21591091 34.57278442 18.01755524
v 11.25154877 35.42502594 20.75862694
v 10.64927006 35.16007233 20.11061478
v 10.11783218 34.87371063 19.43385506
v 12.01871967 35.42502594 21.19068909
v 11.33852100 35.16007233 20.62501335
v 10.72490406 34.87371063 20.02177048
v 10.17049694 34.57278442 19.38602638
v 12.83484459 35.42502594 21.52110291
v 12.08789253 35.16007233 21.04705429
v 11.40217209 34.87371063 20.52722931
v 15.45294476 35.66223907 22.05498505
v 15.46770859 35.86603546 22.28596497
v 15.44952106 35.86603546 22.28821564
v 15.42254543 34.87371063 21.58149529
v 15.43002129 35.16007233 21.69793320
v 15.44023609 35.42502594 21.85703087
v 16.35139847 35.66223907 21.93914223
v 16.39507484 35.86603546 22.16432190
v 16.34175110 35.86603546 22.17773438
v 16.26070023 34.87371063 21.47342682
v 16.28300285 35.16007233 21.58795357
v 16.31347847 35.42502594 21.74443817
v 17.22766113 35.66223907 21.70935822
v 17.29910851 35.86603546 21.92533302
v 17.21364021 35.86603546 21.95844460
v 17.07815170 34.87371063 21.25906563
v 17.11491776 35.16007233 21.36980057
v 17.16515350 35.42502594 21.52110291
v 18.06734467 35.66223907 21.36940765
v 18.16503906 35.86603546 21.57295799
v 18.05197525 35.86603546 21.63367271
v 17.86148262 34.87371063 20.94193077
v 17.91210747 35.16007233 21.04705429
v 17.98127937 35.42502594 21.19068909
v 18.85666275 35.66223907 20.92487144
v 18.97873306 35.86603546 21.11299515
v 18.84404182 35.86603546 21.20833969
v 18.59782600 34.87371063 20.52722931
v 18.66147804 35.16007233 20.62501335
v 18.74845123 35.42502594 20.75862694
v 19.58265686 35.66223907 20.38304901
v 19.72690964 35.86603546 20.55299950
v 19.57783890 35.86603546 20.68889618
v 19.27509499 34.87371063 20.02177048
v 19.35072899 35.16007233 20.11061478
v 19.45407295 35.42502594 20.23200607
v 20.23340225 35.66223907 19.75283813
v 20.39735794 35.86603546 19.90216064
v 20.24224091 35.86603546 20.08321571
v 19.88216591 34.87371063 19.43385506
v 19.96854019 35.16007233 19.51229668
v 20.08656120 35.42502594 19.61948013
v 20.79821587 35.66223907 19.04458427
v 20.97914314 35.86603546 19.17113304
v 20.82717514 35.86603546 19.40047836
v 20.40907288 34.87371063 18.77313423
v 20.50476837 35.16007233 18.83988762
v 20.63552475 35.42502594 18.93109894
v 21.26782227 35.66223907 18.26991844
v 21.46277046 35.86603546 18.37188911
v 21.32377434 35.86603546 18.65103340
v 20.84716225 34.87371063 18.05046082
v 20.95060730 35.16007233 18.10442924
v 21.09195518 35.42502594 18.17816925
v 21.63451195 35.66223907 17.44156075
v 21.84035492 35.86603546 17.51750755
v 21.72451210 35.86603546 17.84624100
v 21.18924332 34.87371063 17.27769661
v 21.29874039 35.16007233 17.31799316
v 21.44835472 35.42502594 17.37305260
v 21.89226151 35.66223907 16.57311440
v 22.10573387 35.86603546 16.62195969
v 22.02331352 35.86603546 16.99830437
v 21.42969322 34.87371063 16.46753502
v 21.54344749 35.16007233 16.49349976
v 21.69887352 35.42502594 16.52897263
v 22.03684044 35.66223907 15.67883587
v 22.25458527 35.86603546 15.69989300
v 22.21564865 35.86603546 16.12007523
v 21.56456947 34.87371063 15.63327599
v 21.68070984 35.16007233 15.64447975
v 21.83939743 35.42502594 15.65978909
v 22.27091599 35.86603546 14.32625008
v 22.28447533 35.86603546 14.76638317
v 22.06587791 35.66223907 14.77341080
v 22.29860306 35.86603546 15.22486782
v 21.59165573 34.87371063 14.78861809
v 21.70827484 35.16007233 14.78487778
v 21.86761856 35.42502594 14.77976894
v 21.51050758 34.87371063 13.94743061
v 21.62569046 35.16007233 13.92880917
v 21.78307343 35.42502594 13.90336514
v 21.32245636 34.87371063 13.12352753
v 21.43431282 35.16007233 13.09032917
v 21.58714867 35.42502594 13.04496861
v 21.03059196 34.87371063 12.33043480
v 21.13728333 35.16007233 12.28320599
v 21.28306389 35.42502594 12.21867371
v 20.73948097 35.16007233 11.52069187
v 20.87581253 35.42502594 11.43804741
v 20.69996262 35.86603546 10.45404911
v 19.21894264 35.86603546 9.04007626
v 19.36180115 35.86603546 9.15503502
v 19.22834587 35.66223907 9.33439827
v 19.78013611 35.42502594 10.06411457
v 20.24743652 35.16007233 10.81530952
v 20.63970375 34.87371063 11.58117676
v 19.91936874 35.86603546 9.60370827
v 20.07256508 35.86603546 9.76169682
v 20.54522324 35.86603546 10.24914169
v 19.10970497 35.42502594 9.49336815
v 19.66922760 35.16007233 10.17863750
v 20.15621376 34.87371063 10.88805580
v 20.57886887 34.57278442 11.61805630
v 18.37179184 35.42502594 9.01303959
v 19.01435089 35.16007233 9.62113380
v 19.58805656 34.87371063 10.26245308
v 17.57851410 35.42502594 8.63101673
v 18.29356003 35.16007233 9.15195084
v 18.94456482 34.87371063 9.71464062
v 16.74289894 35.42502594 8.35357285
v 17.51868820 35.16007233 8.77879047
v 18.23630333 34.87371063 9.25361347
v 15.53022957 39.00000000 8.77304554
v 15.76923752 39.00000000 8.78778648
v 15.80470943 38.97589874 8.50132942
v 21.24996948 39.00000000 15.26529121
v 21.18557739 39.00000000 15.96017933
v 21.47080803 38.97589874 16.00445366
v 21.10759735 39.00000000 16.31624794
v 21.02069855 39.00000000 16.71303558
v 21.29832649 38.97589874 16.79202652
v 16.05726433 39.00000000 21.16458511
v 15.38535023 39.00000000 21.24778557
v 15.40311909 38.97589874 21.53588295
v 15.00000000 39.00000000 21.24778557
v 14.61464882 39.00000000 21.24778557
v 14.59687996 38.97589874 21.53588295
v 11.06798363 39.00000000 19.86976814
v 10.50611687 39.00000000 19.35756111
v 10.29889488 38.97589874 19.55849648
v 9.19739914 39.00000000 17.33195686
v 8.97930050 39.00000000 16.71303558
v 8.70167351 38.97589874 16.79202652
v 9.41218853 39.00000000 12.18280220
v 9.78193474 39.00000000 11.54238319
v 9.54131889 38.97589874 11.38294697
v 11.49836922 39.00000000 9.81965923
v 12.03859615 39.00000000 9.48516464
v 11.90203953 38.97589874 9.23086548
v 13.42361069 39.00000000 8.94517231
v 13.47318268 39.00000000 8.92940235
v 13.40277863 38.97589874 8.64947605
v 21.51144218 36.05822754 18.75938225
v 21.92407417 36.05822754 17.93070793
v 22.09151840 36.28369904 18.00158310
v 15.92396736 36.05822754 7.53822041
v 20.06535912 36.05822754 9.44356251
v 20.70978928 36.05822754 10.10815144
v 21.26766396 36.05822754 10.84689617
v 21.73052406 36.05822754 11.64859581
v 22.09135818 36.05822754 12.50110054
v 22.34469604 36.05822754 13.39148617
v 22.48669434 36.05822754 14.30625534
v 21.00010681 36.05822754 19.53106880
v 20.39781189 36.05822754 20.23406792
v 19.71369362 36.05822754 20.85772514
v 18.95812225 36.05822754 21.39258385
v 18.14254761 36.05822754 21.83053970
v 17.27933502 36.05822754 22.16494751
v 16.38156891 36.05822754 22.39074516
v 15.46286106 36.05822754 22.50450706
v 13.61843014 36.05822754 22.39074516
v 12.72066498 36.05822754 22.16494751
v 11.85745239 36.05822754 21.83053970
v 11.04187775 36.05822754 21.39258385
v 7.51330566 36.05822754 14.30625534
v 7.65530396 36.05822754 13.39148617
v 7.90864038 36.05822754 12.50110054
v 8.26947498 36.05822754 11.64859581
v 8.73233700 36.05822754 10.84689617
v 9.29021072 36.05822754 10.10815144
v 9.93463898 36.05822754 9.44356251
v 10.65585232 36.05822754 8.86320496
v 11.44291973 36.05822754 8.37587357
v 12.28390694 36.05822754 7.98895788
v 13.16606903 36.05822754 7.70832157
v 14.07603073 36.05822754 7.53822041
v 7.57021284 36.05822754 16.15331459
v 7.76825571 36.05822754 17.05760956
v 8.07592487 36.05822754 17.93070793
v 8.48855591 36.05822754 18.75938225
v 8.99989319 36.05822754 19.53106880
v 9.60218716 36.05822754 20.23406792
v 10.28630543 36.05822754 20.85772514
v 22.23174286 36.05822754 17.05760956
v 22.42978668 36.05822754 16.15331459
v 19.34414673 36.05822754 8.86320496
v 18.55708122 36.05822754 8.37587357
v 17.71609116 36.05822754 7.98895788
v 16.83393097 36.05822754 7.70832157
v 14.05368614 36.28369904 7.35777330
v 15.00000000 36.28369904 7.29940653
v 15.00000000 36.05822754 7.48123169
v 22.54312134 36.53620148 17.14620399
v 22.40662575 36.28369904 17.10736847
v 14.03624725 36.53620148 7.21693754
v 15.00000000 36.53620148 7.15749502
v 22.84659767 36.80874634 16.21801758
v 22.74969292 36.53620148 16.20297432
v 22.60945892 36.28369904 16.18120575
v 14.02419662 36.80874634 7.11961365
v 15.00000000 36.80874634 7.05942869
v 22.98828506 37.09378052 15.24611664
v 22.93680573 36.80874634 15.24452972
v 22.83878517 36.53620148 15.24151039
v 22.69693947 36.28369904 15.23713970
v 22.51520157 36.05822754 15.23154068
v 14.01786709 37.09378052 7.06849909
v 15.00000000 37.09378052 7.00792313
v 22.96148682 37.38340759 14.26225853
v 22.95798492 37.09378052 14.26258373
v 22.90669823 36.80874634 14.26733685
v 22.80904961 36.53620148 14.27638435
v 22.66774368 36.28369904 14.28947830
v 22.76694870 37.66960907 13.29901123
v 22.81048393 37.38340759 13.28947735
v 22.80704689 37.09378052 13.29022980
v 22.75673294 36.80874634 13.30124855
v 22.66093636 36.53620148 13.32222843
v 22.52231216 36.28369904 13.35258770
v 22.41282463 37.94445419 12.38782024
v 22.49904633 37.66960907 12.35743809
v 22.54108047 37.38340759 12.34262562
v 22.53776169 37.09378052 12.34379387
v 22.48918533 36.80874634 12.36091232
v 22.39669228 36.53620148 12.39350605
v 22.26284981 36.28369904 12.44067001
v 21.91412544 38.20032883 11.55717278
v 22.03563309 37.94445419 11.49667072
v 22.11746788 37.66960907 11.45592117
v 22.15736389 37.38340759 11.43605614
v 22.15421295 37.09378052 11.43762493
v 22.10810852 36.80874634 11.46058273
v 22.02032089 36.53620148 11.50429440
v 21.89328957 36.28369904 11.56754971
v 21.29167938 38.43014908 10.83098125
v 21.43863869 38.20032883 10.73360252
v 21.55178833 37.94445419 10.65862751
v 21.62799644 37.66960907 10.60813141
v 21.66514587 37.38340759 10.58351326
v 21.66221237 37.09378052 10.58545685
v 21.61927986 36.80874634 10.61390591
v 21.53753090 36.53620148 10.66807461
v 21.41923332 36.28369904 10.74646187
v 14.07249069 38.43014908 7.50962877
v 15.00000000 38.43014908 7.45242167
v 15.00000000 38.20032883 7.27612734
v 13.08710480 36.53620148 7.39436340
v 13.06318474 36.80874634 7.29925776
v 12.13153458 36.80874634 7.59563780
v 12.11292839 37.09378052 7.54760981
v 11.21899986 37.09378052 7.95888233
v 11.21733570 37.38340759 7.95578384
v 10.38035393 37.38340759 8.47402000
v 10.40610504 37.66960907 8.51039600
v 9.64342690 37.66960907 9.12411976
v 9.70501423 37.94445419 9.19167900
v 9.03137398 37.94445419 9.88639450
v 9.13445282 38.20032883 9.97470665
v 8.56136131 38.20032883 10.73360252
v 8.70832062 38.43014908 10.83098125
v 8.24368572 38.43014908 11.63575459
v 8.43343353 38.62754440 11.73023796
v 7.47768831 36.28369904 13.35258770
v 7.33225584 36.28369904 14.28947830
v 7.19095039 36.53620148 14.27638435
v 7.16121483 36.53620148 15.24151039
v 7.06319427 36.80874634 15.24452972
v 7.15340137 36.80874634 16.21801758
v 7.10250521 37.09378052 16.22591782
v 7.31301546 37.09378052 17.18713570
v 7.30963182 37.38340759 17.18809891
v 7.63681269 37.38340759 18.11656952
v 7.67785501 37.66960907 18.09919739
v 8.11420727 37.66960907 18.97551346
v 8.19337845 37.94445419 18.92980385
v 8.72789574 37.94445419 19.73647308
v 8.83621597 38.20032883 19.65467262
v 9.45493984 38.20032883 20.37685013
v 9.58150387 38.43014908 20.25412369
v 10.26824284 38.43014908 20.88017082
v 10.40113354 38.62754440 20.71502876
v 8.85479355 36.28369904 19.64064407
v 9.47165203 36.28369904 20.36064529
v 9.36977196 36.53620148 20.45943260
v 10.08334732 36.53620148 21.10994148
v 10.02186680 36.80874634 21.18634415
v 10.81982803 36.80874634 21.75120926
v 10.79271317 37.09378052 21.79500008
v 11.65962887 37.09378052 22.26052475
v 11.65815830 37.38340759 22.26372147
v 12.57611370 37.38340759 22.61933708
v 12.58962440 37.66960907 22.57686806
v 13.53900242 37.66960907 22.81564522
v 13.55580044 37.94445419 22.72578239
v 14.51615524 37.94445419 22.84470177
v 14.52451134 38.20032883 22.70922279
v 15.47548866 38.20032883 22.70922279
v 15.46463585 38.43014908 22.53326225
v 16.38686371 38.43014908 22.41906548
v 16.34791565 38.62754440 22.21070480
v 18.21854210 36.28369904 21.99572182
v 19.05383873 36.28369904 21.54717636
v 19.12854576 36.53620148 21.66783142
v 19.91665268 36.53620148 21.10994148
v 19.97813225 36.80874634 21.18634415
v 20.70063019 36.80874634 20.52770233
v 20.73760796 37.09378052 20.56355667
v 21.37781525 37.09378052 19.81630135
v 21.38062286 37.38340759 19.81842232
v 21.92438698 37.38340759 18.99779510
v 21.88579178 37.66960907 18.97551346
v 22.32214355 37.66960907 18.09919739
v 22.23795700 37.94445419 18.06356430
v 22.55957413 37.94445419 17.15088463
v 22.42901993 38.20032883 17.11373711
v 22.63246536 38.20032883 16.18477631
v 22.45825577 38.43014908 16.15773582
v 22.54399681 38.43014908 15.23242760
v 22.33212852 38.62754440 15.22590065
v 20.57069588 38.62754440 10.22731876
v 20.73166656 38.43014908 10.08940792
v 20.86554718 38.20032883 9.97470665
v 20.96862602 37.94445419 9.88639450
v 21.03804779 37.66960907 9.82691574
v 21.07189369 37.38340759 9.79791927
v 21.06922150 37.09378052 9.80020905
v 21.03010941 36.80874634 9.83371830
v 20.95563698 36.53620148 9.89752293
v 20.84786797 36.28369904 9.98985291
v 13.05062199 37.09378052 7.24930811
v 12.11165810 37.38340759 7.54432964
v 11.23842049 37.66960907 7.99504757
v 10.45892334 37.94445419 8.58501053
v 9.79646015 38.20032883 9.29198837
v 9.26833248 38.43014908 10.08940792
v 8.88502026 38.62754440 10.94806767
v 8.64986038 38.78705597 11.83800602
v 7.73715115 36.28369904 12.44067001
v 7.33906269 36.53620148 13.32222843
v 7.09330177 36.80874634 14.26733685
v 7.01171350 37.09378052 15.24611664
v 7.09902859 37.38340759 16.22645760
v 7.35249805 37.66960907 17.17590141
v 7.76204252 37.94445419 18.06356430
v 8.31093025 38.20032883 18.86193657
v 8.97690296 38.43014908 19.54843140
v 9.73367977 38.62754440 20.10656548
v 10.55270576 38.78705597 20.52666855
v 8.33108997 36.28369904 18.85029602
v 8.74154663 36.53620148 19.72616386
v 9.29936981 36.80874634 20.52770233
v 9.98957634 37.09378052 21.22647095
v 10.79086208 37.38340759 21.79799271
v 11.67678547 37.66960907 22.22323227
v 12.61733818 37.94445419 22.48974991
v 13.58074093 38.20032883 22.59235764
v 14.53536415 38.43014908 22.53326225
v 15.45158577 38.62754440 22.32169342
v 16.30348969 38.78705597 21.97304726
v 17.33445549 36.28369904 22.33821869
v 18.27785492 36.53620148 22.12464333
v 19.18017197 36.80874634 21.75120926
v 20.01042366 37.09378052 21.22647095
v 20.74013329 37.38340759 20.56600571
v 21.34505653 37.66960907 19.79156303
v 21.80661964 37.94445419 18.92980385
v 22.11295700 38.20032883 18.01065636
v 22.25945282 38.43014908 17.06549072
v 22.24879265 38.62754440 16.12522125
v 22.09046936 38.78705597 15.21845436
v 19.77908516 38.78705597 9.75759315
v 19.94196701 38.62754440 9.57892132
v 20.08477020 38.43014908 9.42227268
v 20.20353889 38.20032883 9.29198837
v 20.29498482 37.94445419 9.19167900
v 20.35657310 37.66960907 9.12411976
v 20.38659668 37.38340759 9.09118366
v 20.38422585 37.09378052 9.09378338
v 20.34952927 36.80874634 9.13184738
v 20.28346062 36.53620148 9.20431900
v 20.18785477 36.28369904 9.30919266
v 13.04976463 37.38340759 7.24589634
v 12.12775707 37.66960907 7.58588743
v 11.28166962 37.94445419 8.07558727
v 10.53734875 38.20032883 8.69579792
v 9.91522884 38.43014908 9.42227268
v 9.42930412 38.62754440 10.22731876
v 9.08656311 38.78705597 11.08161449
v 8.88697147 38.90425491 11.95607376
v 8.10671139 36.28369904 11.56754971
v 7.60330677 36.53620148 12.39350605
v 7.24326611 36.80874634 13.30124855
v 7.04201603 37.09378052 14.26258373
v 7.00819683 37.38340759 15.24622440
v 7.14306927 37.66960907 16.21962166
v 7.44042587 37.94445419 17.15088463
v 7.88704300 38.20032883 18.01065636
v 8.46360588 38.43014908 18.77378845
v 9.14605904 38.62754440 19.42069054
v 9.90725231 38.78705597 19.93825912
v 10.71876621 38.90425491 20.32030296
v 7.90848112 36.28369904 18.00158310
v 8.20819092 36.53620148 18.92125320
v 8.66328716 36.80874634 19.78526306
v 9.26239204 37.09378052 20.56355667
v 9.98737144 37.38340759 21.22921181
v 10.81432343 37.66960907 21.76009941
v 11.71499443 37.94445419 22.14018250
v 12.65848732 38.20032883 22.36040306
v 13.61313534 38.43014908 22.41906548
v 14.54841328 38.62754440 22.32169342
v 15.43670273 38.78705597 22.08037949
v 16.25481606 38.90425491 21.71267509
v 16.41497993 36.28369904 22.56947517
v 17.37747574 36.53620148 22.47345161
v 18.31884384 36.80874634 22.21373367
v 19.20728493 37.09378052 21.79500008
v 20.01262856 37.38340759 21.22921181
v 20.70813560 37.66960907 20.53497887
v 21.27210426 37.94445419 19.73647308
v 21.68906784 38.20032883 18.86193657
v 21.95060539 38.43014908 17.94193840
v 22.05557632 38.62754440 17.00748253
v 22.00988197 38.78705597 16.08813286
v 21.82571411 38.90425491 15.21029758
v 18.94558907 38.90425491 9.42622852
v 19.09863281 38.78705597 9.21003532
v 19.23832130 38.62754440 9.01269913
v 19.36079216 38.43014908 8.83969021
v 19.46265030 38.20032883 8.69579792
v 19.54107666 37.94445419 8.58501053
v 19.59389496 37.66960907 8.51039600
v 19.61964607 37.38340759 8.47402000
v 19.61761284 37.09378052 8.47689056
v 19.58785439 36.80874634 8.51893044
v 19.53119469 36.53620148 8.59897232
v 19.44919968 36.28369904 8.71479893
v 14.01743507 37.38340759 7.06500769
v 13.06063461 37.66960907 7.28911781
v 12.16078186 37.94445419 7.67113209
v 11.34588528 38.20032883 8.19517326
v 10.63920784 38.43014908 8.83969021
v 10.05803204 38.62754440 9.57892132
v 9.61290741 38.78705597 10.38462162
v 9.30736732 38.90425491 11.22792530
v 9.13819885 38.97589874 12.08116913
v 8.32914829 38.90425491 13.53906059
v 8.55924225 38.90425491 12.73036480
v 8.30941963 38.78705597 12.64232922
v 8.58076668 36.28369904 10.74646187
v 7.97967815 36.53620148 11.50429440
v 7.51081467 36.80874634 12.36091232
v 7.19295311 37.09378052 13.29022980
v 7.03851318 37.38340759 14.26225853
v 7.05274391 37.66960907 15.24485207
v 7.23340511 37.94445419 16.20559692
v 7.57098055 38.20032883 17.11373711
v 8.04939270 38.43014908 17.94193840
v 8.64717770 38.62754440 18.66780472
v 9.33899784 38.78705597 19.27499008
v 10.09741211 38.90425491 19.75386620
v 10.89471245 38.97589874 20.10165596
v 12.14576817 38.90425491 21.20386696
v 11.40501881 38.90425491 20.80609322
v 11.26557732 38.78705597 21.03129768
v 7.59337187 36.28369904 17.10736847
v 7.77779436 36.53620148 18.05689812
v 8.12326336 36.80874634 18.97028542
v 8.62218475 37.09378052 19.81630135
v 9.25986671 37.38340759 20.56600571
v 10.01531029 37.66960907 21.19449234
v 10.86244965 37.94445419 21.68237495
v 11.77172756 38.20032883 22.01687050
v 12.71193123 38.43014908 22.19240379
v 13.65208530 38.62754440 22.21070480
v 14.56329727 38.78705597 22.08037949
v 15.42039585 38.90425491 21.81599998
v 16.20324707 38.97589874 21.43680573
v 17.85423088 38.90425491 21.20386696
v 17.07021523 38.90425491 21.50759506
v 17.15051460 38.78705597 21.76001167
v 14.53713799 36.05822754 22.50450706
v 15.47405529 36.28369904 22.68598557
v 16.44105721 36.53620148 22.70897102
v 17.40720558 36.80874634 22.56690407
v 18.34037209 37.09378052 22.26052475
v 19.20913696 37.38340759 21.79799271
v 19.98468781 37.66960907 21.19449234
v 20.64250755 37.94445419 20.47134018
v 21.16378403 38.20032883 19.65467262
v 21.53639221 38.43014908 18.77378845
v 21.75540161 38.62754440 17.85931587
v 21.82303047 38.78705597 16.94132042
v 21.74813461 38.90425491 16.04750443
v 21.54519844 38.97589874 15.20165539
v 21.67085266 38.90425491 13.53906059
v 21.79982185 38.90425491 14.36990356
v 22.06357193 38.78705597 14.34546375
v 18.09795952 38.97589874 9.23086548
v 18.23073196 38.90425491 8.98360825
v 18.35604668 38.78705597 8.75024605
v 18.47042847 38.62754440 8.53724003
v 18.57070923 38.43014908 8.35049152
v 18.65411377 38.20032883 8.19517326
v 18.71833038 37.94445419 8.07558727
v 18.76157951 37.66960907 7.99504757
v 18.78266335 37.38340759 7.95578384
v 18.78099823 37.09378052 7.95888233
v 18.75663185 36.80874634 8.00425911
v 18.71023750 36.53620148 8.09065819
v 18.64310074 36.28369904 8.21568394
v 14.19528961 38.97589874 8.50132942
v 14.16080189 38.90425491 8.22280693
v 12.63447952 38.97589874 8.89388847
v 12.53309727 38.90425491 8.63219070
v 13.33432484 38.90425491 8.37730217
v 13.26971722 38.78705597 8.12042141
v 14.12825108 38.78705597 7.95993376
v 14.09853935 38.62754440 7.71999264
v 15.00000000 38.62754440 7.66439247
v 10.58843613 38.97589874 10.16074467
v 11.21656132 38.97589874 9.65529537
v 11.05440998 38.90425491 9.42622852
v 11.76926613 38.90425491 8.98360825
v 11.64395237 38.78705597 8.75024605
v 12.43741131 38.78705597 8.38519669
v 12.35007286 38.62754440 8.15974903
v 13.21074486 38.62754440 7.88594961
v 13.15904236 38.43014908 7.68038225
v 14.05082607 38.20032883 7.33467007
v 15.00000000 37.94445419 7.14039040
v 8.82393837 38.97589874 12.82363987
v 8.60330105 38.97589874 13.59910107
v 8.47963047 38.97589874 14.39579868
v 8.75003052 39.00000000 15.26529121
v 8.74330997 39.00000000 15.19276619
v 8.45480251 38.97589874 15.20165539
v 8.20017815 38.90425491 14.36990356
v 8.07040024 38.78705597 13.48239326
v 8.08138943 38.62754440 12.56197548
v 13.12171936 36.28369904 7.53198814
v 12.21822453 36.28369904 7.81941032
v 12.16695976 36.53620148 7.68708181
v 11.28976154 36.53620148 8.09065819
v 11.24336624 36.80874634 8.00425911
v 10.41214561 36.80874634 8.51893044
v 10.38238716 37.09378052 8.47689056
v 9.61577225 37.09378052 9.09378338
v 9.61340237 37.38340759 9.09118366
v 8.92810535 37.38340759 9.79791927
v 8.96195030 37.66960907 9.82691574
v 8.37200451 37.66960907 10.60813141
v 8.44821072 37.94445419 10.65862751
v 7.96436596 37.94445419 11.49667072
v 8.08587265 38.20032883 11.55717278
v 7.71519518 38.20032883 12.43293381
v 7.88146830 38.43014908 12.49152565
v 7.62716103 38.43014908 13.38532257
v 7.83422422 38.62754440 13.43067074
v 7.69568491 38.62754440 14.32315540
v 7.93642759 38.78705597 14.34546375
v 7.90953064 38.78705597 15.21845436
v 8.17428493 38.90425491 15.21029758
v 8.25186443 38.90425491 16.04750443
v 8.52919292 38.97589874 16.00445366
v 11.35689831 36.28369904 8.21568394
v 10.55079842 36.28369904 8.71479893
v 10.46880531 36.53620148 8.59897232
v 9.71653843 36.53620148 9.20431900
v 9.65047169 36.80874634 9.13184738
v 8.96989059 36.80874634 9.83371830
v 8.93077755 37.09378052 9.80020905
v 8.33778572 37.09378052 10.58545685
v 8.33485317 37.38340759 10.58351326
v 7.84263659 37.38340759 11.43605614
v 7.88253164 37.66960907 11.45592117
v 7.50095320 37.66960907 12.35743809
v 7.58717442 37.94445419 12.38782024
v 7.32235384 37.94445419 13.31856918
v 7.45494747 38.20032883 13.34760761
v 7.30907536 38.20032883 14.28733063
v 7.48461866 38.43014908 14.30359650
v 7.45600176 38.43014908 15.23242760
v 7.66787100 38.62754440 15.22590065
v 7.75120592 38.62754440 16.12522125
v 7.99011803 38.78705597 16.08813286
v 8.17696953 38.78705597 16.94132042
v 8.43173790 38.90425491 16.86883163
v 8.71117973 38.90425491 17.66182899
v 8.96963120 38.97589874 17.55243492
v 9.32900238 38.97589874 18.27415085
v 11.55276203 38.97589874 20.56747818
v 12.26306915 38.97589874 20.94890594
v 13.01486397 38.97589874 21.24015236
v 13.94273567 39.00000000 21.16458511
v 13.84979057 39.00000000 21.15307426
v 13.79675198 38.97589874 21.43680573
v 12.92978382 38.90425491 21.50759506
v 12.03505898 38.78705597 21.44450188
v 11.13829994 38.62754440 21.23685837
v 16.98513603 38.97589874 21.24015236
v 17.73693085 38.97589874 20.94890594
v 18.44723701 38.97589874 20.56747818
v 18.93201447 39.00000000 19.86976814
v 18.92432785 39.00000000 19.87677765
v 19.10528755 38.97589874 20.10165596
v 18.59498024 38.90425491 20.80609322
v 17.96494102 38.78705597 21.44450188
v 17.22380829 38.62754440 21.99040794
v 10.17231464 36.28369904 20.99938393
v 10.94616032 36.28369904 21.54717636
v 10.87145329 36.53620148 21.66783142
v 11.72214413 36.53620148 22.12464333
v 11.68115616 36.80874634 22.21373367
v 12.59279442 36.80874634 22.56690407
v 12.57717991 37.09378052 22.61598587
v 13.53145981 37.09378052 22.85599709
v 13.53081322 37.38340759 22.85945511
v 14.50778389 37.38340759 22.98042870
v 14.51052761 37.66960907 22.93594551
v 15.48947239 37.66960907 22.93594551
v 15.48384380 37.94445419 22.84470177
v 16.44419861 37.94445419 22.72578239
v 16.41925812 38.20032883 22.59235764
v 17.34151268 38.20032883 22.36040306
v 17.28806877 38.43014908 22.19240379
v 18.15458679 38.43014908 21.85671234
v 18.06599236 38.62754440 21.66414452
v 18.86170006 38.62754440 21.23685837
v 18.73442078 38.78705597 21.03129768
v 19.44729233 38.78705597 20.52666855
v 19.28123283 38.90425491 20.32030296
v 19.90258789 38.90425491 19.75386620
v 19.70110512 38.97589874 19.55849648
v 20.22565842 38.97589874 18.94623375
v 11.78145695 36.28369904 21.99572182
v 12.62252426 36.53620148 22.47345161
v 13.54092407 36.80874634 22.80536652
v 14.50800037 37.09378052 22.97691727
v 15.49221611 37.38340759 22.98042870
v 16.46099663 37.66960907 22.81564522
v 17.38266182 37.94445419 22.48974991
v 18.22827148 38.20032883 22.01687050
v 18.97328758 38.43014908 21.41707993
v 19.59886551 38.62754440 20.71502876
v 20.09274864 38.78705597 19.93825912
v 20.44962120 38.90425491 19.11536217
v 20.67099762 38.97589874 18.27415085
v 12.66554451 36.28369904 22.33821869
v 13.55894279 36.53620148 22.70897102
v 14.51117039 36.80874634 22.92551041
v 15.49199867 37.09378052 22.97691727
v 16.46918678 37.38340759 22.85945511
v 17.41037560 37.66960907 22.57686806
v 18.28500366 37.94445419 22.14018250
v 19.06609535 38.20032883 21.56696892
v 19.73175621 38.43014908 20.88017082
v 20.26632118 38.62754440 20.10656548
v 20.66099930 38.78705597 19.27499008
v 20.91404533 38.90425491 18.41447639
v 21.03036880 38.97589874 17.55243492
v 20.76455116 39.00000000 17.43992615
v 20.80260086 39.00000000 17.33195686
v 21.52036858 38.97589874 14.39579868
v 21.39669800 38.97589874 13.59910107
v 21.17605972 38.97589874 12.82363987
v 20.58781052 39.00000000 12.18280220
v 20.60341454 39.00000000 12.20983028
v 20.86180115 38.97589874 12.08116913
v 21.44075775 38.90425491 12.73036480
v 21.92959976 38.78705597 13.48239326
v 22.30431557 38.62754440 14.32315540
v 19.82768440 36.28369904 20.99938393
v 20.52834702 36.28369904 20.36064529
v 20.63022804 36.53620148 20.45943260
v 21.25845337 36.53620148 19.72616386
v 21.33671188 36.80874634 19.78526306
v 21.87673569 36.80874634 18.97028542
v 21.92134094 37.09378052 18.99603844
v 22.35994720 37.09378052 18.11519814
v 22.36318588 37.38340759 18.11656952
v 22.69036674 37.38340759 17.18809891
v 22.64750099 37.66960907 17.17590141
v 22.85692978 37.66960907 16.21962166
v 22.76659393 37.94445419 16.20559692
v 22.85588074 37.94445419 15.24203682
v 22.72021103 38.20032883 15.23785686
v 22.69092369 38.20032883 14.28733063
v 22.51538086 38.43014908 14.30359650
v 22.37283897 38.43014908 13.38532257
v 22.16577530 38.62754440 13.43067074
v 21.91860962 38.62754440 12.56197548
v 21.69058037 38.78705597 12.64232922
v 21.35013771 38.78705597 11.83800602
v 21.11302757 38.90425491 11.95607376
v 20.69263077 38.90425491 11.22792530
v 20.45867920 38.97589874 11.38294697
v 19.97281265 38.97589874 10.73955345
v 21.14520645 36.28369904 19.64064407
v 21.79180908 36.53620148 18.92125320
v 22.31251526 36.80874634 18.09512329
v 22.68698502 37.09378052 17.18713570
v 22.90097046 37.38340759 16.22645760
v 22.94725609 37.66960907 15.24485207
v 22.82608032 37.94445419 14.27480698
v 22.54505157 38.20032883 13.34760761
v 22.11853027 38.43014908 12.49152565
v 21.56656647 38.62754440 11.73023796
v 20.91343689 38.78705597 11.08161449
v 20.18593979 38.90425491 10.55695724
v 19.41156387 38.97589874 10.16074467
v 21.66890907 36.28369904 18.85029602
v 22.22220612 36.53620148 18.05689812
v 22.63744545 36.80874634 17.17304039
v 22.89749336 37.09378052 16.22591782
v 22.99180222 37.38340759 15.24622440
v 22.91711044 37.66960907 14.26637173
v 22.67764473 37.94445419 13.31856918
v 22.28480339 38.20032883 12.43293381
v 21.75631332 38.43014908 11.63575459
v 21.11497879 38.62754440 10.94806767
v 20.38709068 38.78705597 10.38462162
v 19.60063553 38.90425491 9.95334244
v 18.78343773 38.97589874 9.65529537
v 18.61666489 39.00000000 9.89088631
v 18.50163078 39.00000000 9.81965923
v 15.00000000 38.78705597 7.90616703
v 15.00000000 38.90425491 8.17104626
v 15.00000000 38.97589874 8.45169640
v 14.46976948 39.00000000 8.77304554
v 15.00000000 39.00000000 8.74034119
v 14.23076057 39.00000000 8.78778648
v 12.73875046 39.00000000 9.16304207
v 12.42654324 39.00000000 9.30668068
v 9.97647858 39.00000000 11.28476620
v 10.24638462 39.00000000 10.92735100
v 10.02718639 38.97589874 10.73955345
v 10.39936352 38.90425491 9.95334244
v 10.90136814 38.78705597 9.21003532
v 11.52957153 38.62754440 8.53724003
v 12.27349949 38.43014908 7.96209288
v 13.11604118 38.20032883 7.50941181
v 14.03414536 37.94445419 7.19996214
v 15.00000000 37.66960907 7.04897213
v 10.67420864 39.00000000 10.48614502
v 10.78289604 39.00000000 10.37405586
v 11.38333321 39.00000000 9.89088631
v 9.81405926 38.90425491 10.55695724
v 10.22091484 38.78705597 9.75759315
v 10.76167870 38.62754440 9.01269913
v 11.42928982 38.43014908 8.35049152
v 12.20981503 38.20032883 7.79770279
v 13.08293247 37.94445419 7.37777472
v 14.02291203 37.66960907 7.10923672
v 15.00000000 37.38340759 7.00440550
v 9.39658356 39.00000000 12.20983028
v 9.09617519 39.00000000 12.91957188
v 8.76704407 39.00000000 14.42243195
v 8.80058002 39.00000000 14.20639133
v 8.88526344 39.00000000 13.66085148
v 9.02494049 39.00000000 13.16993713
v 8.81442261 39.00000000 15.96017933
v 8.89240170 39.00000000 16.31624794
v 10.30964184 39.00000000 19.12823296
v 10.00468445 39.00000000 18.77228546
v 9.77434158 38.97589874 18.94623375
v 9.08595276 38.90425491 18.41447639
v 8.46724987 38.78705597 17.76507568
v 7.94442368 38.62754440 17.00748253
v 7.54174423 38.43014908 16.15773582
v 7.27978992 38.20032883 15.23785686
v 7.17391825 37.94445419 14.27480698
v 7.23305225 37.66960907 13.29901123
v 7.45891905 37.38340759 12.34262562
v 7.84578562 37.09378052 11.43762493
v 8.38072014 36.80874634 10.61390591
v 9.04436302 36.53620148 9.89752293
v 9.81214333 36.28369904 9.30919266
v 9.67672253 39.00000000 18.27734375
v 9.57897663 39.00000000 18.12982941
v 9.23544598 39.00000000 17.43992615
v 9.55037785 38.90425491 19.11536217
v 8.85655880 38.78705597 18.54691696
v 8.24459839 38.62754440 17.85931587
v 7.74054623 38.43014908 17.06549072
v 7.36753559 38.20032883 16.18477631
v 7.14411783 37.94445419 15.24203682
v 7.08288956 37.66960907 14.26637173
v 7.18951654 37.38340759 13.28947735
v 7.46223688 37.09378052 12.34379387
v 7.89189148 36.80874634 11.46058273
v 8.46246910 36.53620148 10.66807461
v 9.15213108 36.28369904 9.98985291
v 11.07567215 39.00000000 19.87677765
v 11.70471478 39.00000000 20.32206726
v 13.10236740 39.00000000 20.96508980
v 12.91793251 39.00000000 20.89364052
v 12.38371086 39.00000000 20.68668175
v 11.95240211 39.00000000 20.45507431
v 13.74518299 38.90425491 21.71267509
v 12.84948540 38.78705597 21.76001167
v 11.93400669 38.62754440 21.66414452
v 11.02671242 38.43014908 21.41707993
v 10.15772057 38.20032883 21.01751709
v 9.35749245 37.94445419 20.47134018
v 8.65494251 37.66960907 19.79156303
v 8.07561207 37.38340759 18.99779510
v 7.64005232 37.09378052 18.11519814
v 7.36255455 36.80874634 17.17304039
v 7.25030756 36.53620148 16.20297432
v 7.30305910 36.28369904 15.23713970
v 14.57960320 38.90425491 21.81599998
v 13.69651127 38.78705597 21.97304726
v 12.77619076 38.62754440 21.99040794
v 11.84541130 38.43014908 21.85671234
v 10.93390369 38.20032883 21.56696892
v 10.07262325 37.94445419 21.12326813
v 9.29186249 37.66960907 20.53497887
v 8.61937714 37.38340759 19.81842232
v 8.07865810 37.09378052 18.99603844
v 7.68748379 36.80874634 18.09512329
v 7.45687771 36.53620148 17.14620399
v 7.39053965 36.28369904 16.18120575
v 7.48479795 36.05822754 15.23154068
v 16.15020752 39.00000000 21.15307426
v 16.89763260 39.00000000 20.96508980
v 18.29528427 39.00000000 20.32206726
v 18.04759789 39.00000000 20.45507431
v 17.61628914 39.00000000 20.68668175
v 17.08206749 39.00000000 20.89364052
v 19.49388123 39.00000000 19.35756111
v 20.42102242 39.00000000 18.12982941
v 20.32327652 39.00000000 18.27734375
v 19.99531555 39.00000000 18.77228546
v 19.69035721 39.00000000 19.12823296
v 21.28882027 38.90425491 17.66182899
v 21.14344025 38.78705597 18.54691696
v 20.85394096 38.62754440 19.42069054
v 20.41849518 38.43014908 20.25412369
v 19.84227753 38.20032883 21.01751709
v 19.13755035 37.94445419 21.68237495
v 18.32321358 37.66960907 22.22323227
v 17.42388535 37.38340759 22.61933708
v 16.46854019 37.09378052 22.85599709
v 15.48882866 36.80874634 22.92551041
v 14.51720810 36.53620148 22.82762909
v 13.58502007 36.28369904 22.56947517
v 21.56826019 38.90425491 16.86883163
v 21.53274918 38.78705597 17.76507568
v 21.35282135 38.62754440 18.66780472
v 21.02309608 38.43014908 19.54843140
v 20.54505920 38.20032883 20.37685013
v 19.92737579 37.94445419 21.12326813
v 19.18567657 37.66960907 21.76009941
v 18.34184074 37.38340759 22.26372147
v 17.42281914 37.09378052 22.61598587
v 16.45907593 36.80874634 22.80536652
v 15.48279190 36.53620148 22.82762909
v 14.52594471 36.28369904 22.68598557
v 21.25668907 39.00000000 15.19276619
v 21.23295593 39.00000000 14.42243195
v 20.90382385 39.00000000 12.91957188
v 20.97505951 39.00000000 13.16993713
v 21.11473656 39.00000000 13.66085148
v 21.19942093 39.00000000 14.20639133
v 20.21806526 39.00000000 11.54238319
v 19.21710396 39.00000000 10.37405586
v 19.32579041 39.00000000 10.48614502
v 19.75361443 39.00000000 10.92735100
v 20.02352142 39.00000000 11.28476620
v 17.96140289 39.00000000 9.48516464
v 17.36551857 38.97589874 8.89388847
v 17.26124763 39.00000000 9.16304207
v 17.57345772 39.00000000 9.30668068
v 17.78177452 36.28369904 7.81941032
v 17.83303833 36.53620148 7.68708181
v 17.86846542 36.80874634 7.59563780
v 17.88707161 37.09378052 7.54760981
v 17.88834190 37.38340759 7.54432964
v 17.87224197 37.66960907 7.58588743
v 17.83921814 37.94445419 7.67113209
v 17.79018402 38.20032883 7.79770279
v 17.72649956 38.43014908 7.96209288
v 17.64992714 38.62754440 8.15974903
v 17.56258774 38.78705597 8.38519669
v 17.46690369 38.90425491 8.63219070
v 16.59722137 38.97589874 8.64947605
v 16.52681732 39.00000000 8.92940235
v 16.57638931 39.00000000 8.94517231
v 16.87828064 36.28369904 7.53198814
v 16.91289520 36.53620148 7.39436340
v 16.93681526 36.80874634 7.29925776
v 16.94937515 37.09378052 7.24930811
v 16.95023537 37.38340759 7.24589634
v 16.93936348 37.66960907 7.28911781
v 16.91706657 37.94445419 7.37777472
v 16.88395882 38.20032883 7.50941181
v 16.84095764 38.43014908 7.68038225
v 16.78925514 38.62754440 7.88594961
v 16.73028183 38.78705597 8.12042141
v 16.66567421 38.90425491 8.37730217
v 15.94631195 36.28369904 7.35777330
v 15.96375179 36.53620148 7.21693754
v 15.97580338 36.80874634 7.11961365
v 15.98213196 37.09378052 7.06849909
v 15.98256493 37.38340759 7.06500769
v 15.97708797 37.66960907 7.10923672
v 15.96585274 37.94445419 7.19996214
v 15.94917297 38.20032883 7.33467007
v 15.92750835 38.43014908 7.50962877
v 15.90145969 38.62754440 7.71999264
v 15.87174797 38.78705597 7.95993376
v 15.83919907 38.90425491 8.22280693
f 1 2 3
f 4 5 6
f 4 7 8
f 4 8 9
f 9 8 10
f 9 10 11
f 11 10 12
f 11 12 13
f 14 15 16
f 14 16 17
f 16 18 17
f 17 18 19
f 17 19 20
f 21 22 23
f 19 24 20
f 20 24 25
f 20 25 23
f 23 25 26
f 23 26 21
f 27 28 29
f 30 31 32
f 32 31 33
f 34 35 36
f 36 35 37
f 38 39 40
f 40 39 41
f 40 41 42
f 42 41 43
f 42 43 44
f 44 43 45
f 44 45 34
f 34 45 46
f 34 46 35
f 35 46 47
f 48 49 50
f 50 49 51
f 50 51 38
f 38 51 52
f 38 52 39
f 4 6 7
f 7 6 53
f 7 53 54
f 54 53 55
f 54 55 56
f 56 55 57
f 56 57 58
f 58 57 59
f 58 59 60
f 60 59 61
f 60 61 62
f 62 61 63
f 62 63 64
f 64 63 65
f 64 65 66
f 66 65 67
f 66 67 48
f 48 67 68
f 48 68 49
f 69 70 71
f 71 70 72
f 71 72 73
f 73 72 74
f 73 74 75
f 75 74 76
f 75 76 77
f 77 76 78
f 77 78 79
f 79 78 80
f 79 80 13
f 13 80 81
f 13 81 11
f 11 81 82
f 83 84 85
f 83 85 86
f 86 85 87
f 86 87 88
f 88 87 89
f 88 89 90
f 90 89 91
f 90 91 69
f 69 91 92
f 69 92 70
f 84 83 93
f 93 83 94
f 93 94 95
f 95 94 96
f 95 96 97
f 97 96 98
f 97 98 99
f 99 98 15
f 99 15 100
f 100 15 14
f 100 14 101
f 102 103 104
f 104 103 105
f 104 105 106
f 106 105 107
f 106 107 108
f 108 107 109
f 108 109 110
f 110 109 111
f 110 111 112
f 112 111 113
f 112 113 26
f 26 113 114
f 26 114 21
f 115 116 117
f 115 117 118
f 118 117 119
f 118 119 120
f 120 119 121
f 120 121 122
f 122 121 123
f 122 123 102
f 102 123 124
f 102 124 103
f 116 115 125
f 125 115 126
f 125 126 127
f 127 126 128
f 127 128 129
f 129 128 130
f 129 130 29
f 29 130 131
f 29 131 27
f 27 131 132
f 27 132 33
f 33 132 133
f 33 133 32
f 134 135 136
f 136 135 137
f 136 137 30
f 30 137 138
f 30 138 31
f 31 138 139
f 140 141 142
f 142 141 143
f 142 143 144
f 144 143 145
f 144 145 146
f 146 145 147
f 146 147 148
f 148 147 149
f 148 149 134
f 134 149 150
f 134 150 135
f 151 152 153
f 151 153 154
f 154 153 155
f 154 155 156
f 156 155 157
f 156 157 158
f 158 157 159
f 158 159 160
f 160 159 161
f 160 161 140
f 140 161 162
f 140 162 141
f 152 151 163
f 163 151 164
f 163 164 3
f 3 164 165
f 3 165 1
f 1 165 166
f 1 166 37
f 37 166 167
f 37 167 36
f 168 169 170
f 171 172 173
f 174 175 176
f 177 178 179
f 180 181 182
f 183 184 185
f 186 187 188
f 189 190 191
f 192 193 194
f 195 196 197
f 198 82 81
f 198 81 199
f 199 81 200
f 200 81 201
f 200 201 202
f 203 204 205
f 205 204 206
f 205 206 207
f 208 209 210
f 210 209 211
f 210 211 212
f 213 214 215
f 215 214 216
f 217 218 219
f 219 218 220
f 221 222 223
f 223 222 224
f 225 226 227
f 227 226 100
f 227 100 101
f 81 80 201
f 201 80 78
f 201 78 228
f 228 78 76
f 228 76 229
f 76 74 229
f 229 74 72
f 229 72 230
f 72 70 230
f 230 70 92
f 230 92 231
f 231 92 91
f 231 91 232
f 91 89 232
f 232 89 87
f 232 87 233
f 87 85 233
f 233 85 84
f 233 84 234
f 84 93 234
f 234 93 95
f 234 95 235
f 235 95 97
f 235 97 226
f 226 97 99
f 226 99 100
f 225 168 226
f 226 168 170
f 226 170 235
f 235 170 236
f 235 236 234
f 234 236 237
f 234 237 233
f 233 237 238
f 233 238 232
f 232 238 239
f 232 239 231
f 231 239 240
f 231 240 230
f 230 240 241
f 230 241 229
f 229 241 242
f 229 242 228
f 228 242 243
f 228 243 201
f 201 243 197
f 201 197 202
f 202 197 196
f 169 171 170
f 170 171 173
f 170 173 236
f 236 173 244
f 236 244 237
f 237 244 245
f 237 245 238
f 238 245 246
f 238 246 239
f 239 246 247
f 239 247 240
f 240 247 248
f 240 248 241
f 241 248 249
f 241 249 242
f 242 249 250
f 242 250 243
f 243 250 251
f 243 251 197
f 197 251 194
f 197 194 195
f 195 194 193
f 172 221 173
f 173 221 223
f 173 223 244
f 244 223 252
f 244 252 245
f 245 252 253
f 245 253 246
f 246 253 254
f 246 254 247
f 247 254 255
f 247 255 248
f 248 255 256
f 248 256 249
f 249 256 257
f 249 257 250
f 250 257 258
f 250 258 251
f 251 258 259
f 251 259 194
f 194 259 191
f 194 191 192
f 192 191 190
f 224 174 223
f 223 174 176
f 223 176 252
f 252 176 260
f 252 260 253
f 253 260 261
f 253 261 254
f 254 261 262
f 254 262 255
f 255 262 263
f 255 263 256
f 256 263 264
f 256 264 257
f 257 264 265
f 257 265 258
f 258 265 266
f 258 266 259
f 259 266 267
f 259 267 191
f 191 267 188
f 191 188 189
f 189 188 187
f 175 217 176
f 176 217 219
f 176 219 260
f 260 219 268
f 260 268 261
f 261 268 269
f 261 269 262
f 262 269 270
f 262 270 263
f 263 270 271
f 263 271 264
f 264 271 272
f 264 272 265
f 265 272 273
f 265 273 266
f 266 273 274
f 266 274 267
f 267 274 275
f 267 275 188
f 188 275 205
f 188 205 186
f 186 205 207
f 220 177 219
f 219 177 179
f 219 179 268
f 268 179 276
f 268 276 269
f 269 276 277
f 269 277 270
f 270 277 278
f 270 278 271
f 271 278 279
f 271 279 272
f 272 279 280
f 272 280 273
f 273 280 281
f 273 281 274
f 274 281 282
f 274 282 275
f 275 282 283
f 275 283 205
f 205 283 284
f 205 284 203
f 203 284 285
f 178 213 179
f 179 213 215
f 179 215 276
f 276 215 286
f 276 286 277
f 277 286 287
f 277 287 278
f 278 287 288
f 278 288 279
f 279 288 289
f 279 289 280
f 280 289 290
f 280 290 281
f 281 290 291
f 281 291 282
f 282 291 292
f 282 292 283
f 283 292 293
f 283 293 284
f 284 293 210
f 284 210 285
f 285 210 212
f 216 180 215
f 215 180 182
f 215 182 286
f 286 182 294
f 286 294 287
f 287 294 295
f 287 295 288
f 288 295 296
f 288 296 289
f 289 296 297
f 289 297 290
f 290 297 298
f 290 298 291
f 291 298 299
f 291 299 292
f 292 299 300
f 292 300 293
f 293 300 301
f 293 301 210
f 210 301 302
f 210 302 208
f 181 183 182
f 182 183 185
f 182 185 294
f 294 185 303
f 294 303 295
f 295 303 304
f 295 304 296
f 296 304 305
f 296 305 297
f 297 305 306
f 297 306 298
f 298 306 307
f 298 307 299
f 299 307 308
f 299 308 300
f 300 308 309
f 300 309 301
f 301 309 310
f 301 310 302
f 302 310 311
f 302 311 208
f 208 311 312
f 313 314 315
f 316 317 318
f 319 320 321
f 322 323 324
f 325 326 327
f 328 329 330
f 331 332 333
f 333 332 334
f 335 336 337
f 337 336 338
f 339 340 341
f 341 340 342
f 343 344 345
f 345 344 346
f 347 129 348
f 348 129 29
f 348 29 349
f 349 29 28
f 350 351 352
f 351 353 352
f 352 353 354
f 352 354 355
f 356 357 358
f 358 357 359
f 358 359 360
f 361 362 363
f 363 362 364
f 363 364 365
f 111 366 113
f 113 366 367
f 113 367 114
f 114 367 352
f 114 352 21
f 21 352 355
f 21 355 22
f 111 109 366
f 366 109 107
f 366 107 368
f 368 107 105
f 368 105 369
f 105 103 369
f 369 103 124
f 369 124 370
f 370 124 123
f 370 123 371
f 123 121 371
f 371 121 119
f 371 119 372
f 119 117 372
f 372 117 116
f 372 116 373
f 373 116 125
f 373 125 347
f 347 125 127
f 347 127 129
f 348 343 347
f 347 343 345
f 347 345 373
f 373 345 374
f 373 374 372
f 372 374 375
f 372 375 371
f 371 375 376
f 371 376 370
f 370 376 377
f 370 377 369
f 369 377 378
f 369 378 368
f 368 378 379
f 368 379 366
f 366 379 380
f 366 380 367
f 367 380 381
f 367 381 352
f 352 381 382
f 352 382 350
f 350 382 383
f 346 319 345
f 345 319 321
f 345 321 374
f 374 321 384
f 374 384 375
f 375 384 385
f 375 385 376
f 376 385 386
f 376 386 377
f 377 386 387
f 377 387 378
f 378 387 388
f 378 388 379
f 379 388 389
f 379 389 380
f 380 389 390
f 380 390 381
f 381 390 391
f 381 391 382
f 382 391 358
f 382 358 383
f 383 358 360
f 320 339 321
f 321 339 341
f 321 341 384
f 384 341 392
f 384 392 385
f 385 392 393
f 385 393 386
f 386 393 394
f 386 394 387
f 387 394 395
f 387 395 388
f 388 395 396
f 388 396 389
f 389 396 397
f 389 397 390
f 390 397 398
f 390 398 391
f 391 398 399
f 391 399 358
f 358 399 400
f 358 400 356
f 356 400 401
f 342 322 341
f 341 322 324
f 341 324 392
f 392 324 402
f 392 402 393
f 393 402 403
f 393 403 394
f 394 403 404
f 394 404 395
f 395 404 405
f 395 405 396
f 396 405 406
f 396 406 397
f 397 406 407
f 397 407 398
f 398 407 408
f 398 408 399
f 399 408 409
f 399 409 400
f 400 409 363
f 400 363 401
f 401 363 365
f 323 335 324
f 324 335 337
f 324 337 402
f 402 337 410
f 402 410 403
f 403 410 411
f 403 411 404
f 404 411 412
f 404 412 405
f 405 412 413
f 405 413 406
f 406 413 414
f 406 414 407
f 407 414 415
f 407 415 408
f 408 415 416
f 408 416 409
f 409 416 417
f 409 417 363
f 363 417 418
f 363 418 361
f 361 418 419
f 338 325 337
f 337 325 327
f 337 327 410
f 410 327 420
f 410 420 411
f 411 420 421
f 411 421 412
f 412 421 422
f 412 422 413
f 413 422 423
f 413 423 414
f 414 423 424
f 414 424 415
f 415 424 425
f 415 425 416
f 416 425 426
f 416 426 417
f 417 426 427
f 417 427 418
f 418 427 318
f 418 318 419
f 419 318 317
f 326 331 327
f 327 331 333
f 327 333 420
f 420 333 428
f 420 428 421
f 421 428 429
f 421 429 422
f 422 429 430
f 422 430 423
f 423 430 431
f 423 431 424
f 424 431 432
f 424 432 425
f 425 432 433
f 425 433 426
f 426 433 434
f 426 434 427
f 427 434 435
f 427 435 318
f 318 435 315
f 318 315 316
f 316 315 314
f 334 328 333
f 333 328 330
f 333 330 428
f 428 330 436
f 428 436 429
f 429 436 437
f 429 437 430
f 430 437 438
f 430 438 431
f 431 438 439
f 431 439 432
f 432 439 440
f 432 440 433
f 433 440 441
f 433 441 434
f 434 441 442
f 434 442 435
f 435 442 443
f 435 443 315
f 315 443 444
f 315 444 313
f 313 444 445
f 329 446 330
f 330 446 447
f 330 447 436
f 436 447 448
f 436 448 437
f 437 448 449
f 437 449 438
f 438 449 450
f 438 450 439
f 439 450 451
f 439 451 440
f 440 451 452
f 440 452 441
f 441 452 453
f 441 453 442
f 442 453 454
f 442 454 443
f 443 454 455
f 443 455 444
f 444 455 456
f 444 456 445
f 445 456 457
f 458 459 460
f 461 462 463
f 464 465 466
f 467 468 469
f 470 471 472
f 473 474 475
f 476 477 478
f 479 480 481
f 482 483 484
f 485 486 487
f 488 489 490
f 490 489 491
f 492 493 494
f 494 493 495
f 6 5 496
f 496 5 497
f 496 497 498
f 465 499 46
f 46 499 500
f 46 500 47
f 501 502 503
f 503 502 504
f 503 504 505
f 506 507 508
f 509 510 511
f 511 510 512
f 511 512 513
f 465 46 466
f 466 46 45
f 466 45 514
f 45 43 514
f 514 43 41
f 514 41 515
f 41 39 515
f 515 39 52
f 515 52 516
f 516 52 51
f 516 51 517
f 51 49 517
f 517 49 68
f 517 68 518
f 68 67 518
f 518 67 65
f 518 65 519
f 65 63 519
f 519 63 61
f 519 61 520
f 520 61 59
f 520 59 521
f 59 57 521
f 521 57 55
f 521 55 496
f 496 55 53
f 496 53 6
f 498 492 496
f 496 492 494
f 496 494 521
f 521 494 522
f 521 522 520
f 520 522 523
f 520 523 519
f 519 523 524
f 519 524 518
f 518 524 525
f 518 525 517
f 517 525 526
f 517 526 516
f 516 526 527
f 516 527 515
f 515 527 528
f 515 528 514
f 514 528 529
f 514 529 466
f 466 529 503
f 466 503 464
f 464 503 505
f 495 467 494
f 494 467 469
f 494 469 522
f 522 469 530
f 522 530 523
f 523 530 531
f 523 531 524
f 524 531 532
f 524 532 525
f 525 532 533
f 525 533 526
f 526 533 534
f 526 534 527
f 527 534 535
f 527 535 528
f 528 535 536
f 528 536 529
f 529 536 537
f 529 537 503
f 503 537 508
f 503 508 501
f 501 508 507
f 468 488 469
f 469 488 490
f 469 490 530
f 530 490 538
f 530 538 531
f 531 538 539
f 531 539 532
f 532 539 540
f 532 540 533
f 533 540 541
f 533 541 534
f 534 541 542
f 534 542 535
f 535 542 543
f 535 543 536
f 536 543 544
f 536 544 537
f 537 544 545
f 537 545 508
f 508 545 546
f 508 546 506
f 506 546 547
f 491 470 490
f 490 470 472
f 490 472 538
f 538 472 548
f 538 548 539
f 539 548 549
f 539 549 540
f 540 549 550
f 540 550 541
f 541 550 551
f 541 551 542
f 542 551 552
f 542 552 543
f 543 552 553
f 543 553 544
f 544 553 554
f 544 554 545
f 545 554 555
f 545 555 546
f 546 555 463
f 546 463 547
f 547 463 462
f 471 473 472
f 472 473 475
f 472 475 548
f 548 475 556
f 548 556 549
f 549 556 557
f 549 557 550
f 550 557 558
f 550 558 551
f 551 558 559
f 551 559 552
f 552 559 560
f 552 560 553
f 553 560 561
f 553 561 554
f 554 561 562
f 554 562 555
f 555 562 563
f 555 563 463
f 463 563 460
f 463 460 461
f 461 460 459
f 474 476 475
f 475 476 478
f 475 478 556
f 556 478 564
f 556 564 557
f 557 564 565
f 557 565 558
f 558 565 566
f 558 566 559
f 559 566 567
f 559 567 560
f 560 567 568
f 560 568 561
f 561 568 569
f 561 569 562
f 562 569 570
f 562 570 563
f 563 570 571
f 563 571 460
f 460 571 572
f 460 572 458
f 458 572 573
f 477 479 478
f 478 479 481
f 478 481 564
f 564 481 574
f 564 574 565
f 565 574 575
f 565 575 566
f 566 575 576
f 566 576 567
f 567 576 577
f 567 577 568
f 568 577 578
f 568 578 569
f 569 578 579
f 569 579 570
f 570 579 580
f 570 580 571
f 571 580 581
f 571 581 572
f 572 581 511
f 572 511 573
f 573 511 513
f 480 482 481
f 481 482 484
f 481 484 574
f 574 484 582
f 574 582 575
f 575 582 583
f 575 583 576
f 576 583 584
f 576 584 577
f 577 584 585
f 577 585 578
f 578 585 586
f 578 586 579
f 579 586 587
f 579 587 580
f 580 587 588
f 580 588 581
f 581 588 589
f 581 589 511
f 511 589 590
f 511 590 509
f 483 485 484
f 484 485 487
f 484 487 582
f 582 487 591
f 582 591 583
f 583 591 592
f 583 592 584
f 584 592 593
f 584 593 585
f 585 593 594
f 585 594 586
f 586 594 595
f 586 595 587
f 587 595 596
f 587 596 588
f 588 596 597
f 588 597 589
f 589 597 598
f 589 598 590
f 590 598 599
f 590 599 509
f 509 599 600
f 601 602 603
f 604 605 606
f 607 608 609
f 610 611 612
f 613 614 615
f 616 617 618
f 619 620 621
f 622 623 624
f 625 626 627
f 628 139 138
f 629 630 631
f 631 630 628
f 632 633 634
f 634 633 635
f 636 637 638
f 638 637 639
f 638 639 640
f 641 642 643
f 643 642 644
f 645 646 647
f 647 646 648
f 649 650 651
f 651 650 652
f 653 654 655
f 655 654 656
f 628 138 631
f 631 138 137
f 631 137 657
f 137 135 657
f 657 135 150
f 657 150 658
f 658 150 149
f 658 149 659
f 659 149 147
f 147 145 659
f 659 145 143
f 659 143 660
f 660 143 141
f 660 141 661
f 141 162 661
f 661 162 161
f 661 161 662
f 662 161 159
f 662 159 663
f 159 157 663
f 663 157 155
f 663 155 664
f 2 665 3
f 3 665 666
f 3 666 163
f 163 666 667
f 163 667 152
f 152 667 664
f 152 664 153
f 153 664 155
f 666 653 667
f 667 653 655
f 667 655 664
f 664 655 668
f 664 668 663
f 663 668 669
f 663 669 662
f 662 669 670
f 662 670 661
f 661 670 671
f 661 671 660
f 660 671 672
f 660 672 659
f 659 672 673
f 659 673 658
f 658 673 674
f 658 674 657
f 657 674 675
f 657 675 631
f 631 675 634
f 631 634 629
f 629 634 635
f 656 601 655
f 655 601 603
f 655 603 668
f 668 603 676
f 668 676 669
f 669 676 677
f 669 677 670
f 670 677 678
f 670 678 671
f 671 678 679
f 671 679 672
f 672 679 680
f 672 680 673
f 673 680 681
f 673 681 674
f 674 681 682
f 674 682 675
f 675 682 683
f 675 683 634
f 634 683 627
f 634 627 632
f 632 627 626
f 602 649 603
f 603 649 651
f 603 651 676
f 676 651 684
f 676 684 677
f 677 684 685
f 677 685 678
f 678 685 686
f 678 686 679
f 679 686 687
f 679 687 680
f 680 687 688
f 680 688 681
f 681 688 689
f 681 689 682
f 682 689 690
f 682 690 683
f 683 690 691
f 683 691 627
f 627 691 624
f 627 624 625
f 625 624 623
f 652 604 651
f 651 604 606
f 651 606 684
f 684 606 692
f 684 692 685
f 685 692 693
f 685 693 686
f 686 693 694
f 686 694 687
f 687 694 695
f 687 695 688
f 688 695 696
f 688 696 689
f 689 696 697
f 689 697 690
f 690 697 698
f 690 698 691
f 691 698 699
f 691 699 624
f 624 699 700
f 624 700 622
f 622 700 701
f 605 645 606
f 606 645 647
f 606 647 692
f 692 647 702
f 692 702 693
f 693 702 703
f 693 703 694
f 694 703 704
f 694 704 695
f 695 704 705
f 695 705 696
f 696 705 706
f 696 706 697
f 697 706 707
f 697 707 698
f 698 707 708
f 698 708 699
f 699 708 709
f 699 709 700
f 700 709 621
f 700 621 701
f 701 621 620
f 648 607 647
f 647 607 609
f 647 609 702
f 702 609 710
f 702 710 703
f 703 710 711
f 703 711 704
f 704 711 712
f 704 712 705
f 705 712 713
f 705 713 706
f 706 713 714
f 706 714 707
f 707 714 715
f 707 715 708
f 708 715 716
f 708 716 709
f 709 716 717
f 709 717 621
f 621 717 618
f 621 618 619
f 619 618 617
f 608 641 609
f 609 641 643
f 609 643 710
f 710 643 718
f 710 718 711
f 711 718 719
f 711 719 712
f 712 719 720
f 712 720 713
f 713 720 721
f 713 721 714
f 714 721 722
f 714 722 715
f 715 722 723
f 715 723 716
f 716 723 724
f 716 724 717
f 717 724 725
f 717 725 618
f 618 725 638
f 618 638 616
f 616 638 640
f 644 610 643
f 643 610 612
f 643 612 718
f 718 612 726
f 718 726 719
f 719 726 727
f 719 727 720
f 720 727 728
f 720 728 721
f 721 728 729
f 721 729 722
f 722 729 730
f 722 730 723
f 723 730 731
f 723 731 724
f 724 731 732
f 724 732 725
f 725 732 733
f 725 733 638
f 638 733 734
f 638 734 636
f 611 613 612
f 612 613 615
f 612 615 726
f 726 615 735
f 726 735 727
f 727 735 736
f 727 736 728
f 728 736 737
f 728 737 729
f 729 737 738
f 729 738 730
f 730 738 739
f 730 739 731
f 731 739 740
f 731 740 732
f 732 740 741
f 732 741 733
f 733 741 742
f 733 742 734
f 734 742 743
f 734 743 636
f 636 743 744
f 184 745 185
f 185 745 746
f 747 308 748
f 748 308 307
f 748 307 749
f 749 307 306
f 749 306 750
f 750 306 305
f 750 305 751
f 751 305 304
f 751 304 746
f 746 304 303
f 746 303 185
f 752 312 753
f 753 312 311
f 753 311 754
f 754 311 310
f 754 310 747
f 747 310 309
f 747 309 308
f 755 457 456
f 755 456 756
f 756 456 455
f 756 455 757
f 757 455 454
f 757 454 758
f 758 454 453
f 758 453 759
f 759 453 452
f 759 452 760
f 446 761 447
f 447 761 762
f 447 762 448
f 448 762 763
f 448 763 449
f 449 763 764
f 449 764 450
f 450 764 760
f 450 760 451
f 451 760 452
f 765 600 599
f 486 766 487
f 487 766 767
f 487 767 591
f 591 767 768
f 591 768 592
f 592 768 769
f 592 769 593
f 593 769 770
f 765 599 771
f 771 599 598
f 771 598 772
f 772 598 597
f 772 597 773
f 773 597 596
f 773 596 774
f 774 596 595
f 774 595 770
f 770 595 594
f 770 594 593
f 614 775 615
f 615 775 776
f 777 740 778
f 778 740 739
f 778 739 779
f 779 739 738
f 779 738 780
f 780 738 737
f 780 737 781
f 781 737 736
f 781 736 776
f 776 736 735
f 776 735 615
f 782 744 783
f 783 744 743
f 783 743 784
f 784 743 742
f 784 742 777
f 777 742 741
f 777 741 740
f 785 786 787
f 785 787 788
f 789 788 787
f 790 789 787
f 791 790 787
f 792 791 787
f 793 792 787
f 794 793 787
f 795 794 787
f 796 795 787
f 797 796 787
f 798 797 787
f 799 798 787
f 800 799 787
f 801 800 787
f 802 801 787
f 803 802 787
f 804 803 787
f 805 804 787
f 806 805 787
f 807 806 787
f 808 807 787
f 809 808 787
f 810 809 787
f 811 810 787
f 812 811 787
f 813 812 787
f 814 813 787
f 815 814 787
f 816 815 787
f 817 816 787
f 818 817 787
f 819 818 787
f 820 819 787
f 821 820 787
f 822 821 787
f 823 822 787
f 824 823 787
f 825 824 787
f 826 825 787
f 827 826 787
f 786 827 787
f 828 829 830
f 831 832 833
f 834 835 836
f 837 838 839
f 840 841 842
f 843 844 845
f 846 847 848
f 849 850 851
f 852 853 854
f 855 856 857
f 858 859 860
f 861 862 863
f 864 865 866
f 867 868 869
f 870 871 872
f 873 874 875
f 876 877 878
f 879 880 881
f 882 883 884
f 885 886 887
f 888 889 890
f 891 892 893
f 894 895 896
f 897 898 899
f 894 896 900
f 901 902 903
f 903 902 904
f 903 904 905
f 905 904 906
f 907 908 909
f 909 908 910
f 909 910 911
f 911 910 912
f 911 912 913
f 913 912 914
f 913 914 915
f 915 914 916
f 916 914 917
f 916 917 918
f 919 920 921
f 921 920 922
f 921 922 923
f 876 878 924
f 925 926 927
f 927 926 928
f 927 928 929
f 929 928 930
f 931 932 925
f 925 932 933
f 925 933 926
f 858 860 934
f 935 936 937
f 937 936 938
f 937 938 939
f 939 938 940
f 941 942 943
f 943 942 944
f 943 944 945
f 945 944 946
f 945 946 947
f 947 946 948
f 947 948 949
f 949 948 950
f 950 948 951
f 950 951 952
f 953 954 955
f 955 954 956
f 955 956 957
f 840 842 958
f 959 960 961
f 961 960 962
f 961 962 963
f 963 962 964
f 965 966 959
f 959 966 967
f 959 967 960
f 766 968 767
f 767 968 969
f 767 969 768
f 768 969 970
f 768 970 769
f 769 970 971
f 769 971 770
f 770 971 972
f 770 972 774
f 774 972 973
f 774 973 773
f 773 973 974
f 773 974 772
f 772 974 975
f 772 975 771
f 771 975 887
f 771 887 765
f 765 887 886
f 745 976 746
f 746 976 977
f 746 977 751
f 751 977 978
f 751 978 750
f 750 978 979
f 750 979 749
f 749 979 980
f 749 980 748
f 748 980 981
f 748 981 747
f 747 981 982
f 747 982 754
f 754 982 983
f 754 983 753
f 753 983 899
f 753 899 752
f 752 899 898
f 761 984 762
f 762 984 985
f 762 985 763
f 763 985 986
f 763 986 764
f 764 986 987
f 764 987 760
f 760 987 988
f 760 988 759
f 759 988 989
f 759 989 758
f 758 989 990
f 758 990 757
f 757 990 991
f 757 991 756
f 756 991 851
f 756 851 755
f 755 851 850
f 775 992 776
f 776 992 993
f 776 993 781
f 781 993 994
f 781 994 780
f 780 994 995
f 780 995 779
f 779 995 996
f 779 996 778
f 778 996 997
f 778 997 777
f 777 997 998
f 777 998 784
f 784 998 999
f 784 999 783
f 783 999 863
f 783 863 782
f 782 863 862
f 968 888 969
f 969 888 890
f 969 890 970
f 970 890 1000
f 970 1000 971
f 971 1000 1001
f 971 1001 972
f 972 1001 1002
f 972 1002 973
f 973 1002 1003
f 973 1003 974
f 974 1003 1004
f 974 1004 975
f 975 1004 1005
f 975 1005 887
f 887 1005 884
f 887 884 885
f 885 884 883
f 976 828 977
f 977 828 830
f 977 830 978
f 978 830 1006
f 978 1006 979
f 979 1006 1007
f 979 1007 980
f 980 1007 1008
f 980 1008 981
f 981 1008 1009
f 981 1009 982
f 982 1009 1010
f 982 1010 983
f 983 1010 1011
f 983 1011 899
f 899 1011 896
f 899 896 897
f 897 896 895
f 984 852 985
f 985 852 854
f 985 854 986
f 986 854 1012
f 986 1012 987
f 987 1012 1013
f 987 1013 988
f 988 1013 1014
f 988 1014 989
f 989 1014 1015
f 989 1015 990
f 990 1015 1016
f 990 1016 991
f 991 1016 1017
f 991 1017 851
f 851 1017 848
f 851 848 849
f 849 848 847
f 992 864 993
f 993 864 866
f 993 866 994
f 994 866 1018
f 994 1018 995
f 995 1018 1019
f 995 1019 996
f 996 1019 1020
f 996 1020 997
f 997 1020 1021
f 997 1021 998
f 998 1021 1022
f 998 1022 999
f 999 1022 1023
f 999 1023 863
f 863 1023 860
f 863 860 861
f 861 860 859
f 889 891 890
f 890 891 893
f 890 893 1000
f 1000 893 1024
f 1000 1024 1001
f 1001 1024 1025
f 1001 1025 1002
f 1002 1025 1026
f 1002 1026 1003
f 1003 1026 1027
f 1003 1027 1004
f 1004 1027 1028
f 1004 1028 1005
f 1005 1028 1029
f 1005 1029 884
f 884 1029 881
f 884 881 882
f 882 881 880
f 829 831 830
f 830 831 833
f 830 833 1006
f 1006 833 1030
f 1006 1030 1007
f 1007 1030 1031
f 1007 1031 1008
f 1008 1031 1032
f 1008 1032 1009
f 1009 1032 1033
f 1009 1033 1010
f 1010 1033 1034
f 1010 1034 1011
f 1011 1034 1035
f 1011 1035 896
f 896 1035 1036
f 896 1036 900
f 900 1036 1037
f 853 855 854
f 854 855 857
f 854 857 1012
f 1012 857 1038
f 1012 1038 1013
f 1013 1038 1039
f 1013 1039 1014
f 1014 1039 1040
f 1014 1040 1015
f 1015 1040 1041
f 1015 1041 1016
f 1016 1041 1042
f 1016 1042 1017
f 1017 1042 1043
f 1017 1043 848
f 848 1043 845
f 848 845 846
f 846 845 844
f 865 867 866
f 866 867 869
f 866 869 1018
f 1018 869 1044
f 1018 1044 1019
f 1019 1044 1045
f 1019 1045 1020
f 1020 1045 1046
f 1020 1046 1021
f 1021 1046 1047
f 1021 1047 1022
f 1022 1047 1048
f 1022 1048 1023
f 1023 1048 1049
f 1023 1049 860
f 860 1049 1050
f 860 1050 934
f 934 1050 1051
f 892 919 893
f 893 919 921
f 893 921 1024
f 1024 921 923
f 1024 923 1025
f 1025 923 1052
f 1025 1052 1026
f 1026 1052 1053
f 1026 1053 1027
f 1027 1053 1054
f 1027 1054 1028
f 1028 1054 1055
f 1028 1055 1029
f 1029 1055 1056
f 1029 1056 881
f 881 1056 878
f 881 878 879
f 879 878 877
f 832 834 833
f 833 834 836
f 833 836 1030
f 1030 836 1057
f 1030 1057 1031
f 1031 1057 1058
f 1031 1058 1032
f 1032 1058 1059
f 1032 1059 1033
f 1033 1059 1060
f 1033 1060 1034
f 1034 1060 1061
f 1034 1061 1035
f 1035 1061 903
f 1035 903 1036
f 1036 903 905
f 1036 905 1037
f 1037 905 906
f 856 953 857
f 857 953 955
f 857 955 1038
f 1038 955 957
f 1038 957 1039
f 1039 957 1062
f 1039 1062 1040
f 1040 1062 1063
f 1040 1063 1041
f 1041 1063 1064
f 1041 1064 1042
f 1042 1064 1065
f 1042 1065 1043
f 1043 1065 1066
f 1043 1066 845
f 845 1066 842
f 845 842 843
f 843 842 841
f 868 870 869
f 869 870 872
f 869 872 1044
f 1044 872 1067
f 1044 1067 1045
f 1045 1067 1068
f 1045 1068 1046
f 1046 1068 1069
f 1046 1069 1047
f 1047 1069 1070
f 1047 1070 1048
f 1048 1070 1071
f 1048 1071 1049
f 1049 1071 937
f 1049 937 1050
f 1050 937 939
f 1050 939 1051
f 1051 939 940
f 922 1072 923
f 923 1072 1073
f 923 1073 1052
f 1052 1073 1074
f 1052 1074 1053
f 1053 1074 1075
f 1053 1075 1054
f 1054 1075 1076
f 1054 1076 1055
f 1055 1076 1077
f 1055 1077 1056
f 1056 1077 1078
f 1056 1078 878
f 878 1078 1079
f 878 1079 924
f 924 1079 1080
f 835 837 836
f 836 837 839
f 836 839 1057
f 1057 839 1081
f 1057 1081 1058
f 1058 1081 1082
f 1058 1082 1059
f 1059 1082 1083
f 1059 1083 1060
f 1060 1083 1084
f 1060 1084 1061
f 1061 1084 1085
f 1061 1085 903
f 903 1085 1086
f 903 1086 901
f 901 1086 1087
f 956 1088 957
f 957 1088 1089
f 957 1089 1062
f 1062 1089 1090
f 1062 1090 1063
f 1063 1090 1091
f 1063 1091 1064
f 1064 1091 1092
f 1064 1092 1065
f 1065 1092 1093
f 1065 1093 1066
f 1066 1093 1094
f 1066 1094 842
f 842 1094 1095
f 842 1095 958
f 958 1095 1096
f 871 873 872
f 872 873 875
f 872 875 1067
f 1067 875 1097
f 1067 1097 1068
f 1068 1097 1098
f 1068 1098 1069
f 1069 1098 1099
f 1069 1099 1070
f 1070 1099 1100
f 1070 1100 1071
f 1071 1100 1101
f 1071 1101 937
f 937 1101 1102
f 937 1102 935
f 935 1102 1103
f 1072 918 1073
f 1073 918 917
f 1073 917 1074
f 1074 917 1104
f 1074 1104 1075
f 1075 1104 1105
f 1075 1105 1076
f 1076 1105 1106
f 1076 1106 1077
f 1077 1106 1107
f 1077 1107 1078
f 1078 1107 1108
f 1078 1108 1079
f 1079 1108 930
f 1079 930 1080
f 1080 930 928
f 838 966 839
f 839 966 965
f 839 965 1081
f 1081 965 1109
f 1081 1109 1082
f 1082 1109 1110
f 1082 1110 1083
f 1083 1110 1111
f 1083 1111 1084
f 1084 1111 1112
f 1084 1112 1085
f 1085 1112 1113
f 1085 1113 1086
f 1086 1113 907
f 1086 907 1087
f 1087 907 909
f 1088 952 1089
f 1089 952 951
f 1089 951 1090
f 1090 951 1114
f 1090 1114 1091
f 1091 1114 1115
f 1091 1115 1092
f 1092 1115 1116
f 1092 1116 1093
f 1093 1116 1117
f 1093 1117 1094
f 1094 1117 1118
f 1094 1118 1095
f 1095 1118 964
f 1095 964 1096
f 1096 964 962
f 874 932 875
f 875 932 931
f 875 931 1097
f 1097 931 1119
f 1097 1119 1098
f 1098 1119 1120
f 1098 1120 1099
f 1099 1120 1121
f 1099 1121 1100
f 1100 1121 1122
f 1100 1122 1101
f 1101 1122 1123
f 1101 1123 1102
f 1102 1123 941
f 1102 941 1103
f 1103 941 943
f 925 1124 931
f 931 1124 1125
f 931 1125 1119
f 1119 1125 1126
f 1119 1126 1120
f 1120 1126 1127
f 1120 1127 1121
f 1121 1127 1128
f 1121 1128 1122
f 1122 1128 1129
f 1122 1129 1123
f 1123 1129 1130
f 1123 1130 941
f 941 1130 1131
f 941 1131 942
f 942 1131 1132
f 942 1132 944
f 944 1132 1133
f 944 1133 946
f 946 1133 1134
f 946 1134 948
f 948 1134 1135
f 948 1135 951
f 951 1135 1136
f 951 1136 1114
f 1114 1136 1137
f 1114 1137 1115
f 1115 1137 1138
f 1115 1138 1116
f 1116 1138 1139
f 1116 1139 1117
f 1117 1139 1140
f 1117 1140 1118
f 1118 1140 1141
f 1118 1141 964
f 964 1141 1142
f 964 1142 963
f 963 1142 1143
f 963 1143 961
f 961 1143 1144
f 961 1144 959
f 959 1144 1145
f 959 1145 965
f 965 1145 1146
f 965 1146 1109
f 1109 1146 1147
f 1109 1147 1110
f 1110 1147 1148
f 1110 1148 1111
f 1111 1148 1149
f 1111 1149 1112
f 1112 1149 1150
f 1112 1150 1113
f 1113 1150 1151
f 1113 1151 907
f 907 1151 1152
f 907 1152 908
f 908 1152 1153
f 908 1153 910
f 910 1153 1154
f 910 1154 912
f 912 1154 1155
f 912 1155 914
f 914 1155 1156
f 914 1156 917
f 917 1156 1157
f 917 1157 1104
f 1104 1157 1158
f 1104 1158 1105
f 1105 1158 1159
f 1105 1159 1106
f 1106 1159 1160
f 1106 1160 1107
f 1107 1160 1161
f 1107 1161 1108
f 1108 1161 1162
f 1108 1162 930
f 930 1162 1163
f 930 1163 929
f 929 1163 1164
f 929 1164 927
f 927 1164 1165
f 927 1165 925
f 925 1165 1124
f 1124 1166 1125
f 1125 1166 1167
f 1125 1167 1126
f 1126 1167 1168
f 1126 1168 1127
f 1127 1168 1169
f 1127 1169 1128
f 1128 1169 1170
f 1128 1170 1129
f 1129 1170 1171
f 1129 1171 1130
f 1130 1171 1172
f 1130 1172 1131
f 1131 1172 1173
f 1131 1173 1132
f 1132 1173 1174
f 1132 1174 1133
f 1133 1174 1175
f 1133 1175 1134
f 1134 1175 1176
f 1134 1176 1135
f 1135 1176 1177
f 1135 1177 1136
f 1136 1177 1178
f 1136 1178 1137
f 1137 1178 1179
f 1137 1179 1138
f 1138 1179 1180
f 1138 1180 1139
f 1139 1180 1181
f 1139 1181 1140
f 1140 1181 1182
f 1140 1182 1141
f 1141 1182 1183
f 1141 1183 1142
f 1142 1183 1184
f 1142 1184 1143
f 1143 1184 1185
f 1143 1185 1144
f 1144 1185 1186
f 1144 1186 1145
f 1145 1186 1187
f 1145 1187 1146
f 1146 1187 1188
f 1146 1188 1147
f 1147 1188 1189
f 1147 1189 1148
f 1148 1189 1190
f 1148 1190 1149
f 1149 1190 1191
f 1149 1191 1150
f 1150 1191 1192
f 1150 1192 1151
f 1151 1192 1193
f 1151 1193 1152
f 1152 1193 1194
f 1152 1194 1153
f 1153 1194 1195
f 1153 1195 1154
f 1154 1195 1196
f 1154 1196 1155
f 1155 1196 1197
f 1155 1197 1156
f 1156 1197 1198
f 1156 1198 1157
f 1157 1198 1199
f 1157 1199 1158
f 1158 1199 1200
f 1158 1200 1159
f 1159 1200 1201
f 1159 1201 1160
f 1160 1201 1202
f 1160 1202 1161
f 1161 1202 1203
f 1161 1203 1162
f 1162 1203 1204
f 1162 1204 1163
f 1163 1204 1205
f 1163 1205 1164
f 1164 1205 1206
f 1164 1206 1165
f 1165 1206 1207
f 1165 1207 1124
f 1124 1207 1166
f 1166 1208 1167
f 1167 1208 1209
f 1167 1209 1168
f 1168 1209 1210
f 1168 1210 1169
f 1169 1210 1211
f 1169 1211 1170
f 1170 1211 1212
f 1170 1212 1171
f 1171 1212 1213
f 1171 1213 1172
f 1172 1213 1214
f 1172 1214 1173
f 1173 1214 1215
f 1173 1215 1174
f 1174 1215 1216
f 1174 1216 1175
f 1175 1216 1217
f 1175 1217 1176
f 1176 1217 1218
f 1176 1218 1177
f 1177 1218 1219
f 1177 1219 1178
f 1178 1219 1220
f 1178 1220 1179
f 1179 1220 1221
f 1179 1221 1180
f 1180 1221 1222
f 1180 1222 1181
f 1181 1222 1223
f 1181 1223 1182
f 1182 1223 1224
f 1182 1224 1183
f 1183 1224 1225
f 1183 1225 1184
f 1184 1225 1226
f 1184 1226 1185
f 1185 1226 1227
f 1185 1227 1186
f 1186 1227 1228
f 1186 1228 1187
f 1187 1228 1229
f 1187 1229 1188
f 1188 1229 1230
f 1188 1230 1189
f 1189 1230 1231
f 1189 1231 1190
f 1190 1231 1232
f 1190 1232 1191
f 1191 1232 1233
f 1191 1233 1192
f 1192 1233 1234
f 1192 1234 1193
f 1193 1234 1235
f 1193 1235 1194
f 1194 1235 1236
f 1194 1236 1195
f 1195 1236 1237
f 1195 1237 1196
f 1196 1237 1238
f 1196 1238 1197
f 1197 1238 1239
f 1197 1239 1198
f 1198 1239 1240
f 1198 1240 1199
f 1199 1240 1241
f 1199 1241 1200
f 1200 1241 1242
f 1200 1242 1201
f 1201 1242 1243
f 1201 1243 1202
f 1202 1243 1244
f 1202 1244 1203
f 1203 1244 1245
f 1203 1245 1204
f 1204 1245 1246
f 1204 1246 1205
f 1205 1246 1247
f 1205 1247 1206
f 1206 1247 1248
f 1206 1248 1207
f 1207 1248 1249
f 1207 1249 1166
f 1166 1249 1208
f 1208 786 1209
f 1209 786 785
f 1209 785 1210
f 1210 785 788
f 1210 788 1211
f 1211 788 789
f 1211 789 1212
f 1212 789 790
f 1212 790 1213
f 1213 790 791
f 1213 791 1214
f 1214 791 792
f 1214 792 1215
f 1215 792 793
f 1215 793 1216
f 1216 793 794
f 1216 794 1217
f 1217 794 795
f 1217 795 1218
f 1218 795 796
f 1218 796 1219
f 1219 796 797
f 1219 797 1220
f 1220 797 798
f 1220 798 1221
f 1221 798 799
f 1221 799 1222
f 1222 799 800
f 1222 800 1223
f 1223 800 801
f 1223 801 1224
f 1224 801 802
f 1224 802 1225
f 1225 802 803
f 1225 803 1226
f 1226 803 804
f 1226 804 1227
f 1227 804 805
f 1227 805 1228
f 1228 805 806
f 1228 806 1229
f 1229 806 807
f 1229 807 1230
f 1230 807 808
f 1230 808 1231
f 1231 808 809
f 1231 809 1232
f 1232 809 810
f 1232 810 1233
f 1233 810 811
f 1233 811 1234
f 1234 811 812
f 1234 812 1235
f 1235 812 813
f 1235 813 1236
f 1236 813 814
f 1236 814 1237
f 1237 814 815
f 1237 815 1238
f 1238 815 816
f 1238 816 1239
f 1239 816 817
f 1239 817 1240
f 1240 817 818
f 1240 818 1241
f 1241 818 819
f 1241 819 1242
f 1242 819 820
f 1242 820 1243
f 1243 820 821
f 1243 821 1244
f 1244 821 822
f 1244 822 1245
f 1245 822 823
f 1245 823 1246
f 1246 823 824
f 1246 824 1247
f 1247 824 825
f 1247 825 1248
f 1248 825 826
f 1248 826 1249
f 1249 826 827
f 1249 827 1208
f 1208 827 786
f 1250 1251 1252
f 1252 1251 1253
f 1254 1250 1255
f 1255 1250 1256
f 1256 1257 1255
f 1255 1257 1258
f 1255 1258 1259
f 1259 1260 1255
f 1255 1260 1261
f 1255 1261 1262
f 1263 1255 1264
f 1264 1255 1265
f 1254 1266 1250
f 1250 1266 1267
f 1250 1267 1268
f 1269 1270 1251
f 1251 1270 1271
f 1251 1271 1253
f 1262 1272 1255
f 1255 1272 1273
f 1255 1273 1265
f 1274 1275 1255
f 1255 1275 1276
f 1255 1276 1277
f 1268 1278 1250
f 1250 1278 1279
f 1250 1279 1280
f 1269 1281 1270
f 1270 1281 1282
f 1270 1282 1283
f 1283 1282 1284
f 1283 1284 1285
f 1263 1286 1255
f 1255 1286 1287
f 1255 1287 1274
f 1280 1288 1250
f 1250 1288 1289
f 1250 1289 1251
f 1285 1290 1283
f 1283 1290 1291
f 1283 1291 1292
f 1277 1293 1255
f 1255 1293 1294
f 1255 1294 1295
f 1295 1296 1255
f 1255 1296 1297
f 1255 1297 1298
f 1299 1253 1300
f 1300 1253 1271
f 1300 1271 1301
f 1301 1271 1270
f 1301 1270 1302
f 1302 1270 1283
f 1302 1283 1303
f 1303 1283 1292
f 1303 1292 1304
f 1304 1292 1291
f 1304 1291 1305
f 1305 1291 1290
f 1305 1290 1306
f 1306 1290 1285
f 1306 1285 1307
f 1307 1285 1284
f 1307 1284 1308
f 1308 1284 1282
f 1308 1282 1309
f 1309 1282 1281
f 1309 1281 1310
f 1310 1281 1269
f 1310 1269 1311
f 1311 1269 1251
f 1311 1251 1312
f 1312 1251 1289
f 1312 1289 1313
f 1313 1289 1288
f 1313 1288 1314
f 1314 1288 1280
f 1314 1280 1315
f 1315 1280 1279
f 1315 1279 1316
f 1316 1279 1278
f 1316 1278 1317
f 1317 1278 1268
f 1317 1268 1318
f 1318 1268 1267
f 1318 1267 1319
f 1319 1267 1266
f 1319 1266 1320
f 1320 1266 1254
f 1320 1254 1321
f 1321 1254 1255
f 1321 1255 1322
f 1322 1255 1298
f 1322 1298 1323
f 1323 1298 1297
f 1323 1297 1324
f 1324 1297 1296
f 1324 1296 1325
f 1325 1296 1295
f 1325 1295 1326
f 1326 1295 1294
f 1326 1294 1327
f 1327 1294 1293
f 1327 1293 1328
f 1328 1293 1277
f 1328 1277 1329
f 1329 1277 1276
f 1329 1276 1330
f 1330 1276 1275
f 1330 1275 1331
f 1331 1275 1274
f 1331 1274 1332
f 1332 1274 1287
f 1332 1287 1333
f 1333 1287 1286
f 1333 1286 1334
f 1334 1286 1263
f 1334 1263 1335
f 1335 1263 1264
f 1335 1264 1336
f 1336 1264 1265
f 1336 1265 1337
f 1337 1265 1273
f 1337 1273 1338
f 1338 1273 1272
f 1338 1272 1339
f 1339 1272 1262
f 1339 1262 1340
f 1340 1262 1261
f 1340 1261 1341
f 1341 1261 1260
f 1341 1260 1342
f 1342 1260 1259
f 1342 1259 1343
f 1343 1259 1258
f 1343 1258 1344
f 1344 1258 1257
f 1344 1257 1345
f 1345 1257 1256
f 1345 1256 1346
f 1346 1256 1250
f 1346 1250 1347
f 1347 1250 1252
f 1347 1252 1299
f 1299 1252 1253
f 1348 1349 1344
f 1350 1351 1339
f 1352 1353 1334
f 1354 1355 1329
f 1356 1357 1322
f 1358 1359 1317
f 1360 1361 1312
f 1362 1363 1307
f 1364 1301 1365
f 1365 1301 1302
f 1365 1302 1366
f 1366 1302 1367
f 1367 1302 1303
f 1367 1303 1368
f 1368 1303 1369
f 1369 1303 1304
f 1369 1304 1370
f 1305 1371 1372
f 1305 1372 1304
f 1304 1372 1373
f 1304 1373 1370
f 1371 1305 1374
f 1374 1305 1306
f 1374 1306 1375
f 1307 1363 1306
f 1306 1363 1376
f 1306 1376 1375
f 1362 1307 1377
f 1377 1307 1308
f 1377 1308 1378
f 1378 1308 1379
f 1379 1308 1309
f 1379 1309 1380
f 1310 1381 1382
f 1310 1382 1309
f 1309 1382 1383
f 1309 1383 1380
f 1381 1310 1384
f 1384 1310 1311
f 1384 1311 1385
f 1312 1361 1311
f 1311 1361 1386
f 1311 1386 1385
f 1360 1312 1387
f 1387 1312 1313
f 1387 1313 1388
f 1315 1389 1390
f 1315 1390 1314
f 1390 1391 1314
f 1314 1391 1392
f 1314 1392 1313
f 1313 1392 1393
f 1313 1393 1388
f 1389 1315 1394
f 1394 1315 1316
f 1394 1316 1395
f 1317 1359 1316
f 1316 1359 1396
f 1316 1396 1395
f 1358 1317 1397
f 1397 1317 1318
f 1397 1318 1398
f 1320 1399 1400
f 1320 1400 1319
f 1400 1401 1319
f 1319 1401 1402
f 1319 1402 1318
f 1318 1402 1403
f 1318 1403 1398
f 1399 1320 1404
f 1404 1320 1321
f 1404 1321 1405
f 1322 1357 1321
f 1321 1357 1406
f 1321 1406 1405
f 1356 1322 1407
f 1407 1322 1323
f 1407 1323 1408
f 1325 1409 1410
f 1325 1410 1324
f 1410 1411 1324
f 1324 1411 1412
f 1324 1412 1323
f 1323 1412 1413
f 1323 1413 1408
f 1409 1325 1414
f 1414 1325 1326
f 1414 1326 1415
f 1327 1416 1417
f 1327 1417 1326
f 1326 1417 1418
f 1326 1418 1415
f 1416 1327 1419
f 1419 1327 1328
f 1419 1328 1420
f 1329 1355 1328
f 1328 1355 1421
f 1328 1421 1420
f 1354 1329 1422
f 1422 1329 1330
f 1422 1330 1423
f 1423 1330 1424
f 1424 1330 1331
f 1424 1331 1425
f 1332 1426 1427
f 1332 1427 1331
f 1331 1427 1428
f 1331 1428 1425
f 1426 1332 1429
f 1429 1332 1333
f 1429 1333 1430
f 1334 1353 1333
f 1333 1353 1431
f 1333 1431 1430
f 1352 1334 1432
f 1432 1334 1335
f 1432 1335 1433
f 1433 1335 1434
f 1434 1335 1336
f 1434 1336 1435
f 1337 1436 1437
f 1337 1437 1336
f 1336 1437 1438
f 1336 1438 1435
f 1436 1337 1439
f 1439 1337 1338
f 1439 1338 1440
f 1339 1351 1338
f 1338 1351 1441
f 1338 1441 1440
f 1350 1339 1442
f 1442 1339 1340
f 1442 1340 1443
f 1342 1444 1445
f 1342 1445 1341
f 1445 1446 1341
f 1341 1446 1447
f 1341 1447 1340
f 1340 1447 1448
f 1340 1448 1443
f 1444 1342 1449
f 1449 1342 1343
f 1449 1343 1450
f 1344 1349 1343
f 1343 1349 1451
f 1343 1451 1450
f 1348 1344 1452
f 1452 1344 1345
f 1452 1345 1453
f 1347 1454 1455
f 1347 1455 1346
f 1455 1456 1346
f 1346 1456 1457
f 1346 1457 1345
f 1345 1457 1458
f 1345 1458 1453
f 1454 1347 1459
f 1459 1347 1299
f 1459 1299 1460
f 1364 1461 1301
f 1301 1461 1462
f 1301 1462 1300
f 1300 1462 1463
f 1300 1463 1299
f 1299 1463 1464
f 1299 1464 1460
f 1465 1466 1467
f 1468 1469 1470
f 1471 1472 1473
f 1474 1475 1476
f 1477 1478 1479
f 1480 1481 1482
f 1483 1484 1485
f 1486 1487 1488
f 1489 1490 1491
f 1492 1493 1494
f 1495 1496 1497
f 1498 1499 1500
f 1501 1502 1503
f 1504 1505 1506
f 1507 1508 1509
f 1510 1511 1512
f 1513 1514 1515
f 1516 1517 1518
f 1519 1520 1521
f 1522 1523 1524
f 1525 1526 1527
f 1528 1529 1530
f 1531 1532 1533
f 1534 1535 1536
f 1537 1538 1539
f 1540 1541 1542
f 1543 1544 1545
f 1546 1547 1548
f 1549 1550 1551
f 1552 1553 1554
f 1555 1556 1557
f 1558 1559 1560
f 1464 1463 1561
f 1460 1464 1562
f 1454 1459 1563
f 1457 1456 1564
f 1349 1348 1565
f 1444 1449 1566
f 1447 1446 1567
f 1443 1448 1568
f 1351 1350 1569
f 1436 1439 1570
f 1435 1438 1571
f 1433 1434 1572
f 1353 1352 1573
f 1425 1428 1574
f 1423 1424 1575
f 1355 1354 1576
f 1415 1418 1577
f 1409 1414 1578
f 1412 1411 1579
f 1357 1356 1580
f 1399 1404 1581
f 1402 1401 1582
f 1359 1358 1583
f 1389 1394 1584
f 1392 1391 1585
f 1388 1393 1586
f 1361 1360 1587
f 1380 1383 1588
f 1378 1379 1589
f 1363 1362 1590
f 1370 1373 1591
f 1368 1369 1592
f 1365 1366 1593
f 1463 1462 1594
f 1594 1462 1461
f 1461 1364 1595
f 1595 1364 1365
f 1366 1367 1596
f 1596 1367 1368
f 1370 1591 1369
f 1373 1372 1597
f 1597 1372 1371
f 1371 1374 1598
f 1598 1374 1375
f 1375 1376 1599
f 1599 1376 1363
f 1362 1377 1600
f 1600 1377 1378
f 1380 1588 1379
f 1383 1382 1601
f 1601 1382 1381
f 1381 1384 1602
f 1602 1384 1385
f 1385 1386 1603
f 1603 1386 1361
f 1360 1387 1604
f 1604 1387 1388
f 1392 1585 1393
f 1391 1390 1605
f 1605 1390 1389
f 1394 1395 1606
f 1606 1395 1396
f 1606 1396 1359
f 1358 1397 1607
f 1607 1397 1398
f 1398 1403 1608
f 1608 1403 1402
f 1401 1400 1609
f 1609 1400 1399
f 1404 1405 1610
f 1610 1405 1406
f 1610 1406 1357
f 1356 1407 1611
f 1611 1407 1408
f 1408 1413 1612
f 1612 1413 1412
f 1411 1410 1613
f 1613 1410 1409
f 1415 1577 1414
f 1418 1417 1614
f 1614 1417 1416
f 1416 1419 1615
f 1615 1419 1420
f 1420 1421 1616
f 1616 1421 1355
f 1354 1422 1617
f 1617 1422 1423
f 1425 1574 1424
f 1428 1427 1618
f 1618 1427 1426
f 1426 1429 1619
f 1619 1429 1430
f 1430 1431 1620
f 1620 1431 1353
f 1352 1432 1621
f 1621 1432 1433
f 1435 1571 1434
f 1438 1437 1622
f 1622 1437 1436
f 1439 1440 1623
f 1623 1440 1441
f 1623 1441 1351
f 1350 1442 1624
f 1624 1442 1443
f 1447 1567 1448
f 1446 1445 1625
f 1625 1445 1444
f 1449 1450 1626
f 1626 1450 1451
f 1626 1451 1349
f 1348 1452 1627
f 1627 1452 1453
f 1453 1458 1628
f 1628 1458 1457
f 1456 1455 1629
f 1629 1455 1454
f 1460 1562 1459
f 1463 1594 1561
f 1561 1594 1630
f 1561 1630 1631
f 1631 1630 1632
f 1631 1632 1633
f 1633 1632 1634
f 1633 1634 1635
f 1635 1634 1636
f 1635 1636 1637
f 1637 1636 1638
f 1637 1638 1639
f 1639 1638 1640
f 1639 1640 1641
f 1641 1640 1642
f 1641 1642 1643
f 1643 1642 1644
f 1643 1644 1645
f 1645 1644 1646
f 1645 1646 1647
f 1647 1646 1560
f 1647 1560 1648
f 1648 1560 1559
f 1648 1559 1649
f 1461 1595 1594
f 1594 1595 1650
f 1594 1650 1630
f 1630 1650 1651
f 1630 1651 1632
f 1632 1651 1652
f 1632 1652 1634
f 1634 1652 1653
f 1634 1653 1636
f 1636 1653 1654
f 1636 1654 1638
f 1638 1654 1655
f 1638 1655 1640
f 1640 1655 1656
f 1640 1656 1642
f 1642 1656 1657
f 1642 1657 1644
f 1644 1657 1658
f 1644 1658 1646
f 1646 1658 1557
f 1646 1557 1560
f 1560 1557 1556
f 1560 1556 1558
f 1365 1593 1595
f 1595 1593 1659
f 1595 1659 1650
f 1650 1659 1660
f 1650 1660 1651
f 1651 1660 1661
f 1651 1661 1652
f 1652 1661 1662
f 1652 1662 1653
f 1653 1662 1663
f 1653 1663 1654
f 1654 1663 1664
f 1654 1664 1655
f 1655 1664 1665
f 1655 1665 1656
f 1656 1665 1666
f 1656 1666 1657
f 1657 1666 1667
f 1657 1667 1658
f 1658 1667 1554
f 1658 1554 1557
f 1557 1554 1553
f 1557 1553 1555
f 1366 1596 1593
f 1593 1596 1668
f 1593 1668 1659
f 1659 1668 1669
f 1659 1669 1660
f 1660 1669 1670
f 1660 1670 1661
f 1661 1670 1671
f 1661 1671 1662
f 1662 1671 1672
f 1662 1672 1663
f 1663 1672 1673
f 1663 1673 1664
f 1664 1673 1674
f 1664 1674 1665
f 1665 1674 1675
f 1665 1675 1666
f 1666 1675 1676
f 1666 1676 1667
f 1667 1676 1551
f 1667 1551 1554
f 1554 1551 1550
f 1554 1550 1552
f 1368 1592 1596
f 1596 1592 1677
f 1596 1677 1668
f 1668 1677 1678
f 1668 1678 1669
f 1669 1678 1679
f 1669 1679 1670
f 1670 1679 1680
f 1670 1680 1671
f 1671 1680 1681
f 1671 1681 1672
f 1672 1681 1682
f 1672 1682 1673
f 1673 1682 1683
f 1673 1683 1674
f 1674 1683 1684
f 1674 1684 1675
f 1675 1684 1685
f 1675 1685 1676
f 1676 1685 1548
f 1676 1548 1551
f 1551 1548 1547
f 1551 1547 1549
f 1369 1591 1592
f 1592 1591 1686
f 1592 1686 1677
f 1677 1686 1687
f 1677 1687 1678
f 1678 1687 1688
f 1678 1688 1679
f 1679 1688 1689
f 1679 1689 1680
f 1680 1689 1690
f 1680 1690 1681
f 1681 1690 1691
f 1681 1691 1682
f 1682 1691 1692
f 1682 1692 1683
f 1683 1692 1693
f 1683 1693 1684
f 1684 1693 1694
f 1684 1694 1685
f 1685 1694 1545
f 1685 1545 1548
f 1548 1545 1544
f 1548 1544 1546
f 1373 1597 1591
f 1591 1597 1695
f 1591 1695 1686
f 1686 1695 1696
f 1686 1696 1687
f 1687 1696 1697
f 1687 1697 1688
f 1688 1697 1698
f 1688 1698 1689
f 1689 1698 1699
f 1689 1699 1690
f 1690 1699 1700
f 1690 1700 1691
f 1691 1700 1701
f 1691 1701 1692
f 1692 1701 1702
f 1692 1702 1693
f 1693 1702 1703
f 1693 1703 1694
f 1694 1703 1704
f 1694 1704 1545
f 1545 1704 1705
f 1545 1705 1543
f 1706 1707 1708
f 1371 1598 1597
f 1597 1598 1709
f 1597 1709 1695
f 1695 1709 1710
f 1695 1710 1696
f 1696 1710 1711
f 1696 1711 1697
f 1697 1711 1712
f 1697 1712 1698
f 1698 1712 1713
f 1698 1713 1699
f 1699 1713 1714
f 1699 1714 1700
f 1700 1714 1715
f 1700 1715 1701
f 1701 1715 1716
f 1701 1716 1702
f 1702 1716 1717
f 1702 1717 1703
f 1703 1717 1706
f 1703 1706 1704
f 1704 1706 1708
f 1704 1708 1705
f 1718 1719 1720
f 1375 1599 1598
f 1598 1599 1721
f 1598 1721 1709
f 1709 1721 1722
f 1709 1722 1710
f 1710 1722 1723
f 1710 1723 1711
f 1711 1723 1724
f 1711 1724 1712
f 1712 1724 1725
f 1712 1725 1713
f 1713 1725 1726
f 1713 1726 1714
f 1714 1726 1727
f 1714 1727 1715
f 1715 1727 1728
f 1715 1728 1716
f 1716 1728 1729
f 1716 1729 1717
f 1717 1729 1718
f 1717 1718 1706
f 1706 1718 1720
f 1706 1720 1707
f 1730 1731 1732
f 1363 1590 1599
f 1599 1590 1733
f 1599 1733 1721
f 1721 1733 1734
f 1721 1734 1722
f 1722 1734 1735
f 1722 1735 1723
f 1723 1735 1736
f 1723 1736 1724
f 1724 1736 1737
f 1724 1737 1725
f 1725 1737 1738
f 1725 1738 1726
f 1726 1738 1739
f 1726 1739 1727
f 1727 1739 1740
f 1727 1740 1728
f 1728 1740 1741
f 1728 1741 1729
f 1729 1741 1730
f 1729 1730 1718
f 1718 1730 1732
f 1718 1732 1719
f 1742 1743 1744
f 1362 1600 1590
f 1590 1600 1745
f 1590 1745 1733
f 1733 1745 1746
f 1733 1746 1734
f 1734 1746 1747
f 1734 1747 1735
f 1735 1747 1748
f 1735 1748 1736
f 1736 1748 1749
f 1736 1749 1737
f 1737 1749 1750
f 1737 1750 1738
f 1738 1750 1751
f 1738 1751 1739
f 1739 1751 1752
f 1739 1752 1740
f 1740 1752 1753
f 1740 1753 1741
f 1741 1753 1742
f 1741 1742 1730
f 1730 1742 1744
f 1730 1744 1731
f 1754 1755 1756
f 1378 1589 1600
f 1600 1589 1757
f 1600 1757 1745
f 1745 1757 1758
f 1745 1758 1746
f 1746 1758 1759
f 1746 1759 1747
f 1747 1759 1760
f 1747 1760 1748
f 1748 1760 1761
f 1748 1761 1749
f 1749 1761 1762
f 1749 1762 1750
f 1750 1762 1763
f 1750 1763 1751
f 1751 1763 1764
f 1751 1764 1752
f 1752 1764 1765
f 1752 1765 1753
f 1753 1765 1754
f 1753 1754 1742
f 1742 1754 1756
f 1742 1756 1743
f 1766 1767 1768
f 1379 1588 1589
f 1589 1588 1769
f 1589 1769 1757
f 1757 1769 1770
f 1757 1770 1758
f 1758 1770 1771
f 1758 1771 1759
f 1759 1771 1772
f 1759 1772 1760
f 1760 1772 1773
f 1760 1773 1761
f 1761 1773 1774
f 1761 1774 1762
f 1762 1774 1775
f 1762 1775 1763
f 1763 1775 1776
f 1763 1776 1764
f 1764 1776 1777
f 1764 1777 1765
f 1765 1777 1766
f 1765 1766 1754
f 1754 1766 1768
f 1754 1768 1755
f 1383 1601 1588
f 1588 1601 1778
f 1588 1778 1769
f 1769 1778 1779
f 1769 1779 1770
f 1770 1779 1780
f 1770 1780 1771
f 1771 1780 1781
f 1771 1781 1772
f 1772 1781 1782
f 1772 1782 1773
f 1773 1782 1783
f 1773 1783 1774
f 1774 1783 1784
f 1774 1784 1775
f 1775 1784 1785
f 1775 1785 1776
f 1776 1785 1786
f 1776 1786 1777
f 1777 1786 1542
f 1777 1542 1766
f 1766 1542 1541
f 1766 1541 1767
f 1381 1602 1601
f 1601 1602 1787
f 1601 1787 1778
f 1778 1787 1788
f 1778 1788 1779
f 1779 1788 1789
f 1779 1789 1780
f 1780 1789 1790
f 1780 1790 1781
f 1781 1790 1791
f 1781 1791 1782
f 1782 1791 1792
f 1782 1792 1783
f 1783 1792 1793
f 1783 1793 1784
f 1784 1793 1794
f 1784 1794 1785
f 1785 1794 1795
f 1785 1795 1786
f 1786 1795 1539
f 1786 1539 1542
f 1542 1539 1538
f 1542 1538 1540
f 1385 1603 1602
f 1602 1603 1796
f 1602 1796 1787
f 1787 1796 1797
f 1787 1797 1788
f 1788 1797 1798
f 1788 1798 1789
f 1789 1798 1799
f 1789 1799 1790
f 1790 1799 1800
f 1790 1800 1791
f 1791 1800 1801
f 1791 1801 1792
f 1792 1801 1802
f 1792 1802 1793
f 1793 1802 1803
f 1793 1803 1794
f 1794 1803 1804
f 1794 1804 1795
f 1795 1804 1536
f 1795 1536 1539
f 1539 1536 1535
f 1539 1535 1537
f 1361 1587 1603
f 1603 1587 1805
f 1603 1805 1796
f 1796 1805 1806
f 1796 1806 1797
f 1797 1806 1807
f 1797 1807 1798
f 1798 1807 1808
f 1798 1808 1799
f 1799 1808 1809
f 1799 1809 1800
f 1800 1809 1810
f 1800 1810 1801
f 1801 1810 1811
f 1801 1811 1802
f 1802 1811 1812
f 1802 1812 1803
f 1803 1812 1813
f 1803 1813 1804
f 1804 1813 1533
f 1804 1533 1536
f 1536 1533 1532
f 1536 1532 1534
f 1360 1604 1587
f 1587 1604 1814
f 1587 1814 1805
f 1805 1814 1815
f 1805 1815 1806
f 1806 1815 1816
f 1806 1816 1807
f 1807 1816 1817
f 1807 1817 1808
f 1808 1817 1818
f 1808 1818 1809
f 1809 1818 1819
f 1809 1819 1810
f 1810 1819 1820
f 1810 1820 1811
f 1811 1820 1821
f 1811 1821 1812
f 1812 1821 1822
f 1812 1822 1813
f 1813 1822 1530
f 1813 1530 1533
f 1533 1530 1529
f 1533 1529 1531
f 1388 1586 1604
f 1604 1586 1823
f 1604 1823 1814
f 1814 1823 1824
f 1814 1824 1815
f 1815 1824 1825
f 1815 1825 1816
f 1816 1825 1826
f 1816 1826 1817
f 1817 1826 1827
f 1817 1827 1818
f 1818 1827 1828
f 1818 1828 1819
f 1819 1828 1829
f 1819 1829 1820
f 1820 1829 1830
f 1820 1830 1821
f 1821 1830 1831
f 1821 1831 1822
f 1822 1831 1527
f 1822 1527 1530
f 1530 1527 1526
f 1530 1526 1528
f 1393 1585 1586
f 1586 1585 1832
f 1586 1832 1823
f 1823 1832 1833
f 1823 1833 1824
f 1824 1833 1834
f 1824 1834 1825
f 1825 1834 1835
f 1825 1835 1826
f 1826 1835 1836
f 1826 1836 1827
f 1827 1836 1837
f 1827 1837 1828
f 1828 1837 1838
f 1828 1838 1829
f 1829 1838 1839
f 1829 1839 1830
f 1830 1839 1840
f 1830 1840 1831
f 1831 1840 1524
f 1831 1524 1527
f 1527 1524 1523
f 1527 1523 1525
f 1391 1605 1585
f 1585 1605 1841
f 1585 1841 1832
f 1832 1841 1842
f 1832 1842 1833
f 1833 1842 1843
f 1833 1843 1834
f 1834 1843 1844
f 1834 1844 1835
f 1835 1844 1845
f 1835 1845 1836
f 1836 1845 1846
f 1836 1846 1837
f 1837 1846 1847
f 1837 1847 1838
f 1838 1847 1848
f 1838 1848 1839
f 1839 1848 1849
f 1839 1849 1840
f 1840 1849 1850
f 1840 1850 1524
f 1524 1850 1851
f 1524 1851 1522
f 1852 1853 1854
f 1389 1584 1605
f 1605 1584 1855
f 1605 1855 1841
f 1841 1855 1856
f 1841 1856 1842
f 1842 1856 1857
f 1842 1857 1843
f 1843 1857 1858
f 1843 1858 1844
f 1844 1858 1859
f 1844 1859 1845
f 1845 1859 1860
f 1845 1860 1846
f 1846 1860 1861
f 1846 1861 1847
f 1847 1861 1862
f 1847 1862 1848
f 1848 1862 1863
f 1848 1863 1849
f 1849 1863 1852
f 1849 1852 1850
f 1850 1852 1854
f 1850 1854 1851
f 1864 1865 1866
f 1394 1606 1584
f 1584 1606 1867
f 1584 1867 1855
f 1855 1867 1868
f 1855 1868 1856
f 1856 1868 1869
f 1856 1869 1857
f 1857 1869 1870
f 1857 1870 1858
f 1858 1870 1871
f 1858 1871 1859
f 1859 1871 1872
f 1859 1872 1860
f 1860 1872 1873
f 1860 1873 1861
f 1861 1873 1874
f 1861 1874 1862
f 1862 1874 1875
f 1862 1875 1863
f 1863 1875 1864
f 1863 1864 1852
f 1852 1864 1866
f 1852 1866 1853
f 1876 1877 1878
f 1359 1583 1606
f 1606 1583 1879
f 1606 1879 1867
f 1867 1879 1880
f 1867 1880 1868
f 1868 1880 1881
f 1868 1881 1869
f 1869 1881 1882
f 1869 1882 1870
f 1870 1882 1883
f 1870 1883 1871
f 1871 1883 1884
f 1871 1884 1872
f 1872 1884 1885
f 1872 1885 1873
f 1873 1885 1886
f 1873 1886 1874
f 1874 1886 1887
f 1874 1887 1875
f 1875 1887 1876
f 1875 1876 1864
f 1864 1876 1878
f 1864 1878 1865
f 1888 1889 1890
f 1358 1607 1583
f 1583 1607 1891
f 1583 1891 1879
f 1879 1891 1892
f 1879 1892 1880
f 1880 1892 1893
f 1880 1893 1881
f 1881 1893 1894
f 1881 1894 1882
f 1882 1894 1895
f 1882 1895 1883
f 1883 1895 1896
f 1883 1896 1884
f 1884 1896 1897
f 1884 1897 1885
f 1885 1897 1898
f 1885 1898 1886
f 1886 1898 1899
f 1886 1899 1887
f 1887 1899 1888
f 1887 1888 1876
f 1876 1888 1890
f 1876 1890 1877
f 1900 1901 1902
f 1398 1608 1607
f 1607 1608 1903
f 1607 1903 1891
f 1891 1903 1904
f 1891 1904 1892
f 1892 1904 1905
f 1892 1905 1893
f 1893 1905 1906
f 1893 1906 1894
f 1894 1906 1907
f 1894 1907 1895
f 1895 1907 1908
f 1895 1908 1896
f 1896 1908 1909
f 1896 1909 1897
f 1897 1909 1910
f 1897 1910 1898
f 1898 1910 1911
f 1898 1911 1899
f 1899 1911 1900
f 1899 1900 1888
f 1888 1900 1902
f 1888 1902 1889
f 1912 1913 1914
f 1402 1582 1608
f 1608 1582 1915
f 1608 1915 1903
f 1903 1915 1916
f 1903 1916 1904
f 1904 1916 1917
f 1904 1917 1905
f 1905 1917 1918
f 1905 1918 1906
f 1906 1918 1919
f 1906 1919 1907
f 1907 1919 1920
f 1907 1920 1908
f 1908 1920 1921
f 1908 1921 1909
f 1909 1921 1922
f 1909 1922 1910
f 1910 1922 1923
f 1910 1923 1911
f 1911 1923 1912
f 1911 1912 1900
f 1900 1912 1914
f 1900 1914 1901
f 1401 1609 1582
f 1582 1609 1924
f 1582 1924 1915
f 1915 1924 1925
f 1915 1925 1916
f 1916 1925 1926
f 1916 1926 1917
f 1917 1926 1927
f 1917 1927 1918
f 1918 1927 1928
f 1918 1928 1919
f 1919 1928 1929
f 1919 1929 1920
f 1920 1929 1930
f 1920 1930 1921
f 1921 1930 1931
f 1921 1931 1922
f 1922 1931 1932
f 1922 1932 1923
f 1923 1932 1521
f 1923 1521 1912
f 1912 1521 1520
f 1912 1520 1913
f 1399 1581 1609
f 1609 1581 1933
f 1609 1933 1924
f 1924 1933 1934
f 1924 1934 1925
f 1925 1934 1935
f 1925 1935 1926
f 1926 1935 1936
f 1926 1936 1927
f 1927 1936 1937
f 1927 1937 1928
f 1928 1937 1938
f 1928 1938 1929
f 1929 1938 1939
f 1929 1939 1930
f 1930 1939 1940
f 1930 1940 1931
f 1931 1940 1941
f 1931 1941 1932
f 1932 1941 1518
f 1932 1518 1521
f 1521 1518 1517
f 1521 1517 1519
f 1404 1610 1581
f 1581 1610 1942
f 1581 1942 1933
f 1933 1942 1943
f 1933 1943 1934
f 1934 1943 1944
f 1934 1944 1935
f 1935 1944 1945
f 1935 1945 1936
f 1936 1945 1946
f 1936 1946 1937
f 1937 1946 1947
f 1937 1947 1938
f 1938 1947 1948
f 1938 1948 1939
f 1939 1948 1949
f 1939 1949 1940
f 1940 1949 1950
f 1940 1950 1941
f 1941 1950 1515
f 1941 1515 1518
f 1518 1515 1514
f 1518 1514 1516
f 1357 1580 1610
f 1610 1580 1951
f 1610 1951 1942
f 1942 1951 1952
f 1942 1952 1943
f 1943 1952 1953
f 1943 1953 1944
f 1944 1953 1954
f 1944 1954 1945
f 1945 1954 1955
f 1945 1955 1946
f 1946 1955 1956
f 1946 1956 1947
f 1947 1956 1957
f 1947 1957 1948
f 1948 1957 1958
f 1948 1958 1949
f 1949 1958 1959
f 1949 1959 1950
f 1950 1959 1512
f 1950 1512 1515
f 1515 1512 1511
f 1515 1511 1513
f 1356 1611 1580
f 1580 1611 1960
f 1580 1960 1951
f 1951 1960 1961
f 1951 1961 1952
f 1952 1961 1962
f 1952 1962 1953
f 1953 1962 1963
f 1953 1963 1954
f 1954 1963 1964
f 1954 1964 1955
f 1955 1964 1965
f 1955 1965 1956
f 1956 1965 1966
f 1956 1966 1957
f 1957 1966 1967
f 1957 1967 1958
f 1958 1967 1968
f 1958 1968 1959
f 1959 1968 1509
f 1959 1509 1512
f 1512 1509 1508
f 1512 1508 1510
f 1408 1612 1611
f 1611 1612 1969
f 1611 1969 1960
f 1960 1969 1970
f 1960 1970 1961
f 1961 1970 1971
f 1961 1971 1962
f 1962 1971 1972
f 1962 1972 1963
f 1963 1972 1973
f 1963 1973 1964
f 1964 1973 1974
f 1964 1974 1965
f 1965 1974 1975
f 1965 1975 1966
f 1966 1975 1976
f 1966 1976 1967
f 1967 1976 1977
f 1967 1977 1968
f 1968 1977 1506
f 1968 1506 1509
f 1509 1506 1505
f 1509 1505 1507
f 1412 1579 1612
f 1612 1579 1978
f 1612 1978 1969
f 1969 1978 1979
f 1969 1979 1970
f 1970 1979 1980
f 1970 1980 1971
f 1971 1980 1981
f 1971 1981 1972
f 1972 1981 1982
f 1972 1982 1973
f 1973 1982 1983
f 1973 1983 1974
f 1974 1983 1984
f 1974 1984 1975
f 1975 1984 1985
f 1975 1985 1976
f 1976 1985 1986
f 1976 1986 1977
f 1977 1986 1503
f 1977 1503 1506
f 1506 1503 1502
f 1506 1502 1504
f 1411 1613 1579
f 1579 1613 1987
f 1579 1987 1978
f 1978 1987 1988
f 1978 1988 1979
f 1979 1988 1989
f 1979 1989 1980
f 1980 1989 1990
f 1980 1990 1981
f 1981 1990 1991
f 1981 1991 1982
f 1982 1991 1992
f 1982 1992 1983
f 1983 1992 1993
f 1983 1993 1984
f 1984 1993 1994
f 1984 1994 1985
f 1985 1994 1995
f 1985 1995 1986
f 1986 1995 1996
f 1986 1996 1503
f 1503 1996 1997
f 1503 1997 1501
f 1998 1999 2000
f 1409 1578 1613
f 1613 1578 2001
f 1613 2001 1987
f 1987 2001 2002
f 1987 2002 1988
f 1988 2002 2003
f 1988 2003 1989
f 1989 2003 2004
f 1989 2004 1990
f 1990 2004 2005
f 1990 2005 1991
f 1991 2005 2006
f 1991 2006 1992
f 1992 2006 2007
f 1992 2007 1993
f 1993 2007 2008
f 1993 2008 1994
f 1994 2008 2009
f 1994 2009 1995
f 1995 2009 1998
f 1995 1998 1996
f 1996 1998 2000
f 1996 2000 1997
f 2010 2011 2012
f 1414 1577 1578
f 1578 1577 2013
f 1578 2013 2001
f 2001 2013 2014
f 2001 2014 2002
f 2002 2014 2015
f 2002 2015 2003
f 2003 2015 2016
f 2003 2016 2004
f 2004 2016 2017
f 2004 2017 2005
f 2005 2017 2018
f 2005 2018 2006
f 2006 2018 2019
f 2006 2019 2007
f 2007 2019 2020
f 2007 2020 2008
f 2008 2020 2021
f 2008 2021 2009
f 2009 2021 2010
f 2009 2010 1998
f 1998 2010 2012
f 1998 2012 1999
f 2022 2023 2024
f 1418 1614 1577
f 1577 1614 2025
f 1577 2025 2013
f 2013 2025 2026
f 2013 2026 2014
f 2014 2026 2027
f 2014 2027 2015
f 2015 2027 2028
f 2015 2028 2016
f 2016 2028 2029
f 2016 2029 2017
f 2017 2029 2030
f 2017 2030 2018
f 2018 2030 2031
f 2018 2031 2019
f 2019 2031 2032
f 2019 2032 2020
f 2020 2032 2033
f 2020 2033 2021
f 2021 2033 2022
f 2021 2022 2010
f 2010 2022 2024
f 2010 2024 2011
f 2034 2035 2036
f 1416 1615 1614
f 1614 1615 2037
f 1614 2037 2025
f 2025 2037 2038
f 2025 2038 2026
f 2026 2038 2039
f 2026 2039 2027
f 2027 2039 2040
f 2027 2040 2028
f 2028 2040 2041
f 2028 2041 2029
f 2029 2041 2042
f 2029 2042 2030
f 2030 2042 2043
f 2030 2043 2031
f 2031 2043 2044
f 2031 2044 2032
f 2032 2044 2045
f 2032 2045 2033
f 2033 2045 2034
f 2033 2034 2022
f 2022 2034 2036
f 2022 2036 2023
f 2046 2047 2048
f 1420 1616 1615
f 1615 1616 2049
f 1615 2049 2037
f 2037 2049 2050
f 2037 2050 2038
f 2038 2050 2051
f 2038 2051 2039
f 2039 2051 2052
f 2039 2052 2040
f 2040 2052 2053
f 2040 2053 2041
f 2041 2053 2054
f 2041 2054 2042
f 2042 2054 2055
f 2042 2055 2043
f 2043 2055 2056
f 2043 2056 2044
f 2044 2056 2057
f 2044 2057 2045
f 2045 2057 2046
f 2045 2046 2034
f 2034 2046 2048
f 2034 2048 2035
f 2058 2059 2060
f 1355 1576 1616
f 1616 1576 2061
f 1616 2061 2049
f 2049 2061 2062
f 2049 2062 2050
f 2050 2062 2063
f 2050 2063 2051
f 2051 2063 2064
f 2051 2064 2052
f 2052 2064 2065
f 2052 2065 2053
f 2053 2065 2066
f 2053 2066 2054
f 2054 2066 2067
f 2054 2067 2055
f 2055 2067 2068
f 2055 2068 2056
f 2056 2068 2069
f 2056 2069 2057
f 2057 2069 2058
f 2057 2058 2046
f 2046 2058 2060
f 2046 2060 2047
f 1354 1617 1576
f 1576 1617 2070
f 1576 2070 2061
f 2061 2070 2071
f 2061 2071 2062
f 2062 2071 2072
f 2062 2072 2063
f 2063 2072 2073
f 2063 2073 2064
f 2064 2073 2074
f 2064 2074 2065
f 2065 2074 2075
f 2065 2075 2066
f 2066 2075 2076
f 2066 2076 2067
f 2067 2076 2077
f 2067 2077 2068
f 2068 2077 2078
f 2068 2078 2069
f 2069 2078 1500
f 2069 1500 2058
f 2058 1500 1499
f 2058 1499 2059
f 1423 1575 1617
f 1617 1575 2079
f 1617 2079 2070
f 2070 2079 2080
f 2070 2080 2071
f 2071 2080 2081
f 2071 2081 2072
f 2072 2081 2082
f 2072 2082 2073
f 2073 2082 2083
f 2073 2083 2074
f 2074 2083 2084
f 2074 2084 2075
f 2075 2084 2085
f 2075 2085 2076
f 2076 2085 2086
f 2076 2086 2077
f 2077 2086 2087
f 2077 2087 2078
f 2078 2087 1497
f 2078 1497 1500
f 1500 1497 1496
f 1500 1496 1498
f 1424 1574 1575
f 1575 1574 2088
f 1575 2088 2079
f 2079 2088 2089
f 2079 2089 2080
f 2080 2089 2090
f 2080 2090 2081
f 2081 2090 2091
f 2081 2091 2082
f 2082 2091 2092
f 2082 2092 2083
f 2083 2092 2093
f 2083 2093 2084
f 2084 2093 2094
f 2084 2094 2085
f 2085 2094 2095
f 2085 2095 2086
f 2086 2095 2096
f 2086 2096 2087
f 2087 2096 1494
f 2087 1494 1497
f 1497 1494 1493
f 1497 1493 1495
f 1428 1618 1574
f 1574 1618 2097
f 1574 2097 2088
f 2088 2097 2098
f 2088 2098 2089
f 2089 2098 2099
f 2089 2099 2090
f 2090 2099 2100
f 2090 2100 2091
f 2091 2100 2101
f 2091 2101 2092
f 2092 2101 2102
f 2092 2102 2093
f 2093 2102 2103
f 2093 2103 2094
f 2094 2103 2104
f 2094 2104 2095
f 2095 2104 2105
f 2095 2105 2096
f 2096 2105 1491
f 2096 1491 1494
f 1494 1491 1490
f 1494 1490 1492
f 1426 1619 1618
f 1618 1619 2106
f 1618 2106 2097
f 2097 2106 2107
f 2097 2107 2098
f 2098 2107 2108
f 2098 2108 2099
f 2099 2108 2109
f 2099 2109 2100
f 2100 2109 2110
f 2100 2110 2101
f 2101 2110 2111
f 2101 2111 2102
f 2102 2111 2112
f 2102 2112 2103
f 2103 2112 2113
f 2103 2113 2104
f 2104 2113 2114
f 2104 2114 2105
f 2105 2114 1488
f 2105 1488 1491
f 1491 1488 1487
f 1491 1487 1489
f 1430 1620 1619
f 1619 1620 2115
f 1619 2115 2106
f 2106 2115 2116
f 2106 2116 2107
f 2107 2116 2117
f 2107 2117 2108
f 2108 2117 2118
f 2108 2118 2109
f 2109 2118 2119
f 2109 2119 2110
f 2110 2119 2120
f 2110 2120 2111
f 2111 2120 2121
f 2111 2121 2112
f 2112 2121 2122
f 2112 2122 2113
f 2113 2122 2123
f 2113 2123 2114
f 2114 2123 1485
f 2114 1485 1488
f 1488 1485 1484
f 1488 1484 1486
f 1353 1573 1620
f 1620 1573 2124
f 1620 2124 2115
f 2115 2124 2125
f 2115 2125 2116
f 2116 2125 2126
f 2116 2126 2117
f 2117 2126 2127
f 2117 2127 2118
f 2118 2127 2128
f 2118 2128 2119
f 2119 2128 2129
f 2119 2129 2120
f 2120 2129 2130
f 2120 2130 2121
f 2121 2130 2131
f 2121 2131 2122
f 2122 2131 2132
f 2122 2132 2123
f 2123 2132 2133
f 2123 2133 1485
f 1485 2133 2134
f 1485 2134 1483
f 2135 2136 2137
f 1352 1621 1573
f 1573 1621 2138
f 1573 2138 2124
f 2124 2138 2139
f 2124 2139 2125
f 2125 2139 2140
f 2125 2140 2126
f 2126 2140 2141
f 2126 2141 2127
f 2127 2141 2142
f 2127 2142 2128
f 2128 2142 2143
f 2128 2143 2129
f 2129 2143 2144
f 2129 2144 2130
f 2130 2144 2145
f 2130 2145 2131
f 2131 2145 2146
f 2131 2146 2132
f 2132 2146 2135
f 2132 2135 2133
f 2133 2135 2137
f 2133 2137 2134
f 2147 2148 2149
f 1433 1572 1621
f 1621 1572 2150
f 1621 2150 2138
f 2138 2150 2151
f 2138 2151 2139
f 2139 2151 2152
f 2139 2152 2140
f 2140 2152 2153
f 2140 2153 2141
f 2141 2153 2154
f 2141 2154 2142
f 2142 2154 2155
f 2142 2155 2143
f 2143 2155 2156
f 2143 2156 2144
f 2144 2156 2157
f 2144 2157 2145
f 2145 2157 2158
f 2145 2158 2146
f 2146 2158 2147
f 2146 2147 2135
f 2135 2147 2149
f 2135 2149 2136
f 2159 2160 2161
f 1434 1571 1572
f 1572 1571 2162
f 1572 2162 2150
f 2150 2162 2163
f 2150 2163 2151
f 2151 2163 2164
f 2151 2164 2152
f 2152 2164 2165
f 2152 2165 2153
f 2153 2165 2166
f 2153 2166 2154
f 2154 2166 2167
f 2154 2167 2155
f 2155 2167 2168
f 2155 2168 2156
f 2156 2168 2169
f 2156 2169 2157
f 2157 2169 2170
f 2157 2170 2158
f 2158 2170 2159
f 2158 2159 2147
f 2147 2159 2161
f 2147 2161 2148
f 2171 2172 2173
f 1438 1622 1571
f 1571 1622 2174
f 1571 2174 2162
f 2162 2174 2175
f 2162 2175 2163
f 2163 2175 2176
f 2163 2176 2164
f 2164 2176 2177
f 2164 2177 2165
f 2165 2177 2178
f 2165 2178 2166
f 2166 2178 2179
f 2166 2179 2167
f 2167 2179 2180
f 2167 2180 2168
f 2168 2180 2181
f 2168 2181 2169
f 2169 2181 2182
f 2169 2182 2170
f 2170 2182 2171
f 2170 2171 2159
f 2159 2171 2173
f 2159 2173 2160
f 2183 2184 2185
f 1436 1570 1622
f 1622 1570 2186
f 1622 2186 2174
f 2174 2186 2187
f 2174 2187 2175
f 2175 2187 2188
f 2175 2188 2176
f 2176 2188 2189
f 2176 2189 2177
f 2177 2189 2190
f 2177 2190 2178
f 2178 2190 2191
f 2178 2191 2179
f 2179 2191 2192
f 2179 2192 2180
f 2180 2192 2193
f 2180 2193 2181
f 2181 2193 2194
f 2181 2194 2182
f 2182 2194 2183
f 2182 2183 2171
f 2171 2183 2185
f 2171 2185 2172
f 2195 2196 2197
f 1439 1623 1570
f 1570 1623 2198
f 1570 2198 2186
f 2186 2198 2199
f 2186 2199 2187
f 2187 2199 2200
f 2187 2200 2188
f 2188 2200 2201
f 2188 2201 2189
f 2189 2201 2202
f 2189 2202 2190
f 2190 2202 2203
f 2190 2203 2191
f 2191 2203 2204
f 2191 2204 2192
f 2192 2204 2205
f 2192 2205 2193
f 2193 2205 2206
f 2193 2206 2194
f 2194 2206 2195
f 2194 2195 2183
f 2183 2195 2197
f 2183 2197 2184
f 2207 2208 2209
f 1351 1569 1623
f 1623 1569 2210
f 1623 2210 2198
f 2198 2210 2211
f 2198 2211 2199
f 2199 2211 2212
f 2199 2212 2200
f 2200 2212 2213
f 2200 2213 2201
f 2201 2213 2214
f 2201 2214 2202
f 2202 2214 2215
f 2202 2215 2203
f 2203 2215 2216
f 2203 2216 2204
f 2204 2216 2217
f 2204 2217 2205
f 2205 2217 2218
f 2205 2218 2206
f 2206 2218 2207
f 2206 2207 2195
f 2195 2207 2209
f 2195 2209 2196
f 1350 1624 1569
f 1569 1624 2219
f 1569 2219 2210
f 2210 2219 2220
f 2210 2220 2211
f 2211 2220 2221
f 2211 2221 2212
f 2212 2221 2222
f 2212 2222 2213
f 2213 2222 2223
f 2213 2223 2214
f 2214 2223 2224
f 2214 2224 2215
f 2215 2224 2225
f 2215 2225 2216
f 2216 2225 2226
f 2216 2226 2217
f 2217 2226 2227
f 2217 2227 2218
f 2218 2227 1482
f 2218 1482 2207
f 2207 1482 1481
f 2207 1481 2208
f 1443 1568 1624
f 1624 1568 2228
f 1624 2228 2219
f 2219 2228 2229
f 2219 2229 2220
f 2220 2229 2230
f 2220 2230 2221
f 2221 2230 2231
f 2221 2231 2222
f 2222 2231 2232
f 2222 2232 2223
f 2223 2232 2233
f 2223 2233 2224
f 2224 2233 2234
f 2224 2234 2225
f 2225 2234 2235
f 2225 2235 2226
f 2226 2235 2236
f 2226 2236 2227
f 2227 2236 1479
f 2227 1479 1482
f 1482 1479 1478
f 1482 1478 1480
f 1448 1567 1568
f 1568 1567 2237
f 1568 2237 2228
f 2228 2237 2238
f 2228 2238 2229
f 2229 2238 2239
f 2229 2239 2230
f 2230 2239 2240
f 2230 2240 2231
f 2231 2240 2241
f 2231 2241 2232
f 2232 2241 2242
f 2232 2242 2233
f 2233 2242 2243
f 2233 2243 2234
f 2234 2243 2244
f 2234 2244 2235
f 2235 2244 2245
f 2235 2245 2236
f 2236 2245 1476
f 2236 1476 1479
f 1479 1476 1475
f 1479 1475 1477
f 1446 1625 1567
f 1567 1625 2246
f 1567 2246 2237
f 2237 2246 2247
f 2237 2247 2238
f 2238 2247 2248
f 2238 2248 2239
f 2239 2248 2249
f 2239 2249 2240
f 2240 2249 2250
f 2240 2250 2241
f 2241 2250 2251
f 2241 2251 2242
f 2242 2251 2252
f 2242 2252 2243
f 2243 2252 2253
f 2243 2253 2244
f 2244 2253 2254
f 2244 2254 2245
f 2245 2254 1473
f 2245 1473 1476
f 1476 1473 1472
f 1476 1472 1474
f 1444 1566 1625
f 1625 1566 2255
f 1625 2255 2246
f 2246 2255 2256
f 2246 2256 2247
f 2247 2256 2257
f 2247 2257 2248
f 2248 2257 2258
f 2248 2258 2249
f 2249 2258 2259
f 2249 2259 2250
f 2250 2259 2260
f 2250 2260 2251
f 2251 2260 2261
f 2251 2261 2252
f 2252 2261 2262
f 2252 2262 2253
f 2253 2262 2263
f 2253 2263 2254
f 2254 2263 1470
f 2254 1470 1473
f 1473 1470 1469
f 1473 1469 1471
f 1449 1626 1566
f 1566 1626 2264
f 1566 2264 2255
f 2255 2264 2265
f 2255 2265 2256
f 2256 2265 2266
f 2256 2266 2257
f 2257 2266 2267
f 2257 2267 2258
f 2258 2267 2268
f 2258 2268 2259
f 2259 2268 2269
f 2259 2269 2260
f 2260 2269 2270
f 2260 2270 2261
f 2261 2270 2271
f 2261 2271 2262
f 2262 2271 2272
f 2262 2272 2263
f 2263 2272 1467
f 2263 1467 1470
f 1470 1467 1466
f 1470 1466 1468
f 1349 1565 1626
f 1626 1565 2273
f 1626 2273 2264
f 2264 2273 2274
f 2264 2274 2265
f 2265 2274 2275
f 2265 2275 2266
f 2266 2275 2276
f 2266 2276 2267
f 2267 2276 2277
f 2267 2277 2268
f 2268 2277 2278
f 2268 2278 2269
f 2269 2278 2279
f 2269 2279 2270
f 2270 2279 2280
f 2270 2280 2271
f 2271 2280 2281
f 2271 2281 2272
f 2272 2281 2282
f 2272 2282 1467
f 1467 2282 2283
f 1467 2283 1465
f 2284 2285 2286
f 1348 1627 1565
f 1565 1627 2287
f 1565 2287 2273
f 2273 2287 2288
f 2273 2288 2274
f 2274 2288 2289
f 2274 2289 2275
f 2275 2289 2290
f 2275 2290 2276
f 2276 2290 2291
f 2276 2291 2277
f 2277 2291 2292
f 2277 2292 2278
f 2278 2292 2293
f 2278 2293 2279
f 2279 2293 2294
f 2279 2294 2280
f 2280 2294 2295
f 2280 2295 2281
f 2281 2295 2284
f 2281 2284 2282
f 2282 2284 2286
f 2282 2286 2283
f 2296 2297 2298
f 1453 1628 1627
f 1627 1628 2299
f 1627 2299 2287
f 2287 2299 2300
f 2287 2300 2288
f 2288 2300 2301
f 2288 2301 2289
f 2289 2301 2302
f 2289 2302 2290
f 2290 2302 2303
f 2290 2303 2291
f 2291 2303 2304
f 2291 2304 2292
f 2292 2304 2305
f 2292 2305 2293
f 2293 2305 2306
f 2293 2306 2294
f 2294 2306 2307
f 2294 2307 2295
f 2295 2307 2296
f 2295 2296 2284
f 2284 2296 2298
f 2284 2298 2285
f 2308 2309 2310
f 1457 1564 1628
f 1628 1564 2311
f 1628 2311 2299
f 2299 2311 2312
f 2299 2312 2300
f 2300 2312 2313
f 2300 2313 2301
f 2301 2313 2314
f 2301 2314 2302
f 2302 2314 2315
f 2302 2315 2303
f 2303 2315 2316
f 2303 2316 2304
f 2304 2316 2317
f 2304 2317 2305
f 2305 2317 2318
f 2305 2318 2306
f 2306 2318 2319
f 2306 2319 2307
f 2307 2319 2308
f 2307 2308 2296
f 2296 2308 2310
f 2296 2310 2297
f 2320 2321 2322
f 1456 1629 1564
f 1564 1629 2323
f 1564 2323 2311
f 2311 2323 2324
f 2311 2324 2312
f 2312 2324 2325
f 2312 2325 2313
f 2313 2325 2326
f 2313 2326 2314
f 2314 2326 2327
f 2314 2327 2315
f 2315 2327 2328
f 2315 2328 2316
f 2316 2328 2329
f 2316 2329 2317
f 2317 2329 2330
f 2317 2330 2318
f 2318 2330 2331
f 2318 2331 2319
f 2319 2331 2320
f 2319 2320 2308
f 2308 2320 2322
f 2308 2322 2309
f 2332 2333 2334
f 1454 1563 1629
f 1629 1563 2335
f 1629 2335 2323
f 2323 2335 2336
f 2323 2336 2324
f 2324 2336 2337
f 2324 2337 2325
f 2325 2337 2338
f 2325 2338 2326
f 2326 2338 2339
f 2326 2339 2327
f 2327 2339 2340
f 2327 2340 2328
f 2328 2340 2341
f 2328 2341 2329
f 2329 2341 2342
f 2329 2342 2330
f 2330 2342 2343
f 2330 2343 2331
f 2331 2343 2332
f 2331 2332 2320
f 2320 2332 2334
f 2320 2334 2321
f 2344 2345 2346
f 1459 1562 1563
f 1563 1562 2347
f 1563 2347 2335
f 2335 2347 2348
f 2335 2348 2336
f 2336 2348 2349
f 2336 2349 2337
f 2337 2349 2350
f 2337 2350 2338
f 2338 2350 2351
f 2338 2351 2339
f 2339 2351 2352
f 2339 2352 2340
f 2340 2352 2353
f 2340 2353 2341
f 2341 2353 2354
f 2341 2354 2342
f 2342 2354 2355
f 2342 2355 2343
f 2343 2355 2344
f 2343 2344 2332
f 2332 2344 2346
f 2332 2346 2333
f 1464 1561 1562
f 1562 1561 1631
f 1562 1631 2347
f 2347 1631 1633
f 2347 1633 2348
f 2348 1633 1635
f 2348 1635 2349
f 2349 1635 1637
f 2349 1637 2350
f 2350 1637 1639
f 2350 1639 2351
f 2351 1639 1641
f 2351 1641 2352
f 2352 1641 1643
f 2352 1643 2353
f 2353 1643 1645
f 2353 1645 2354
f 2354 1645 1647
f 2354 1647 2355
f 2355 1647 1648
f 2355 1648 2344
f 2344 1648 1649
f 2344 1649 2345
f 2356 2357 2358
f 2359 2360 2361
f 2362 2363 2364
f 2365 2366 2367
f 2368 2369 2370
f 2371 2372 2373
f 2374 2375 2376
f 2377 2378 2379
f 2380 2381 2382
f 2383 2384 2385
f 2386 2387 2388
f 2389 2390 2391
f 2392 2393 2394
f 2395 2396 2397
f 2398 2399 2400
f 2401 2402 2403
f 2404 2405 2406
f 2407 2408 2409
f 2410 2411 2412
f 2413 2414 2415
f 2416 2417 2418
f 2419 2420 2421
f 2422 2423 2424
f 2425 2426 2427
f 2428 2429 2430
f 2431 2432 2433
f 2434 2435 2436
f 2437 2438 2439
f 2440 2441 2442
f 2443 2444 2445
f 2446 2447 2448
f 2449 2450 2451
f 2452 2453 2454
f 2455 2456 2457
f 2458 2459 2460
f 2461 2462 2463
f 2464 2465 2466
f 2467 2468 2469
f 2470 2471 2472
f 2345 1649 2473
f 1466 1465 2474
f 1469 1468 2475
f 1472 1471 2476
f 1475 1474 2477
f 1484 1483 2478
f 1487 1486 2479
f 1490 1489 2480
f 1514 1513 2481
f 1517 1516 2482
f 1520 1519 2483
f 1901 1914 2484
f 1889 1902 2485
f 1877 1890 2486
f 1865 1878 2487
f 1853 1866 2488
f 1851 1854 2489
f 1523 1522 2490
f 1535 1534 2491
f 1538 1537 2492
f 1541 1540 2493
f 1755 1768 2494
f 1743 1756 2495
f 1731 1744 2496
f 1719 1732 2497
f 1707 1720 2498
f 1705 1708 2499
f 1544 1543 2500
f 1556 1555 2501
f 1559 1558 2502
f 1552 1550 2503
f 1549 1547 2504
f 1544 2500 1546
f 1541 2493 1767
f 1531 1529 2505
f 1528 1526 2506
f 1523 2490 1525
f 1520 2483 1913
f 1510 1508 2507
f 1507 1505 2470
f 2470 1505 1504
f 2470 1504 2471
f 1504 1502 2471
f 2471 1502 1501
f 2471 1501 1997
f 2508 2000 1999
f 2509 2012 2011
f 2510 2024 2023
f 2511 2036 2035
f 2512 2048 2047
f 2060 2059 2513
f 2513 2059 1499
f 2514 1498 1496
f 2515 1495 1493
f 1490 2480 1492
f 1487 2479 1489
f 1484 2478 1486
f 1483 2134 2516
f 2516 2134 2137
f 2516 2137 2136
f 2136 2149 2517
f 2517 2149 2148
f 2148 2161 2518
f 2518 2161 2160
f 2160 2173 2519
f 2519 2173 2172
f 2172 2185 2520
f 2520 2185 2184
f 2184 2197 2521
f 2521 2197 2196
f 2196 2209 2522
f 2522 2209 2208
f 2522 2208 1481
f 1481 1480 2523
f 2523 1480 1478
f 1478 1477 2524
f 2524 1477 1475
f 1472 2476 1474
f 1469 2475 1471
f 1466 2474 1468
f 1465 2283 2525
f 2525 2283 2286
f 2525 2286 2285
f 2285 2298 2526
f 2526 2298 2297
f 2297 2310 2527
f 2527 2310 2309
f 2309 2322 2528
f 2528 2322 2321
f 2321 2334 2529
f 2529 2334 2333
f 2333 2346 2530
f 2530 2346 2345
f 2531 2532 2473
f 2533 2472 2534
f 2534 2472 2471
f 2534 2471 2508
f 2508 2471 1997
f 2508 1997 2000
f 2535 2533 2536
f 2536 2533 2534
f 2536 2534 2537
f 2537 2534 2508
f 2537 2508 2509
f 2509 2508 1999
f 2509 1999 2012
f 2538 2535 2539
f 2539 2535 2536
f 2539 2536 2540
f 2540 2536 2537
f 2540 2537 2541
f 2541 2537 2509
f 2541 2509 2510
f 2510 2509 2011
f 2510 2011 2024
f 1550 1549 2503
f 2503 1549 2504
f 2503 2504 2542
f 2542 2504 2543
f 2542 2543 2544
f 2544 2543 2545
f 2544 2545 2546
f 2546 2545 2547
f 2546 2547 2548
f 2548 2547 2549
f 2548 2549 2550
f 2551 2538 2552
f 2552 2538 2539
f 2552 2539 2553
f 2553 2539 2540
f 2553 2540 2554
f 2554 2540 2541
f 2554 2541 2555
f 2555 2541 2510
f 2555 2510 2511
f 2511 2510 2023
f 2511 2023 2036
f 1553 1552 2556
f 2556 1552 2503
f 2556 2503 2557
f 2557 2503 2542
f 2557 2542 2558
f 2558 2542 2544
f 2558 2544 2559
f 2559 2544 2546
f 2559 2546 2560
f 2560 2546 2548
f 2560 2548 2561
f 2561 2548 2550
f 2561 2550 2562
f 2563 2551 2564
f 2564 2551 2552
f 2564 2552 2565
f 2565 2552 2553
f 2565 2553 2566
f 2566 2553 2554
f 2566 2554 2567
f 2567 2554 2555
f 2567 2555 2568
f 2568 2555 2511
f 2568 2511 2512
f 2512 2511 2035
f 2512 2035 2048
f 1555 1553 2501
f 2501 1553 2556
f 2501 2556 2569
f 2569 2556 2557
f 2569 2557 2570
f 2570 2557 2558
f 2570 2558 2571
f 2571 2558 2559
f 2571 2559 2572
f 2572 2559 2560
f 2572 2560 2573
f 2573 2560 2561
f 2573 2561 2574
f 2574 2561 2562
f 2574 2562 2575
f 2576 2563 2577
f 2577 2563 2564
f 2577 2564 2578
f 2578 2564 2565
f 2578 2565 2579
f 2579 2565 2566
f 2579 2566 2580
f 2580 2566 2567
f 2580 2567 2581
f 2581 2567 2568
f 2581 2568 2582
f 2582 2568 2512
f 2582 2512 2513
f 2513 2512 2047
f 2513 2047 2060
f 1558 1556 2502
f 2502 1556 2501
f 2502 2501 2583
f 2583 2501 2569
f 2583 2569 2584
f 2584 2569 2570
f 2584 2570 2585
f 2585 2570 2571
f 2585 2571 2586
f 2586 2571 2572
f 2586 2572 2587
f 2587 2572 2573
f 2587 2573 2588
f 2588 2573 2574
f 2588 2574 2589
f 2589 2574 2575
f 2589 2575 2590
f 2591 2576 2592
f 2592 2576 2577
f 2592 2577 2593
f 2593 2577 2578
f 2593 2578 2594
f 2594 2578 2579
f 2594 2579 2595
f 2595 2579 2580
f 2595 2580 2596
f 2596 2580 2581
f 2596 2581 2597
f 2597 2581 2582
f 2597 2582 2598
f 2598 2582 2513
f 2598 2513 2514
f 2514 2513 1499
f 2514 1499 1498
f 1649 1559 2473
f 2473 1559 2502
f 2473 2502 2531
f 2531 2502 2583
f 2531 2583 2599
f 2599 2583 2584
f 2599 2584 2600
f 2600 2584 2585
f 2600 2585 2601
f 2601 2585 2586
f 2601 2586 2602
f 2602 2586 2587
f 2602 2587 2603
f 2603 2587 2588
f 2603 2588 2604
f 2604 2588 2589
f 2604 2589 2605
f 2605 2589 2590
f 2605 2590 2606
f 2607 2591 2608
f 2608 2591 2592
f 2608 2592 2609
f 2609 2592 2593
f 2609 2593 2610
f 2610 2593 2594
f 2610 2594 2611
f 2611 2594 2595
f 2611 2595 2612
f 2612 2595 2596
f 2612 2596 2613
f 2613 2596 2597
f 2613 2597 2614
f 2614 2597 2598
f 2614 2598 2615
f 2615 2598 2514
f 2615 2514 2515
f 2515 2514 1496
f 2515 1496 1495
f 2616 2617 2618
f 2532 2531 2619
f 2619 2531 2599
f 2619 2599 2620
f 2620 2599 2600
f 2620 2600 2621
f 2621 2600 2601
f 2621 2601 2622
f 2622 2601 2602
f 2622 2602 2623
f 2623 2602 2603
f 2623 2603 2624
f 2624 2603 2604
f 2624 2604 2625
f 2625 2604 2605
f 2625 2605 2626
f 2626 2605 2606
f 2626 2606 2451
f 2376 2607 2627
f 2627 2607 2608
f 2627 2608 2628
f 2628 2608 2609
f 2628 2609 2629
f 2629 2609 2610
f 2629 2610 2630
f 2630 2610 2611
f 2630 2611 2631
f 2631 2611 2612
f 2631 2612 2632
f 2632 2612 2613
f 2632 2613 2633
f 2633 2613 2614
f 2633 2614 2634
f 2634 2614 2615
f 2634 2615 2635
f 2635 2615 2515
f 2635 2515 2636
f 2636 2515 1493
f 2636 1493 1492
f 2637 2617 2638
f 2638 2617 2616
f 2638 2616 2639
f 2640 2641 2642
f 1854 1853 2489
f 2489 1853 2488
f 2489 2488 2643
f 2643 2488 2644
f 2643 2644 2645
f 2645 2644 2646
f 2645 2646 2647
f 2647 2646 2648
f 2647 2648 2649
f 2649 2648 2650
f 2649 2650 2651
f 2651 2650 2652
f 2651 2652 2653
f 2653 2652 2654
f 2653 2654 2655
f 2655 2654 2656
f 2655 2656 2657
f 2657 2656 2658
f 2657 2658 2659
f 2659 2658 2660
f 2659 2660 2661
f 2661 2660 2662
f 1878 1877 2487
f 2487 1877 2486
f 2487 2486 2663
f 2663 2486 2664
f 2663 2664 2665
f 2665 2664 2666
f 2665 2666 2667
f 2667 2666 2668
f 2667 2668 2669
f 2669 2668 2670
f 2669 2670 2671
f 2671 2670 2672
f 2671 2672 2673
f 2673 2672 2674
f 2673 2674 2675
f 2675 2674 2676
f 2675 2676 2677
f 2677 2676 2678
f 2677 2678 2679
f 2679 2678 2680
f 2679 2680 2681
f 2681 2680 2682
f 2681 2682 2683
f 2683 2682 2684
f 2685 2637 2686
f 2686 2637 2638
f 2686 2638 2687
f 2687 2638 2639
f 2687 2639 2688
f 2688 2639 2689
f 2468 2689 2469
f 2469 2689 2639
f 2469 2639 2690
f 2690 2639 2616
f 2690 2616 2691
f 2691 2616 2618
f 2691 2618 2692
f 2465 2467 2466
f 2466 2467 2469
f 2466 2469 2693
f 2693 2469 2690
f 2693 2690 2694
f 2694 2690 2691
f 2694 2691 2695
f 2695 2691 2692
f 2695 2692 2696
f 2462 2464 2463
f 2463 2464 2466
f 2463 2466 2697
f 2697 2466 2693
f 2697 2693 2698
f 2698 2693 2694
f 2698 2694 2699
f 2699 2694 2695
f 2699 2695 2700
f 2700 2695 2696
f 2700 2696 2701
f 2459 2461 2460
f 2460 2461 2463
f 2460 2463 2702
f 2702 2463 2697
f 2702 2697 2703
f 2703 2697 2698
f 2703 2698 2704
f 2704 2698 2699
f 2704 2699 2705
f 2705 2699 2700
f 2705 2700 2706
f 2706 2700 2701
f 2706 2701 2707
f 2456 2458 2457
f 2457 2458 2460
f 2457 2460 2708
f 2708 2460 2702
f 2708 2702 2709
f 2709 2702 2703
f 2709 2703 2710
f 2710 2703 2704
f 2710 2704 2711
f 2711 2704 2705
f 2711 2705 2712
f 2712 2705 2706
f 2712 2706 2713
f 2713 2706 2707
f 2713 2707 2714
f 2453 2455 2454
f 2454 2455 2457
f 2454 2457 2715
f 2715 2457 2708
f 2715 2708 2716
f 2716 2708 2709
f 2716 2709 2717
f 2717 2709 2710
f 2717 2710 2718
f 2718 2710 2711
f 2718 2711 2719
f 2719 2711 2712
f 2719 2712 2720
f 2720 2712 2713
f 2720 2713 2721
f 2721 2713 2714
f 2721 2714 2722
f 2450 2452 2451
f 2451 2452 2454
f 2451 2454 2626
f 2626 2454 2715
f 2626 2715 2625
f 2625 2715 2716
f 2625 2716 2624
f 2624 2716 2717
f 2624 2717 2623
f 2623 2717 2718
f 2623 2718 2622
f 2622 2718 2719
f 2622 2719 2621
f 2621 2719 2720
f 2621 2720 2620
f 2620 2720 2721
f 2620 2721 2619
f 2619 2721 2722
f 2619 2722 2532
f 2549 2723 2550
f 2550 2723 2724
f 2550 2724 2562
f 2562 2724 2725
f 2562 2725 2575
f 2575 2725 2726
f 2575 2726 2590
f 2590 2726 2727
f 2590 2727 2606
f 2606 2727 2448
f 2606 2448 2451
f 2451 2448 2447
f 2451 2447 2449
f 2723 2728 2724
f 2724 2728 2729
f 2724 2729 2725
f 2725 2729 2730
f 2725 2730 2726
f 2726 2730 2731
f 2726 2731 2727
f 2727 2731 2445
f 2727 2445 2448
f 2448 2445 2444
f 2448 2444 2446
f 2728 2732 2729
f 2729 2732 2733
f 2729 2733 2730
f 2730 2733 2734
f 2730 2734 2731
f 2731 2734 2442
f 2731 2442 2445
f 2445 2442 2441
f 2445 2441 2443
f 2732 2735 2733
f 2733 2735 2736
f 2733 2736 2734
f 2734 2736 2439
f 2734 2439 2442
f 2442 2439 2438
f 2442 2438 2440
f 2735 2642 2736
f 2736 2642 2641
f 2736 2641 2439
f 2439 2641 2737
f 2439 2737 2437
f 2738 2739 2740
f 2740 2739 2640
f 2740 2640 2741
f 2741 2640 2642
f 2741 2642 2742
f 2742 2642 2735
f 2742 2735 2743
f 2743 2735 2732
f 2743 2732 2744
f 2744 2732 2728
f 2744 2728 2745
f 2745 2728 2723
f 2745 2723 2746
f 2746 2723 2549
f 2746 2549 2747
f 2747 2549 2547
f 2747 2547 2748
f 2748 2547 2545
f 2748 2545 2749
f 2749 2545 2543
f 2749 2543 2500
f 2500 2543 2504
f 2500 2504 1546
f 1546 2504 1547
f 2739 2750 2640
f 2640 2750 2751
f 2640 2751 2641
f 2641 2751 2752
f 2641 2752 2737
f 2435 2738 2436
f 2436 2738 2740
f 2436 2740 2753
f 2753 2740 2741
f 2753 2741 2754
f 2754 2741 2742
f 2754 2742 2755
f 2755 2742 2743
f 2755 2743 2756
f 2756 2743 2744
f 2756 2744 2757
f 2757 2744 2745
f 2757 2745 2758
f 2758 2745 2746
f 2758 2746 2759
f 2759 2746 2747
f 2759 2747 2760
f 2760 2747 2748
f 2760 2748 2761
f 2761 2748 2749
f 2761 2749 2499
f 2499 2749 2500
f 2499 2500 1705
f 1705 2500 1543
f 2432 2434 2433
f 2433 2434 2436
f 2433 2436 2762
f 2762 2436 2753
f 2762 2753 2763
f 2763 2753 2754
f 2763 2754 2764
f 2764 2754 2755
f 2764 2755 2765
f 2765 2755 2756
f 2765 2756 2766
f 2766 2756 2757
f 2766 2757 2767
f 2767 2757 2758
f 2767 2758 2768
f 2768 2758 2759
f 2768 2759 2769
f 2769 2759 2760
f 2769 2760 2770
f 2770 2760 2761
f 2770 2761 2498
f 2498 2761 2499
f 2498 2499 1707
f 1707 2499 1708
f 2429 2431 2430
f 2430 2431 2433
f 2430 2433 2771
f 2771 2433 2762
f 2771 2762 2772
f 2772 2762 2763
f 2772 2763 2773
f 2773 2763 2764
f 2773 2764 2774
f 2774 2764 2765
f 2774 2765 2775
f 2775 2765 2766
f 2775 2766 2776
f 2776 2766 2767
f 2776 2767 2777
f 2777 2767 2768
f 2777 2768 2778
f 2778 2768 2769
f 2778 2769 2779
f 2779 2769 2770
f 2779 2770 2497
f 2497 2770 2498
f 2497 2498 1719
f 1719 2498 1720
f 2426 2428 2427
f 2427 2428 2430
f 2427 2430 2780
f 2780 2430 2771
f 2780 2771 2781
f 2781 2771 2772
f 2781 2772 2782
f 2782 2772 2773
f 2782 2773 2783
f 2783 2773 2774
f 2783 2774 2784
f 2784 2774 2775
f 2784 2775 2785
f 2785 2775 2776
f 2785 2776 2786
f 2786 2776 2777
f 2786 2777 2787
f 2787 2777 2778
f 2787 2778 2788
f 2788 2778 2779
f 2788 2779 2496
f 2496 2779 2497
f 2496 2497 1731
f 1731 2497 1732
f 2423 2425 2424
f 2424 2425 2427
f 2424 2427 2789
f 2789 2427 2780
f 2789 2780 2790
f 2790 2780 2781
f 2790 2781 2791
f 2791 2781 2782
f 2791 2782 2792
f 2792 2782 2783
f 2792 2783 2793
f 2793 2783 2784
f 2793 2784 2794
f 2794 2784 2785
f 2794 2785 2795
f 2795 2785 2786
f 2795 2786 2796
f 2796 2786 2787
f 2796 2787 2797
f 2797 2787 2788
f 2797 2788 2495
f 2495 2788 2496
f 2495 2496 1743
f 1743 2496 1744
f 2420 2422 2421
f 2421 2422 2424
f 2421 2424 2798
f 2798 2424 2789
f 2798 2789 2799
f 2799 2789 2790
f 2799 2790 2800
f 2800 2790 2791
f 2800 2791 2801
f 2801 2791 2792
f 2801 2792 2802
f 2802 2792 2793
f 2802 2793 2803
f 2803 2793 2794
f 2803 2794 2804
f 2804 2794 2795
f 2804 2795 2805
f 2805 2795 2796
f 2805 2796 2806
f 2806 2796 2797
f 2806 2797 2494
f 2494 2797 2495
f 2494 2495 1755
f 1755 2495 1756
f 2417 2419 2418
f 2418 2419 2421
f 2418 2421 2807
f 2807 2421 2798
f 2807 2798 2808
f 2808 2798 2799
f 2808 2799 2809
f 2809 2799 2800
f 2809 2800 2810
f 2810 2800 2801
f 2810 2801 2811
f 2811 2801 2802
f 2811 2802 2812
f 2812 2802 2803
f 2812 2803 2813
f 2813 2803 2804
f 2813 2804 2814
f 2814 2804 2805
f 2814 2805 2815
f 2815 2805 2806
f 2815 2806 2493
f 2493 2806 2494
f 2493 2494 1767
f 1767 2494 1768
f 2414 2416 2415
f 2415 2416 2418
f 2415 2418 2816
f 2816 2418 2807
f 2816 2807 2817
f 2817 2807 2808
f 2817 2808 2818
f 2818 2808 2809
f 2818 2809 2819
f 2819 2809 2810
f 2819 2810 2820
f 2820 2810 2811
f 2820 2811 2821
f 2821 2811 2812
f 2821 2812 2822
f 2822 2812 2813
f 2822 2813 2823
f 2823 2813 2814
f 2823 2814 2824
f 2824 2814 2815
f 2824 2815 2492
f 2492 2815 2493
f 2492 2493 1538
f 1538 2493 1540
f 2411 2413 2412
f 2412 2413 2415
f 2412 2415 2825
f 2825 2415 2816
f 2825 2816 2826
f 2826 2816 2817
f 2826 2817 2827
f 2827 2817 2818
f 2827 2818 2828
f 2828 2818 2819
f 2828 2819 2829
f 2829 2819 2820
f 2829 2820 2830
f 2830 2820 2821
f 2830 2821 2831
f 2831 2821 2822
f 2831 2822 2832
f 2832 2822 2823
f 2832 2823 2833
f 2833 2823 2824
f 2833 2824 2491
f 2491 2824 2492
f 2491 2492 1535
f 1535 2492 1537
f 2408 2410 2409
f 2409 2410 2412
f 2409 2412 2834
f 2834 2412 2825
f 2834 2825 2835
f 2835 2825 2826
f 2835 2826 2836
f 2836 2826 2827
f 2836 2827 2837
f 2837 2827 2828
f 2837 2828 2838
f 2838 2828 2829
f 2838 2829 2839
f 2839 2829 2830
f 2839 2830 2840
f 2840 2830 2831
f 2840 2831 2841
f 2841 2831 2832
f 2841 2832 2842
f 2842 2832 2833
f 2842 2833 2843
f 2843 2833 2491
f 2843 2491 1532
f 1532 2491 1534
f 2405 2407 2406
f 2406 2407 2409
f 2406 2409 2844
f 2844 2409 2834
f 2844 2834 2845
f 2845 2834 2835
f 2845 2835 2846
f 2846 2835 2836
f 2846 2836 2847
f 2847 2836 2837
f 2847 2837 2848
f 2848 2837 2838
f 2848 2838 2849
f 2849 2838 2839
f 2849 2839 2850
f 2850 2839 2840
f 2850 2840 2851
f 2851 2840 2841
f 2851 2841 2852
f 2852 2841 2842
f 2852 2842 2505
f 2505 2842 2843
f 2505 2843 1531
f 1531 2843 1532
f 2402 2404 2403
f 2403 2404 2406
f 2403 2406 2853
f 2853 2406 2844
f 2853 2844 2854
f 2854 2844 2845
f 2854 2845 2855
f 2855 2845 2846
f 2855 2846 2856
f 2856 2846 2847
f 2856 2847 2857
f 2857 2847 2848
f 2857 2848 2858
f 2858 2848 2849
f 2858 2849 2859
f 2859 2849 2850
f 2859 2850 2860
f 2860 2850 2851
f 2860 2851 2861
f 2861 2851 2852
f 2861 2852 2506
f 2506 2852 2505
f 2506 2505 1528
f 1528 2505 1529
f 2399 2401 2400
f 2400 2401 2403
f 2400 2403 2862
f 2862 2403 2853
f 2862 2853 2863
f 2863 2853 2854
f 2863 2854 2864
f 2864 2854 2855
f 2864 2855 2865
f 2865 2855 2856
f 2865 2856 2866
f 2866 2856 2857
f 2866 2857 2867
f 2867 2857 2858
f 2867 2858 2868
f 2868 2858 2859
f 2868 2859 2869
f 2869 2859 2860
f 2869 2860 2870
f 2870 2860 2861
f 2870 2861 2490
f 2490 2861 2506
f 2490 2506 1525
f 1525 2506 1526
f 1522 1851 2490
f 2490 1851 2489
f 2490 2489 2870
f 2870 2489 2643
f 2870 2643 2869
f 2869 2643 2645
f 2869 2645 2868
f 2868 2645 2647
f 2868 2647 2867
f 2867 2647 2649
f 2867 2649 2866
f 2866 2649 2651
f 2866 2651 2865
f 2865 2651 2653
f 2865 2653 2864
f 2864 2653 2655
f 2864 2655 2863
f 2863 2655 2657
f 2863 2657 2862
f 2862 2657 2659
f 2862 2659 2400
f 2400 2659 2661
f 2400 2661 2398
f 2871 2872 2662
f 2662 2872 2873
f 2662 2873 2661
f 2661 2873 2874
f 2661 2874 2398
f 1866 1865 2488
f 2488 1865 2487
f 2488 2487 2644
f 2644 2487 2663
f 2644 2663 2646
f 2646 2663 2665
f 2646 2665 2648
f 2648 2665 2667
f 2648 2667 2650
f 2650 2667 2669
f 2650 2669 2652
f 2652 2669 2671
f 2652 2671 2654
f 2654 2671 2673
f 2654 2673 2656
f 2656 2673 2675
f 2656 2675 2658
f 2658 2675 2677
f 2658 2677 2660
f 2660 2677 2679
f 2660 2679 2662
f 2662 2679 2681
f 2662 2681 2871
f 2871 2681 2683
f 2396 2684 2397
f 2397 2684 2682
f 2397 2682 2875
f 2875 2682 2680
f 2875 2680 2876
f 2876 2680 2678
f 2876 2678 2877
f 2877 2678 2676
f 2877 2676 2878
f 2878 2676 2674
f 2878 2674 2879
f 2879 2674 2672
f 2879 2672 2880
f 2880 2672 2670
f 2880 2670 2881
f 2881 2670 2668
f 2881 2668 2882
f 2882 2668 2666
f 2882 2666 2883
f 2883 2666 2664
f 2883 2664 2485
f 2485 2664 2486
f 2485 2486 1889
f 1889 2486 1890
f 2393 2395 2394
f 2394 2395 2397
f 2394 2397 2884
f 2884 2397 2875
f 2884 2875 2885
f 2885 2875 2876
f 2885 2876 2886
f 2886 2876 2877
f 2886 2877 2887
f 2887 2877 2878
f 2887 2878 2888
f 2888 2878 2879
f 2888 2879 2889
f 2889 2879 2880
f 2889 2880 2890
f 2890 2880 2881
f 2890 2881 2891
f 2891 2881 2882
f 2891 2882 2892
f 2892 2882 2883
f 2892 2883 2484
f 2484 2883 2485
f 2484 2485 1901
f 1901 2485 1902
f 2390 2392 2391
f 2391 2392 2394
f 2391 2394 2893
f 2893 2394 2884
f 2893 2884 2894
f 2894 2884 2885
f 2894 2885 2895
f 2895 2885 2886
f 2895 2886 2896
f 2896 2886 2887
f 2896 2887 2897
f 2897 2887 2888
f 2897 2888 2898
f 2898 2888 2889
f 2898 2889 2899
f 2899 2889 2890
f 2899 2890 2900
f 2900 2890 2891
f 2900 2891 2901
f 2901 2891 2892
f 2901 2892 2483
f 2483 2892 2484
f 2483 2484 1913
f 1913 2484 1914
f 2387 2389 2388
f 2388 2389 2391
f 2388 2391 2902
f 2902 2391 2893
f 2902 2893 2903
f 2903 2893 2894
f 2903 2894 2904
f 2904 2894 2895
f 2904 2895 2905
f 2905 2895 2896
f 2905 2896 2906
f 2906 2896 2897
f 2906 2897 2907
f 2907 2897 2898
f 2907 2898 2908
f 2908 2898 2899
f 2908 2899 2909
f 2909 2899 2900
f 2909 2900 2910
f 2910 2900 2901
f 2910 2901 2482
f 2482 2901 2483
f 2482 2483 1517
f 1517 2483 1519
f 2384 2386 2385
f 2385 2386 2388
f 2385 2388 2911
f 2911 2388 2902
f 2911 2902 2912
f 2912 2902 2903
f 2912 2903 2913
f 2913 2903 2904
f 2913 2904 2914
f 2914 2904 2905
f 2914 2905 2915
f 2915 2905 2906
f 2915 2906 2916
f 2916 2906 2907
f 2916 2907 2917
f 2917 2907 2908
f 2917 2908 2918
f 2918 2908 2909
f 2918 2909 2919
f 2919 2909 2910
f 2919 2910 2481
f 2481 2910 2482
f 2481 2482 1514
f 1514 2482 1516
f 2381 2383 2382
f 2382 2383 2385
f 2382 2385 2920
f 2920 2385 2911
f 2920 2911 2921
f 2921 2911 2912
f 2921 2912 2922
f 2922 2912 2913
f 2922 2913 2923
f 2923 2913 2914
f 2923 2914 2924
f 2924 2914 2915
f 2924 2915 2925
f 2925 2915 2916
f 2925 2916 2926
f 2926 2916 2917
f 2926 2917 2927
f 2927 2917 2918
f 2927 2918 2928
f 2928 2918 2919
f 2928 2919 2929
f 2929 2919 2481
f 2929 2481 1511
f 1511 2481 1513
f 2378 2380 2379
f 2379 2380 2382
f 2379 2382 2930
f 2930 2382 2920
f 2930 2920 2931
f 2931 2920 2921
f 2931 2921 2932
f 2932 2921 2922
f 2932 2922 2933
f 2933 2922 2923
f 2933 2923 2934
f 2934 2923 2924
f 2934 2924 2935
f 2935 2924 2925
f 2935 2925 2936
f 2936 2925 2926
f 2936 2926 2937
f 2937 2926 2927
f 2937 2927 2938
f 2938 2927 2928
f 2938 2928 2507
f 2507 2928 2929
f 2507 2929 1510
f 1510 2929 1511
f 2375 2377 2376
f 2376 2377 2379
f 2376 2379 2607
f 2607 2379 2930
f 2607 2930 2591
f 2591 2930 2931
f 2591 2931 2576
f 2576 2931 2932
f 2576 2932 2563
f 2563 2932 2933
f 2563 2933 2551
f 2551 2933 2934
f 2551 2934 2538
f 2538 2934 2935
f 2538 2935 2535
f 2535 2935 2936
f 2535 2936 2533
f 2533 2936 2937
f 2533 2937 2472
f 2472 2937 2938
f 2472 2938 2470
f 2470 2938 2507
f 2470 2507 1507
f 1507 2507 1508
f 1492 2480 2636
f 2636 2480 2939
f 2636 2939 2635
f 2635 2939 2940
f 2635 2940 2634
f 2634 2940 2941
f 2634 2941 2633
f 2633 2941 2942
f 2633 2942 2632
f 2632 2942 2943
f 2632 2943 2631
f 2631 2943 2944
f 2631 2944 2630
f 2630 2944 2945
f 2630 2945 2629
f 2629 2945 2946
f 2629 2946 2628
f 2628 2946 2947
f 2628 2947 2627
f 2627 2947 2373
f 2627 2373 2376
f 2376 2373 2372
f 2376 2372 2374
f 1489 2479 2480
f 2480 2479 2948
f 2480 2948 2939
f 2939 2948 2949
f 2939 2949 2940
f 2940 2949 2950
f 2940 2950 2941
f 2941 2950 2951
f 2941 2951 2942
f 2942 2951 2952
f 2942 2952 2943
f 2943 2952 2953
f 2943 2953 2944
f 2944 2953 2954
f 2944 2954 2945
f 2945 2954 2955
f 2945 2955 2946
f 2946 2955 2956
f 2946 2956 2947
f 2947 2956 2370
f 2947 2370 2373
f 2373 2370 2369
f 2373 2369 2371
f 1486 2478 2479
f 2479 2478 2957
f 2479 2957 2948
f 2948 2957 2958
f 2948 2958 2949
f 2949 2958 2959
f 2949 2959 2950
f 2950 2959 2960
f 2950 2960 2951
f 2951 2960 2961
f 2951 2961 2952
f 2952 2961 2962
f 2952 2962 2953
f 2953 2962 2963
f 2953 2963 2954
f 2954 2963 2964
f 2954 2964 2955
f 2955 2964 2965
f 2955 2965 2956
f 2956 2965 2367
f 2956 2367 2370
f 2370 2367 2366
f 2370 2366 2368
f 1483 2516 2478
f 2478 2516 2966
f 2478 2966 2957
f 2957 2966 2967
f 2957 2967 2958
f 2958 2967 2968
f 2958 2968 2959
f 2959 2968 2969
f 2959 2969 2960
f 2960 2969 2970
f 2960 2970 2961
f 2961 2970 2971
f 2961 2971 2962
f 2962 2971 2972
f 2962 2972 2963
f 2963 2972 2973
f 2963 2973 2964
f 2964 2973 2974
f 2964 2974 2965
f 2965 2974 2364
f 2965 2364 2367
f 2367 2364 2363
f 2367 2363 2365
f 2136 2517 2516
f 2516 2517 2975
f 2516 2975 2966
f 2966 2975 2976
f 2966 2976 2967
f 2967 2976 2977
f 2967 2977 2968
f 2968 2977 2978
f 2968 2978 2969
f 2969 2978 2979
f 2969 2979 2970
f 2970 2979 2980
f 2970 2980 2971
f 2971 2980 2981
f 2971 2981 2972
f 2972 2981 2982
f 2972 2982 2973
f 2973 2982 2983
f 2973 2983 2974
f 2974 2983 2361
f 2974 2361 2364
f 2364 2361 2360
f 2364 2360 2362
f 2148 2518 2517
f 2517 2518 2984
f 2517 2984 2975
f 2975 2984 2985
f 2975 2985 2976
f 2976 2985 2986
f 2976 2986 2977
f 2977 2986 2987
f 2977 2987 2978
f 2978 2987 2988
f 2978 2988 2979
f 2979 2988 2989
f 2979 2989 2980
f 2980 2989 2990
f 2980 2990 2981
f 2981 2990 2991
f 2981 2991 2982
f 2982 2991 2992
f 2982 2992 2983
f 2983 2992 2358
f 2983 2358 2361
f 2361 2358 2357
f 2361 2357 2359
f 2160 2519 2518
f 2518 2519 2993
f 2518 2993 2984
f 2984 2993 2994
f 2984 2994 2985
f 2985 2994 2995
f 2985 2995 2986
f 2986 2995 2996
f 2986 2996 2987
f 2987 2996 2997
f 2987 2997 2988
f 2988 2997 2998
f 2988 2998 2989
f 2989 2998 2999
f 2989 2999 2990
f 2990 2999 3000
f 2990 3000 2991
f 2991 3000 3001
f 2991 3001 2992
f 2992 3001 3002
f 2992 3002 2358
f 2358 3002 3003
f 2358 3003 2356
f 3004 3005 3006
f 2172 2520 2519
f 2519 2520 3007
f 2519 3007 2993
f 2993 3007 3008
f 2993 3008 2994
f 2994 3008 3009
f 2994 3009 2995
f 2995 3009 3010
f 2995 3010 2996
f 2996 3010 3011
f 2996 3011 2997
f 2997 3011 3012
f 2997 3012 2998
f 2998 3012 3013
f 2998 3013 2999
f 2999 3013 3014
f 2999 3014 3000
f 3000 3014 3015
f 3000 3015 3001
f 3001 3015 3004
f 3001 3004 3002
f 3002 3004 3006
f 3002 3006 3003
f 3016 3017 3018
f 2184 2521 2520
f 2520 2521 3019
f 2520 3019 3007
f 3007 3019 3020
f 3007 3020 3008
f 3008 3020 3021
f 3008 3021 3009
f 3009 3021 3022
f 3009 3022 3010
f 3010 3022 3023
f 3010 3023 3011
f 3011 3023 3024
f 3011 3024 3012
f 3012 3024 3025
f 3012 3025 3013
f 3013 3025 3026
f 3013 3026 3014
f 3014 3026 3027
f 3014 3027 3015
f 3015 3027 3016
f 3015 3016 3004
f 3004 3016 3018
f 3004 3018 3005
f 3028 3029 3030
f 2196 2522 2521
f 2521 2522 3031
f 2521 3031 3019
f 3019 3031 3032
f 3019 3032 3020
f 3020 3032 3033
f 3020 3033 3021
f 3021 3033 3034
f 3021 3034 3022
f 3022 3034 3035
f 3022 3035 3023
f 3023 3035 3036
f 3023 3036 3024
f 3024 3036 3037
f 3024 3037 3025
f 3025 3037 3038
f 3025 3038 3026
f 3026 3038 3039
f 3026 3039 3027
f 3027 3039 3028
f 3027 3028 3016
f 3016 3028 3030
f 3016 3030 3017
f 3040 3041 3042
f 1481 2523 2522
f 2522 2523 3043
f 2522 3043 3031
f 3031 3043 3044
f 3031 3044 3032
f 3032 3044 3045
f 3032 3045 3033
f 3033 3045 3046
f 3033 3046 3034
f 3034 3046 3047
f 3034 3047 3035
f 3035 3047 3048
f 3035 3048 3036
f 3036 3048 3049
f 3036 3049 3037
f 3037 3049 3050
f 3037 3050 3038
f 3038 3050 3051
f 3038 3051 3039
f 3039 3051 3040
f 3039 3040 3028
f 3028 3040 3042
f 3028 3042 3029
f 3052 3053 3054
f 1478 2524 2523
f 2523 2524 3055
f 2523 3055 3043
f 3043 3055 3056
f 3043 3056 3044
f 3044 3056 3057
f 3044 3057 3045
f 3045 3057 3058
f 3045 3058 3046
f 3046 3058 3059
f 3046 3059 3047
f 3047 3059 3060
f 3047 3060 3048
f 3048 3060 3061
f 3048 3061 3049
f 3049 3061 3062
f 3049 3062 3050
f 3050 3062 3063
f 3050 3063 3051
f 3051 3063 3052
f 3051 3052 3040
f 3040 3052 3054
f 3040 3054 3041
f 3064 3065 3066
f 1475 2477 2524
f 2524 2477 3067
f 2524 3067 3055
f 3055 3067 3068
f 3055 3068 3056
f 3056 3068 3069
f 3056 3069 3057
f 3057 3069 3070
f 3057 3070 3058
f 3058 3070 3071
f 3058 3071 3059
f 3059 3071 3072
f 3059 3072 3060
f 3060 3072 3073
f 3060 3073 3061
f 3061 3073 3074
f 3061 3074 3062
f 3062 3074 3075
f 3062 3075 3063
f 3063 3075 3064
f 3063 3064 3052
f 3052 3064 3066
f 3052 3066 3053
f 3076 3077 3078
f 1474 2476 2477
f 2477 2476 3079
f 2477 3079 3067
f 3067 3079 3080
f 3067 3080 3068
f 3068 3080 3081
f 3068 3081 3069
f 3069 3081 3082
f 3069 3082 3070
f 3070 3082 3083
f 3070 3083 3071
f 3071 3083 3084
f 3071 3084 3072
f 3072 3084 3085
f 3072 3085 3073
f 3073 3085 3086
f 3073 3086 3074
f 3074 3086 3087
f 3074 3087 3075
f 3075 3087 3076
f 3075 3076 3064
f 3064 3076 3078
f 3064 3078 3065
f 3088 3089 3090
f 1471 2475 2476
f 2476 2475 3091
f 2476 3091 3079
f 3079 3091 3092
f 3079 3092 3080
f 3080 3092 3093
f 3080 3093 3081
f 3081 3093 3094
f 3081 3094 3082
f 3082 3094 3095
f 3082 3095 3083
f 3083 3095 3096
f 3083 3096 3084
f 3084 3096 3097
f 3084 3097 3085
f 3085 3097 3098
f 3085 3098 3086
f 3086 3098 3099
f 3086 3099 3087
f 3087 3099 3088
f 3087 3088 3076
f 3076 3088 3090
f 3076 3090 3077
f 3100 3101 3102
f 1468 2474 2475
f 2475 2474 3103
f 2475 3103 3091
f 3091 3103 3104
f 3091 3104 3092
f 3092 3104 3105
f 3092 3105 3093
f 3093 3105 3106
f 3093 3106 3094
f 3094 3106 3107
f 3094 3107 3095
f 3095 3107 3108
f 3095 3108 3096
f 3096 3108 3109
f 3096 3109 3097
f 3097 3109 3110
f 3097 3110 3098
f 3098 3110 3111
f 3098 3111 3099
f 3099 3111 3100
f 3099 3100 3088
f 3088 3100 3102
f 3088 3102 3089
f 3112 3113 3114
f 1465 2525 2474
f 2474 2525 3115
f 2474 3115 3103
f 3103 3115 3116
f 3103 3116 3104
f 3104 3116 3117
f 3104 3117 3105
f 3105 3117 3118
f 3105 3118 3106
f 3106 3118 3119
f 3106 3119 3107
f 3107 3119 3120
f 3107 3120 3108
f 3108 3120 3121
f 3108 3121 3109
f 3109 3121 3122
f 3109 3122 3110
f 3110 3122 3123
f 3110 3123 3111
f 3111 3123 3112
f 3111 3112 3100
f 3100 3112 3114
f 3100 3114 3101
f 3124 3125 3126
f 2285 2526 2525
f 2525 2526 3127
f 2525 3127 3115
f 3115 3127 3128
f 3115 3128 3116
f 3116 3128 3129
f 3116 3129 3117
f 3117 3129 3130
f 3117 3130 3118
f 3118 3130 3131
f 3118 3131 3119
f 3119 3131 3132
f 3119 3132 3120
f 3120 3132 3133
f 3120 3133 3121
f 3121 3133 3134
f 3121 3134 3122
f 3122 3134 3135
f 3122 3135 3123
f 3123 3135 3124
f 3123 3124 3112
f 3112 3124 3126
f 3112 3126 3113
f 3136 3137 3138
f 2297 2527 2526
f 2526 2527 3139
f 2526 3139 3127
f 3127 3139 3140
f 3127 3140 3128
f 3128 3140 3141
f 3128 3141 3129
f 3129 3141 3142
f 3129 3142 3130
f 3130 3142 3143
f 3130 3143 3131
f 3131 3143 3144
f 3131 3144 3132
f 3132 3144 3145
f 3132 3145 3133
f 3133 3145 3146
f 3133 3146 3134
f 3134 3146 3147
f 3134 3147 3135
f 3135 3147 3136
f 3135 3136 3124
f 3124 3136 3138
f 3124 3138 3125
f 3148 3149 3150
f 2309 2528 2527
f 2527 2528 3151
f 2527 3151 3139
f 3139 3151 3152
f 3139 3152 3140
f 3140 3152 3153
f 3140 3153 3141
f 3141 3153 3154
f 3141 3154 3142
f 3142 3154 3155
f 3142 3155 3143
f 3143 3155 3156
f 3143 3156 3144
f 3144 3156 3157
f 3144 3157 3145
f 3145 3157 3158
f 3145 3158 3146
f 3146 3158 3159
f 3146 3159 3147
f 3147 3159 3148
f 3147 3148 3136
f 3136 3148 3150
f 3136 3150 3137
f 3160 3161 3162
f 2321 2529 2528
f 2528 2529 3163
f 2528 3163 3151
f 3151 3163 3164
f 3151 3164 3152
f 3152 3164 3165
f 3152 3165 3153
f 3153 3165 3166
f 3153 3166 3154
f 3154 3166 3167
f 3154 3167 3155
f 3155 3167 3168
f 3155 3168 3156
f 3156 3168 3169
f 3156 3169 3157
f 3157 3169 3170
f 3157 3170 3158
f 3158 3170 3171
f 3158 3171 3159
f 3159 3171 3160
f 3159 3160 3148
f 3148 3160 3162
f 3148 3162 3149
f 3172 3173 3174
f 2333 2530 2529
f 2529 2530 3175
f 2529 3175 3163
f 3163 3175 3176
f 3163 3176 3164
f 3164 3176 3177
f 3164 3177 3165
f 3165 3177 3178
f 3165 3178 3166
f 3166 3178 3179
f 3166 3179 3167
f 3167 3179 3180
f 3167 3180 3168
f 3168 3180 3181
f 3168 3181 3169
f 3169 3181 3182
f 3169 3182 3170
f 3170 3182 3183
f 3170 3183 3171
f 3171 3183 3172
f 3171 3172 3160
f 3160 3172 3174
f 3160 3174 3161
f 2345 2473 2530
f 2530 2473 2532
f 2530 2532 3175
f 3175 2532 2722
f 3175 2722 3176
f 3176 2722 2714
f 3176 2714 3177
f 3177 2714 2707
f 3177 2707 3178
f 3178 2707 2701
f 3178 2701 3179
f 3179 2701 2696
f 3179 2696 3180
f 3180 2696 2692
f 3180 2692 3181
f 3181 2692 2618
f 3181 2618 3182
f 3182 2618 2617
f 3182 2617 3183
f 3183 2617 2637
f 3183 2637 3172
f 3172 2637 2685
f 3172 2685 3173
f 3184 3185 3186
f 3187 3188 3189
f 3190 3191 3192
f 3193 3194 3195
f 3196 3197 3198
f 3199 3200 3201
f 3202 3203 3204
f 3205 3206 3207
f 3208 3209 3210
f 3211 3212 3213
f 3214 3215 3216
f 3217 3218 3219
f 3220 3221 3222
f 3223 3224 3225
f 3226 3227 3228
f 3229 3230 3231
f 3232 3233 3234
f 3235 3236 3237
f 3238 3239 3240
f 3241 3242 3243
f 3244 3245 3246
f 3247 3248 3249
f 3250 3251 3252
f 3253 3254 3255
f 3256 3257 3258
f 3259 3260 3261
f 3262 3263 3264
f 3265 3266 3267
f 2387 2386 3268
f 2390 2389 3269
f 2393 2392 3270
f 2396 2395 3271
f 2683 2684 3272
f 2417 2416 3273
f 2420 2419 3274
f 2423 2422 3275
f 2426 2425 3276
f 2429 2428 3277
f 2432 2431 3278
f 2435 2434 3279
f 2739 2738 3280
f 2751 2750 3281
f 2737 2752 3282
f 2438 2437 3283
f 2441 2440 3284
f 2444 2443 3285
f 2447 2446 3286
f 2450 2449 3287
f 2453 2452 3288
f 2456 2455 3289
f 2459 2458 3290
f 2468 2467 3291
f 2688 2689 3292
f 2686 2687 3293
f 3173 2685 3294
f 3294 2685 2686
f 2688 3292 2687
f 2468 3291 2689
f 2467 2465 3295
f 2464 2462 3296
f 2459 3290 2461
f 2414 2413 3265
f 3265 2413 2411
f 3265 2411 3266
f 3266 2411 2410
f 3266 2410 2408
f 3297 2407 2405
f 3298 2404 2402
f 3299 2401 2399
f 3300 2398 2874
f 3301 2873 2872
f 3302 2871 2683
f 2396 3271 2684
f 2393 3270 2395
f 2390 3269 2392
f 2387 3268 2389
f 2386 2384 3303
f 3303 2384 2383
f 3303 2383 2381
f 2381 2380 3304
f 3304 2380 2378
f 2378 2377 3305
f 3305 2377 2375
f 2375 2374 3306
f 3306 2374 2372
f 2372 2371 3307
f 3307 2371 2369
f 2369 2368 3308
f 3308 2368 2366
f 2366 2365 3309
f 3309 2365 2363
f 2363 2362 3310
f 3310 2362 2360
f 2360 2359 3311
f 3311 2359 2357
f 2357 2356 3312
f 3312 2356 3003
f 3003 3006 3313
f 3313 3006 3005
f 3005 3018 3314
f 3314 3018 3017
f 3017 3030 3315
f 3315 3030 3029
f 3029 3042 3316
f 3316 3042 3041
f 3041 3054 3317
f 3317 3054 3053
f 3053 3066 3318
f 3318 3066 3065
f 3065 3078 3319
f 3319 3078 3077
f 3077 3090 3320
f 3320 3090 3089
f 3089 3102 3321
f 3321 3102 3101
f 3101 3114 3322
f 3322 3114 3113
f 3113 3126 3323
f 3323 3126 3125
f 3125 3138 3324
f 3324 3138 3137
f 3137 3150 3325
f 3325 3150 3149
f 3149 3162 3326
f 3326 3162 3161
f 3161 3174 3327
f 3327 3174 3173
f 3328 3267 3329
f 3329 3267 3266
f 3329 3266 3297
f 3297 3266 2408
f 3297 2408 2407
f 3330 3328 3331
f 3331 3328 3329
f 3331 3329 3332
f 3332 3329 3297
f 3332 3297 3298
f 3298 3297 2405
f 3298 2405 2404
f 3333 3330 3334
f 3334 3330 3331
f 3334 3331 3335
f 3335 3331 3332
f 3335 3332 3336
f 3336 3332 3298
f 3336 3298 3299
f 3299 3298 2402
f 3299 2402 2401
f 3337 3333 3338
f 3338 3333 3334
f 3338 3334 3339
f 3339 3334 3335
f 3339 3335 3340
f 3340 3335 3336
f 3340 3336 3341
f 3341 3336 3299
f 3341 3299 3300
f 3300 3299 2399
f 3300 2399 2398
f 3342 3337 3343
f 3343 3337 3338
f 3343 3338 3344
f 3344 3338 3339
f 3344 3339 3345
f 3345 3339 3340
f 3345 3340 3346
f 3346 3340 3341
f 3346 3341 3347
f 3347 3341 3300
f 3347 3300 3301
f 3301 3300 2874
f 3301 2874 2873
f 3348 3342 3349
f 3349 3342 3343
f 3349 3343 3350
f 3350 3343 3344
f 3350 3344 3351
f 3351 3344 3345
f 3351 3345 3352
f 3352 3345 3346
f 3352 3346 3353
f 3353 3346 3347
f 3353 3347 3354
f 3354 3347 3301
f 3354 3301 3302
f 3302 3301 2872
f 3302 2872 2871
f 3355 3356 3357
f 2686 3293 3294
f 3294 3293 3358
f 3294 3358 3359
f 3359 3358 3360
f 3359 3360 3361
f 3361 3360 3362
f 3361 3362 3363
f 3363 3362 3364
f 3363 3364 3365
f 3365 3364 3366
f 3365 3366 3367
f 3367 3366 3368
f 3367 3368 3369
f 3369 3368 3264
f 3369 3264 3370
f 3370 3264 3263
f 3370 3263 3371
f 2687 3292 3293
f 3293 3292 3372
f 3293 3372 3358
f 3358 3372 3373
f 3358 3373 3360
f 3360 3373 3374
f 3360 3374 3362
f 3362 3374 3375
f 3362 3375 3364
f 3364 3375 3376
f 3364 3376 3366
f 3366 3376 3377
f 3366 3377 3368
f 3368 3377 3261
f 3368 3261 3264
f 3264 3261 3260
f 3264 3260 3262
f 2689 3291 3292
f 3292 3291 3378
f 3292 3378 3372
f 3372 3378 3379
f 3372 3379 3373
f 3373 3379 3380
f 3373 3380 3374
f 3374 3380 3381
f 3374 3381 3375
f 3375 3381 3382
f 3375 3382 3376
f 3376 3382 3383
f 3376 3383 3377
f 3377 3383 3258
f 3377 3258 3261
f 3261 3258 3257
f 3261 3257 3259
f 2467 3295 3291
f 3291 3295 3384
f 3291 3384 3378
f 3378 3384 3385
f 3378 3385 3379
f 3379 3385 3386
f 3379 3386 3380
f 3380 3386 3387
f 3380 3387 3381
f 3381 3387 3388
f 3381 3388 3382
f 3382 3388 3389
f 3382 3389 3383
f 3383 3389 3255
f 3383 3255 3258
f 3258 3255 3254
f 3258 3254 3256
f 3295 3390 3384
f 3384 3390 3391
f 3384 3391 3385
f 3385 3391 3392
f 3385 3392 3386
f 3386 3392 3393
f 3386 3393 3387
f 3387 3393 3394
f 3387 3394 3388
f 3388 3394 3395
f 3388 3395 3389
f 3389 3395 3252
f 3389 3252 3255
f 3255 3252 3251
f 3255 3251 3253
f 3390 3396 3391
f 3391 3396 3397
f 3391 3397 3392
f 3392 3397 3398
f 3392 3398 3393
f 3393 3398 3399
f 3393 3399 3394
f 3394 3399 3400
f 3394 3400 3395
f 3395 3400 3249
f 3395 3249 3252
f 3252 3249 3248
f 3252 3248 3250
f 3396 3401 3397
f 3397 3401 3402
f 3397 3402 3398
f 3398 3402 3403
f 3398 3403 3399
f 3399 3403 3404
f 3399 3404 3400
f 3400 3404 3246
f 3400 3246 3249
f 3249 3246 3245
f 3249 3245 3247
f 3401 3405 3402
f 3402 3405 3406
f 3402 3406 3403
f 3403 3406 3407
f 3403 3407 3404
f 3404 3407 3243
f 3404 3243 3246
f 3246 3243 3242
f 3246 3242 3244
f 3405 3408 3406
f 3406 3408 3409
f 3406 3409 3407
f 3407 3409 3240
f 3407 3240 3243
f 3243 3240 3239
f 3243 3239 3241
f 3408 3357 3409
f 3409 3357 3356
f 3409 3356 3240
f 3240 3356 3410
f 3240 3410 3238
f 3411 3412 3413
f 3413 3412 3355
f 3413 3355 3414
f 3414 3355 3357
f 3414 3357 3415
f 3415 3357 3408
f 3415 3408 3416
f 3416 3408 3405
f 3416 3405 3417
f 3417 3405 3401
f 3417 3401 3418
f 3418 3401 3396
f 3418 3396 3419
f 3419 3396 3390
f 3419 3390 3296
f 3296 3390 3295
f 3296 3295 2464
f 2464 3295 2465
f 3412 3420 3355
f 3355 3420 3421
f 3355 3421 3356
f 3356 3421 3422
f 3356 3422 3410
f 2462 2461 3296
f 3296 2461 3290
f 3296 3290 3419
f 3419 3290 3423
f 3419 3423 3418
f 3418 3423 3424
f 3418 3424 3417
f 3417 3424 3425
f 3417 3425 3416
f 3416 3425 3426
f 3416 3426 3415
f 3415 3426 3427
f 3415 3427 3414
f 3414 3427 3428
f 3414 3428 3413
f 3413 3428 3237
f 3413 3237 3411
f 3411 3237 3236
f 2458 2456 3290
f 3290 2456 3289
f 3290 3289 3423
f 3423 3289 3429
f 3423 3429 3424
f 3424 3429 3430
f 3424 3430 3425
f 3425 3430 3431
f 3425 3431 3426
f 3426 3431 3432
f 3426 3432 3427
f 3427 3432 3433
f 3427 3433 3428
f 3428 3433 3434
f 3428 3434 3237
f 3237 3434 3234
f 3237 3234 3235
f 3235 3234 3233
f 2455 2453 3289
f 3289 2453 3288
f 3289 3288 3429
f 3429 3288 3435
f 3429 3435 3430
f 3430 3435 3436
f 3430 3436 3431
f 3431 3436 3437
f 3431 3437 3432
f 3432 3437 3438
f 3432 3438 3433
f 3433 3438 3439
f 3433 3439 3434
f 3434 3439 3440
f 3434 3440 3234
f 3234 3440 3231
f 3234 3231 3232
f 3232 3231 3230
f 2452 2450 3288
f 3288 2450 3287
f 3288 3287 3435
f 3435 3287 3441
f 3435 3441 3436
f 3436 3441 3442
f 3436 3442 3437
f 3437 3442 3443
f 3437 3443 3438
f 3438 3443 3444
f 3438 3444 3439
f 3439 3444 3445
f 3439 3445 3440
f 3440 3445 3446
f 3440 3446 3231
f 3231 3446 3228
f 3231 3228 3229
f 3229 3228 3227
f 2449 2447 3287
f 3287 2447 3286
f 3287 3286 3441
f 3441 3286 3447
f 3441 3447 3442
f 3442 3447 3448
f 3442 3448 3443
f 3443 3448 3449
f 3443 3449 3444
f 3444 3449 3450
f 3444 3450 3445
f 3445 3450 3451
f 3445 3451 3446
f 3446 3451 3452
f 3446 3452 3228
f 3228 3452 3225
f 3228 3225 3226
f 3226 3225 3224
f 2446 2444 3286
f 3286 2444 3285
f 3286 3285 3447
f 3447 3285 3453
f 3447 3453 3448
f 3448 3453 3454
f 3448 3454 3449
f 3449 3454 3455
f 3449 3455 3450
f 3450 3455 3456
f 3450 3456 3451
f 3451 3456 3457
f 3451 3457 3452
f 3452 3457 3458
f 3452 3458 3225
f 3225 3458 3222
f 3225 3222 3223
f 3223 3222 3221
f 2443 2441 3285
f 3285 2441 3284
f 3285 3284 3453
f 3453 3284 3459
f 3453 3459 3454
f 3454 3459 3460
f 3454 3460 3455
f 3455 3460 3461
f 3455 3461 3456
f 3456 3461 3462
f 3456 3462 3457
f 3457 3462 3463
f 3457 3463 3458
f 3458 3463 3464
f 3458 3464 3222
f 3222 3464 3219
f 3222 3219 3220
f 3220 3219 3218
f 2440 2438 3284
f 3284 2438 3283
f 3284 3283 3459
f 3459 3283 3465
f 3459 3465 3460
f 3460 3465 3466
f 3460 3466 3461
f 3461 3466 3467
f 3461 3467 3462
f 3462 3467 3468
f 3462 3468 3463
f 3463 3468 3469
f 3463 3469 3464
f 3464 3469 3470
f 3464 3470 3219
f 3219 3470 3216
f 3219 3216 3217
f 3217 3216 3215
f 2437 2737 3283
f 3283 2737 3282
f 3283 3282 3465
f 3465 3282 3471
f 3465 3471 3466
f 3466 3471 3472
f 3466 3472 3467
f 3467 3472 3473
f 3467 3473 3468
f 3468 3473 3474
f 3468 3474 3469
f 3469 3474 3475
f 3469 3475 3470
f 3470 3475 3476
f 3470 3476 3216
f 3216 3476 3213
f 3216 3213 3214
f 3214 3213 3212
f 2752 2751 3282
f 3282 2751 3281
f 3282 3281 3471
f 3471 3281 3477
f 3471 3477 3472
f 3472 3477 3478
f 3472 3478 3473
f 3473 3478 3479
f 3473 3479 3474
f 3474 3479 3480
f 3474 3480 3475
f 3475 3480 3481
f 3475 3481 3476
f 3476 3481 3482
f 3476 3482 3213
f 3213 3482 3210
f 3213 3210 3211
f 3211 3210 3209
f 2750 2739 3281
f 3281 2739 3280
f 3281 3280 3477
f 3477 3280 3483
f 3477 3483 3478
f 3478 3483 3484
f 3478 3484 3479
f 3479 3484 3485
f 3479 3485 3480
f 3480 3485 3486
f 3480 3486 3481
f 3481 3486 3487
f 3481 3487 3482
f 3482 3487 3488
f 3482 3488 3210
f 3210 3488 3207
f 3210 3207 3208
f 3208 3207 3206
f 2738 2435 3280
f 3280 2435 3279
f 3280 3279 3483
f 3483 3279 3489
f 3483 3489 3484
f 3484 3489 3490
f 3484 3490 3485
f 3485 3490 3491
f 3485 3491 3486
f 3486 3491 3492
f 3486 3492 3487
f 3487 3492 3493
f 3487 3493 3488
f 3488 3493 3494
f 3488 3494 3207
f 3207 3494 3204
f 3207 3204 3205
f 3205 3204 3203
f 2434 2432 3279
f 3279 2432 3278
f 3279 3278 3489
f 3489 3278 3495
f 3489 3495 3490
f 3490 3495 3496
f 3490 3496 3491
f 3491 3496 3497
f 3491 3497 3492
f 3492 3497 3498
f 3492 3498 3493
f 3493 3498 3499
f 3493 3499 3494
f 3494 3499 3500
f 3494 3500 3204
f 3204 3500 3201
f 3204 3201 3202
f 3202 3201 3200
f 2431 2429 3278
f 3278 2429 3277
f 3278 3277 3495
f 3495 3277 3501
f 3495 3501 3496
f 3496 3501 3502
f 3496 3502 3497
f 3497 3502 3503
f 3497 3503 3498
f 3498 3503 3504
f 3498 3504 3499
f 3499 3504 3505
f 3499 3505 3500
f 3500 3505 3506
f 3500 3506 3201
f 3201 3506 3198
f 3201 3198 3199
f 3199 3198 3197
f 2428 2426 3277
f 3277 2426 3276
f 3277 3276 3501
f 3501 3276 3507
f 3501 3507 3502
f 3502 3507 3508
f 3502 3508 3503
f 3503 3508 3509
f 3503 3509 3504
f 3504 3509 3510
f 3504 3510 3505
f 3505 3510 3511
f 3505 3511 3506
f 3506 3511 3512
f 3506 3512 3198
f 3198 3512 3195
f 3198 3195 3196
f 3196 3195 3194
f 2425 2423 3276
f 3276 2423 3275
f 3276 3275 3507
f 3507 3275 3513
f 3507 3513 3508
f 3508 3513 3514
f 3508 3514 3509
f 3509 3514 3515
f 3509 3515 3510
f 3510 3515 3516
f 3510 3516 3511
f 3511 3516 3517
f 3511 3517 3512
f 3512 3517 3518
f 3512 3518 3195
f 3195 3518 3192
f 3195 3192 3193
f 3193 3192 3191
f 2422 2420 3275
f 3275 2420 3274
f 3275 3274 3513
f 3513 3274 3519
f 3513 3519 3514
f 3514 3519 3520
f 3514 3520 3515
f 3515 3520 3521
f 3515 3521 3516
f 3516 3521 3522
f 3516 3522 3517
f 3517 3522 3523
f 3517 3523 3518
f 3518 3523 3524
f 3518 3524 3192
f 3192 3524 3189
f 3192 3189 3190
f 3190 3189 3188
f 2419 2417 3274
f 3274 2417 3273
f 3274 3273 3519
f 3519 3273 3525
f 3519 3525 3520
f 3520 3525 3526
f 3520 3526 3521
f 3521 3526 3527
f 3521 3527 3522
f 3522 3527 3528
f 3522 3528 3523
f 3523 3528 3529
f 3523 3529 3524
f 3524 3529 3530
f 3524 3530 3189
f 3189 3530 3186
f 3189 3186 3187
f 3187 3186 3185
f 2416 2414 3273
f 3273 2414 3265
f 3273 3265 3525
f 3525 3265 3267
f 3525 3267 3526
f 3526 3267 3328
f 3526 3328 3527
f 3527 3328 3330
f 3527 3330 3528
f 3528 3330 3333
f 3528 3333 3529
f 3529 3333 3337
f 3529 3337 3530
f 3530 3337 3342
f 3530 3342 3186
f 3186 3342 3348
f 3186 3348 3184
f 3184 3348 3531
f 3532 3533 3534
f 2683 3272 3302
f 3302 3272 3535
f 3302 3535 3354
f 3354 3535 3536
f 3354 3536 3353
f 3353 3536 3537
f 3353 3537 3352
f 3352 3537 3538
f 3352 3538 3351
f 3351 3538 3539
f 3351 3539 3350
f 3350 3539 3540
f 3350 3540 3349
f 3349 3540 3532
f 3349 3532 3348
f 3348 3532 3534
f 3348 3534 3531
f 3541 3542 3543
f 2684 3271 3272
f 3272 3271 3544
f 3272 3544 3535
f 3535 3544 3545
f 3535 3545 3536
f 3536 3545 3546
f 3536 3546 3537
f 3537 3546 3547
f 3537 3547 3538
f 3538 3547 3548
f 3538 3548 3539
f 3539 3548 3549
f 3539 3549 3540
f 3540 3549 3541
f 3540 3541 3532
f 3532 3541 3543
f 3532 3543 3533
f 3550 3551 3552
f 2395 3270 3271
f 3271 3270 3553
f 3271 3553 3544
f 3544 3553 3554
f 3544 3554 3545
f 3545 3554 3555
f 3545 3555 3546
f 3546 3555 3556
f 3546 3556 3547
f 3547 3556 3557
f 3547 3557 3548
f 3548 3557 3558
f 3548 3558 3549
f 3549 3558 3550
f 3549 3550 3541
f 3541 3550 3552
f 3541 3552 3542
f 3559 3560 3561
f 2392 3269 3270
f 3270 3269 3562
f 3270 3562 3553
f 3553 3562 3563
f 3553 3563 3554
f 3554 3563 3564
f 3554 3564 3555
f 3555 3564 3565
f 3555 3565 3556
f 3556 3565 3566
f 3556 3566 3557
f 3557 3566 3567
f 3557 3567 3558
f 3558 3567 3559
f 3558 3559 3550
f 3550 3559 3561
f 3550 3561 3551
f 3568 3569 3570
f 2389 3268 3269
f 3269 3268 3571
f 3269 3571 3562
f 3562 3571 3572
f 3562 3572 3563
f 3563 3572 3573
f 3563 3573 3564
f 3564 3573 3574
f 3564 3574 3565
f 3565 3574 3575
f 3565 3575 3566
f 3566 3575 3576
f 3566 3576 3567
f 3567 3576 3568
f 3567 3568 3559
f 3559 3568 3570
f 3559 3570 3560
f 3577 3578 3579
f 2386 3303 3268
f 3268 3303 3580
f 3268 3580 3571
f 3571 3580 3581
f 3571 3581 3572
f 3572 3581 3582
f 3572 3582 3573
f 3573 3582 3583
f 3573 3583 3574
f 3574 3583 3584
f 3574 3584 3575
f 3575 3584 3585
f 3575 3585 3576
f 3576 3585 3577
f 3576 3577 3568
f 3568 3577 3579
f 3568 3579 3569
f 3586 3587 3588
f 2381 3304 3303
f 3303 3304 3589
f 3303 3589 3580
f 3580 3589 3590
f 3580 3590 3581
f 3581 3590 3591
f 3581 3591 3582
f 3582 3591 3592
f 3582 3592 3583
f 3583 3592 3593
f 3583 3593 3584
f 3584 3593 3594
f 3584 3594 3585
f 3585 3594 3586
f 3585 3586 3577
f 3577 3586 3588
f 3577 3588 3578
f 3595 3596 3597
f 2378 3305 3304
f 3304 3305 3598
f 3304 3598 3589
f 3589 3598 3599
f 3589 3599 3590
f 3590 3599 3600
f 3590 3600 3591
f 3591 3600 3601
f 3591 3601 3592
f 3592 3601 3602
f 3592 3602 3593
f 3593 3602 3603
f 3593 3603 3594
f 3594 3603 3595
f 3594 3595 3586
f 3586 3595 3597
f 3586 3597 3587
f 3604 3605 3606
f 2375 3306 3305
f 3305 3306 3607
f 3305 3607 3598
f 3598 3607 3608
f 3598 3608 3599
f 3599 3608 3609
f 3599 3609 3600
f 3600 3609 3610
f 3600 3610 3601
f 3601 3610 3611
f 3601 3611 3602
f 3602 3611 3612
f 3602 3612 3603
f 3603 3612 3604
f 3603 3604 3595
f 3595 3604 3606
f 3595 3606 3596
f 3613 3614 3615
f 2372 3307 3306
f 3306 3307 3616
f 3306 3616 3607
f 3607 3616 3617
f 3607 3617 3608
f 3608 3617 3618
f 3608 3618 3609
f 3609 3618 3619
f 3609 3619 3610
f 3610 3619 3620
f 3610 3620 3611
f 3611 3620 3621
f 3611 3621 3612
f 3612 3621 3613
f 3612 3613 3604
f 3604 3613 3615
f 3604 3615 3605
f 3622 3623 3624
f 2369 3308 3307
f 3307 3308 3625
f 3307 3625 3616
f 3616 3625 3626
f 3616 3626 3617
f 3617 3626 3627
f 3617 3627 3618
f 3618 3627 3628
f 3618 3628 3619
f 3619 3628 3629
f 3619 3629 3620
f 3620 3629 3630
f 3620 3630 3621
f 3621 3630 3622
f 3621 3622 3613
f 3613 3622 3624
f 3613 3624 3614
f 3631 3632 3633
f 2366 3309 3308
f 3308 3309 3634
f 3308 3634 3625
f 3625 3634 3635
f 3625 3635 3626
f 3626 3635 3636
f 3626 3636 3627
f 3627 3636 3637
f 3627 3637 3628
f 3628 3637 3638
f 3628 3638 3629
f 3629 3638 3639
f 3629 3639 3630
f 3630 3639 3631
f 3630 3631 3622
f 3622 3631 3633
f 3622 3633 3623
f 3640 3641 3642
f 2363 3310 3309
f 3309 3310 3643
f 3309 3643 3634
f 3634 3643 3644
f 3634 3644 3635
f 3635 3644 3645
f 3635 3645 3636
f 3636 3645 3646
f 3636 3646 3637
f 3637 3646 3647
f 3637 3647 3638
f 3638 3647 3648
f 3638 3648 3639
f 3639 3648 3640
f 3639 3640 3631
f 3631 3640 3642
f 3631 3642 3632
f 3649 3650 3651
f 2360 3311 3310
f 3310 3311 3652
f 3310 3652 3643
f 3643 3652 3653
f 3643 3653 3644
f 3644 3653 3654
f 3644 3654 3645
f 3645 3654 3655
f 3645 3655 3646
f 3646 3655 3656
f 3646 3656 3647
f 3647 3656 3657
f 3647 3657 3648
f 3648 3657 3649
f 3648 3649 3640
f 3640 3649 3651
f 3640 3651 3641
f 3658 3659 3660
f 2357 3312 3311
f 3311 3312 3661
f 3311 3661 3652
f 3652 3661 3662
f 3652 3662 3653
f 3653 3662 3663
f 3653 3663 3654
f 3654 3663 3664
f 3654 3664 3655
f 3655 3664 3665
f 3655 3665 3656
f 3656 3665 3666
f 3656 3666 3657
f 3657 3666 3658
f 3657 3658 3649
f 3649 3658 3660
f 3649 3660 3650
f 3667 3668 3669
f 3003 3313 3312
f 3312 3313 3670
f 3312 3670 3661
f 3661 3670 3671
f 3661 3671 3662
f 3662 3671 3672
f 3662 3672 3663
f 3663 3672 3673
f 3663 3673 3664
f 3664 3673 3674
f 3664 3674 3665
f 3665 3674 3675
f 3665 3675 3666
f 3666 3675 3667
f 3666 3667 3658
f 3658 3667 3669
f 3658 3669 3659
f 3676 3677 3678
f 3005 3314 3313
f 3313 3314 3679
f 3313 3679 3670
f 3670 3679 3680
f 3670 3680 3671
f 3671 3680 3681
f 3671 3681 3672
f 3672 3681 3682
f 3672 3682 3673
f 3673 3682 3683
f 3673 3683 3674
f 3674 3683 3684
f 3674 3684 3675
f 3675 3684 3676
f 3675 3676 3667
f 3667 3676 3678
f 3667 3678 3668
f 3685 3686 3687
f 3017 3315 3314
f 3314 3315 3688
f 3314 3688 3679
f 3679 3688 3689
f 3679 3689 3680
f 3680 3689 3690
f 3680 3690 3681
f 3681 3690 3691
f 3681 3691 3682
f 3682 3691 3692
f 3682 3692 3683
f 3683 3692 3693
f 3683 3693 3684
f 3684 3693 3685
f 3684 3685 3676
f 3676 3685 3687
f 3676 3687 3677
f 3694 3695 3696
f 3029 3316 3315
f 3315 3316 3697
f 3315 3697 3688
f 3688 3697 3698
f 3688 3698 3689
f 3689 3698 3699
f 3689 3699 3690
f 3690 3699 3700
f 3690 3700 3691
f 3691 3700 3701
f 3691 3701 3692
f 3692 3701 3702
f 3692 3702 3693
f 3693 3702 3694
f 3693 3694 3685
f 3685 3694 3696
f 3685 3696 3686
f 3703 3704 3705
f 3041 3317 3316
f 3316 3317 3706
f 3316 3706 3697
f 3697 3706 3707
f 3697 3707 3698
f 3698 3707 3708
f 3698 3708 3699
f 3699 3708 3709
f 3699 3709 3700
f 3700 3709 3710
f 3700 3710 3701
f 3701 3710 3711
f 3701 3711 3702
f 3702 3711 3703
f 3702 3703 3694
f 3694 3703 3705
f 3694 3705 3695
f 3712 3713 3714
f 3053 3318 3317
f 3317 3318 3715
f 3317 3715 3706
f 3706 3715 3716
f 3706 3716 3707
f 3707 3716 3717
f 3707 3717 3708
f 3708 3717 3718
f 3708 3718 3709
f 3709 3718 3719
f 3709 3719 3710
f 3710 3719 3720
f 3710 3720 3711
f 3711 3720 3712
f 3711 3712 3703
f 3703 3712 3714
f 3703 3714 3704
f 3721 3722 3723
f 3065 3319 3318
f 3318 3319 3724
f 3318 3724 3715
f 3715 3724 3725
f 3715 3725 3716
f 3716 3725 3726
f 3716 3726 3717
f 3717 3726 3727
f 3717 3727 3718
f 3718 3727 3728
f 3718 3728 3719
f 3719 3728 3729
f 3719 3729 3720
f 3720 3729 3721
f 3720 3721 3712
f 3712 3721 3723
f 3712 3723 3713
f 3730 3731 3732
f 3077 3320 3319
f 3319 3320 3733
f 3319 3733 3724
f 3724 3733 3734
f 3724 3734 3725
f 3725 3734 3735
f 3725 3735 3726
f 3726 3735 3736
f 3726 3736 3727
f 3727 3736 3737
f 3727 3737 3728
f 3728 3737 3738
f 3728 3738 3729
f 3729 3738 3730
f 3729 3730 3721
f 3721 3730 3732
f 3721 3732 3722
f 3739 3740 3741
f 3089 3321 3320
f 3320 3321 3742
f 3320 3742 3733
f 3733 3742 3743
f 3733 3743 3734
f 3734 3743 3744
f 3734 3744 3735
f 3735 3744 3745
f 3735 3745 3736
f 3736 3745 3746
f 3736 3746 3737
f 3737 3746 3747
f 3737 3747 3738
f 3738 3747 3739
f 3738 3739 3730
f 3730 3739 3741
f 3730 3741 3731
f 3748 3749 3750
f 3101 3322 3321
f 3321 3322 3751
f 3321 3751 3742
f 3742 3751 3752
f 3742 3752 3743
f 3743 3752 3753
f 3743 3753 3744
f 3744 3753 3754
f 3744 3754 3745
f 3745 3754 3755
f 3745 3755 3746
f 3746 3755 3756
f 3746 3756 3747
f 3747 3756 3748
f 3747 3748 3739
f 3739 3748 3750
f 3739 3750 3740
f 3757 3758 3759
f 3113 3323 3322
f 3322 3323 3760
f 3322 3760 3751
f 3751 3760 3761
f 3751 3761 3752
f 3752 3761 3762
f 3752 3762 3753
f 3753 3762 3763
f 3753 3763 3754
f 3754 3763 3764
f 3754 3764 3755
f 3755 3764 3765
f 3755 3765 3756
f 3756 3765 3757
f 3756 3757 3748
f 3748 3757 3759
f 3748 3759 3749
f 3766 3767 3768
f 3125 3324 3323
f 3323 3324 3769
f 3323 3769 3760
f 3760 3769 3770
f 3760 3770 3761
f 3761 3770 3771
f 3761 3771 3762
f 3762 3771 3772
f 3762 3772 3763
f 3763 3772 3773
f 3763 3773 3764
f 3764 3773 3774
f 3764 3774 3765
f 3765 3774 3766
f 3765 3766 3757
f 3757 3766 3768
f 3757 3768 3758
f 3775 3776 3777
f 3137 3325 3324
f 3324 3325 3778
f 3324 3778 3769
f 3769 3778 3779
f 3769 3779 3770
f 3770 3779 3780
f 3770 3780 3771
f 3771 3780 3781
f 3771 3781 3772
f 3772 3781 3782
f 3772 3782 3773
f 3773 3782 3783
f 3773 3783 3774
f 3774 3783 3775
f 3774 3775 3766
f 3766 3775 3777
f 3766 3777 3767
f 3784 3785 3786
f 3149 3326 3325
f 3325 3326 3787
f 3325 3787 3778
f 3778 3787 3788
f 3778 3788 3779
f 3779 3788 3789
f 3779 3789 3780
f 3780 3789 3790
f 3780 3790 3781
f 3781 3790 3791
f 3781 3791 3782
f 3782 3791 3792
f 3782 3792 3783
f 3783 3792 3784
f 3783 3784 3775
f 3775 3784 3786
f 3775 3786 3776
f 3793 3794 3795
f 3161 3327 3326
f 3326 3327 3796
f 3326 3796 3787
f 3787 3796 3797
f 3787 3797 3788
f 3788 3797 3798
f 3788 3798 3789
f 3789 3798 3799
f 3789 3799 3790
f 3790 3799 3800
f 3790 3800 3791
f 3791 3800 3801
f 3791 3801 3792
f 3792 3801 3793
f 3792 3793 3784
f 3784 3793 3795
f 3784 3795 3785
f 3173 3294 3327
f 3327 3294 3359
f 3327 3359 3796
f 3796 3359 3361
f 3796 3361 3797
f 3797 3361 3363
f 3797 3363 3798
f 3798 3363 3365
f 3798 3365 3799
f 3799 3365 3367
f 3799 3367 3800
f 3800 3367 3369
f 3800 3369 3801
f 3801 3369 3370
f 3801 3370 3793
f 3793 3370 3371
f 3793 3371 3794
f 3802 3803 3804
f 3805 3806 3807
f 3808 3809 3810
f 3811 3812 3813
f 3814 3815 3816
f 3817 3818 3819
f 3820 3821 3822
f 3823 3824 3825
f 3826 3827 3828
f 3829 3830 3831
f 3794 3371 3832
f 3785 3795 3833
f 3776 3786 3834
f 3767 3777 3835
f 3758 3768 3836
f 3749 3759 3837
f 3740 3750 3838
f 3731 3741 3839
f 3722 3732 3840
f 3713 3723 3841
f 3704 3714 3842
f 3695 3705 3843
f 3686 3696 3844
f 3677 3687 3845
f 3668 3678 3846
f 3659 3669 3847
f 3650 3660 3848
f 3641 3651 3849
f 3632 3642 3850
f 3623 3633 3851
f 3614 3624 3852
f 3605 3615 3853
f 3596 3606 3854
f 3587 3597 3855
f 3578 3588 3856
f 3569 3579 3857
f 3560 3570 3858
f 3551 3561 3859
f 3542 3552 3860
f 3533 3543 3861
f 3531 3534 3862
f 3185 3184 3863
f 3188 3187 3864
f 3191 3190 3865
f 3194 3193 3866
f 3197 3196 3867
f 3200 3199 3868
f 3203 3202 3869
f 3206 3205 3870
f 3209 3208 3871
f 3212 3211 3872
f 3215 3214 3873
f 3218 3217 3874
f 3221 3220 3875
f 3224 3223 3876
f 3227 3226 3877
f 3230 3229 3878
f 3233 3232 3879
f 3236 3235 3880
f 3412 3411 3881
f 3421 3420 3882
f 3410 3422 3883
f 3239 3238 3884
f 3242 3241 3885
f 3245 3244 3886
f 3248 3247 3887
f 3251 3250 3888
f 3254 3253 3889
f 3257 3256 3890
f 3260 3259 3891
f 3263 3262 3892
f 3732 3731 3840
f 3840 3731 3839
f 3840 3839 3893
f 3893 3839 3894
f 3893 3894 3895
f 3895 3894 3896
f 3895 3896 3897
f 3897 3896 3898
f 3897 3898 3899
f 3899 3898 3900
f 3899 3900 3901
f 3901 3900 3902
f 3901 3902 3903
f 3903 3902 3904
f 3903 3904 3905
f 3905 3904 3906
f 3905 3906 3907
f 3907 3906 3908
f 3907 3908 3909
f 3909 3908 3910
f 3741 3740 3839
f 3839 3740 3838
f 3839 3838 3894
f 3894 3838 3911
f 3894 3911 3896
f 3896 3911 3912
f 3896 3912 3898
f 3898 3912 3913
f 3898 3913 3900
f 3900 3913 3914
f 3900 3914 3902
f 3902 3914 3915
f 3902 3915 3904
f 3904 3915 3916
f 3904 3916 3906
f 3906 3916 3917
f 3906 3917 3908
f 3908 3917 3918
f 3908 3918 3910
f 3910 3918 3919
f 3750 3749 3838
f 3838 3749 3837
f 3838 3837 3911
f 3911 3837 3920
f 3911 3920 3912
f 3912 3920 3921
f 3912 3921 3913
f 3913 3921 3922
f 3913 3922 3914
f 3914 3922 3923
f 3914 3923 3915
f 3915 3923 3924
f 3915 3924 3916
f 3916 3924 3925
f 3916 3925 3917
f 3917 3925 3926
f 3917 3926 3918
f 3918 3926 3927
f 3918 3927 3919
f 3919 3927 3928
f 3919 3928 3929
f 3929 3928 3930
f 3777 3776 3835
f 3835 3776 3834
f 3835 3834 3931
f 3931 3834 3932
f 3931 3932 3933
f 3933 3932 3934
f 3933 3934 3935
f 3935 3934 3936
f 3935 3936 3937
f 3937 3936 3938
f 3937 3938 3939
f 3939 3938 3940
f 3939 3940 3941
f 3941 3940 3942
f 3941 3942 3943
f 3943 3942 3944
f 3943 3944 3945
f 3945 3944 3946
f 3945 3946 3947
f 3947 3946 3948
f 3786 3785 3834
f 3834 3785 3833
f 3834 3833 3932
f 3932 3833 3949
f 3932 3949 3934
f 3934 3949 3950
f 3934 3950 3936
f 3936 3950 3951
f 3936 3951 3938
f 3938 3951 3952
f 3938 3952 3940
f 3940 3952 3953
f 3940 3953 3942
f 3942 3953 3954
f 3942 3954 3944
f 3944 3954 3955
f 3944 3955 3946
f 3946 3955 3956
f 3946 3956 3948
f 3948 3956 3957
f 3795 3794 3833
f 3833 3794 3832
f 3833 3832 3949
f 3949 3832 3958
f 3949 3958 3950
f 3950 3958 3959
f 3950 3959 3951
f 3951 3959 3960
f 3951 3960 3952
f 3952 3960 3961
f 3952 3961 3953
f 3953 3961 3962
f 3953 3962 3954
f 3954 3962 3963
f 3954 3963 3955
f 3955 3963 3964
f 3955 3964 3956
f 3956 3964 3965
f 3956 3965 3957
f 3957 3965 3966
f 3957 3966 3967
f 3967 3966 3968
f 3259 3257 3891
f 3891 3257 3890
f 3891 3890 3969
f 3969 3890 3970
f 3969 3970 3971
f 3971 3970 3972
f 3971 3972 3973
f 3973 3972 3974
f 3973 3974 3975
f 3975 3974 3976
f 3975 3976 3977
f 3977 3976 3978
f 3977 3978 3979
f 3979 3978 3980
f 3979 3980 3981
f 3981 3980 3982
f 3981 3982 3983
f 3983 3982 3984
f 3983 3984 3985
f 3985 3984 3986
f 3256 3254 3890
f 3890 3254 3889
f 3890 3889 3970
f 3970 3889 3987
f 3970 3987 3972
f 3972 3987 3988
f 3972 3988 3974
f 3974 3988 3989
f 3974 3989 3976
f 3976 3989 3990
f 3976 3990 3978
f 3978 3990 3991
f 3978 3991 3980
f 3980 3991 3992
f 3980 3992 3982
f 3982 3992 3993
f 3982 3993 3984
f 3984 3993 3994
f 3984 3994 3986
f 3986 3994 3995
f 3253 3251 3889
f 3889 3251 3888
f 3889 3888 3987
f 3987 3888 3996
f 3987 3996 3988
f 3988 3996 3997
f 3988 3997 3989
f 3989 3997 3998
f 3989 3998 3990
f 3990 3998 3999
f 3990 3999 3991
f 3991 3999 4000
f 3991 4000 3992
f 3992 4000 4001
f 3992 4001 3993
f 3993 4001 4002
f 3993 4002 3994
f 3994 4002 4003
f 3994 4003 3995
f 3995 4003 4004
f 3995 4004 4005
f 4005 4004 4006
f 3247 3245 3887
f 3887 3245 3886
f 3887 3886 4007
f 4007 3886 4008
f 4007 4008 4009
f 4009 4008 4010
f 4009 4010 4011
f 4011 4010 4012
f 4011 4012 4013
f 4013 4012 4014
f 4013 4014 4015
f 4015 4014 4016
f 4015 4016 4017
f 4017 4016 4018
f 4017 4018 4019
f 4019 4018 4020
f 4019 4020 4021
f 4021 4020 4022
f 4021 4022 4023
f 4023 4022 4024
f 3244 3242 3886
f 3886 3242 3885
f 3886 3885 4008
f 4008 3885 4025
f 4008 4025 4010
f 4010 4025 4026
f 4010 4026 4012
f 4012 4026 4027
f 4012 4027 4014
f 4014 4027 4028
f 4014 4028 4016
f 4016 4028 4029
f 4016 4029 4018
f 4018 4029 4030
f 4018 4030 4020
f 4020 4030 4031
f 4020 4031 4022
f 4022 4031 4032
f 4022 4032 4024
f 4024 4032 4033
f 4024 4033 4034
f 4034 4033 4035
f 3422 3421 3883
f 3883 3421 3882
f 3883 3882 4036
f 4036 3882 4037
f 4036 4037 4038
f 4038 4037 4039
f 4038 4039 4040
f 4040 4039 4041
f 4040 4041 4042
f 4042 4041 4043
f 4042 4043 4044
f 4044 4043 4045
f 4044 4045 4046
f 4046 4045 4047
f 4046 4047 4048
f 4048 4047 4049
f 4048 4049 4050
f 4050 4049 4051
f 4050 4051 4052
f 4052 4051 4053
f 3420 3412 3882
f 3882 3412 3881
f 3882 3881 4037
f 4037 3881 4054
f 4037 4054 4039
f 4039 4054 4055
f 4039 4055 4041
f 4041 4055 4056
f 4041 4056 4043
f 4043 4056 4057
f 4043 4057 4045
f 4045 4057 4058
f 4045 4058 4047
f 4047 4058 4059
f 4047 4059 4049
f 4049 4059 4060
f 4049 4060 4051
f 4051 4060 4061
f 4051 4061 4053
f 4053 4061 4062
f 3411 3236 3881
f 3881 3236 3880
f 3881 3880 4054
f 4054 3880 4063
f 4054 4063 4055
f 4055 4063 4064
f 4055 4064 4056
f 4056 4064 4065
f 4056 4065 4057
f 4057 4065 4066
f 4057 4066 4058
f 4058 4066 4067
f 4058 4067 4059
f 4059 4067 4068
f 4059 4068 4060
f 4060 4068 4069
f 4060 4069 4061
f 4061 4069 4070
f 4061 4070 4062
f 4062 4070 4071
f 4062 4071 4072
f 4072 4071 4073
f 3229 3227 3878
f 3878 3227 3877
f 3878 3877 4074
f 4074 3877 4075
f 4074 4075 4076
f 4076 4075 4077
f 4076 4077 4078
f 4078 4077 4079
f 4078 4079 4080
f 4080 4079 4081
f 4080 4081 4082
f 4082 4081 4083
f 4082 4083 4084
f 4084 4083 4085
f 4084 4085 4086
f 4086 4085 4087
f 4086 4087 4088
f 4088 4087 4089
f 4088 4089 4090
f 4090 4089 4091
f 3226 3224 3877
f 3877 3224 3876
f 3877 3876 4075
f 4075 3876 4092
f 4075 4092 4077
f 4077 4092 4093
f 4077 4093 4079
f 4079 4093 4094
f 4079 4094 4081
f 4081 4094 4095
f 4081 4095 4083
f 4083 4095 4096
f 4083 4096 4085
f 4085 4096 4097
f 4085 4097 4087
f 4087 4097 4098
f 4087 4098 4089
f 4089 4098 4099
f 4089 4099 4091
f 4091 4099 4100
f 3223 3221 3876
f 3876 3221 3875
f 3876 3875 4092
f 4092 3875 4101
f 4092 4101 4093
f 4093 4101 4102
f 4093 4102 4094
f 4094 4102 4103
f 4094 4103 4095
f 4095 4103 4104
f 4095 4104 4096
f 4096 4104 4105
f 4096 4105 4097
f 4097 4105 4106
f 4097 4106 4098
f 4098 4106 4107
f 4098 4107 4099
f 4099 4107 4108
f 4099 4108 4100
f 4100 4108 4109
f 4100 4109 4110
f 4110 4109 4111
f 3214 3212 3873
f 3873 3212 3872
f 3873 3872 4112
f 4112 3872 4113
f 4112 4113 4114
f 4114 4113 4115
f 4114 4115 4116
f 4116 4115 4117
f 4116 4117 4118
f 4118 4117 4119
f 4118 4119 4120
f 4120 4119 4121
f 4120 4121 4122
f 4122 4121 4123
f 4122 4123 4124
f 4124 4123 4125
f 4124 4125 4126
f 4126 4125 4127
f 4126 4127 4128
f 4128 4127 4129
f 3211 3209 3872
f 3872 3209 3871
f 3872 3871 4113
f 4113 3871 4130
f 4113 4130 4115
f 4115 4130 4131
f 4115 4131 4117
f 4117 4131 4132
f 4117 4132 4119
f 4119 4132 4133
f 4119 4133 4121
f 4121 4133 4134
f 4121 4134 4123
f 4123 4134 4135
f 4123 4135 4125
f 4125 4135 4136
f 4125 4136 4127
f 4127 4136 4137
f 4127 4137 4129
f 4129 4137 4138
f 3208 3206 3871
f 3871 3206 3870
f 3871 3870 4130
f 4130 3870 4139
f 4130 4139 4131
f 4131 4139 4140
f 4131 4140 4132
f 4132 4140 4141
f 4132 4141 4133
f 4133 4141 4142
f 4133 4142 4134
f 4134 4142 4143
f 4134 4143 4135
f 4135 4143 4144
f 4135 4144 4136
f 4136 4144 4145
f 4136 4145 4137
f 4137 4145 4146
f 4137 4146 4138
f 4138 4146 4147
f 4138 4147 4148
f 4148 4147 4149
f 3199 3197 3868
f 3868 3197 3867
f 3868 3867 4150
f 4150 3867 4151
f 4150 4151 4152
f 4152 4151 4153
f 4152 4153 4154
f 4154 4153 4155
f 4154 4155 4156
f 4156 4155 4157
f 4156 4157 4158
f 4158 4157 4159
f 4158 4159 4160
f 4160 4159 4161
f 4160 4161 4162
f 4162 4161 4163
f 4162 4163 4164
f 4164 4163 4165
f 4164 4165 4166
f 4166 4165 4167
f 3196 3194 3867
f 3867 3194 3866
f 3867 3866 4151
f 4151 3866 4168
f 4151 4168 4153
f 4153 4168 4169
f 4153 4169 4155
f 4155 4169 4170
f 4155 4170 4157
f 4157 4170 4171
f 4157 4171 4159
f 4159 4171 4172
f 4159 4172 4161
f 4161 4172 4173
f 4161 4173 4163
f 4163 4173 4174
f 4163 4174 4165
f 4165 4174 4175
f 4165 4175 4167
f 4167 4175 4176
f 3193 3191 3866
f 3866 3191 3865
f 3866 3865 4168
f 4168 3865 4177
f 4168 4177 4169
f 4169 4177 4178
f 4169 4178 4170
f 4170 4178 4179
f 4170 4179 4171
f 4171 4179 4180
f 4171 4180 4172
f 4172 4180 4181
f 4172 4181 4173
f 4173 4181 4182
f 4173 4182 4174
f 4174 4182 4183
f 4174 4183 4175
f 4175 4183 4184
f 4175 4184 4176
f 4176 4184 4185
f 4176 4185 4186
f 4186 4185 4187
f 3184 3531 3863
f 3863 3531 3862
f 3863 3862 4188
f 4188 3862 4189
f 4188 4189 4190
f 4190 4189 4191
f 4190 4191 4192
f 4192 4191 4193
f 4192 4193 4194
f 4194 4193 4195
f 4194 4195 4196
f 4196 4195 4197
f 4196 4197 4198
f 4198 4197 4199
f 4198 4199 4200
f 4200 4199 4201
f 4200 4201 4202
f 4202 4201 4203
f 4202 4203 4204
f 4204 4203 4205
f 3534 3533 3862
f 3862 3533 3861
f 3862 3861 4189
f 4189 3861 4206
f 4189 4206 4191
f 4191 4206 4207
f 4191 4207 4193
f 4193 4207 4208
f 4193 4208 4195
f 4195 4208 4209
f 4195 4209 4197
f 4197 4209 4210
f 4197 4210 4199
f 4199 4210 4211
f 4199 4211 4201
f 4201 4211 4212
f 4201 4212 4203
f 4203 4212 4213
f 4203 4213 4205
f 4205 4213 4214
f 3543 3542 3861
f 3861 3542 3860
f 3861 3860 4206
f 4206 3860 4215
f 4206 4215 4207
f 4207 4215 4216
f 4207 4216 4208
f 4208 4216 4217
f 4208 4217 4209
f 4209 4217 4218
f 4209 4218 4210
f 4210 4218 4219
f 4210 4219 4211
f 4211 4219 4220
f 4211 4220 4212
f 4212 4220 4221
f 4212 4221 4213
f 4213 4221 4222
f 4213 4222 4214
f 4214 4222 4223
f 4214 4223 4224
f 4224 4223 4225
f 3561 3560 3859
f 3859 3560 3858
f 3859 3858 4226
f 4226 3858 4227
f 4226 4227 4228
f 4228 4227 4229
f 4228 4229 4230
f 4230 4229 4231
f 4230 4231 4232
f 4232 4231 4233
f 4232 4233 4234
f 4234 4233 4235
f 4234 4235 4236
f 4236 4235 4237
f 4236 4237 4238
f 4238 4237 4239
f 4238 4239 4240
f 4240 4239 4241
f 4240 4241 4242
f 4242 4241 4243
f 3570 3569 3858
f 3858 3569 3857
f 3858 3857 4227
f 4227 3857 4244
f 4227 4244 4229
f 4229 4244 4245
f 4229 4245 4231
f 4231 4245 4246
f 4231 4246 4233
f 4233 4246 4247
f 4233 4247 4235
f 4235 4247 4248
f 4235 4248 4237
f 4237 4248 4249
f 4237 4249 4239
f 4239 4249 4250
f 4239 4250 4241
f 4241 4250 4251
f 4241 4251 4243
f 4243 4251 4252
f 4243 4252 4253
f 4253 4252 4254
f 3588 3587 3856
f 3856 3587 3855
f 3856 3855 4255
f 4255 3855 4256
f 4255 4256 4257
f 4257 4256 4258
f 4257 4258 4259
f 4259 4258 4260
f 4259 4260 4261
f 4261 4260 4262
f 4261 4262 4263
f 4263 4262 4264
f 4263 4264 4265
f 4265 4264 4266
f 4265 4266 4267
f 4267 4266 4268
f 4267 4268 4269
f 4269 4268 4270
f 4269 4270 4271
f 4271 4270 4272
f 3597 3596 3855
f 3855 3596 3854
f 3855 3854 4256
f 4256 3854 4273
f 4256 4273 4258
f 4258 4273 4274
f 4258 4274 4260
f 4260 4274 4275
f 4260 4275 4262
f 4262 4275 4276
f 4262 4276 4264
f 4264 4276 4277
f 4264 4277 4266
f 4266 4277 4278
f 4266 4278 4268
f 4268 4278 4279
f 4268 4279 4270
f 4270 4279 4280
f 4270 4280 4272
f 4272 4280 4281
f 3606 3605 3854
f 3854 3605 3853
f 3854 3853 4273
f 4273 3853 4282
f 4273 4282 4274
f 4274 4282 4283
f 4274 4283 4275
f 4275 4283 4284
f 4275 4284 4276
f 4276 4284 4285
f 4276 4285 4277
f 4277 4285 4286
f 4277 4286 4278
f 4278 4286 4287
f 4278 4287 4279
f 4279 4287 4288
f 4279 4288 4280
f 4280 4288 4289
f 4280 4289 4281
f 4281 4289 4290
f 3615 3614 3853
f 3853 3614 3852
f 3853 3852 4282
f 4282 3852 4291
f 4282 4291 4283
f 4283 4291 4292
f 4283 4292 4284
f 4284 4292 4293
f 4284 4293 4285
f 4285 4293 4294
f 4285 4294 4286
f 4286 4294 4295
f 4286 4295 4287
f 4287 4295 4296
f 4287 4296 4288
f 4288 4296 4297
f 4288 4297 4289
f 4289 4297 4298
f 4289 4298 4290
f 4290 4298 4299
f 4290 4299 4300
f 4300 4299 4301
f 3642 3641 3850
f 3850 3641 3849
f 3850 3849 4302
f 4302 3849 4303
f 4302 4303 4304
f 4304 4303 4305
f 4304 4305 4306
f 4306 4305 4307
f 4306 4307 4308
f 4308 4307 4309
f 4308 4309 4310
f 4310 4309 4311
f 4310 4311 4312
f 4312 4311 4313
f 4312 4313 4314
f 4314 4313 4315
f 4314 4315 4316
f 4316 4315 4317
f 4316 4317 4318
f 4318 4317 4319
f 3651 3650 3849
f 3849 3650 3848
f 3849 3848 4303
f 4303 3848 4320
f 4303 4320 4305
f 4305 4320 4321
f 4305 4321 4307
f 4307 4321 4322
f 4307 4322 4309
f 4309 4322 4323
f 4309 4323 4311
f 4311 4323 4324
f 4311 4324 4313
f 4313 4324 4325
f 4313 4325 4315
f 4315 4325 4326
f 4315 4326 4317
f 4317 4326 4327
f 4317 4327 4319
f 4319 4327 4328
f 3660 3659 3848
f 3848 3659 3847
f 3848 3847 4320
f 4320 3847 4329
f 4320 4329 4321
f 4321 4329 4330
f 4321 4330 4322
f 4322 4330 4331
f 4322 4331 4323
f 4323 4331 4332
f 4323 4332 4324
f 4324 4332 4333
f 4324 4333 4325
f 4325 4333 4334
f 4325 4334 4326
f 4326 4334 4335
f 4326 4335 4327
f 4327 4335 4336
f 4327 4336 4328
f 4328 4336 4337
f 4328 4337 4338
f 4338 4337 4339
f 3687 3686 3845
f 3845 3686 3844
f 3845 3844 4340
f 4340 3844 4341
f 4340 4341 4342
f 4342 4341 4343
f 4342 4343 4344
f 4344 4343 4345
f 4344 4345 4346
f 4346 4345 4347
f 4346 4347 4348
f 4348 4347 4349
f 4348 4349 4350
f 4350 4349 4351
f 4350 4351 4352
f 4352 4351 4353
f 4352 4353 4354
f 4354 4353 4355
f 4354 4355 4356
f 4356 4355 4357
f 3696 3695 3844
f 3844 3695 3843
f 3844 3843 4341
f 4341 3843 4358
f 4341 4358 4343
f 4343 4358 4359
f 4343 4359 4345
f 4345 4359 4360
f 4345 4360 4347
f 4347 4360 4361
f 4347 4361 4349
f 4349 4361 4362
f 4349 4362 4351
f 4351 4362 4363
f 4351 4363 4353
f 4353 4363 4364
f 4353 4364 4355
f 4355 4364 4365
f 4355 4365 4357
f 4357 4365 4366
f 3705 3704 3843
f 3843 3704 3842
f 3843 3842 4358
f 4358 3842 4367
f 4358 4367 4359
f 4359 4367 4368
f 4359 4368 4360
f 4360 4368 4369
f 4360 4369 4361
f 4361 4369 4370
f 4361 4370 4362
f 4362 4370 4371
f 4362 4371 4363
f 4363 4371 4372
f 4363 4372 4364
f 4364 4372 4373
f 4364 4373 4365
f 4365 4373 4374
f 4365 4374 4366
f 4366 4374 4375
f 4366 4375 4376
f 4376 4375 4377
f 3723 3722 3841
f 3841 3722 3840
f 3841 3840 4378
f 4378 3840 3893
f 4378 3893 4379
f 4379 3893 3895
f 4379 3895 4380
f 4380 3895 3897
f 4380 3897 4381
f 4381 3897 3899
f 4381 3899 4382
f 4382 3899 3901
f 4382 3901 4383
f 4383 3901 3903
f 4383 3903 4384
f 4384 3903 3905
f 4384 3905 4385
f 4385 3905 3907
f 4385 3907 3831
f 3831 3907 3909
f 3831 3909 3829
f 3929 4386 3919
f 3919 4386 4387
f 3919 4387 3910
f 3910 4387 4388
f 3910 4388 3909
f 3909 4388 4389
f 3909 4389 3829
f 3827 3930 3828
f 3828 3930 3928
f 3828 3928 4390
f 4390 3928 3927
f 4390 3927 4391
f 4391 3927 3926
f 4391 3926 4392
f 4392 3926 3925
f 4392 3925 4393
f 4393 3925 3924
f 4393 3924 4394
f 4394 3924 3923
f 4394 3923 4395
f 4395 3923 3922
f 4395 3922 4396
f 4396 3922 3921
f 4396 3921 4397
f 4397 3921 3920
f 4397 3920 3836
f 3836 3920 3837
f 3836 3837 3758
f 3758 3837 3759
f 3768 3767 3836
f 3836 3767 3835
f 3836 3835 4397
f 4397 3835 3931
f 4397 3931 4396
f 4396 3931 3933
f 4396 3933 4395
f 4395 3933 3935
f 4395 3935 4394
f 4394 3935 3937
f 4394 3937 4393
f 4393 3937 3939
f 4393 3939 4392
f 4392 3939 3941
f 4392 3941 4391
f 4391 3941 3943
f 4391 3943 4390
f 4390 3943 3945
f 4390 3945 3828
f 3828 3945 3947
f 3828 3947 3826
f 3967 4398 3957
f 3957 4398 4399
f 3957 4399 3948
f 3948 4399 4400
f 3948 4400 3947
f 3947 4400 4401
f 3947 4401 3826
f 3824 3968 3825
f 3825 3968 3966
f 3825 3966 4402
f 4402 3966 3965
f 4402 3965 4403
f 4403 3965 3964
f 4403 3964 4404
f 4404 3964 3963
f 4404 3963 4405
f 4405 3963 3962
f 4405 3962 4406
f 4406 3962 3961
f 4406 3961 4407
f 4407 3961 3960
f 4407 3960 4408
f 4408 3960 3959
f 4408 3959 4409
f 4409 3959 3958
f 4409 3958 3892
f 3892 3958 3832
f 3892 3832 3263
f 3263 3832 3371
f 3262 3260 3892
f 3892 3260 3891
f 3892 3891 4409
f 4409 3891 3969
f 4409 3969 4408
f 4408 3969 3971
f 4408 3971 4407
f 4407 3971 3973
f 4407 3973 4406
f 4406 3973 3975
f 4406 3975 4405
f 4405 3975 3977
f 4405 3977 4404
f 4404 3977 3979
f 4404 3979 4403
f 4403 3979 3981
f 4403 3981 4402
f 4402 3981 3983
f 4402 3983 3825
f 3825 3983 3985
f 3825 3985 3823
f 4005 4410 3995
f 3995 4410 4411
f 3995 4411 3986
f 3986 4411 4412
f 3986 4412 3985
f 3985 4412 4413
f 3985 4413 3823
f 3250 3248 3888
f 3888 3248 3887
f 3888 3887 3996
f 3996 3887 4007
f 3996 4007 3997
f 3997 4007 4009
f 3997 4009 3998
f 3998 4009 4011
f 3998 4011 3999
f 3999 4011 4013
f 3999 4013 4000
f 4000 4013 4015
f 4000 4015 4001
f 4001 4015 4017
f 4001 4017 4002
f 4002 4017 4019
f 4002 4019 4003
f 4003 4019 4021
f 4003 4021 4004
f 4004 4021 4023
f 4004 4023 4006
f 4034 4414 4024
f 4024 4414 4415
f 4024 4415 4023
f 4023 4415 4416
f 4023 4416 4006
f 3821 4035 3822
f 3822 4035 4033
f 3822 4033 4417
f 4417 4033 4032
f 4417 4032 4418
f 4418 4032 4031
f 4418 4031 4419
f 4419 4031 4030
f 4419 4030 4420
f 4420 4030 4029
f 4420 4029 4421
f 4421 4029 4028
f 4421 4028 4422
f 4422 4028 4027
f 4422 4027 4423
f 4423 4027 4026
f 4423 4026 4424
f 4424 4026 4025
f 4424 4025 3884
f 3884 4025 3885
f 3884 3885 3239
f 3239 3885 3241
f 3238 3410 3884
f 3884 3410 3883
f 3884 3883 4424
f 4424 3883 4036
f 4424 4036 4423
f 4423 4036 4038
f 4423 4038 4422
f 4422 4038 4040
f 4422 4040 4421
f 4421 4040 4042
f 4421 4042 4420
f 4420 4042 4044
f 4420 4044 4419
f 4419 4044 4046
f 4419 4046 4418
f 4418 4046 4048
f 4418 4048 4417
f 4417 4048 4050
f 4417 4050 3822
f 3822 4050 4052
f 3822 4052 3820
f 4072 4425 4062
f 4062 4425 4426
f 4062 4426 4053
f 4053 4426 4427
f 4053 4427 4052
f 4052 4427 4428
f 4052 4428 3820
f 3818 4073 3819
f 3819 4073 4071
f 3819 4071 4429
f 4429 4071 4070
f 4429 4070 4430
f 4430 4070 4069
f 4430 4069 4431
f 4431 4069 4068
f 4431 4068 4432
f 4432 4068 4067
f 4432 4067 4433
f 4433 4067 4066
f 4433 4066 4434
f 4434 4066 4065
f 4434 4065 4435
f 4435 4065 4064
f 4435 4064 4436
f 4436 4064 4063
f 4436 4063 3879
f 3879 4063 3880
f 3879 3880 3233
f 3233 3880 3235
f 3232 3230 3879
f 3879 3230 3878
f 3879 3878 4436
f 4436 3878 4074
f 4436 4074 4435
f 4435 4074 4076
f 4435 4076 4434
f 4434 4076 4078
f 4434 4078 4433
f 4433 4078 4080
f 4433 4080 4432
f 4432 4080 4082
f 4432 4082 4431
f 4431 4082 4084
f 4431 4084 4430
f 4430 4084 4086
f 4430 4086 4429
f 4429 4086 4088
f 4429 4088 3819
f 3819 4088 4090
f 3819 4090 3817
f 4110 4437 4100
f 4100 4437 4438
f 4100 4438 4091
f 4091 4438 4439
f 4091 4439 4090
f 4090 4439 4440
f 4090 4440 3817
f 3815 4111 3816
f 3816 4111 4109
f 3816 4109 4441
f 4441 4109 4108
f 4441 4108 4442
f 4442 4108 4107
f 4442 4107 4443
f 4443 4107 4106
f 4443 4106 4444
f 4444 4106 4105
f 4444 4105 4445
f 4445 4105 4104
f 4445 4104 4446
f 4446 4104 4103
f 4446 4103 4447
f 4447 4103 4102
f 4447 4102 4448
f 4448 4102 4101
f 4448 4101 3874
f 3874 4101 3875
f 3874 3875 3218
f 3218 3875 3220
f 3217 3215 3874
f 3874 3215 3873
f 3874 3873 4448
f 4448 3873 4112
f 4448 4112 4447
f 4447 4112 4114
f 4447 4114 4446
f 4446 4114 4116
f 4446 4116 4445
f 4445 4116 4118
f 4445 4118 4444
f 4444 4118 4120
f 4444 4120 4443
f 4443 4120 4122
f 4443 4122 4442
f 4442 4122 4124
f 4442 4124 4441
f 4441 4124 4126
f 4441 4126 3816
f 3816 4126 4128
f 3816 4128 3814
f 4148 4449 4138
f 4138 4449 4450
f 4138 4450 4129
f 4129 4450 4451
f 4129 4451 4128
f 4128 4451 4452
f 4128 4452 3814
f 3812 4149 3813
f 3813 4149 4147
f 3813 4147 4453
f 4453 4147 4146
f 4453 4146 4454
f 4454 4146 4145
f 4454 4145 4455
f 4455 4145 4144
f 4455 4144 4456
f 4456 4144 4143
f 4456 4143 4457
f 4457 4143 4142
f 4457 4142 4458
f 4458 4142 4141
f 4458 4141 4459
f 4459 4141 4140
f 4459 4140 4460
f 4460 4140 4139
f 4460 4139 3869
f 3869 4139 3870
f 3869 3870 3203
f 3203 3870 3205
f 3202 3200 3869
f 3869 3200 3868
f 3869 3868 4460
f 4460 3868 4150
f 4460 4150 4459
f 4459 4150 4152
f 4459 4152 4458
f 4458 4152 4154
f 4458 4154 4457
f 4457 4154 4156
f 4457 4156 4456
f 4456 4156 4158
f 4456 4158 4455
f 4455 4158 4160
f 4455 4160 4454
f 4454 4160 4162
f 4454 4162 4453
f 4453 4162 4164
f 4453 4164 3813
f 3813 4164 4166
f 3813 4166 3811
f 4186 4461 4176
f 4176 4461 4462
f 4176 4462 4167
f 4167 4462 4463
f 4167 4463 4166
f 4166 4463 4464
f 4166 4464 3811
f 3809 4187 3810
f 3810 4187 4185
f 3810 4185 4465
f 4465 4185 4184
f 4465 4184 4466
f 4466 4184 4183
f 4466 4183 4467
f 4467 4183 4182
f 4467 4182 4468
f 4468 4182 4181
f 4468 4181 4469
f 4469 4181 4180
f 4469 4180 4470
f 4470 4180 4179
f 4470 4179 4471
f 4471 4179 4178
f 4471 4178 4472
f 4472 4178 4177
f 4472 4177 3864
f 3864 4177 3865
f 3864 3865 3188
f 3188 3865 3190
f 3187 3185 3864
f 3864 3185 3863
f 3864 3863 4472
f 4472 3863 4188
f 4472 4188 4471
f 4471 4188 4190
f 4471 4190 4470
f 4470 4190 4192
f 4470 4192 4469
f 4469 4192 4194
f 4469 4194 4468
f 4468 4194 4196
f 4468 4196 4467
f 4467 4196 4198
f 4467 4198 4466
f 4466 4198 4200
f 4466 4200 4465
f 4465 4200 4202
f 4465 4202 3810
f 3810 4202 4204
f 3810 4204 3808
f 4224 4473 4214
f 4214 4473 4474
f 4214 4474 4205
f 4205 4474 4475
f 4205 4475 4204
f 4204 4475 4476
f 4204 4476 3808
f 3552 3551 3860
f 3860 3551 3859
f 3860 3859 4215
f 4215 3859 4226
f 4215 4226 4216
f 4216 4226 4228
f 4216 4228 4217
f 4217 4228 4230
f 4217 4230 4218
f 4218 4230 4232
f 4218 4232 4219
f 4219 4232 4234
f 4219 4234 4220
f 4220 4234 4236
f 4220 4236 4221
f 4221 4236 4238
f 4221 4238 4222
f 4222 4238 4240
f 4222 4240 4223
f 4223 4240 4242
f 4223 4242 4225
f 4253 4477 4243
f 4243 4477 4478
f 4243 4478 4242
f 4242 4478 4479
f 4242 4479 4225
f 4480 4254 4271
f 4271 4254 4252
f 4271 4252 4269
f 4269 4252 4251
f 4269 4251 4267
f 4267 4251 4250
f 4267 4250 4265
f 4265 4250 4249
f 4265 4249 4263
f 4263 4249 4248
f 4263 4248 4261
f 4261 4248 4247
f 4261 4247 4259
f 4259 4247 4246
f 4259 4246 4257
f 4257 4246 4245
f 4257 4245 4255
f 4255 4245 4244
f 4255 4244 3856
f 3856 4244 3857
f 3856 3857 3578
f 3578 3857 3579
f 4300 4481 4290
f 4290 4481 4482
f 4290 4482 4281
f 4281 4482 4483
f 4281 4483 4272
f 4272 4483 4484
f 4272 4484 4271
f 4271 4484 4485
f 4271 4485 4480
f 3806 4301 3807
f 3807 4301 4299
f 3807 4299 4486
f 4486 4299 4298
f 4486 4298 4487
f 4487 4298 4297
f 4487 4297 4488
f 4488 4297 4296
f 4488 4296 4489
f 4489 4296 4295
f 4489 4295 4490
f 4490 4295 4294
f 4490 4294 4491
f 4491 4294 4293
f 4491 4293 4492
f 4492 4293 4292
f 4492 4292 4493
f 4493 4292 4291
f 4493 4291 3851
f 3851 4291 3852
f 3851 3852 3623
f 3623 3852 3624
f 3633 3632 3851
f 3851 3632 3850
f 3851 3850 4493
f 4493 3850 4302
f 4493 4302 4492
f 4492 4302 4304
f 4492 4304 4491
f 4491 4304 4306
f 4491 4306 4490
f 4490 4306 4308
f 4490 4308 4489
f 4489 4308 4310
f 4489 4310 4488
f 4488 4310 4312
f 4488 4312 4487
f 4487 4312 4314
f 4487 4314 4486
f 4486 4314 4316
f 4486 4316 3807
f 3807 4316 4318
f 3807 4318 3805
f 4338 4494 4328
f 4328 4494 4495
f 4328 4495 4319
f 4319 4495 4496
f 4319 4496 4318
f 4318 4496 4497
f 4318 4497 3805
f 3803 4339 3804
f 3804 4339 4337
f 3804 4337 4498
f 4498 4337 4336
f 4498 4336 4499
f 4499 4336 4335
f 4499 4335 4500
f 4500 4335 4334
f 4500 4334 4501
f 4501 4334 4333
f 4501 4333 4502
f 4502 4333 4332
f 4502 4332 4503
f 4503 4332 4331
f 4503 4331 4504
f 4504 4331 4330
f 4504 4330 4505
f 4505 4330 4329
f 4505 4329 3846
f 3846 4329 3847
f 3846 3847 3668
f 3668 3847 3669
f 3678 3677 3846
f 3846 3677 3845
f 3846 3845 4505
f 4505 3845 4340
f 4505 4340 4504
f 4504 4340 4342
f 4504 4342 4503
f 4503 4342 4344
f 4503 4344 4502
f 4502 4344 4346
f 4502 4346 4501
f 4501 4346 4348
f 4501 4348 4500
f 4500 4348 4350
f 4500 4350 4499
f 4499 4350 4352
f 4499 4352 4498
f 4498 4352 4354
f 4498 4354 3804
f 3804 4354 4356
f 3804 4356 3802
f 4376 4506 4366
f 4366 4506 4507
f 4366 4507 4357
f 4357 4507 4508
f 4357 4508 4356
f 4356 4508 4509
f 4356 4509 3802
f 3830 4377 3831
f 3831 4377 4375
f 3831 4375 4385
f 4385 4375 4374
f 4385 4374 4384
f 4384 4374 4373
f 4384 4373 4383
f 4383 4373 4372
f 4383 4372 4382
f 4382 4372 4371
f 4382 4371 4381
f 4381 4371 4370
f 4381 4370 4380
f 4380 4370 4369
f 4380 4369 4379
f 4379 4369 4368
f 4379 4368 4378
f 4378 4368 4367
f 4378 4367 3841
f 3841 4367 3842
f 3841 3842 3713
f 3713 3842 3714
f 4510 4073 4511
f 4511 4073 3818
f 4511 3818 4512
f 4512 3818 3817
f 4512 3817 4513
f 4513 3817 4440
f 4513 4440 4514
f 4514 4440 4439
f 4514 4439 4515
f 4515 4439 4438
f 4515 4438 4516
f 4516 4438 4437
f 4516 4437 4517
f 4518 4035 4519
f 4519 4035 3821
f 4519 3821 4520
f 4520 3821 3820
f 4520 3820 4521
f 4521 3820 4428
f 4521 4428 4522
f 4522 4428 4427
f 4522 4427 4523
f 4523 4427 4426
f 4523 4426 4524
f 4524 4426 4425
f 4524 4425 4510
f 4510 4425 4072
f 4510 4072 4073
f 4525 4411 4526
f 4526 4411 4410
f 4526 4410 4527
f 4527 4410 4005
f 4527 4005 4528
f 4528 4005 4006
f 4528 4006 4529
f 4529 4006 4416
f 4529 4416 4530
f 4530 4416 4415
f 4530 4415 4531
f 4531 4415 4414
f 4531 4414 4518
f 4518 4414 4034
f 4518 4034 4035
f 4532 4399 4533
f 4533 4399 4398
f 4533 4398 4534
f 4534 4398 3967
f 4534 3967 4535
f 4535 3967 3968
f 4535 3968 4536
f 4536 3968 3824
f 4536 3824 4537
f 4537 3824 3823
f 4537 3823 4538
f 4538 3823 4413
f 4538 4413 4525
f 4525 4413 4412
f 4525 4412 4411
f 4539 4389 4540
f 4540 4389 4388
f 4540 4388 4541
f 4541 4388 4387
f 4541 4387 4542
f 4542 4387 4386
f 4542 4386 4543
f 4543 4386 3929
f 4543 3929 4544
f 4544 3929 3930
f 4544 3930 4545
f 4545 3930 3827
f 4545 3827 4546
f 4546 3827 3826
f 4546 3826 4547
f 4547 3826 4401
f 4547 4401 4532
f 4532 4401 4400
f 4532 4400 4399
f 4508 4507 4548
f 4548 4507 4506
f 4548 4506 4549
f 4549 4506 4376
f 4549 4376 4550
f 4550 4376 4377
f 4550 4377 4551
f 4551 4377 3830
f 4551 3830 4539
f 4539 3830 3829
f 4539 3829 4389
f 4548 4552 4508
f 4508 4552 4553
f 4508 4553 4509
f 4509 4553 4554
f 4509 4554 3802
f 3802 4554 3803
f 3803 4554 4555
f 3803 4555 4339
f 4339 4555 4556
f 4339 4556 4338
f 4338 4556 4557
f 4338 4557 4494
f 4494 4557 4558
f 4494 4558 4495
f 4559 4497 4560
f 4560 4497 4496
f 4495 4558 4496
f 4496 4558 4561
f 4496 4561 4560
f 4562 4481 4563
f 4563 4481 4300
f 4563 4300 4564
f 4564 4300 4301
f 4564 4301 4565
f 4565 4301 3806
f 4565 3806 4559
f 4559 3806 3805
f 4559 3805 4497
f 4484 4483 4562
f 4562 4483 4482
f 4562 4482 4481
f 4562 4566 4484
f 4484 4566 4567
f 4484 4567 4485
f 4485 4567 4568
f 4485 4568 4480
f 4480 4568 4569
f 4480 4569 4254
f 4254 4569 4570
f 4254 4570 4253
f 4253 4570 4571
f 4253 4571 4477
f 4477 4571 4572
f 4477 4572 4478
f 4573 4225 4574
f 4574 4225 4479
f 4478 4572 4479
f 4479 4572 4575
f 4479 4575 4574
f 3809 3808 4576
f 4576 3808 4476
f 4576 4476 4577
f 4577 4476 4475
f 4577 4475 4578
f 4578 4475 4474
f 4578 4474 4579
f 4579 4474 4473
f 4579 4473 4573
f 4573 4473 4224
f 4573 4224 4225
f 4576 4580 3809
f 3809 4580 4581
f 3809 4581 4187
f 4187 4581 4582
f 4187 4582 4186
f 4186 4582 4461
f 4461 4582 4583
f 4461 4583 4462
f 4462 4583 4584
f 4462 4584 4463
f 4463 4584 4585
f 4463 4585 4464
f 4464 4585 4586
f 4464 4586 3811
f 4587 4149 4588
f 4588 4149 3812
f 3811 4586 3812
f 3812 4586 4589
f 3812 4589 4588
f 4437 4110 4517
f 4517 4110 4111
f 4517 4111 4590
f 4590 4111 3815
f 4590 3815 4591
f 4591 3815 3814
f 4591 3814 4592
f 4592 3814 4452
f 4592 4452 4593
f 4593 4452 4451
f 4593 4451 4594
f 4594 4451 4450
f 4594 4450 4595
f 4595 4450 4449
f 4595 4449 4587
f 4587 4449 4148
f 4587 4148 4149
f 4596 4597 4598
f 4599 4600 4601
f 4602 4603 4604
f 4605 4606 4607
f 4608 4609 4610
f 4611 4612 4613
f 4614 4615 4616
f 4617 4618 4619
f 4620 4621 4622
f 4623 4624 4625
f 4626 4627 4628
f 4629 4630 4631
f 4632 4633 4634
f 4635 4636 4637
f 4638 4639 4640
f 4641 4642 4643
f 4644 4645 4646
f 4647 4648 4649
f 4556 4555 4647
f 4558 4557 4650
f 4560 4561 4651
f 4562 4563 4652
f 4567 4566 4653
f 4568 4567 4654
f 4570 4569 4655
f 4573 4574 4656
f 4578 4579 4657
f 4582 4581 4658
f 4587 4588 4659
f 4511 4512 4660
f 4523 4524 4661
f 4519 4520 4662
f 4528 4529 4663
f 4525 4526 4664
f 4535 4536 4665
f 4532 4533 4666
f 4544 4545 4667
f 4541 4542 4668
f 4551 4539 4669
f 4669 4539 4540
f 4669 4540 4541
f 4542 4543 4670
f 4670 4543 4544
f 4545 4546 4671
f 4671 4546 4547
f 4671 4547 4532
f 4533 4534 4672
f 4672 4534 4535
f 4536 4537 4673
f 4673 4537 4538
f 4673 4538 4525
f 4526 4527 4674
f 4674 4527 4528
f 4529 4530 4675
f 4675 4530 4531
f 4675 4531 4518
f 4523 4661 4522
f 4513 4514 4676
f 4676 4514 4677
f 4676 4677 4678
f 4514 4515 4677
f 4677 4515 4516
f 4677 4516 4517
f 4679 4591 4592
f 4680 4593 4594
f 4594 4595 4681
f 4681 4595 4587
f 4588 4589 4682
f 4682 4589 4586
f 4586 4585 4683
f 4683 4585 4584
f 4584 4583 4684
f 4684 4583 4582
f 4581 4580 4685
f 4685 4580 4576
f 4576 4577 4686
f 4686 4577 4578
f 4573 4656 4579
f 4574 4575 4687
f 4687 4575 4572
f 4572 4571 4688
f 4688 4571 4570
f 4568 4654 4569
f 4565 4559 4689
f 4647 4555 4648
f 4648 4555 4554
f 4648 4554 4553
f 4690 4552 4548
f 4691 4549 4550
f 4692 4678 4693
f 4693 4678 4677
f 4693 4677 4694
f 4694 4677 4517
f 4694 4517 4590
f 4695 4649 4696
f 4696 4649 4648
f 4696 4648 4690
f 4690 4648 4553
f 4690 4553 4552
f 4697 4692 4698
f 4698 4692 4693
f 4698 4693 4699
f 4699 4693 4694
f 4699 4694 4679
f 4679 4694 4590
f 4679 4590 4591
f 4700 4695 4701
f 4701 4695 4696
f 4701 4696 4702
f 4702 4696 4690
f 4702 4690 4691
f 4691 4690 4548
f 4691 4548 4549
f 4622 4697 4703
f 4703 4697 4698
f 4703 4698 4704
f 4704 4698 4699
f 4704 4699 4705
f 4705 4699 4679
f 4705 4679 4680
f 4680 4679 4592
f 4680 4592 4593
f 4706 4700 4707
f 4707 4700 4701
f 4707 4701 4708
f 4708 4701 4702
f 4708 4702 4709
f 4709 4702 4691
f 4709 4691 4710
f 4710 4691 4550
f 4710 4550 4551
f 4711 4712 4713
f 4714 4715 4716
f 4717 4718 4719
f 4551 4669 4710
f 4710 4669 4720
f 4710 4720 4709
f 4709 4720 4721
f 4709 4721 4708
f 4708 4721 4722
f 4708 4722 4707
f 4707 4722 4717
f 4707 4717 4706
f 4706 4717 4719
f 4706 4719 4723
f 4724 4725 4726
f 4541 4668 4669
f 4669 4668 4727
f 4669 4727 4720
f 4720 4727 4728
f 4720 4728 4721
f 4721 4728 4729
f 4721 4729 4722
f 4722 4729 4724
f 4722 4724 4717
f 4717 4724 4726
f 4717 4726 4718
f 4730 4731 4732
f 4542 4670 4668
f 4668 4670 4733
f 4668 4733 4727
f 4727 4733 4734
f 4727 4734 4728
f 4728 4734 4735
f 4728 4735 4729
f 4729 4735 4730
f 4729 4730 4724
f 4724 4730 4732
f 4724 4732 4725
f 4736 4737 4738
f 4544 4667 4670
f 4670 4667 4739
f 4670 4739 4733
f 4733 4739 4740
f 4733 4740 4734
f 4734 4740 4741
f 4734 4741 4735
f 4735 4741 4736
f 4735 4736 4730
f 4730 4736 4738
f 4730 4738 4731
f 4742 4743 4744
f 4545 4671 4667
f 4667 4671 4745
f 4667 4745 4739
f 4739 4745 4746
f 4739 4746 4740
f 4740 4746 4747
f 4740 4747 4741
f 4741 4747 4742
f 4741 4742 4736
f 4736 4742 4744
f 4736 4744 4737
f 4748 4749 4750
f 4532 4666 4671
f 4671 4666 4751
f 4671 4751 4745
f 4745 4751 4752
f 4745 4752 4746
f 4746 4752 4753
f 4746 4753 4747
f 4747 4753 4748
f 4747 4748 4742
f 4742 4748 4750
f 4742 4750 4743
f 4754 4755 4756
f 4533 4672 4666
f 4666 4672 4757
f 4666 4757 4751
f 4751 4757 4758
f 4751 4758 4752
f 4752 4758 4759
f 4752 4759 4753
f 4753 4759 4754
f 4753 4754 4748
f 4748 4754 4756
f 4748 4756 4749
f 4760 4761 4762
f 4535 4665 4672
f 4672 4665 4763
f 4672 4763 4757
f 4757 4763 4764
f 4757 4764 4758
f 4758 4764 4765
f 4758 4765 4759
f 4759 4765 4760
f 4759 4760 4754
f 4754 4760 4762
f 4754 4762 4755
f 4766 4767 4768
f 4536 4673 4665
f 4665 4673 4769
f 4665 4769 4763
f 4763 4769 4770
f 4763 4770 4764
f 4764 4770 4771
f 4764 4771 4765
f 4765 4771 4766
f 4765 4766 4760
f 4760 4766 4768
f 4760 4768 4761
f 4772 4773 4774
f 4525 4664 4673
f 4673 4664 4775
f 4673 4775 4769
f 4769 4775 4776
f 4769 4776 4770
f 4770 4776 4777
f 4770 4777 4771
f 4771 4777 4772
f 4771 4772 4766
f 4766 4772 4774
f 4766 4774 4767
f 4778 4779 4780
f 4526 4674 4664
f 4664 4674 4781
f 4664 4781 4775
f 4775 4781 4782
f 4775 4782 4776
f 4776 4782 4783
f 4776 4783 4777
f 4777 4783 4778
f 4777 4778 4772
f 4772 4778 4780
f 4772 4780 4773
f 4784 4785 4786
f 4786 4785 4787
f 4528 4663 4674
f 4674 4663 4788
f 4674 4788 4781
f 4781 4788 4789
f 4781 4789 4782
f 4782 4789 4790
f 4782 4790 4783
f 4783 4790 4786
f 4783 4786 4778
f 4778 4786 4787
f 4778 4787 4779
f 4529 4675 4663
f 4663 4675 4791
f 4663 4791 4788
f 4788 4791 4792
f 4788 4792 4789
f 4789 4792 4793
f 4789 4793 4790
f 4790 4793 4646
f 4790 4646 4786
f 4786 4646 4645
f 4786 4645 4784
f 4518 4794 4675
f 4675 4794 4795
f 4675 4795 4791
f 4791 4795 4796
f 4791 4796 4792
f 4792 4796 4797
f 4792 4797 4793
f 4793 4797 4643
f 4793 4643 4646
f 4646 4643 4642
f 4646 4642 4644
f 4794 4798 4795
f 4795 4798 4799
f 4795 4799 4796
f 4796 4799 4800
f 4796 4800 4797
f 4797 4800 4640
f 4797 4640 4643
f 4643 4640 4639
f 4643 4639 4641
f 4798 4801 4799
f 4799 4801 4802
f 4799 4802 4800
f 4800 4802 4637
f 4800 4637 4640
f 4640 4637 4636
f 4640 4636 4638
f 4801 4713 4802
f 4802 4713 4712
f 4802 4712 4637
f 4637 4712 4803
f 4637 4803 4635
f 4804 4805 4806
f 4806 4805 4711
f 4806 4711 4807
f 4807 4711 4713
f 4807 4713 4808
f 4808 4713 4801
f 4808 4801 4809
f 4809 4801 4798
f 4809 4798 4662
f 4662 4798 4794
f 4662 4794 4519
f 4519 4794 4518
f 4805 4810 4711
f 4711 4810 4811
f 4711 4811 4712
f 4712 4811 4812
f 4712 4812 4803
f 4633 4804 4634
f 4634 4804 4806
f 4634 4806 4813
f 4813 4806 4807
f 4813 4807 4814
f 4814 4807 4808
f 4814 4808 4815
f 4815 4808 4809
f 4815 4809 4816
f 4816 4809 4662
f 4816 4662 4521
f 4521 4662 4520
f 4630 4632 4631
f 4631 4632 4634
f 4631 4634 4817
f 4817 4634 4813
f 4817 4813 4818
f 4818 4813 4814
f 4818 4814 4819
f 4819 4814 4815
f 4819 4815 4661
f 4661 4815 4816
f 4661 4816 4522
f 4522 4816 4521
f 4627 4629 4628
f 4628 4629 4631
f 4628 4631 4820
f 4820 4631 4817
f 4820 4817 4821
f 4821 4817 4818
f 4821 4818 4822
f 4822 4818 4819
f 4822 4819 4823
f 4823 4819 4661
f 4823 4661 4510
f 4510 4661 4524
f 4624 4626 4625
f 4625 4626 4628
f 4625 4628 4824
f 4824 4628 4820
f 4824 4820 4825
f 4825 4820 4821
f 4825 4821 4826
f 4826 4821 4822
f 4826 4822 4660
f 4660 4822 4823
f 4660 4823 4511
f 4511 4823 4510
f 4621 4623 4622
f 4622 4623 4625
f 4622 4625 4697
f 4697 4625 4824
f 4697 4824 4692
f 4692 4824 4825
f 4692 4825 4678
f 4678 4825 4826
f 4678 4826 4676
f 4676 4826 4660
f 4676 4660 4513
f 4513 4660 4512
f 4827 4828 4829
f 4594 4681 4680
f 4680 4681 4830
f 4680 4830 4705
f 4705 4830 4831
f 4705 4831 4704
f 4704 4831 4832
f 4704 4832 4703
f 4703 4832 4827
f 4703 4827 4622
f 4622 4827 4829
f 4622 4829 4620
f 4833 4834 4835
f 4587 4659 4681
f 4681 4659 4836
f 4681 4836 4830
f 4830 4836 4837
f 4830 4837 4831
f 4831 4837 4838
f 4831 4838 4832
f 4832 4838 4833
f 4832 4833 4827
f 4827 4833 4835
f 4827 4835 4828
f 4839 4840 4841
f 4588 4682 4659
f 4659 4682 4842
f 4659 4842 4836
f 4836 4842 4843
f 4836 4843 4837
f 4837 4843 4844
f 4837 4844 4838
f 4838 4844 4839
f 4838 4839 4833
f 4833 4839 4841
f 4833 4841 4834
f 4845 4846 4847
f 4586 4683 4682
f 4682 4683 4848
f 4682 4848 4842
f 4842 4848 4849
f 4842 4849 4843
f 4843 4849 4850
f 4843 4850 4844
f 4844 4850 4845
f 4844 4845 4839
f 4839 4845 4847
f 4839 4847 4840
f 4851 4852 4853
f 4584 4684 4683
f 4683 4684 4854
f 4683 4854 4848
f 4848 4854 4855
f 4848 4855 4849
f 4849 4855 4856
f 4849 4856 4850
f 4850 4856 4851
f 4850 4851 4845
f 4845 4851 4853
f 4845 4853 4846
f 4857 4858 4859
f 4582 4658 4684
f 4684 4658 4860
f 4684 4860 4854
f 4854 4860 4861
f 4854 4861 4855
f 4855 4861 4862
f 4855 4862 4856
f 4856 4862 4857
f 4856 4857 4851
f 4851 4857 4859
f 4851 4859 4852
f 4863 4864 4865
f 4581 4685 4658
f 4658 4685 4866
f 4658 4866 4860
f 4860 4866 4867
f 4860 4867 4861
f 4861 4867 4868
f 4861 4868 4862
f 4862 4868 4863
f 4862 4863 4857
f 4857 4863 4865
f 4857 4865 4858
f 4869 4870 4871
f 4576 4686 4685
f 4685 4686 4872
f 4685 4872 4866
f 4866 4872 4873
f 4866 4873 4867
f 4867 4873 4874
f 4867 4874 4868
f 4868 4874 4869
f 4868 4869 4863
f 4863 4869 4871
f 4863 4871 4864
f 4875 4876 4877
f 4578 4657 4686
f 4686 4657 4878
f 4686 4878 4872
f 4872 4878 4879
f 4872 4879 4873
f 4873 4879 4880
f 4873 4880 4874
f 4874 4880 4875
f 4874 4875 4869
f 4869 4875 4877
f 4869 4877 4870
f 4881 4882 4883
f 4579 4656 4657
f 4657 4656 4884
f 4657 4884 4878
f 4878 4884 4885
f 4878 4885 4879
f 4879 4885 4886
f 4879 4886 4880
f 4880 4886 4881
f 4880 4881 4875
f 4875 4881 4883
f 4875 4883 4876
f 4887 4888 4889
f 4574 4687 4656
f 4656 4687 4890
f 4656 4890 4884
f 4884 4890 4891
f 4884 4891 4885
f 4885 4891 4892
f 4885 4892 4886
f 4886 4892 4887
f 4886 4887 4881
f 4881 4887 4889
f 4881 4889 4882
f 4893 4894 4895
f 4572 4688 4687
f 4687 4688 4896
f 4687 4896 4890
f 4890 4896 4897
f 4890 4897 4891
f 4891 4897 4898
f 4891 4898 4892
f 4892 4898 4893
f 4892 4893 4887
f 4887 4893 4895
f 4887 4895 4888
f 4899 4900 4901
f 4901 4900 4902
f 4570 4655 4688
f 4688 4655 4903
f 4688 4903 4896
f 4896 4903 4904
f 4896 4904 4897
f 4897 4904 4905
f 4897 4905 4898
f 4898 4905 4901
f 4898 4901 4893
f 4893 4901 4902
f 4893 4902 4894
f 4569 4654 4655
f 4655 4654 4906
f 4655 4906 4903
f 4903 4906 4907
f 4903 4907 4904
f 4904 4907 4908
f 4904 4908 4905
f 4905 4908 4619
f 4905 4619 4901
f 4901 4619 4618
f 4901 4618 4899
f 4567 4653 4654
f 4654 4653 4909
f 4654 4909 4906
f 4906 4909 4910
f 4906 4910 4907
f 4907 4910 4911
f 4907 4911 4908
f 4908 4911 4616
f 4908 4616 4619
f 4619 4616 4615
f 4619 4615 4617
f 4653 4912 4909
f 4909 4912 4913
f 4909 4913 4910
f 4910 4913 4914
f 4910 4914 4911
f 4911 4914 4613
f 4911 4613 4616
f 4616 4613 4612
f 4616 4612 4614
f 4912 4915 4913
f 4913 4915 4916
f 4913 4916 4914
f 4914 4916 4610
f 4914 4610 4613
f 4613 4610 4609
f 4613 4609 4611
f 4915 4716 4916
f 4916 4716 4715
f 4916 4715 4610
f 4610 4715 4917
f 4610 4917 4608
f 4918 4919 4920
f 4920 4919 4714
f 4920 4714 4921
f 4921 4714 4716
f 4921 4716 4922
f 4922 4716 4915
f 4922 4915 4923
f 4923 4915 4912
f 4923 4912 4652
f 4652 4912 4653
f 4652 4653 4562
f 4562 4653 4566
f 4919 4924 4714
f 4714 4924 4925
f 4714 4925 4715
f 4715 4925 4926
f 4715 4926 4917
f 4606 4918 4607
f 4607 4918 4920
f 4607 4920 4927
f 4927 4920 4921
f 4927 4921 4928
f 4928 4921 4922
f 4928 4922 4929
f 4929 4922 4923
f 4929 4923 4930
f 4930 4923 4652
f 4930 4652 4564
f 4564 4652 4563
f 4603 4605 4604
f 4604 4605 4607
f 4604 4607 4931
f 4931 4607 4927
f 4931 4927 4932
f 4932 4927 4928
f 4932 4928 4933
f 4933 4928 4929
f 4933 4929 4689
f 4689 4929 4930
f 4689 4930 4565
f 4565 4930 4564
f 4600 4602 4601
f 4601 4602 4604
f 4601 4604 4934
f 4934 4604 4931
f 4934 4931 4935
f 4935 4931 4932
f 4935 4932 4936
f 4936 4932 4933
f 4936 4933 4651
f 4651 4933 4689
f 4651 4689 4560
f 4560 4689 4559
f 4597 4599 4598
f 4598 4599 4601
f 4598 4601 4937
f 4937 4601 4934
f 4937 4934 4938
f 4938 4934 4935
f 4938 4935 4939
f 4939 4935 4936
f 4939 4936 4650
f 4650 4936 4651
f 4650 4651 4558
f 4558 4651 4561
f 4723 4596 4706
f 4706 4596 4598
f 4706 4598 4700
f 4700 4598 4937
f 4700 4937 4695
f 4695 4937 4938
f 4695 4938 4649
f 4649 4938 4939
f 4649 4939 4647
f 4647 4939 4650
f 4647 4650 4556
f 4556 4650 4557
f 4940 4941 4942
f 4943 4944 4945
f 4946 4947 4948
f 4949 4950 4951
f 4952 4953 4954
f 4955 4956 4957
f 4958 4959 4960
f 4961 4962 4963
f 4964 4965 4966
f 4967 4968 4969
f 4970 4971 4972
f 4597 4596 4973
f 4925 4924 4974
f 4917 4926 4975
f 4609 4608 4976
f 4612 4611 4977
f 4615 4614 4978
f 4618 4617 4979
f 4900 4899 4980
f 4864 4871 4981
f 4858 4865 4982
f 4852 4859 4983
f 4846 4853 4984
f 4840 4847 4985
f 4834 4841 4986
f 4828 4835 4987
f 4620 4829 4988
f 4624 4623 4989
f 4627 4626 4990
f 4630 4629 4991
f 4633 4632 4992
f 4779 4787 4993
f 4773 4780 4994
f 4767 4774 4995
f 4761 4768 4996
f 4755 4762 4997
f 4749 4756 4998
f 4743 4750 4999
f 4737 4744 5000
f 4731 4738 5001
f 4725 4732 5002
f 4718 4726 5003
f 4723 4719 5004
f 4784 4645 5005
f 4644 4642 5006
f 4641 4639 5007
f 4638 4636 5008
f 4635 4803 5009
f 4812 4811 5010
f 4810 4805 5011
f 4633 4992 4804
f 4870 4877 4970
f 4970 4877 4876
f 4970 4876 4971
f 4971 4876 4883
f 4971 4883 4882
f 5012 4889 4888
f 5013 4895 4894
f 4919 4918 5014
f 5014 4918 4606
f 5015 4605 4603
f 4603 4602 5016
f 5016 4602 4600
f 4600 4599 5017
f 5017 4599 4597
f 5018 5019 5020
f 5021 4972 5022
f 5022 4972 4971
f 5022 4971 5012
f 5012 4971 4882
f 5012 4882 4889
f 5023 5024 5019
f 5025 5021 5026
f 5026 5021 5022
f 5026 5022 5027
f 5027 5022 5012
f 5027 5012 5013
f 5013 5012 4888
f 5013 4888 4895
f 5028 5029 5024
f 5030 5025 5031
f 5031 5025 5026
f 5031 5026 5032
f 5032 5026 5027
f 5032 5027 5033
f 5033 5027 5013
f 5033 5013 5034
f 5034 5013 4894
f 5034 4894 4902
f 5035 5036 5029
f 5037 5030 5038
f 5038 5030 5031
f 5038 5031 5039
f 5039 5031 5032
f 5039 5032 5040
f 5040 5032 5033
f 5040 5033 5041
f 5041 5033 5034
f 5041 5034 4980
f 4980 5034 4902
f 4980 4902 4900
f 5042 5037 5043
f 5043 5037 5038
f 5043 5038 5044
f 5044 5038 5039
f 5044 5039 5045
f 5045 5039 5040
f 5045 5040 5046
f 5046 5040 5041
f 5046 5041 5047
f 5047 5041 4980
f 5047 4980 4979
f 4979 4980 4899
f 4979 4899 4618
f 5048 5042 5049
f 5049 5042 5043
f 5049 5043 5050
f 5050 5043 5044
f 5050 5044 5051
f 5051 5044 5045
f 5051 5045 5052
f 5052 5045 5046
f 5052 5046 5053
f 5053 5046 5047
f 5053 5047 5054
f 5054 5047 4979
f 5054 4979 4978
f 4978 4979 4617
f 4978 4617 4615
f 5055 5048 5056
f 5056 5048 5049
f 5056 5049 5057
f 5057 5049 5050
f 5057 5050 5058
f 5058 5050 5051
f 5058 5051 5059
f 5059 5051 5052
f 5059 5052 5060
f 5060 5052 5053
f 5060 5053 5061
f 5061 5053 5054
f 5061 5054 5062
f 5062 5054 4978
f 5062 4978 4977
f 4977 4978 4614
f 4977 4614 4612
f 5063 5055 5064
f 5064 5055 5056
f 5064 5056 5065
f 5065 5056 5057
f 5065 5057 5066
f 5066 5057 5058
f 5066 5058 5067
f 5067 5058 5059
f 5067 5059 5068
f 5068 5059 5060
f 5068 5060 5069
f 5069 5060 5061
f 5069 5061 5070
f 5070 5061 5062
f 5070 5062 5071
f 5071 5062 4977
f 5071 4977 4976
f 4976 4977 4611
f 4976 4611 4609
f 5072 5073 5074
f 5019 5018 5023
f 5023 5018 5075
f 5023 5075 5076
f 5076 5075 5077
f 5076 5077 5078
f 5078 5077 5079
f 5078 5079 5080
f 5080 5079 5081
f 5080 5081 5082
f 5082 5081 5083
f 5082 5083 5084
f 5084 5083 5085
f 5084 5085 5086
f 5086 5085 5087
f 5086 5087 5088
f 5088 5087 5089
f 5088 5089 5090
f 4774 4773 4995
f 4995 4773 4994
f 4995 4994 5091
f 5091 4994 5092
f 5091 5092 5093
f 5093 5092 5094
f 5093 5094 5095
f 5095 5094 5096
f 5095 5096 5097
f 5097 5096 5098
f 5097 5098 5099
f 5099 5098 5100
f 5099 5100 5101
f 5101 5100 5102
f 5101 5102 5103
f 5103 5102 5104
f 5103 5104 5105
f 5105 5104 5106
f 5105 5106 5107
f 5107 5106 5108
f 5107 5108 5109
f 4636 4635 5008
f 5008 4635 5009
f 5008 5009 5110
f 5110 5009 5111
f 5110 5111 5112
f 5112 5111 5113
f 5112 5113 5114
f 5114 5113 5115
f 5114 5115 5116
f 5116 5115 5117
f 5116 5117 5118
f 5118 5117 5119
f 5118 5119 5120
f 5120 5119 5121
f 5120 5121 5122
f 5122 5121 5123
f 5122 5123 5124
f 5124 5123 5125
f 5124 5125 5126
f 5126 5125 5127
f 5126 5127 5128
f 4841 4840 4986
f 4986 4840 4985
f 4986 4985 5129
f 5129 4985 5130
f 5129 5130 5131
f 5131 5130 5132
f 5131 5132 5133
f 5133 5132 5134
f 5133 5134 5135
f 5135 5134 5136
f 5135 5136 5137
f 5137 5136 5138
f 5137 5138 5139
f 5139 5138 5140
f 5139 5140 5141
f 5141 5140 5142
f 5141 5142 5143
f 5143 5142 5144
f 5143 5144 5145
f 5145 5144 5146
f 5145 5146 5147
f 5148 5063 5149
f 5149 5063 5064
f 5149 5064 5150
f 5150 5064 5065
f 5150 5065 5151
f 5151 5065 5066
f 5151 5066 5152
f 5152 5066 5067
f 5152 5067 5153
f 5153 5067 5068
f 5153 5068 5154
f 5154 5068 5069
f 5154 5069 5155
f 5155 5069 5070
f 5155 5070 5156
f 5156 5070 5071
f 5156 5071 5157
f 5157 5071 4976
f 5157 4976 4975
f 4975 4976 4608
f 4975 4608 4917
f 5024 5023 5028
f 5028 5023 5076
f 5028 5076 5158
f 5158 5076 5078
f 5158 5078 5159
f 5159 5078 5080
f 5159 5080 5160
f 5160 5080 5082
f 5160 5082 5161
f 5161 5082 5084
f 5161 5084 5162
f 5162 5084 5086
f 5162 5086 5163
f 5163 5086 5088
f 5163 5088 5164
f 5164 5088 5090
f 5164 5090 5165
f 4768 4767 4996
f 4996 4767 4995
f 4996 4995 5166
f 5166 4995 5091
f 5166 5091 5167
f 5167 5091 5093
f 5167 5093 5168
f 5168 5093 5095
f 5168 5095 5169
f 5169 5095 5097
f 5169 5097 5170
f 5170 5097 5099
f 5170 5099 5171
f 5171 5099 5101
f 5171 5101 5172
f 5172 5101 5103
f 5172 5103 5173
f 5173 5103 5105
f 5173 5105 5174
f 5174 5105 5107
f 5174 5107 5175
f 5175 5107 5109
f 5175 5109 5176
f 4639 4638 5007
f 5007 4638 5008
f 5007 5008 5177
f 5177 5008 5110
f 5177 5110 5178
f 5178 5110 5112
f 5178 5112 5179
f 5179 5112 5114
f 5179 5114 5180
f 5180 5114 5116
f 5180 5116 5181
f 5181 5116 5118
f 5181 5118 5182
f 5182 5118 5120
f 5182 5120 5183
f 5183 5120 5122
f 5183 5122 5184
f 5184 5122 5124
f 5184 5124 5185
f 5185 5124 5126
f 5185 5126 5186
f 5186 5126 5128
f 5186 5128 5187
f 4835 4834 4987
f 4987 4834 4986
f 4987 4986 5188
f 5188 4986 5129
f 5188 5129 5189
f 5189 5129 5131
f 5189 5131 5190
f 5190 5131 5133
f 5190 5133 5191
f 5191 5133 5135
f 5191 5135 5192
f 5192 5135 5137
f 5192 5137 5193
f 5193 5137 5139
f 5193 5139 5194
f 5194 5139 5141
f 5194 5141 5195
f 5195 5141 5143
f 5195 5143 5196
f 5196 5143 5145
f 5196 5145 5197
f 5197 5145 5147
f 5197 5147 5198
f 5199 5148 5200
f 5200 5148 5149
f 5200 5149 5201
f 5201 5149 5150
f 5201 5150 5202
f 5202 5150 5151
f 5202 5151 5203
f 5203 5151 5152
f 5203 5152 5204
f 5204 5152 5153
f 5204 5153 5205
f 5205 5153 5154
f 5205 5154 5206
f 5206 5154 5155
f 5206 5155 5207
f 5207 5155 5156
f 5207 5156 5208
f 5208 5156 5157
f 5208 5157 5209
f 5209 5157 4975
f 5209 4975 4974
f 4974 4975 4926
f 4974 4926 4925
f 5029 5028 5035
f 5035 5028 5158
f 5035 5158 5210
f 5210 5158 5159
f 5210 5159 5211
f 5211 5159 5160
f 5211 5160 5212
f 5212 5160 5161
f 5212 5161 5213
f 5213 5161 5162
f 5213 5162 5214
f 5214 5162 5163
f 5214 5163 5215
f 5215 5163 5164
f 5215 5164 5216
f 5216 5164 5165
f 5216 5165 5217
f 4762 4761 4997
f 4997 4761 4996
f 4997 4996 5218
f 5218 4996 5166
f 5218 5166 5219
f 5219 5166 5167
f 5219 5167 5220
f 5220 5167 5168
f 5220 5168 5221
f 5221 5168 5169
f 5221 5169 5222
f 5222 5169 5170
f 5222 5170 5223
f 5223 5170 5171
f 5223 5171 5224
f 5224 5171 5172
f 5224 5172 5225
f 5225 5172 5173
f 5225 5173 5226
f 5226 5173 5174
f 5226 5174 5227
f 5227 5174 5175
f 5227 5175 5228
f 5228 5175 5176
f 5228 5176 5229
f 4642 4641 5006
f 5006 4641 5007
f 5006 5007 5230
f 5230 5007 5177
f 5230 5177 5231
f 5231 5177 5178
f 5231 5178 5232
f 5232 5178 5179
f 5232 5179 5233
f 5233 5179 5180
f 5233 5180 5234
f 5234 5180 5181
f 5234 5181 5235
f 5235 5181 5182
f 5235 5182 5236
f 5236 5182 5183
f 5236 5183 5237
f 5237 5183 5184
f 5237 5184 5238
f 5238 5184 5185
f 5238 5185 5239
f 5239 5185 5186
f 5239 5186 5240
f 5240 5186 5187
f 5240 5187 5241
f 4829 4828 4988
f 4988 4828 4987
f 4988 4987 5242
f 5242 4987 5188
f 5242 5188 5243
f 5243 5188 5189
f 5243 5189 5244
f 5244 5189 5190
f 5244 5190 5245
f 5245 5190 5191
f 5245 5191 5246
f 5246 5191 5192
f 5246 5192 5247
f 5247 5192 5193
f 5247 5193 5248
f 5248 5193 5194
f 5248 5194 5249
f 5249 5194 5195
f 5249 5195 5250
f 5250 5195 5196
f 5250 5196 5251
f 5251 5196 5197
f 5251 5197 5252
f 5252 5197 5198
f 5252 5198 5253
f 5254 5199 5255
f 5255 5199 5200
f 5255 5200 5256
f 5256 5200 5201
f 5256 5201 5257
f 5257 5201 5202
f 5257 5202 5258
f 5258 5202 5203
f 5258 5203 5259
f 5259 5203 5204
f 5259 5204 5260
f 5260 5204 5205
f 5260 5205 5261
f 5261 5205 5206
f 5261 5206 5262
f 5262 5206 5207
f 5262 5207 5263
f 5263 5207 5208
f 5263 5208 5264
f 5264 5208 5209
f 5264 5209 5265
f 5265 5209 4974
f 5265 4974 5014
f 5014 4974 4924
f 5014 4924 4919
f 5036 5035 5266
f 5266 5035 5210
f 5266 5210 5267
f 5267 5210 5211
f 5267 5211 5268
f 5268 5211 5212
f 5268 5212 5269
f 5269 5212 5213
f 5269 5213 5270
f 5270 5213 5214
f 5270 5214 5271
f 5271 5214 5215
f 5271 5215 5272
f 5272 5215 5216
f 5272 5216 5273
f 5273 5216 5217
f 5273 5217 5274
f 5275 5276 5277
f 4756 4755 4998
f 4998 4755 4997
f 4998 4997 5278
f 5278 4997 5218
f 5278 5218 5279
f 5279 5218 5219
f 5279 5219 5280
f 5280 5219 5220
f 5280 5220 5281
f 5281 5220 5221
f 5281 5221 5282
f 5282 5221 5222
f 5282 5222 5283
f 5283 5222 5223
f 5283 5223 5284
f 5284 5223 5224
f 5284 5224 5285
f 5285 5224 5225
f 5285 5225 5286
f 5286 5225 5226
f 5286 5226 5287
f 5287 5226 5227
f 5287 5227 5288
f 5288 5227 5228
f 5288 5228 5289
f 5289 5228 5229
f 5289 5229 5290
f 5291 5292 5293
f 4645 4644 5005
f 5005 4644 5006
f 5005 5006 5294
f 5294 5006 5230
f 5294 5230 5295
f 5295 5230 5231
f 5295 5231 5296
f 5296 5231 5232
f 5296 5232 5297
f 5297 5232 5233
f 5297 5233 5298
f 5298 5233 5234
f 5298 5234 5299
f 5299 5234 5235
f 5299 5235 5300
f 5300 5235 5236
f 5300 5236 5301
f 5301 5236 5237
f 5301 5237 5302
f 5302 5237 5238
f 5302 5238 5303
f 5303 5238 5239
f 5303 5239 5304
f 5304 5239 5240
f 5304 5240 5305
f 5305 5240 5241
f 5305 5241 5306
f 5307 5308 5309
f 4621 4620 5310
f 5310 4620 4988
f 5310 4988 5311
f 5311 4988 5242
f 5311 5242 5312
f 5312 5242 5243
f 5312 5243 5313
f 5313 5243 5244
f 5313 5244 5314
f 5314 5244 5245
f 5314 5245 5315
f 5315 5245 5246
f 5315 5246 5316
f 5316 5246 5247
f 5316 5247 5317
f 5317 5247 5248
f 5317 5248 5318
f 5318 5248 5249
f 5318 5249 5319
f 5319 5249 5250
f 5319 5250 5320
f 5320 5250 5251
f 5320 5251 5321
f 5321 5251 5252
f 5321 5252 5322
f 5322 5252 5253
f 5322 5253 5323
f 5324 5325 5326
f 5327 5254 5328
f 5328 5254 5255
f 5328 5255 5329
f 5329 5255 5256
f 5329 5256 5330
f 5330 5256 5257
f 5330 5257 5331
f 5331 5257 5258
f 5331 5258 5332
f 5332 5258 5259
f 5332 5259 5333
f 5333 5259 5260
f 5333 5260 5334
f 5334 5260 5261
f 5334 5261 5335
f 5335 5261 5262
f 5335 5262 5336
f 5336 5262 5263
f 5336 5263 5337
f 5337 5263 5264
f 5337 5264 5338
f 5338 5264 5265
f 5338 5265 5339
f 5339 5265 5014
f 5339 5014 5015
f 5015 5014 4606
f 5015 4606 4605
f 4969 5340 5341
f 4966 5342 5343
f 5343 5342 5344
f 5343 5344 5345
f 5345 5344 5346
f 5345 5346 5347
f 5347 5346 5348
f 5347 5348 5073
f 5349 5350 5351
f 5351 5350 5352
f 5351 5352 5353
f 5353 5352 5354
f 5353 5354 5355
f 5355 5354 5356
f 5355 5356 5357
f 5357 5356 5072
f 5357 5072 5358
f 5358 5072 5074
f 5358 5074 5359
f 5360 5276 5361
f 5361 5276 5275
f 5361 5275 5362
f 5363 5364 5365
f 5365 5364 5362
f 5365 5362 5366
f 5366 5362 5275
f 5366 5275 5367
f 5367 5275 5277
f 5367 5277 5368
f 4719 4718 5004
f 5004 4718 5003
f 5004 5003 5369
f 5369 5003 5370
f 5369 5370 5371
f 5371 5370 5372
f 5371 5372 5373
f 5373 5372 5374
f 5373 5374 5375
f 5375 5374 5376
f 5375 5376 5377
f 5377 5376 5378
f 5377 5378 5379
f 5379 5378 5380
f 5379 5380 5381
f 5381 5380 5382
f 5381 5382 5383
f 5383 5382 5384
f 5383 5384 5385
f 5385 5384 5386
f 5385 5386 5387
f 5387 5386 5388
f 5387 5388 5389
f 5389 5388 5390
f 5389 5390 5391
f 5391 5390 5392
f 5391 5392 5393
f 5393 5392 4960
f 4732 4731 5002
f 5002 4731 5001
f 5002 5001 5394
f 5394 5001 5395
f 5394 5395 5396
f 5396 5395 5397
f 5396 5397 5398
f 5398 5397 5399
f 5398 5399 5400
f 5400 5399 5401
f 5400 5401 5402
f 5402 5401 5403
f 5402 5403 5404
f 5404 5403 5405
f 5404 5405 5406
f 5406 5405 5407
f 5406 5407 5408
f 5408 5407 5409
f 5408 5409 5410
f 5410 5409 5411
f 5410 5411 5412
f 5412 5411 5413
f 5412 5413 5414
f 5414 5413 5415
f 5414 5415 5416
f 5416 5415 5417
f 5416 5417 5418
f 5418 5417 5419
f 5420 5292 5421
f 5421 5292 5291
f 5421 5291 5422
f 5423 5424 5425
f 5425 5424 5422
f 5425 5422 5426
f 5426 5422 5291
f 5426 5291 5427
f 5427 5291 5293
f 5427 5293 5428
f 5429 5308 5430
f 5430 5308 5307
f 5430 5307 5431
f 5432 5433 5434
f 5434 5433 5431
f 5434 5431 5435
f 5435 5431 5307
f 5435 5307 5436
f 5436 5307 5309
f 5436 5309 5437
f 4811 4810 5010
f 5010 4810 5011
f 5010 5011 5438
f 5438 5011 5439
f 5438 5439 5440
f 5440 5439 5441
f 5440 5441 5442
f 5442 5441 5443
f 5442 5443 5444
f 5444 5443 5445
f 5444 5445 5446
f 5446 5445 5447
f 5446 5447 5448
f 5448 5447 5449
f 5448 5449 5450
f 5450 5449 5451
f 5450 5451 5452
f 5452 5451 5453
f 5452 5453 5454
f 5454 5453 5455
f 5454 5455 5456
f 5456 5455 5457
f 5456 5457 5458
f 5458 5457 5459
f 5458 5459 5460
f 5460 5459 5461
f 5460 5461 5462
f 5462 5461 5463
f 4805 4804 5011
f 5011 4804 4992
f 5011 4992 5439
f 5439 4992 5464
f 5439 5464 5441
f 5441 5464 5465
f 5441 5465 5443
f 5443 5465 5466
f 5443 5466 5445
f 5445 5466 5467
f 5445 5467 5447
f 5447 5467 5468
f 5447 5468 5449
f 5449 5468 5469
f 5449 5469 5451
f 5451 5469 5470
f 5451 5470 5453
f 5453 5470 5471
f 5453 5471 5455
f 5455 5471 5472
f 5455 5472 5457
f 5457 5472 5473
f 5457 5473 5459
f 5459 5473 5474
f 5459 5474 5461
f 5461 5474 5475
f 5461 5475 5463
f 5463 5475 5476
f 4632 4630 4992
f 4992 4630 4991
f 4992 4991 5464
f 5464 4991 5477
f 5464 5477 5465
f 5465 5477 5478
f 5465 5478 5466
f 5466 5478 5479
f 5466 5479 5467
f 5467 5479 5480
f 5467 5480 5468
f 5468 5480 5481
f 5468 5481 5469
f 5469 5481 5482
f 5469 5482 5470
f 5470 5482 5483
f 5470 5483 5471
f 5471 5483 5484
f 5471 5484 5472
f 5472 5484 5485
f 5472 5485 5473
f 5473 5485 5486
f 5473 5486 5474
f 5474 5486 5487
f 5474 5487 5475
f 5475 5487 5488
f 5475 5488 5476
f 5476 5488 5489
f 5476 5489 5490
f 5490 5489 5491
f 5492 5325 5493
f 5493 5325 5324
f 5493 5324 5494
f 5495 5496 5497
f 5497 5496 5494
f 5497 5494 5498
f 5498 5494 5324
f 5498 5324 5499
f 5499 5324 5326
f 5499 5326 5500
f 4853 4852 4984
f 4984 4852 4983
f 4984 4983 5501
f 5501 4983 5502
f 5501 5502 5503
f 5503 5502 5504
f 5503 5504 5505
f 5505 5504 5506
f 5505 5506 5507
f 5507 5506 5508
f 5507 5508 5509
f 5509 5508 5510
f 5509 5510 5511
f 5511 5510 5512
f 5511 5512 5513
f 5513 5512 5514
f 5513 5514 5515
f 5515 5514 5516
f 5515 5516 5517
f 5517 5516 5518
f 5517 5518 5519
f 5519 5518 5520
f 5519 5520 5521
f 5521 5520 5522
f 5521 5522 5523
f 5523 5522 5524
f 5523 5524 5525
f 5525 5524 5526
f 4859 4858 4983
f 4983 4858 4982
f 4983 4982 5502
f 5502 4982 5527
f 5502 5527 5504
f 5504 5527 5528
f 5504 5528 5506
f 5506 5528 5529
f 5506 5529 5508
f 5508 5529 5530
f 5508 5530 5510
f 5510 5530 5531
f 5510 5531 5512
f 5512 5531 5532
f 5512 5532 5514
f 5514 5532 5533
f 5514 5533 5516
f 5516 5533 5534
f 5516 5534 5518
f 5518 5534 5535
f 5518 5535 5520
f 5520 5535 5536
f 5520 5536 5522
f 5522 5536 5537
f 5522 5537 5524
f 5524 5537 5538
f 5524 5538 5526
f 5526 5538 5539
f 4865 4864 4982
f 4982 4864 4981
f 4982 4981 5527
f 5527 4981 5540
f 5527 5540 5528
f 5528 5540 5541
f 5528 5541 5529
f 5529 5541 5542
f 5529 5542 5530
f 5530 5542 5543
f 5530 5543 5531
f 5531 5543 5544
f 5531 5544 5532
f 5532 5544 5545
f 5532 5545 5533
f 5533 5545 5546
f 5533 5546 5534
f 5534 5546 5547
f 5534 5547 5535
f 5535 5547 5548
f 5535 5548 5536
f 5536 5548 5549
f 5536 5549 5537
f 5537 5549 5550
f 5537 5550 5538
f 5538 5550 5551
f 5538 5551 5539
f 5539 5551 5552
f 5539 5552 5553
f 5553 5552 5554
f 5555 5341 5556
f 5556 5341 5340
f 5556 5340 5557
f 5557 5340 5558
f 5557 5558 5559
f 4969 4968 5340
f 5340 4968 5560
f 5340 5560 5558
f 5561 4967 5342
f 5342 4967 4969
f 5342 4969 5344
f 5344 4969 5341
f 5344 5341 5346
f 5346 5341 5555
f 5346 5555 5348
f 4966 4965 5342
f 5342 4965 5562
f 5342 5562 5561
f 5073 5072 5347
f 5347 5072 5356
f 5347 5356 5345
f 5345 5356 5354
f 5345 5354 5343
f 5343 5354 5352
f 5343 5352 4966
f 4966 5352 5350
f 4966 5350 4964
f 5563 5564 5565
f 5565 5564 5349
f 5565 5349 5566
f 5566 5349 5351
f 5566 5351 5567
f 5567 5351 5353
f 5567 5353 5568
f 5568 5353 5355
f 5568 5355 5569
f 5569 5355 5357
f 5569 5357 5570
f 5570 5357 5358
f 5570 5358 5571
f 5571 5358 5359
f 5571 5359 5572
f 5564 5573 5349
f 5349 5573 5574
f 5349 5574 5350
f 5350 5574 5575
f 5350 5575 4964
f 4962 5563 4963
f 4963 5563 5565
f 4963 5565 5576
f 5576 5565 5566
f 5576 5566 5577
f 5577 5566 5567
f 5577 5567 5578
f 5578 5567 5568
f 5578 5568 5579
f 5579 5568 5569
f 5579 5569 5580
f 5580 5569 5570
f 5580 5570 5581
f 5581 5570 5571
f 5581 5571 5582
f 5582 5571 5572
f 5582 5572 5583
f 5584 4961 5274
f 5274 4961 4963
f 5274 4963 5273
f 5273 4963 5576
f 5273 5576 5272
f 5272 5576 5577
f 5272 5577 5271
f 5271 5577 5578
f 5271 5578 5270
f 5270 5578 5579
f 5270 5579 5269
f 5269 5579 5580
f 5269 5580 5268
f 5268 5580 5581
f 5268 5581 5267
f 5267 5581 5582
f 5267 5582 5266
f 5266 5582 5583
f 5266 5583 5036
f 5089 5368 5090
f 5090 5368 5277
f 5090 5277 5165
f 5165 5277 5276
f 5165 5276 5217
f 5217 5276 5360
f 5217 5360 5274
f 5274 5360 5585
f 5274 5585 5584
f 5364 5586 5362
f 5362 5586 5587
f 5362 5587 5361
f 5361 5587 5588
f 5361 5588 5360
f 5360 5588 5589
f 5360 5589 5585
f 5590 5363 5393
f 5393 5363 5365
f 5393 5365 5391
f 5391 5365 5366
f 5391 5366 5389
f 5389 5366 5367
f 5389 5367 5387
f 5387 5367 5368
f 5387 5368 5385
f 5385 5368 5089
f 5385 5089 5383
f 5383 5089 5087
f 5383 5087 5381
f 5381 5087 5085
f 5381 5085 5379
f 5379 5085 5083
f 5379 5083 5377
f 5377 5083 5081
f 5377 5081 5375
f 5375 5081 5079
f 5375 5079 5373
f 5373 5079 5077
f 5373 5077 5371
f 5371 5077 5075
f 5371 5075 5369
f 5369 5075 5018
f 5369 5018 5004
f 5004 5018 5020
f 5004 5020 4723
f 4723 5020 4596
f 4960 4959 5393
f 5393 4959 5591
f 5393 5591 5590
f 4726 4725 5003
f 5003 4725 5002
f 5003 5002 5370
f 5370 5002 5394
f 5370 5394 5372
f 5372 5394 5396
f 5372 5396 5374
f 5374 5396 5398
f 5374 5398 5376
f 5376 5398 5400
f 5376 5400 5378
f 5378 5400 5402
f 5378 5402 5380
f 5380 5402 5404
f 5380 5404 5382
f 5382 5404 5406
f 5382 5406 5384
f 5384 5406 5408
f 5384 5408 5386
f 5386 5408 5410
f 5386 5410 5388
f 5388 5410 5412
f 5388 5412 5390
f 5390 5412 5414
f 5390 5414 5392
f 5392 5414 5416
f 5392 5416 4960
f 4960 5416 5418
f 4960 5418 4958
f 5592 5593 5594
f 5594 5593 5419
f 5594 5419 5595
f 5595 5419 5417
f 5595 5417 5596
f 5596 5417 5415
f 5596 5415 5597
f 5597 5415 5413
f 5597 5413 5598
f 5598 5413 5411
f 5598 5411 5599
f 5599 5411 5409
f 5599 5409 5600
f 5600 5409 5407
f 5600 5407 5601
f 5601 5407 5405
f 5601 5405 5602
f 5602 5405 5403
f 5602 5403 5603
f 5603 5403 5401
f 5603 5401 5604
f 5604 5401 5399
f 5604 5399 5605
f 5605 5399 5397
f 5605 5397 5606
f 5606 5397 5395
f 5606 5395 5000
f 5000 5395 5001
f 5000 5001 4737
f 4737 5001 4738
f 5593 5607 5419
f 5419 5607 5608
f 5419 5608 5418
f 5418 5608 5609
f 5418 5609 4958
f 4956 5592 4957
f 4957 5592 5594
f 4957 5594 5610
f 5610 5594 5595
f 5610 5595 5611
f 5611 5595 5596
f 5611 5596 5612
f 5612 5596 5597
f 5612 5597 5613
f 5613 5597 5598
f 5613 5598 5614
f 5614 5598 5599
f 5614 5599 5615
f 5615 5599 5600
f 5615 5600 5616
f 5616 5600 5601
f 5616 5601 5617
f 5617 5601 5602
f 5617 5602 5618
f 5618 5602 5603
f 5618 5603 5619
f 5619 5603 5604
f 5619 5604 5620
f 5620 5604 5605
f 5620 5605 5621
f 5621 5605 5606
f 5621 5606 4999
f 4999 5606 5000
f 4999 5000 4743
f 4743 5000 4744
f 5622 4955 5290
f 5290 4955 4957
f 5290 4957 5289
f 5289 4957 5610
f 5289 5610 5288
f 5288 5610 5611
f 5288 5611 5287
f 5287 5611 5612
f 5287 5612 5286
f 5286 5612 5613
f 5286 5613 5285
f 5285 5613 5614
f 5285 5614 5284
f 5284 5614 5615
f 5284 5615 5283
f 5283 5615 5616
f 5283 5616 5282
f 5282 5616 5617
f 5282 5617 5281
f 5281 5617 5618
f 5281 5618 5280
f 5280 5618 5619
f 5280 5619 5279
f 5279 5619 5620
f 5279 5620 5278
f 5278 5620 5621
f 5278 5621 4998
f 4998 5621 4999
f 4998 4999 4749
f 4749 4999 4750
f 5108 5428 5109
f 5109 5428 5293
f 5109 5293 5176
f 5176 5293 5292
f 5176 5292 5229
f 5229 5292 5420
f 5229 5420 5290
f 5290 5420 5623
f 5290 5623 5622
f 5424 5624 5422
f 5422 5624 5625
f 5422 5625 5421
f 5421 5625 5626
f 5421 5626 5420
f 5420 5626 5627
f 5420 5627 5623
f 4953 5423 4954
f 4954 5423 5425
f 4954 5425 5628
f 5628 5425 5426
f 5628 5426 5629
f 5629 5426 5427
f 5629 5427 5630
f 5630 5427 5428
f 5630 5428 5631
f 5631 5428 5108
f 5631 5108 5632
f 5632 5108 5106
f 5632 5106 5633
f 5633 5106 5104
f 5633 5104 5634
f 5634 5104 5102
f 5634 5102 5635
f 5635 5102 5100
f 5635 5100 5636
f 5636 5100 5098
f 5636 5098 5637
f 5637 5098 5096
f 5637 5096 5638
f 5638 5096 5094
f 5638 5094 5639
f 5639 5094 5092
f 5639 5092 4993
f 4993 5092 4994
f 4993 4994 4779
f 4779 4994 4780
f 4950 4952 4951
f 4951 4952 4954
f 4951 4954 5640
f 5640 4954 5628
f 5640 5628 5641
f 5641 5628 5629
f 5641 5629 5642
f 5642 5629 5630
f 5642 5630 5643
f 5643 5630 5631
f 5643 5631 5644
f 5644 5631 5632
f 5644 5632 5645
f 5645 5632 5633
f 5645 5633 5646
f 5646 5633 5634
f 5646 5634 5647
f 5647 5634 5635
f 5647 5635 5648
f 5648 5635 5636
f 5648 5636 5649
f 5649 5636 5637
f 5649 5637 5650
f 5650 5637 5638
f 5650 5638 5651
f 5651 5638 5639
f 5651 5639 5652
f 5652 5639 4993
f 5652 4993 4785
f 4785 4993 4787
f 5653 4949 5306
f 5306 4949 4951
f 5306 4951 5305
f 5305 4951 5640
f 5305 5640 5304
f 5304 5640 5641
f 5304 5641 5303
f 5303 5641 5642
f 5303 5642 5302
f 5302 5642 5643
f 5302 5643 5301
f 5301 5643 5644
f 5301 5644 5300
f 5300 5644 5645
f 5300 5645 5299
f 5299 5645 5646
f 5299 5646 5298
f 5298 5646 5647
f 5298 5647 5297
f 5297 5647 5648
f 5297 5648 5296
f 5296 5648 5649
f 5296 5649 5295
f 5295 5649 5650
f 5295 5650 5294
f 5294 5650 5651
f 5294 5651 5005
f 5005 5651 5652
f 5005 5652 4784
f 4784 5652 4785
f 5127 5437 5128
f 5128 5437 5309
f 5128 5309 5187
f 5187 5309 5308
f 5187 5308 5241
f 5241 5308 5429
f 5241 5429 5306
f 5306 5429 5654
f 5306 5654 5653
f 5433 5655 5431
f 5431 5655 5656
f 5431 5656 5430
f 5430 5656 5657
f 5430 5657 5429
f 5429 5657 5658
f 5429 5658 5654
f 5659 5432 5462
f 5462 5432 5434
f 5462 5434 5460
f 5460 5434 5435
f 5460 5435 5458
f 5458 5435 5436
f 5458 5436 5456
f 5456 5436 5437
f 5456 5437 5454
f 5454 5437 5127
f 5454 5127 5452
f 5452 5127 5125
f 5452 5125 5450
f 5450 5125 5123
f 5450 5123 5448
f 5448 5123 5121
f 5448 5121 5446
f 5446 5121 5119
f 5446 5119 5444
f 5444 5119 5117
f 5444 5117 5442
f 5442 5117 5115
f 5442 5115 5440
f 5440 5115 5113
f 5440 5113 5438
f 5438 5113 5111
f 5438 5111 5010
f 5010 5111 5009
f 5010 5009 4812
f 4812 5009 4803
f 5490 5660 5476
f 5476 5660 5661
f 5476 5661 5463
f 5463 5661 5662
f 5463 5662 5462
f 5462 5662 5663
f 5462 5663 5659
f 4947 5491 4948
f 4948 5491 5489
f 4948 5489 5664
f 5664 5489 5488
f 5664 5488 5665
f 5665 5488 5487
f 5665 5487 5666
f 5666 5487 5486
f 5666 5486 5667
f 5667 5486 5485
f 5667 5485 5668
f 5668 5485 5484
f 5668 5484 5669
f 5669 5484 5483
f 5669 5483 5670
f 5670 5483 5482
f 5670 5482 5671
f 5671 5482 5481
f 5671 5481 5672
f 5672 5481 5480
f 5672 5480 5673
f 5673 5480 5479
f 5673 5479 5674
f 5674 5479 5478
f 5674 5478 5675
f 5675 5478 5477
f 5675 5477 4990
f 4990 5477 4991
f 4990 4991 4627
f 4627 4991 4629
f 4944 4946 4945
f 4945 4946 4948
f 4945 4948 5676
f 5676 4948 5664
f 5676 5664 5677
f 5677 5664 5665
f 5677 5665 5678
f 5678 5665 5666
f 5678 5666 5679
f 5679 5666 5667
f 5679 5667 5680
f 5680 5667 5668
f 5680 5668 5681
f 5681 5668 5669
f 5681 5669 5682
f 5682 5669 5670
f 5682 5670 5683
f 5683 5670 5671
f 5683 5671 5684
f 5684 5671 5672
f 5684 5672 5685
f 5685 5672 5673
f 5685 5673 5686
f 5686 5673 5674
f 5686 5674 5687
f 5687 5674 5675
f 5687 5675 4989
f 4989 5675 4990
f 4989 4990 4624
f 4624 4990 4626
f 5688 4943 5323
f 5323 4943 4945
f 5323 4945 5322
f 5322 4945 5676
f 5322 5676 5321
f 5321 5676 5677
f 5321 5677 5320
f 5320 5677 5678
f 5320 5678 5319
f 5319 5678 5679
f 5319 5679 5318
f 5318 5679 5680
f 5318 5680 5317
f 5317 5680 5681
f 5317 5681 5316
f 5316 5681 5682
f 5316 5682 5315
f 5315 5682 5683
f 5315 5683 5314
f 5314 5683 5684
f 5314 5684 5313
f 5313 5684 5685
f 5313 5685 5312
f 5312 5685 5686
f 5312 5686 5311
f 5311 5686 5687
f 5311 5687 5310
f 5310 5687 4989
f 5310 4989 4621
f 4621 4989 4623
f 5146 5500 5147
f 5147 5500 5326
f 5147 5326 5198
f 5198 5326 5325
f 5198 5325 5253
f 5253 5325 5492
f 5253 5492 5323
f 5323 5492 5689
f 5323 5689 5688
f 5496 5690 5494
f 5494 5690 5691
f 5494 5691 5493
f 5493 5691 5692
f 5493 5692 5492
f 5492 5692 5693
f 5492 5693 5689
f 5694 5495 5525
f 5525 5495 5497
f 5525 5497 5523
f 5523 5497 5498
f 5523 5498 5521
f 5521 5498 5499
f 5521 5499 5519
f 5519 5499 5500
f 5519 5500 5517
f 5517 5500 5146
f 5517 5146 5515
f 5515 5146 5144
f 5515 5144 5513
f 5513 5144 5142
f 5513 5142 5511
f 5511 5142 5140
f 5511 5140 5509
f 5509 5140 5138
f 5509 5138 5507
f 5507 5138 5136
f 5507 5136 5505
f 5505 5136 5134
f 5505 5134 5503
f 5503 5134 5132
f 5503 5132 5501
f 5501 5132 5130
f 5501 5130 4984
f 4984 5130 4985
f 4984 4985 4846
f 4846 4985 4847
f 5553 5695 5539
f 5539 5695 5696
f 5539 5696 5526
f 5526 5696 5697
f 5526 5697 5525
f 5525 5697 5698
f 5525 5698 5694
f 5699 5554 5327
f 5327 5554 5552
f 5327 5552 5254
f 5254 5552 5551
f 5254 5551 5199
f 5199 5551 5550
f 5199 5550 5148
f 5148 5550 5549
f 5148 5549 5063
f 5063 5549 5548
f 5063 5548 5055
f 5055 5548 5547
f 5055 5547 5048
f 5048 5547 5546
f 5048 5546 5042
f 5042 5546 5545
f 5042 5545 5037
f 5037 5545 5544
f 5037 5544 5030
f 5030 5544 5543
f 5030 5543 5025
f 5025 5543 5542
f 5025 5542 5021
f 5021 5542 5541
f 5021 5541 4972
f 4972 5541 5540
f 4972 5540 4970
f 4970 5540 4981
f 4970 4981 4870
f 4870 4981 4871
f 5700 5701 5702
f 4603 5016 5015
f 5015 5016 5703
f 5015 5703 5339
f 5339 5703 5704
f 5339 5704 5338
f 5338 5704 5705
f 5338 5705 5337
f 5337 5705 5706
f 5337 5706 5336
f 5336 5706 5707
f 5336 5707 5335
f 5335 5707 5708
f 5335 5708 5334
f 5334 5708 5709
f 5334 5709 5333
f 5333 5709 5710
f 5333 5710 5332
f 5332 5710 5711
f 5332 5711 5331
f 5331 5711 5712
f 5331 5712 5330
f 5330 5712 5713
f 5330 5713 5329
f 5329 5713 5714
f 5329 5714 5328
f 5328 5714 5700
f 5328 5700 5327
f 5327 5700 5702
f 5327 5702 5699
f 5715 5716 5717
f 4600 5017 5016
f 5016 5017 5718
f 5016 5718 5703
f 5703 5718 5719
f 5703 5719 5704
f 5704 5719 5720
f 5704 5720 5705
f 5705 5720 5721
f 5705 5721 5706
f 5706 5721 5722
f 5706 5722 5707
f 5707 5722 5723
f 5707 5723 5708
f 5708 5723 5724
f 5708 5724 5709
f 5709 5724 5725
f 5709 5725 5710
f 5710 5725 5726
f 5710 5726 5711
f 5711 5726 5727
f 5711 5727 5712
f 5712 5727 5728
f 5712 5728 5713
f 5713 5728 5729
f 5713 5729 5714
f 5714 5729 5715
f 5714 5715 5700
f 5700 5715 5717
f 5700 5717 5701
f 4597 4973 5017
f 5017 4973 5730
f 5017 5730 5718
f 5718 5730 5731
f 5718 5731 5719
f 5719 5731 5732
f 5719 5732 5720
f 5720 5732 5733
f 5720 5733 5721
f 5721 5733 5734
f 5721 5734 5722
f 5722 5734 5735
f 5722 5735 5723
f 5723 5735 5736
f 5723 5736 5724
f 5724 5736 5737
f 5724 5737 5725
f 5725 5737 5738
f 5725 5738 5726
f 5726 5738 5739
f 5726 5739 5727
f 5727 5739 5740
f 5727 5740 5728
f 5728 5740 5741
f 5728 5741 5729
f 5729 5741 4942
f 5729 4942 5715
f 5715 4942 4941
f 5715 4941 5716
f 4596 5020 4973
f 4973 5020 5019
f 4973 5019 5730
f 5730 5019 5024
f 5730 5024 5731
f 5731 5024 5029
f 5731 5029 5732
f 5732 5029 5036
f 5732 5036 5733
f 5733 5036 5583
f 5733 5583 5734
f 5734 5583 5572
f 5734 5572 5735
f 5735 5572 5359
f 5735 5359 5736
f 5736 5359 5074
f 5736 5074 5737
f 5737 5074 5073
f 5737 5073 5738
f 5738 5073 5348
f 5738 5348 5739
f 5739 5348 5555
f 5739 5555 5740
f 5740 5555 5556
f 5740 5556 5741
f 5741 5556 5557
f 5741 5557 4942
f 4942 5557 5559
f 4942 5559 4940
f 94 5627 96
f 96 5627 5626
f 96 5626 98
f 75 5609 73
f 73 5609 5608
f 73 5608 71
f 71 5608 5607
f 71 5607 69
f 69 5607 5593
f 69 5593 90
f 90 5593 5592
f 90 5592 88
f 88 5592 4956
f 88 4956 86
f 86 4956 4955
f 86 4955 83
f 83 4955 5622
f 83 5622 94
f 94 5622 5623
f 94 5623 5627
f 8 5586 10
f 10 5586 5364
f 10 5364 12
f 12 5364 5363
f 12 5363 13
f 13 5363 5590
f 13 5590 79
f 79 5590 5591
f 79 5591 77
f 77 5591 4959
f 77 4959 75
f 75 4959 4958
f 75 4958 5609
f 58 5584 56
f 56 5584 5585
f 56 5585 54
f 54 5585 5589
f 54 5589 7
f 7 5589 5588
f 7 5588 8
f 8 5588 5587
f 8 5587 5586
f 50 5575 48
f 48 5575 5574
f 48 5574 66
f 66 5574 5573
f 66 5573 64
f 64 5573 5564
f 64 5564 62
f 62 5564 5563
f 62 5563 60
f 60 5563 4962
f 60 4962 58
f 58 4962 4961
f 58 4961 5584
f 36 5560 34
f 34 5560 4968
f 34 4968 44
f 44 4968 4967
f 44 4967 42
f 42 4967 5561
f 42 5561 40
f 40 5561 5562
f 40 5562 38
f 38 5562 4965
f 38 4965 50
f 50 4965 4964
f 50 4964 5575
f 164 5716 165
f 165 5716 4941
f 165 4941 166
f 166 4941 4940
f 166 4940 167
f 167 4940 5559
f 167 5559 36
f 36 5559 5558
f 36 5558 5560
f 140 5695 160
f 160 5695 5553
f 160 5553 158
f 158 5553 5554
f 158 5554 156
f 156 5554 5699
f 156 5699 154
f 154 5699 5702
f 154 5702 151
f 151 5702 5701
f 151 5701 164
f 164 5701 5717
f 164 5717 5716
f 136 5690 134
f 134 5690 5496
f 134 5496 148
f 148 5496 5495
f 148 5495 146
f 146 5495 5694
f 146 5694 144
f 144 5694 5698
f 144 5698 142
f 142 5698 5697
f 142 5697 140
f 140 5697 5696
f 140 5696 5695
f 132 5688 133
f 133 5688 5689
f 133 5689 32
f 32 5689 5693
f 32 5693 30
f 30 5693 5692
f 30 5692 136
f 136 5692 5691
f 136 5691 5690
f 118 5660 115
f 115 5660 5490
f 115 5490 126
f 126 5490 5491
f 126 5491 128
f 128 5491 4947
f 128 4947 130
f 130 4947 4946
f 130 4946 131
f 131 4946 4944
f 131 4944 132
f 132 4944 4943
f 132 4943 5688
f 104 5432 102
f 102 5432 5659
f 102 5659 122
f 122 5659 5663
f 122 5663 120
f 120 5663 5662
f 120 5662 118
f 118 5662 5661
f 118 5661 5660
f 25 5653 26
f 26 5653 5654
f 26 5654 112
f 112 5654 5658
f 112 5658 110
f 110 5658 5657
f 110 5657 108
f 108 5657 5656
f 108 5656 106
f 106 5656 5655
f 106 5655 104
f 104 5655 5433
f 104 5433 5432
f 5626 5625 98
f 98 5625 5624
f 98 5624 15
f 15 5624 5424
f 15 5424 16
f 16 5424 5423
f 16 5423 18
f 18 5423 4953
f 18 4953 19
f 19 4953 4952
f 19 4952 24
f 24 4952 4950
f 24 4950 25
f 25 4950 4949
f 25 4949 5653
f 916 918 4
f 4 918 1072
f 4 1072 922
f 892 891 4
f 4 891 889
f 4 889 5
f 5 889 888
f 5 888 497
f 922 920 4
f 4 920 919
f 4 919 892
f 493 492 888
f 888 492 498
f 888 498 497
f 968 766 486
f 476 474 888
f 888 474 473
f 888 473 471
f 468 888 488
f 488 888 489
f 468 467 888
f 888 467 495
f 888 495 493
f 486 485 968
f 968 485 483
f 968 483 888
f 888 483 482
f 888 482 480
f 471 470 888
f 888 470 491
f 888 491 489
f 480 479 888
f 888 479 477
f 888 477 476
f 1087 909 11
f 11 909 911
f 11 911 9
f 9 911 913
f 9 913 4
f 4 913 915
f 4 915 916
f 900 1037 11
f 1087 11 901
f 901 11 902
f 195 193 208
f 1037 906 11
f 11 906 904
f 11 904 902
f 898 897 82
f 82 897 895
f 82 895 11
f 11 895 894
f 11 894 900
f 199 200 208
f 200 202 208
f 208 202 196
f 208 196 195
f 189 187 208
f 208 187 186
f 752 898 312
f 312 898 82
f 312 82 208
f 208 82 198
f 208 198 199
f 186 207 208
f 208 207 206
f 208 206 204
f 203 285 212
f 204 203 208
f 208 203 212
f 208 212 209
f 209 212 211
f 193 192 208
f 208 192 190
f 208 190 189
f 950 952 27
f 27 952 1088
f 27 1088 956
f 956 954 27
f 27 954 953
f 27 953 856
f 856 855 27
f 27 855 853
f 27 853 28
f 28 853 852
f 28 852 349
f 984 332 852
f 852 332 331
f 852 331 326
f 852 336 335
f 344 343 852
f 852 343 348
f 852 348 349
f 326 325 852
f 852 325 338
f 852 338 336
f 329 984 446
f 446 984 761
f 335 323 852
f 852 323 322
f 852 322 342
f 342 340 852
f 852 340 339
f 852 339 320
f 329 328 984
f 984 328 334
f 984 334 332
f 320 319 852
f 852 319 346
f 852 346 344
f 949 950 27
f 31 1103 943
f 31 943 33
f 33 943 945
f 33 945 27
f 27 945 947
f 27 947 949
f 1103 31 935
f 935 31 936
f 1051 31 934
f 934 31 858
f 1051 940 31
f 31 940 938
f 31 938 936
f 139 636 744
f 858 31 859
f 859 31 139
f 859 139 861
f 640 139 616
f 616 139 617
f 861 139 862
f 862 139 744
f 862 744 782
f 139 628 630
f 640 639 139
f 139 639 637
f 139 637 636
f 633 632 139
f 139 632 626
f 139 626 625
f 625 623 139
f 139 623 622
f 139 622 701
f 701 620 139
f 139 620 619
f 139 619 617
f 633 139 635
f 635 139 630
f 635 630 629
f 873 1 874
f 874 1 932
f 873 871 1
f 1 871 870
f 1 870 868
f 601 656 864
f 992 775 614
f 656 654 864
f 864 654 653
f 864 653 666
f 868 867 1
f 1 867 865
f 1 865 2
f 2 865 864
f 2 864 665
f 665 864 666
f 650 649 864
f 864 649 602
f 864 602 601
f 644 642 864
f 864 642 641
f 641 608 864
f 864 608 607
f 864 607 648
f 648 646 864
f 864 646 645
f 864 645 605
f 614 613 992
f 992 613 611
f 992 611 864
f 864 611 610
f 864 610 644
f 605 604 864
f 864 604 652
f 864 652 650
f 35 1080 928
f 35 928 37
f 37 928 926
f 37 926 1
f 1 926 933
f 1 933 932
f 877 876 35
f 35 876 924
f 35 924 1080
f 882 880 35
f 35 880 879
f 35 879 877
f 499 465 885
f 885 465 464
f 885 464 505
f 882 35 883
f 883 35 47
f 883 47 885
f 885 47 500
f 885 500 499
f 885 459 458
f 510 509 886
f 886 509 600
f 886 600 765
f 505 504 885
f 885 504 502
f 885 502 501
f 501 507 885
f 885 507 506
f 885 506 547
f 547 462 885
f 885 462 461
f 885 461 459
f 458 573 885
f 885 573 513
f 885 513 886
f 886 513 512
f 886 512 510
f 14 966 838
f 14 829 101
f 101 829 828
f 101 828 227
f 838 837 14
f 14 837 835
f 14 835 834
f 834 832 14
f 14 832 831
f 14 831 829
f 828 222 221
f 976 745 184
f 221 172 828
f 828 172 171
f 828 171 169
f 169 168 828
f 828 168 225
f 828 225 227
f 175 828 217
f 217 828 218
f 216 214 828
f 828 214 213
f 828 213 178
f 178 177 828
f 828 177 220
f 828 220 218
f 175 174 828
f 828 174 224
f 828 224 222
f 184 183 976
f 976 183 181
f 976 181 828
f 828 181 180
f 828 180 216
f 841 840 23
f 23 840 958
f 23 958 1096
f 457 755 850
f 846 844 23
f 23 844 843
f 23 843 841
f 846 23 847
f 847 23 22
f 847 22 849
f 849 22 355
f 849 355 354
f 360 849 383
f 383 849 350
f 354 353 849
f 849 353 351
f 849 351 350
f 356 401 849
f 849 401 365
f 849 365 850
f 850 365 364
f 364 362 850
f 850 362 361
f 850 361 419
f 360 359 849
f 849 359 357
f 849 357 356
f 419 317 850
f 850 317 316
f 850 316 314
f 314 313 850
f 850 313 445
f 850 445 457
f 23 1096 962
f 23 962 20
f 20 962 960
f 20 960 17
f 17 960 14
f 14 960 967
f 14 967 966

